CIP7;CIP13;EAN13;Laboratoire;Gamme;Libellé;TVA;Prix A HT;Remise1;Colisage;QteMin
;;5060006581168;A&D Medical;Non renseigné;A&D UA 611 IHB Tensiomètre bras 30 mémoires;0.2;32.9;0.4;10;1
;;5060006581274;A&D Medical;Non renseigné;A&D UA1020W Tensiomètre brassard 22-42cm;0.2;72.9;0.4;1;1
;;5060006581533;A&D Medical;Non renseigné;A&D UB525 Tensiomètre poignet;0.2;24.9;0.4;1;1
;;5060006581670;A&D Medical;Non renseigné;A&D UA-611Plus Tensiomètre brassard 22-32cm;0.2;35.5;0.4;1;1
;;5060006582318;A&D Medical;Non renseigné;A&D UP-200 Oxymètre de pouls adultes & enfants;0.2;23.5;0.4;1;1
;;3282770153002;A-Derma;A-derma Biology AC;ADERMA BIOLOGY AC Gel mouss nett purif 400ml;0.2;10.9;0.15;12;1
;;3282770388855;A-Derma;A-derma Biology AC;ADERMA BIOLOGY AC HYDRA Cr compensat T/40ml;0.2;13;0.15;1;1
;;3282770388916;A-Derma;A-derma Biology AC;ADERMA BIOLOGY AC GLOBAL Cr soin imp 40ml;0.2;13;0.15;1;1
;;3282770209648;A-Derma;Cutalgan;ADERMA CUTALGAN Spray Fl/100ml;0.2;9.6;0.15;1;1
6038727;;3282770104783;A-Derma;Cytelium;ADERMA CYTELIUM S Lot P irrit réact Spr/100ml;0.2;8.9;0.15;56;1
6038728;;3282770104790;A-Derma;Cytelium;ADERMA CYTELIUM Lot P irrit réact Fl/100ml;0.2;8.7;0.15;45;1
;;3282770141962;A-Derma;Dermalibour;ADERMA DERMALIBOUR + CICA Cr répar T/100ml;0.2;12.8;0.15;48;1
;;3282770143683;A-Derma;Dermalibour;ADERMA DERMALIBOUR + CICA Bme lèv répar 15ml;0.2;6.3;0.15;144;1
;;3282770144291;A-Derma;Dermalibour;ADERMA DERMALIBOUR + CICA Cr répar T/50ml;0.2;8.1;0.15;6;1
;;3282770145014;A-Derma;Dermalibour;ADERMA DERMALIBOUR + CICA Gel mouss Fl/100ml;0.2;8.5;0.15;48;1
;;3282770145021;A-Derma;Dermalibour;ADERMA DERMALIBOUR + CICA Gel mouss Flp/200ml;0.2;10.8;0.15;24;1
;;3282770143744;A-Derma;Exomega;ADERMA EXOMEGA Gel moussant Fl/500ml;0.2;13.3;0.15;12;1
;;3282770144116;A-Derma;Exomega;ADERMA EXOMEGA Gel lavant 2 en 1 Fl/200ml;0.2;10.3;0.15;24;1
;;3282770144314;A-Derma;Exomega;ADERMA EXOMEGA Gel lavant 2 en 1 Fl ppe/500ml;0.2;13.3;0.15;12;1
;;3282770149661;A-Derma;Exomega;ADERMA EXOMEGA CONTROL Cr émoll T/50ml;0.2;10.8;0.15;1;1
;;3282770149678;A-Derma;Exomega;ADERMA EXOMEGA CONTROL Cr émoll T/200ml;0.2;13.8;0.15;12;1
;;3282770149685;A-Derma;Exomega;ADERMA EXOMEGA CONTROL Cr émoll Fl ppe/400ml;0.2;16.3;0.15;12;1
;;3282770149715;A-Derma;Exomega;ADERMA EXOMEGA CONTROL Bme émoll T/200ml;0.2;13.8;0.15;12;1
;;3282770149722;A-Derma;Exomega;ADERMA EXOMEGA CONTROL Bme émoll 400ml;0.2;16.3;0.15;12;1
;;3282770149746;A-Derma;Exomega;ADERMA EXOMEGA CONTROL Lait émoll 400ml;0.2;16.3;0.15;12;1
;;3282770149753;A-Derma;Exomega;ADERMA EXOMEGA CONTROL Lait émoll T/200ml;0.2;13.8;0.15;12;1
;;3282770388701;A-Derma;Exomega;ADERMA EXOMEGA CONTROL Hle lav émoll R/500ml;0.2;11.6;0.15;6;1
;;3282770393842;A-Derma;Exomega;ADERMA EXOMEGA CONTROL Hle lav émo 200ml Nf;0.2;10.3;0.15;24;1
;;3282770393859;A-Derma;Exomega;ADERMA EXOMEGA CONTROL Hle lav émo 500ml Nf;0.2;13.3;0.15;12;1
;;3282770142341;A-Derma;Les Indispensables;ADERMA Cr universelle hydratante T/50ml;0.2;10;0.15;1;1
;;3282770396522;A-Derma;Les Indispensables;ADERMA Gel douche surgras visage et corps Fl pompe/750ml;0.2;10;0.15;12;1
;;3282770396546;A-Derma;Les Indispensables;ADERMA Gel douche surgras visage et corps T/200ml;0.2;5.5;0.15;12;1
;;3282770398625;A-Derma;Les Indispensables;ADERMA Pain dermatologique apaisant 100g;0.2;5.2;0.15;1;1
;;3282770399295;A-Derma;Les Indispensables;ADERMA Pain dermatologique apaisant 2x100g;0.2;8.5;0.15;36;1
2152352;3401321523525;3282770030129;A-Derma;Non renseigné;ADERMA Pain surgras avoine Rhealba 100g;0.2;5.2;0.15;0;1
2657661;3401326576618;3282770038460;A-Derma;Non renseigné;ADERMA Pain surgras avoine Rhealba 2x100g;0.2;8.5;0.15;36;1
;;3282770393712;A-Derma;Épithéliale;ADERMA EPITHELIALE AH ULTRA Bme patch réparateur Tube/50g;0.2;9.9;0.15;1;1
;;3282770398632;A-Derma;Épithéliale;ADERMA EPITHELIALE ULTRA REPAIR Cr réparatrice anti-marques T/40ml;0.2;11.3;0.15;72;1
;;3282770398649;A-Derma;Épithéliale;ADERMA EPITHELIALE ULTRA REPAIR Cr réparatrice anti-marques T/100ml;0.2;15.9;0.15;36;1
;;3282770398700;A-Derma;Épithéliale;ADERMA EPITHEL ULTRA REP SPF50+ Cr marq 40ml;0.2;12.2;0.15;72;1
;;3282770398717;A-Derma;Épithéliale;ADERMA EPITHEL ULTRA REP SPF50+ Cr marq 100ml;0.2;16.5;0.15;1;1
;;3770011742042;AAZ;Non renseigné;TEST COVID AG AAZ BTE/20;0.2;43.68;0.1;27;1
;;3770011742158;AAZ;Non renseigné;AUTOTEST COVID AAZ enfant en boite de 10 test;0.2;39;0.08;28;1
;;3770011742172;AAZ;Non renseigné;TROD ANGINE AAZ Bandelette kit/25sach;0.055;24.5;0.1;27;1
;;3770011742264;AAZ;Non renseigné;AUTOTEST VIH AAZ Bte/1;0.2;14.2;0.1;24;1
;;3770011742288;AAZ;Non renseigné;AAZ ALL IN TRIPLEX Test antigénique combiné B/10;0.2;67.5;0.08;27;1
;;3770011742349;AAZ;Non renseigné;Autotest TRIPLEX Bronchiolite/Grippe/Covid AAZ B/1;0.2;6.78;0.08;123;1
;;3770011742486;AAZ;Non renseigné;AAZ CYSTI'TEST Kit hygiénique dépistage de cystite 4 paramètres b/25 test;0.2;56.95;0.1;1;1
;;3770011742660;AAZ;Non renseigné;AAZ TROD'DENGUE Test antigénique combiné de la dengue B/20;0.2;87;0.05;1;1
;;3770011742677;AAZ;Non renseigné;AAZ GRIPP/COVID ALL IN DUO AUTOT 1;0.2;5.25;0.15;123;1
;;3770011742691;AAZ;Non renseigné;AAZ TROD'ANGINE Kit Unidose de depistage angines à strepto. A, B/25 tests;0.2;25.5;0.1;27;1
;;3770011742844;AAZ;Non renseigné;AAZ - CANNABIS ALL IN - AUTOTEST SALIVAIRE UNITAIRE;0.2;5.28;0.05;123;1
;;3770011742882;AAZ;Non renseigné;AAZ Cannabis ALL'In Autotest Salivaire Presentoir x 12;0.2;62.64;0.05;8;1
;;8698973762487;AAZ;Non renseigné;AAZ THERMO'CHECK Thermom frontal B/1;0.2;34.9;0.47;50;1
4563556;3401045635566;0762860191099;AAZ;Non renseigné;AeroChamber Plus* embout buccal à partir de 6 ans;0.2;9.53;0.22;99;1
8139973;;6416842328006;AAZ;Non renseigné;AUTOTEST gluten® Bte/1;0.2;14.95;0.1;24;1
9556621;3401095566216;0762860291065;AAZ;Non renseigné;AeroChamber Plus * Masque pour Enfants 1-5 ans inclus;0.2;9.53;0.22;70;1
9556638;3401095566384;0762860391062;AAZ;Non renseigné;AeroChamber Plus* Masque pour Nourrissons 0-18 mois;0.2;9.53;0.22;70;1
9702436;3401097024363;5021791709694;Abbott Diabetes Care;Non renseigné;FREESTYLE PAPILLON EASY Bdlette Fl/50x2;0.055;33.14;0.15;12;1
9972489;3401099724896;5021791987603;Abbott Diabetes Care;Non renseigné;FREESTYLE OPTIUM Electrod B/100;0.055;36.75;0.15;1;1
;3401060060718;;Abbvie Pharmaceuticals;Non renseigné;OPTIVE FUSION S ocul Fl/10ml;0.2;6.41;0.14;144;1
;3401060247720;;Abbvie Pharmaceuticals;Non renseigné;OPTIVE FUSION UD S ophtalm 30Unidoses/0,4ml;0.2;8.24;0.14;64;1
4232919;3401042329192;;Abbvie Pharmaceuticals;Non renseigné;OPTIVE S ocul lubrif osmoprotect Fl/10ml;0.2;6.41;0.14;288;1
2067445;3401320674457;3760177500716;Abiocom;Non renseigné;SILAGIC Gel silicium organique articul T/50ml+25ml;0.2;8.2;0.25;18;1
6003603;3401560036039;3401560036039;Abiocom;Non renseigné;SILAGIC Silicium organique végét S buv Fl/1l;0.055;17.8;0.25;6;1
6507622;3401565076221;3401565076221;Abiocom;Non renseigné;SILAGIC Gel silicium organique T/150ml;0.2;16.7;0.25;45;1
;;3664604045903;Abm Pharma;Non renseigné;Oreiller cervical 50 x 30 x 10,5 cm (L x l x;0.2;22.9;0;1;3
;;3664604062887;Abm Pharma;Non renseigné;Pilulier hebdomadaire pochette;0.2;8.5;0;1;10
;;3701127753592;Abm Pharma;Non renseigné;1 pack de 10 cannes de marche panachées;0.1;79.9;0;1;1
;;5703538500312;Abm Pharma;Non renseigné;PROTEGE SEAU + COUSSIN ABSORBANT;0.2;9.3;0;0;10
;3401563200888;;Abm Pharma;Non renseigné;Oreiller curve Athenax 60 x 40 x 10 cm (L x l;0.2;24.92;0;1;3
;;0190446323501;Abm Pharma;VENTES;Électrostimulateur Cefar Tens;0.2;129;0;1;3
;;3662050045737;Abm Pharma;VENTES;Fauteuil roulant Action 2 NG dossier inclinab;0.055;239.9;0;1;2
;;3662050045751;Abm Pharma;VENTES;Fauteuil roulant Action 2 NG dossier inclinab;0.055;239.9;0;1;2
;;3662050045775;Abm Pharma;VENTES;Fauteuil roulant Action 2 NG dossier inclinab;0.055;239.9;0;1;2
;;3662050045799;Abm Pharma;VENTES;Fauteuil roulant Action 2 NG dossier inclinab;0.055;239.9;0;1;2
;;3662050168566;Abm Pharma;VENTES;Fauteuil roulant Action 2 NG dossier inclinab;0.055;239.9;0;1;2
;;3664390156234;Abm Pharma;VENTES;Rollator 4 roue ultra léger coloris bleu ciel;0.1;135.9;0;1;1
;;3664390159990;Abm Pharma;VENTES;AIRFORCE MAX Compresseur nébuliseur;0.2;69.9;0;1;6
;;3664390161191;Abm Pharma;VENTES;Canne de marche Pliante HURRYCANE Noir;0.1;12.9;0;1;4
;;3664390161207;Abm Pharma;VENTES;Canne de marche Pliante HURRYCANE Bleu;0.1;12.9;0;1;4
;;3664390161214;Abm Pharma;VENTES;Canne de marche Pliante HURRYCANE Violet;0.1;12.9;0;1;4
;;3664390165069;Abm Pharma;VENTES;Kit nebuliseur Evo AirForce Max - Embout bucc;0.2;3.99;0;1;25
;;3664390165076;Abm Pharma;VENTES;AIRFORCE MAX Masque nébuliseur adulte B/1;0.2;3.99;0;1;25
;;3664390165083;Abm Pharma;VENTES;AIRFORCE MAX Masque nébuliseur enfant B/1;0.2;3.99;0;1;25
;;3664390165717;Abm Pharma;VENTES;Rollator 4 roues Ultralight coloris noir;0.1;135.9;0;1;1
;;3664390168572;Abm Pharma;VENTES;Chaise garde-robe de douche et de toilette - 130 kg;0.2;72.9;0;1;2
;;3664390171282;Abm Pharma;VENTES;Fauteuil de transfert STAN UP bronze T 40 cm;0.055;169.9;0;1;1
;;3664390171299;Abm Pharma;VENTES;Fauteuil de transfert STAN UP bronze T 43 cm;0.055;169.9;0;1;1
;;3664390171305;Abm Pharma;VENTES;Fauteuil de transfert STAN UP bronze T 48 cm;0.055;169.9;0;1;1
;;3664390171312;Abm Pharma;VENTES;Fauteuil de transfert STAN UP bronze T 51 cm;0.055;169.9;0;1;1
;;3664897027020;Abm Pharma;VENTES;MATELAS NOVAFORM 120 - 120 CM;0.2;220.9;0;1;1
;;3664897027044;Abm Pharma;VENTES;Matelas CL. II compressé - 140 cm;0.2;229.9;0;1;1
;;3700446041809;Abm Pharma;VENTES;Oxymetre de pouls oxystart®avec dragonne;0.2;18.9;0;1;3
;;3700901328865;Abm Pharma;VENTES;GANTS DE TOILETTE USAGE UNIQUE 15X22 B/50 ABM;0.2;1.75;0;1;25
;;3701126700337;Abm Pharma;VENTES;Inhalateur en plastique - livraison sous 15 jours;0.2;2.75;0;1;30
;;3701126718844;Abm Pharma;VENTES;Pilulier hebdomadaire - livraison sous 15 jours;0.2;5.2;0;1;20
;;3701127708493;Abm Pharma;VENTES;CHAISE GARDE ROBE NEW CLUB;0.2;54.9;0;1;3
;;3701127708721;Abm Pharma;VENTES;ALFA GREEN Canne maginot pliante noire avec étui;0.1;8.9;0;1;6
;;3701127708738;Abm Pharma;VENTES;Canne de marche réglable poignée Béquillon coloris bronze - 120 kg;0.1;7;0;1;6
;;3701127710397;Abm Pharma;VENTES;ACHAT CANNE T BI MATIERE BLEUE;0.2;8.9;0;1;6
;;3701127717181;Abm Pharma;VENTES;Rollator 4 roues avec sangle dorsale - 136 kg;0.1;119;0;1;1
;;3701127723700;Abm Pharma;VENTES;Chaise de douche et de toilette à roulettes - 110 kg;0.2;138.33;0;1;1
;;3701127726190;Abm Pharma;VENTES;Rollator 4 roues avec barre dorsale - 130 kg;0.1;84.9;0;1;1
;;3701127751789;Abm Pharma;VENTES;HERDEGEN Canne fashion Pack/10;0.1;79.9;0;1;1
;;3701127751833;Abm Pharma;VENTES;CANNE ANGLAISE ADVANCE BI-MATIERE ROUGE;0.1;6.69;0;0;20
;;3701127751857;Abm Pharma;VENTES;Canne anglaise enfant noir/anis;0.1;25.23;0;0;10
;;3701127751864;Abm Pharma;VENTES;Canne anglaise enfant rouge/bleu;0.1;8.25;0;0;10
;;3701127752373;Abm Pharma;VENTES;Chaise garde-robe fixe avec bouchon - 130 kg;0.2;49.9;0;1;1
;;4028698114881;Abm Pharma;VENTES;Chaise de douche ?xe réglable en hauteur 3 en 1 - 160 kg;0.2;81.04;0;1;2
;;4065995006853;Abm Pharma;VENTES;Rollator 4 roues;0.1;46.9;0;1;2
;;5060035706013;Abm Pharma;VENTES;Paingone Ellune;0.2;115;0;1;1
;;5060217494837;Abm Pharma;VENTES;Stimulateur circulatoire revitive medic pharm;0.2;219.12;0;1;1
;;5407005980026;Abm Pharma;VENTES;Pèse personne électronique;0.2;19.61;0;1;3
;;5703538121432;Abm Pharma;VENTES;ABRI-LET MAXI PROTECTIONS DROITES 15X60 TRAVERSABLES 20PCS;0.2;17.3;0;1;3
;;5703538246418;Abm Pharma;VENTES;Couches écologiques pour enfants Bambo Nature;0.2;34.3;0;1;2
;;5703538464997;Abm Pharma;VENTES;Couches écologiques pour enfants Bambo Nature;0.2;27.4;0;1;2
;;5703538465031;Abm Pharma;VENTES;Couches écologiques pour enfants Bambo Nature;0.2;40.8;0;1;2
;;5703538465055;Abm Pharma;VENTES;Couches écologiques pour enfants Bambo Nature;0.2;38;0;1;2
;;5713571000014;Abm Pharma;VENTES;Changes complets ABENA SLIP XS2, Premium - Ab;0.2;58.72;0;1;1
;;5713571000052;Abm Pharma;VENTES;Changes complets ABENA SLIP S2, Premium - Abs;0.2;42.83;0;1;2
;;5713571000250;Abm Pharma;VENTES;Changes complets ABENA SLIP L3 NUIT, Premium;0.2;63.5;0;1;1
;;5713571000311;Abm Pharma;VENTES;Changes complets ABENA SLIP XL4 NUIT, Premium;0.2;46.5;0;1;2
;;5713571000670;Abm Pharma;VENTES;ABENA SAN 10 NUIT- Absorption 2800 ml - 1 ca;0.2;49.15;0;1;2
;;5713571000915;Abm Pharma;VENTES;Slips absorbants ABENA PANTS M3, Premium - A;0.2;70.5;0;1;1
;;5713571000977;Abm Pharma;VENTES;Slips absorbants ABENA PANTS L3, Premium - A;0.2;74;0;1;1
;;5713571001219;Abm Pharma;VENTES;Protections anatomiques femme Abena Light - A;0.2;17.9;0;1;3
;;5713571001271;Abm Pharma;VENTES;Protections anatomiques femme Abena Light - A;0.2;48.9;0;1;3
;;5713571001653;Abm Pharma;VENTES;Couches écologiques pour enfants Bambo Nature;0.2;34.3;0;1;2
;;6971919466239;Abm Pharma;VENTES;Poire effilée 27 ml - (forte quantité : livraison sous 15 jours);0.2;1.9;0;1;50
;;6973911691275;Abm Pharma;VENTES;COMED Urinal avec bouchon plastique homme 1l;0.2;2.5;0;0;16
;3401041211085;3664390155459;Abm Pharma;VENTES;Chaise de douche fixe réglable en hauteur - 135 kg;0.2;36.6;0;1;1
;3401041350623;;Abm Pharma;VENTES;Déambulateur 3 roues;0.1;66.9;0;1;1
;3401041351392;;Abm Pharma;VENTES;Tabouret de douche réglable en hauteur - 135;0.2;27.9;0;1;1
;3401048255655;3664604063105;Abm Pharma;VENTES;Réhausse WC Rehosoft NG en mousse injectée sans couvercle;0.2;27;0;1;3
;3401048905512;3665067000065;Abm Pharma;VENTES;Électrostimulateur Tens Eco 2;0.2;125.9;0;1;3
;3401060002183;;Abm Pharma;VENTES;Chaise de douche fixe réglable en hauteur - 136 kg;0.2;51.5;0;1;1
;3401060138820;;Abm Pharma;VENTES;Chaise garde-robe à roulettes - 130 kg;0.2;99.9;0;1;1
;3401060140274;;Abm Pharma;VENTES;DRIVE Siège de bain monobloc pivotant accoudoirs relevable edora;0.2;95;0;1;1
;3401060226718;;Abm Pharma;VENTES;Rollator 4 roues avec barre dorsale - 130 kg;0.1;89;0;1;2
;3401060273309;;Abm Pharma;VENTES;Chambres d'inhalation pour nourrisson de 0 à 18 mois (forte quantité : livr;0.2;12.11;0;1;36
;3401060273323;;Abm Pharma;VENTES;Chambres d'inhalation pour adulte 6 ans et plus (forte quantité : livraison;0.2;12.11;0;1;36
;3401060273347;;Abm Pharma;VENTES;Chambres d'inhalation pour enfant 1 à 6 ans forte (quantité : livraison sou;0.2;12.11;0;1;36
;3401061301988;3701127708639;Abm Pharma;VENTES;Canne tripode adulte;0.1;18.99;0;1;3
;3401095160827;;Abm Pharma;VENTES;Coussin Kalli Visco cl. II - 42 x 42 cm (L x p);0.2;33.29;0;1;2
;3401095161077;;Abm Pharma;VENTES;Coussin Kalli Visco cl. II - 43 x 44 cm (L x;0.2;33.29;0;1;2
;3401095634083;;Abm Pharma;VENTES;Rollator 2 roues avec siège - 100 kg;0.1;26.9;0;1;2
;3401098438008;3701127709698;Abm Pharma;VENTES;Coussin ovale percé;0.2;27.5;0;1;2
;3401170282147;;Abm Pharma;VENTES;DDHF Déambulateur rollator pliant moka;0.1;95.3;0;1;2
;3401565241063;;Abm Pharma;VENTES;Urinal homme anti-reflux;0.2;18.9;0;1;3
;3665438000069;3665438000069;Abm Pharma;VENTES;AMEDA SET TIRE LAIT ECO DOUBLE;0.2;24.9;0;1;16
4842523;3401048425232;;Abm Pharma;VENTES;Canne anglaise Ad bleu Unité;0.1;6.69;0;0;20
4855744;3401048557445;3701127707236;Abm Pharma;VENTES;Déambulateur fixe;0.1;26.9;0;1;2
4878449;3401548784495;3701127712742;Abm Pharma;VENTES;Table de lit Easy imitation bois;0.2;37.18;0;1;2
5128242;3401051282426;;Abm Pharma;VENTES;Tétérelle simple Kittet Taille S - 26 mm - ve;0.2;10.6;0;0;6
6133860;3401061338601;5060150390616;Abm Pharma;VENTES;Sonde vaginale Periform®+;0.2;21.85;0;0;3
6267968;3401062679680;3701127708691;Abm Pharma;VENTES;Canne de marche réglable poignée Béquillon coloris gris alu - 120 kg;0.1;7;0;0;6
6341765;3401063417656;;Abm Pharma;VENTES;Déambulateur fixe - Hauteur réglable : de 81;0.1;34.9;0;1;3
6615079;3401066150796;3701127701937;Abm Pharma;VENTES;Canne anglaise - 130 kg;0.1;5.25;0;0;40
7629936;3401576299367;5060150390623;Abm Pharma;VENTES;Sonde anale ou vaginale anuform;0.2;37.5;0;0;2
7720482;3401077204822;3701127708998;Abm Pharma;VENTES;Réhausse WC clipper II avec clips;0.2;13.8;0;0;3
9738434;3401097384344;0888912341189;Abm Pharma;VENTES;DURA-STICK Electrod ronde diam32mm B/4;0.2;4.92;0;1;20
9754700;3401097547008;0888912340953;Abm Pharma;VENTES;Electrodes carrées 50 x 50 mm 1 sachet de 4;0.2;4.92;0;1;20
;;8032472010210;Aboca;Coligas;COLIGAS FAST Gél B/30;0.055;8.96;0.05;6;1
;;8032472012115;Aboca;Colilen;COLILEN IBS Gél B/96;0.2;22.11;0.05;6;1
;;8032472016205;Aboca;Fitonasal;FITONASAL Spray concentré Fl/30ml;0.2;8.11;0.05;6;1
;;8032472010920;Aboca;Fitostill;FITOSTILL PLUS S ocul Fl c-gtt/5ml;0.2;7.88;0.05;6;1
;;8032472009566;Aboca;Grintuss;GRINTUSS PEDIATRIC Sp tx sèche grasse Fl/128g;0.2;6.71;0.05;12;1
;;8032472011385;Aboca;Grintuss;GRINTUSS ADULTE Cpr toux sèche et grasse B/20;0.2;8.69;0.05;6;1
;;8032472038108;Aboca;Grintuss;GRINTUSS ADULTE SP TX SECHE GRASSE FL/180G;0.2;8.46;0.05;12;1
;;8032472038115;Aboca;Grintuss;GRINTUSS PEDIATRIC Sirop toux sèche et grasse Fl/180g;0.2;8.46;0.05;12;1
;;8032472038122;Aboca;Grintuss;GRINTUSS ADULTE SP TX SECHE GRASSE FL/128G NV CODE;0.2;6.71;0.05;12;1
;;8032472038139;Aboca;Grintuss;GRINTUSS PEDIATRIC TOUX SIROP 128G;0.2;6.71;0.05;1;1
;;8032472012832;Aboca;Lenodiar;LENODIAR ADULTE Gél B/20;0.2;9.28;0.05;6;1
;;8032472012849;Aboca;Lenodiar;LENODIAR PEDIATRIC Glé 12Sach/2g;0.2;9.28;0.05;6;1
;;8032472009788;Aboca;Melilax;MELILAX ADULTE Gel rect microlavement 6T/10g;0.2;6.94;0.05;6;1
;;8032472009795;Aboca;Melilax;MELILAX PEDIATRIC Gel rect microlavement 6/5g;0.2;6.94;0.05;6;1
;;8032472019039;Aboca;Metarecod;METARECOD Glé 40Sach/2,5g;0.2;20.36;0.05;6;1
;;8032472008446;Aboca;NeoFitoroid;NEOFITOROID BIO Pom T/40ml;0.2;8.87;0.05;6;1
;;8032472010081;Aboca;NeoFitoroid;NEOFITOROID Gél B/50;0.055;14.27;0.05;6;1
;;8032472006916;Aboca;Neobianacid;NEOBIANACID Cpr suc B/45;0.2;11.61;0.05;6;1
;;8032472013204;Aboca;Neobianacid;NEOBIANACID Cpr à sucer B/14;0.2;6.53;0.05;6;1
;;8032472019398;Aboca;Neobianacid;NEOBIANACID Glé 20Sach/1,55g;0.2;9.04;0.05;6;1
;;8032472023920;Aboca;Neobianacid;NEOBIANACID Cpr à sucer Fl/70;0.2;14.35;0.05;6;1
;;8032472017318;Aboca;Oroben;OROBEN Bain bouche Fl/150ml;0.2;7.88;0.05;6;1
;;8032472017325;Aboca;Oroben;OROBEN Gel oral T/15ml;0.2;7.29;0.05;6;1
;;8032472029687;Aboca;Salvigorge;SALVIGORGE 2ACT Cpr à sucer B/20;0.2;6.65;0.05;6;1
;;8032472029694;Aboca;Salvigorge;SALVIGORGE 2ACT Spray Fl/30ml;0.2;8.28;0.05;6;1
;;8032472029717;Aboca;Salvigorge;SALVIGORGE 2ACT Spray sans alcool Fl/30ml;0.2;8.28;0.05;6;1
;;8032472023647;Aboca;Sedivitax;SEDIVITAX PRONIGHT ADVANCED Cpr B/27;0.055;9.82;0.05;6;1
;;8032472039013;Aboca;Sedivitax;SEDIVITAX CALMSTRESS Gél B/30;0.055;10.88;0.05;1;1
;;8032472020479;Aboca;Sollievo;SOLLIEVO PHYSIOLAX Cpr Fl/27;0.2;6.36;0.05;6;1
;;8032472020486;Aboca;Sollievo;SOLLIEVO PHYSIOLAX Cpr Fl/45;0.2;8.11;0.05;6;1
;;8032472021094;Aboca;Sollievo;SOLLIEVO PHYSIOLAX Cpr Fl/90;0.2;11.61;0.05;6;1
;3400930065099;;Accord Healthcare;Non renseigné;Tadalafil 5mg Bte de 28 cp Accord;0.1;40;0.91;192;1
;3400930065112;;Accord Healthcare;Non renseigné;Tadalafil 5mg Bte de 84 cp Accord;0.1;120;0.91;72;1
;3400930065136;;Accord Healthcare;Non renseigné;Tadalafil 10mg Bte de 4 cp Accord;0.1;30;0.93;240;1
;3400930065150;;Accord Healthcare;Non renseigné;Tadalafil 20mg Bte de 4 cp Accord;0.1;30;0.93;240;1
;3400930065167;;Accord Healthcare;Non renseigné;Tadalafil 20mg Bte de 8 cp Accord;0.1;60;0.93;240;1
;3400930065181;;Accord Healthcare;Non renseigné;Tadalafil 20mg Bte de 12 cp Accord;0.1;90;0.93;192;1
2180236;3400921802368;;Accord Healthcare;Non renseigné;Sildénafil 25mg Bte de 8 cp Accord;0.1;40;0.93;351;1
2180265;3400921802658;;Accord Healthcare;Non renseigné;Sildénafil 50mg Bte de 4 cp Accord;0.1;20;0.93;120;1
2180271;3400921802719;;Accord Healthcare;Non renseigné;Sildénafil 50mg Bte de 8 cp Accord;0.1;40;0.93;120;1
2180288;3400921802887;;Accord Healthcare;Non renseigné;Sildénafil 50mg Bte de 12 cp Accord;0.1;60;0.93;160;1
2180302;3400921803020;;Accord Healthcare;Non renseigné;Sildénafil 100mg Bte de 4 cp Accord;0.1;20;0.93;120;1
2180319;3400921803198;;Accord Healthcare;Non renseigné;Sildénafil 100mg Bte de 8 cp Accord;0.1;40;0.93;120;1
2180325;3400921803259;;Accord Healthcare;Non renseigné;Sildénafil 100mg Bte de 12 cp Accord;0.1;60;0.93;160;1
;;3701335900115;Adisphar;Calindoo;CALINDOO Chaufferette 1 clic réutilisable;0.2;1.9;0.22;128;1
;;3701335900368;Adisphar;Calindoo;Bouillotte Classique 2L et sa housse tricot R;0.2;11;0.22;12;1
;;3701335900382;Adisphar;Calindoo;Bouillotte Classique 2L et sa housse douceur;0.2;11;0.22;12;1
;;3701335900771;Adisphar;Calindoo;CALINDOO Poche ice bag orange 22cm;0.2;5.29;0.22;1;1
;;3701335900849;Adisphar;Calindoo;CALINDOO Eau brumisateur rechargeable présentoir 12u unis 200ml;0.2;71.88;0.22;1;1
;;3701335901013;Adisphar;Calindoo;CALINDOO Bouill tour cou av houss gris 800ml;0.2;11;0.22;12;1
;;3701335901068;Adisphar;Calindoo;CALINDOO Eau brumisateur rechargeable présentoir 12u motif 200ml;0.2;71.88;0.22;1;1
;;3701335901112;Adisphar;Non renseigné;Présentoir 12u x Brumisateurs New Kids;0.2;71.88;0.22;1;1
;;9990000010483;Adisphar;Pelucho;PELUCHO Bouillotte peluche Chien 0A40775;0.2;15.9;0.28;1;1
;;9990000010484;Adisphar;Pelucho;PELUCHO Bouillotte peluche Dragon 0A70785;0.2;15.9;0.28;20;1
;;9990000010485;Adisphar;Pelucho;PELUCHO Bouillotte peluche Elephant 0A40898;0.2;15.9;0.28;20;1
;;9990000010488;Adisphar;Pelucho;PELUCHO Bouillotte peluche Husky 0A40756;0.2;15.9;0.28;1;1
;;9990000010490;Adisphar;Pelucho;PELUCHO Bouillotte peluche Licorne Blanche 0A;0.2;15.9;0.28;1;1
;;9990000010491;Adisphar;Pelucho;PELUCHO Bouillotte peluche Licorne Rose 0A534;0.2;15.9;0.28;1;1
;;9990000010492;Adisphar;Pelucho;PELUCHO Bouillotte peluche Ours Blanc 0A40830;0.2;15.9;0.28;1;1
;;9990000010493;Adisphar;Pelucho;PELUCHO Bouillotte peluche Panda 0A40686;0.2;15.9;0.28;1;1
;;9990000010494;Adisphar;Pelucho;PELUCHO Bouillotte peluche Paresseux 0A70766;0.2;15.9;0.28;1;1
;;9990000010495;Adisphar;Pelucho;PELUCHO Bouillotte peluche Raton Laveur 0A624;0.2;15.9;0.28;15;1
;;9990000010497;Adisphar;Pelucho;PELUCHO Bouillotte peluche Souris 0A53474;0.2;15.9;0.28;20;1
;;9990000010498;Adisphar;Pelucho;PELUCHO Bouillotte peluche Tigre 0A45711;0.2;15.9;0.28;1;1
;;9990000010545;Adisphar;Pelucho;PELUCHO Bouillotte peluche Ane 0A40722;0.2;15.9;0.28;20;1
;;9990000010584;Adisphar;Pelucho;PELUCHO Bouillotte peluche Grenouille 0A40900;0.2;15.9;0.28;1;1
;;9990000010586;Adisphar;Pelucho;PELUCHO Bouillotte peluche Lion 0A40879;0.2;15.9;0.28;1;1
;;0762860001329;Aerochamber Plus;Non renseigné;AeroChamber Plus* Masque pour Adulte;0.2;9.53;0.22;35;1
7263530;3401572635305;;Ageti;Abatout;ABATOUT FOGGER Sol désinf amb Spray/210ml;0.2;15.98;0.5;12;1
;;3056565165149;Ageti;Ageti;COFFRET SOPHIE LA GIRAFE + PORTE CLE SAUVONS LES GIRAFES;0.2;16.96;0.18;1;1
;;3701063800428;Ageti;Ageti;AGETI ENFANT Stick lèvr Lapin Cr Vanille 4,2g;0.2;2.65;0.18;24;1
;;3701063800947;Ageti;Ageti;AGETI Savon parfumé pap.plissé Rose 100g;0.2;1.76;0.5;100;1
;;3701063807410;Ageti;Ageti;AGETI ENFANT Stick lèvr Licorne fraise 4,2g;0.2;2.72;0.25;24;1
;;3701063807427;Ageti;Ageti;AGETI ENFANT Stick lèvr Licorne Vanille 4,2g;0.2;2.72;0.25;24;1
;;3701063807731;Ageti;Ageti;AGETI BEBE Brosse dents ergonomique licorne;0.2;1.85;0.18;1;1
;;3701063807748;Ageti;Ageti;AGETI BEBE Brosse dents ergonomique lama;0.2;1.85;0.18;12;1
;;3701063808882;Ageti;Ageti;AGETI ENFANT Stick lèvr Snoopy fraise 4,2g;0.2;2.21;0.18;24;1
;;3760169127020;Ageti;Ageti;AGETI Savon parfumé pap. plissé Vanille 100g;0.2;1.76;0.5;200;1
;;3760169127044;Ageti;Ageti;AGETI Savon parfumé pap. plissé Lavande 100g;0.2;1.76;0.5;100;1
;;8411114063362;Ageti;Ageti;AGETI ENFANT Gel dche 2D Chase Fl/400ml;0.2;5.89;0.18;6;1
;;8411114087276;Ageti;Ageti;AGETI ENFANT Gel dche 2D Spiderman Fl/400ml;0.2;5.89;0.18;6;1
6066023;3401560660234;3401560660234;Ageti;Ageti;TEST D'OVULATION SERENITEST B/7;0.2;7.5;0.2;50;1
;;8717154023541;Ageti;Alpine;ALPINE PLUG KIDS Bouch d'oreill Enf B/2;0.2;9.89;0.17;8;1
;;8717154027396;Ageti;Alpine;ALPINE SLEEPDEEP Protec auditiv somm prof t M/L B/2;0.2;9.89;0.17;12;1
;;8721202200518;Ageti;Alpine;PARTYPLUG ALPINE 3 SIZES;0.2;9.89;0.17;8;1
4220201;3401542202018;8717154023534;Ageti;Alpine;ALPINE SWIMSAFE Bouchon d'oreille B/2;0.2;9.89;0.17;8;1
4220218;3401542202186;8717154023503;Ageti;Alpine;ALPINE SLEEPSOFT Bouchon d'oreille B/2;0.2;9.89;0.17;8;1
4220230;3401542202308;8717154023527;Ageti;Alpine;ALPINE WORKSAFE Bouchon d'oreille travail B/2;0.2;9.89;0.17;8;1
;;3760235951566;Ageti;Aquaromat Bouillotte;BOUILLOTTE Caoutch 2L avec housse Bleu & Roug;0.2;8.25;0.45;30;1
;;3701063807106;Ageti;Liberty Cup;LIBERTY CUP Culotte menstruelle Noir S/M(36-3;0.055;15.3;0.2;1;1
;;3701063807113;Ageti;Liberty Cup;LIBERTY CUP Culotte menstruelle Noir L/XL(40-;0.055;15.3;0.2;1;1
;;3760169126337;Ageti;Liberty Cup;LIBERTY CUP Coupelle menstruelle T1;0.055;15.99;0.2;0;1
;;3760169126344;Ageti;Liberty Cup;LIBERTY CUP Coupelle menstruelle T2;0.055;15.99;0.2;0;1
;;3701063803542;Ageti;Lunettes;STEELE Kit lunette;0.2;5.39;0.5;12;1
;;3701063807021;Ageti;Lunettes;STEELE Lingette anti-buée B/30;0.2;3.24;0.55;50;1
;;3701063813480;Ageti;Lunettes;STEELE M11816-2 Classic black Correct 2.0;0.2;8.97;0.55;1;1
;;3701063814265;Ageti;Lunettes;STEELE P140398-1 Fauve Correct 3;0.2;8.97;0.55;1;1
;;3701063814272;Ageti;Lunettes;STEELE P140398-1 Fauve Correct 2.5;0.2;8.97;0.55;1;1
;;3701063814425;Ageti;Lunettes;STEELE P13602-60 BROWN CLEAR CORRECT 2.5;0.2;8.97;0.55;1;1
;;3701063814449;Ageti;Lunettes;STEELE P13602-60 BROWN CLEAR Correct 1.5;0.2;8.97;0.55;1;1
;;3701063814463;Ageti;Lunettes;STEELE P13602-59 CLEAR Correct 3;0.2;8.97;0.55;1;1
;;3701063814661;Ageti;Lunettes;STEELE P13085-37 Storm Correct 3;0.2;8.97;0.55;1;1
;;3701063814715;Ageti;Lunettes;STEELE M11816-2 Classic black Correct 3.5;0.2;8.97;0.55;1;1
;;3701063814838;Ageti;Lunettes;STEELE AG11988A-29 Groseille Correct 2.5;0.2;8.97;0.55;1;1
;;3701063814883;Ageti;Lunettes;STEELE AG11988A-31 Cassis Correct 2.5;0.2;8.97;0.55;1;1
;;3701063816344;Ageti;Lunettes;STEELE AG12689-1 Mûrier bleu Correct 2;0.2;8.97;0.55;1;1
;;3701063816351;Ageti;Lunettes;STEELE AG12689-1 Mûrier bleu Correct 2.5;0.2;8.97;0.55;1;1
;;3701063816368;Ageti;Lunettes;STEELE AG12689-1 Mûrier bleu Correct 3;0.2;8.97;0.55;1;1
;;3701063816443;Ageti;Lunettes;STEELE AG12689-4 Mûrier gris Correct 2;0.2;8.97;0.55;1;1
;;3701063816474;Ageti;Lunettes;STEELE AG12689-4 Mûrier gris Correct 3.5;0.2;8.97;0.55;1;1
;;9990000010097;Ageti;Lunettes;STEELE P13085-37 Storm Correct 2;0.2;8.97;0.55;1;1
;;9990000010098;Ageti;Lunettes;STEELE P13085-37 Storm Correct 2.5;0.2;8.97;0.55;1;1
;;9990000010106;Ageti;Lunettes;STEELE AG11988A-29 Groseille Correct 1.5;0.2;8.97;0.55;1;1
;;9990000010107;Ageti;Lunettes;STEELE AG11988A-29 Groseille Correct 2;0.2;8.97;0.55;1;1
;;9990000010109;Ageti;Lunettes;STEELE AG11988A-29 Groseille Correct 3;0.2;8.97;0.55;1;1
;;9990000010112;Ageti;Lunettes;STEELE AG11988A-31 Cassis Correct 2;0.2;8.97;0.55;1;1
;;9990000010114;Ageti;Lunettes;STEELE AG11988A-31 Cassis Correct 3;0.2;8.97;0.55;1;1
;;9990000010115;Ageti;Lunettes;STEELE AG11988A-31 Cassis Correct 3.5;0.2;8.97;0.55;1;1
;;9990000010197;Ageti;Lunettes;STEELE P140398-1 Fauve Correct 1.5;0.2;8.97;0.55;1;1
;;9990000010198;Ageti;Lunettes;STEELE P140398-1 Fauve Correct 2;0.2;8.97;0.55;1;1
;;9990000010201;Ageti;Lunettes;STEELE P140398-1 Fauve Correct 3.5;0.2;8.97;0.55;1;1
;;9990000010204;Ageti;Lunettes;STEELE AG13534A-16 Vichy rose Correct 2.5;0.2;8.97;0.55;1;1
;;9990000010219;Ageti;Lunettes;STEELE M11101 Métal brown Correct 2.5;0.2;8.97;0.55;1;1
;;9990000010225;Ageti;Lunettes;STEELE M11101-1 Métal grey Correct 3;0.2;8.97;0.55;1;1
;;9990000010226;Ageti;Lunettes;STEELE M11101-1 Métal grey Correct 3.5;0.2;8.97;0.55;1;1
;;9990000010227;Ageti;Lunettes;STEELE M11816-2 Classic black Correct 1.5;0.2;8.97;0.55;1;1
;;9990000010230;Ageti;Lunettes;STEELE M11816-2 Classic black Correct 3;0.2;8.97;0.55;1;1
;;9990000010232;Ageti;Lunettes;STEELE M11816-1 Classic blue Correct 1.5;0.2;8.97;0.55;1;1
;;9990000010233;Ageti;Lunettes;STEELE M11816-1 Classic blue Correct 2;0.2;8.97;0.55;1;1
;;9990000010234;Ageti;Lunettes;STEELE M11816-1 Classic blue Correct 2.5;0.2;8.97;0.55;1;1
;;9990000010236;Ageti;Lunettes;STEELE M11816-1 Classic blue Correct 3.5;0.2;8.97;0.55;1;1
;;9990000010237;Ageti;Lunettes;STEELE AG12689-1 Mûrier bleu Correct 1.5;0.2;8.97;0.55;1;1
;;9990000010241;Ageti;Lunettes;STEELE AG12689-1 Mûrier bleu Correct 3.5;0.2;8.97;0.55;1;1
;;9990000010249;Ageti;Lunettes;STEELE AG12689-4 Mûrier gris Correct 2.5;0.2;8.97;0.55;1;1
;;9990000010250;Ageti;Lunettes;STEELE AG12689-4 Mûrier gris Correct 3;0.2;8.97;0.55;1;1
;;9990000010254;Ageti;Lunettes;STEELE MI11743-4 Sea Correct 2.5;0.2;8.97;0.55;1;1
;;9990000010259;Ageti;Lunettes;STEELE MI11743-6 Shark Correct 2.5;0.2;8.97;0.55;1;1
;;9990000010260;Ageti;Lunettes;STEELE MI11743-6 Shark Correct 3;0.2;8.97;0.55;1;1
;;9990000010261;Ageti;Lunettes;STEELE MI11743-6 Shark Correct 3.5;0.2;8.97;0.55;1;1
;;9990000010596;Ageti;Lunettes;STEELE P15219-2 SAINT MARTIN Correct 1.5;0.2;8.97;0.55;1;1
;;9990000010597;Ageti;Lunettes;STEELE P15219-2 SAINT MARTIN Correct 2;0.2;8.97;0.55;1;1
;;9990000010598;Ageti;Lunettes;STEELE P15219-2 SAINT MARTIN Correct 2.5;0.2;8.97;0.55;1;1
;;9990000010599;Ageti;Lunettes;STEELE P15219-2 SAINT MARTIN Correct 3;0.2;8.97;0.55;1;1
;;9990000010600;Ageti;Lunettes;STEELE P15219-2 SAINT MARTIN Correct 3.5;0.2;8.97;0.55;1;1
;;9990000010601;Ageti;Lunettes;STEELE P15219-1 SAINT BARTHELEMY Correct 1.5;0.2;8.97;0.55;1;1
;;9990000010602;Ageti;Lunettes;STEELE P15219-1 SAINT BARTHELEMY Correct 2;0.2;8.97;0.55;1;1
;;9990000010603;Ageti;Lunettes;STEELE P15219-1 SAINT BARTHELEMY Correct 2.5;0.2;8.97;0.55;1;1
;;9990000010604;Ageti;Lunettes;STEELE P15219-1 SAINT BARTHELEMY Correct 3;0.2;8.97;0.55;1;1
;;9990000010605;Ageti;Lunettes;STEELE P15219-1 SAINT BARTHELEMY Correct 3.5;0.2;8.97;0.55;1;1
;;9990000010606;Ageti;Lunettes;STEELE P15337-3 CUTIE "NEW" Correct 1.5;0.2;8.97;0.55;1;1
;;9990000010607;Ageti;Lunettes;STEELE P15337-3 CUTIE "NEW" Correct 2;0.2;8.97;0.55;1;1
;;9990000010608;Ageti;Lunettes;STEELE P15337-3 CUTIE "NEW" Correct 2.5;0.2;8.97;0.55;1;1
;;9990000010609;Ageti;Lunettes;STEELE P15337-3 CUTIE "NEW" Correct 3;0.2;8.97;0.55;1;1
;;9990000010610;Ageti;Lunettes;STEELE P15337-3 CUTIE "NEW" Correct 3.5;0.2;8.97;0.55;1;1
;;9990000010611;Ageti;Lunettes;STEELE P15337-2 GUAPA "NEW" Correct 1.5;0.2;8.97;0.55;1;1
;;9990000010612;Ageti;Lunettes;STEELE P15337-2 GUAPA "NEW" Correct 2;0.2;8.97;0.55;1;1
;;9990000010613;Ageti;Lunettes;STEELE P15337-2 GUAPA "NEW" Correct 2.5;0.2;8.97;0.55;1;1
;;9990000010614;Ageti;Lunettes;STEELE P15337-2 GUAPA "NEW" Correct 3;0.2;8.97;0.55;1;1
;;9990000010615;Ageti;Lunettes;STEELE P15337-2 GUAPA "NEW" Correct 3.5;0.2;8.97;0.55;1;1
;;9990000010616;Ageti;Lunettes;STEELE P13602-59 CLEAR Correct 1.5;0.2;8.97;0.55;1;1
;;9990000010617;Ageti;Lunettes;STEELE P13602-59 CLEAR Correct 2;0.2;8.97;0.55;1;1
;;9990000010618;Ageti;Lunettes;STEELE P13602-59 CLEAR Correct 2.5;0.2;8.97;0.55;1;1
;;9990000010620;Ageti;Lunettes;STEELE P13602-60 BROWN CLEAR Correct 2;0.2;8.97;0.55;1;1
;;9990000010626;Ageti;Lunettes;STEELE SOLAIRE PKS-809029 Kid Steele VENISE + 6 ans Fille IND 4;0.2;9.55;0.55;1;1
;;9990000010627;Ageti;Lunettes;STEELE SOLAIRE PKS-809019 Kid Steele BERLIN + 6 ans Mixte IND 4;0.2;9.55;0.55;1;1
;;9990000010628;Ageti;Lunettes;STEELE SOLAIRE PKS-809031 Kid Steele ROME + 6 ans Fille IND 4;0.2;9.55;0.55;1;1
;;9990000010629;Ageti;Lunettes;STEELE SOLAIRE PS-14486-48 Adulte Steele BRESIL Mixte IND 3;0.2;15.95;0.55;1;1
;;9990000010630;Ageti;Lunettes;STEELE SOLAIRE PS-14486-40 Adulte Steele MEXIQUE Mixte IND 3;0.2;15.95;0.55;1;1
;;9990000010631;Ageti;Lunettes;STEELE SOLAIRE PS-809011 Adulte Steele JAPON Femme IND 3;0.2;15.95;0.55;1;1
;;9990000010632;Ageti;Lunettes;STEELE P13602-60 BROWN CLEAR Correct 3;0.2;8.97;0.55;1;1
;;9990000010633;Ageti;Lunettes;STEELE P13602-60 BROWN CLEAR Correct 3.5;0.2;8.97;0.55;1;1
;;9990000010634;Ageti;Lunettes;STEELE P13602-59 CLEAR Correct 3;0.2;8.97;0.55;1;1
;;9990000010635;Ageti;Lunettes;STEELE P13602-59 CLEAR Correct 3.5;0.2;8.97;0.55;1;1
;;9990000010700;Ageti;Lunettes;STEELE SOLAIRE Adulte Steele MAURICE Mixte IND 3;0.2;15.95;0.55;1;1
;3701063814739;3701063814739;Ageti;Lunettes;STEELE MODELE CLASSIC BLACK 2.50;0.2;8.97;0.55;1;1
;;3701063808189;Ageti;Ma petite confiserie;MA PETITE CONFISERIE Gom prop miel eucal 100g;0.2;3.99;0.35;20;1
;;3701063808196;Ageti;Ma petite confiserie;MA PETITE CONFISERIE Gom prop miel orang 100g;0.2;3.99;0.35;20;1
;;3701063808295;Ageti;Ma petite confiserie;MA PETITE CONFISERIE Pastilles au miel 100g;0.2;3.69;0.35;20;1
;;3701063808318;Ageti;Ma petite confiserie;MA PETITE CONFISERIE Bonbon miel citron 100g;0.2;3.69;0.37;20;1
;;3701063808325;Ageti;Ma petite confiserie;MA PETITE CONFISERIE Perle de miel Sach/100g;0.2;3.69;0.35;20;1
;;3701063808356;Ageti;Ma petite confiserie;MA PETITE CONFISERIE Gom réglisse ss suc 100g;0.2;3.95;0.35;20;1
;;3701063808394;Ageti;Ma petite confiserie;MA PETITE CONFISERIE Bonbon eucaly ss suc 80g;0.2;3.95;0.35;20;1
;;3701063808400;Ageti;Ma petite confiserie;MA PETITE CONFISERIE Bonbon ment f ss suc 80g;0.2;3.95;0.35;20;1
;;3701063808431;Ageti;Ma petite confiserie;MA PETITE CONFISERIE Gom bateau réglisse 100g;0.2;3.69;0.35;20;1
;;3701063808455;Ageti;Ma petite confiserie;MA PETITE CONFISERIE Gom mélange pecto 100g;0.2;3.69;0.35;20;1
;;3701063808615;Ageti;Ma petite confiserie;MA PETITE CONFISERIE Bonbon cola B/36,5g;0.2;1.79;0.35;20;1
;;3701063808646;Ageti;Ma petite confiserie;MA PETITE CONFISERIE Bonbon ment euca B/36,5g;0.2;1.79;0.35;20;1
;;3701063808653;Ageti;Ma petite confiserie;MA PETITE CONFISERIE Bonbon citr méli B/36,5g;0.2;1.79;0.35;20;1
;;3701063808677;Ageti;Ma petite confiserie;MA PETITE CONFISERIE Bonbon orange B/36,5g;0.2;1.79;0.35;20;1
;;3701063808684;Ageti;Ma petite confiserie;MA PETITE CONFISERIE Bonbon café cr B/36,5g;0.2;1.79;0.35;20;1
;;3760356151876;Ageti;Ma petite confiserie;MA PETITE CONFISERIE Past miel citron Sach/100g;0.2;3.69;0.35;20;1
;;3760356152422;Ageti;Ma petite confiserie;MA PETITE CONFISERIE BONBONS MIEL A LA GELEE ROYALE 100G;0.2;3.99;0.35;20;1
;;3701063802705;Ageti;Non renseigné;SAGYENE Brosse à dents 6015 souple;0.2;1.62;0.45;72;1
;;3701063802729;Ageti;Non renseigné;SAGYENE Brosse à dents 6015 dure;0.2;1.62;0.45;1;1
;;3701063802736;Ageti;Non renseigné;SAGYENE Brosse à dents 420 souple;0.2;1.62;0.45;12;1
;;3701063802743;Ageti;Non renseigné;SAGYENE Brosse à dents 420 Médium;0.2;1.62;0.45;1;1
;;3701063802750;Ageti;Non renseigné;SAGYENE Brosse à dents 420 dure;0.2;1.62;0.45;1;1
;;3701063804075;Ageti;Non renseigné;SAGYENE Brosse à dents Bambou Charbon actif;0.2;3.27;0.4;1;1
;;3701063804976;Ageti;Non renseigné;SAGYENE Cure-oreille;0.2;7.15;0.25;1;1
;;3701063805294;Ageti;Non renseigné;SAGYENE Brosse dents Bambou neutre;0.2;3.01;0.4;1;1
;;3701063805393;Ageti;Non renseigné;BABY OOPS Lingette à l'Eau Paquet/60;0.2;2.6;0.35;12;1
;;8411114079035;Ageti;Non renseigné;AGETI ENFANT Gel dche 2D Skye Fl/400ml;0.2;5.89;0.18;6;1
200318;;3056562003185;Ageti;Non renseigné;SOPHIE LA GIRAFE Anneau de dentition;0.2;10.2;0.18;24;1
4220224;3401542202247;8717154023510;Ageti;Non renseigné;ALPINE FLYFIT Bouchon d'oreille voyage B/2;0.2;9.89;0.17;8;1
6547892;;3401565478926;Ageti;Non renseigné;CADAQUES Bâtnet bois ouaté B/100;0.2;3.73;0.2;48;1
;;3760169125842;Ageti;Sagyene;SAGYENE Brosse à dents 744 Dure;0.2;1.62;0.45;0;1
7823779;3401078237799;3401078237799;Ageti;Test de grossesse;TEST DE GROSSESSE SERENITEST B/1;0.2;0.89;0.42;420;1
7395817;3401073958170;3700567700890;Aguettant;Non renseigné;SERUM PHYSIOLOGIQUE VERSOL Sodium 0,9% S irrig Fl/1000ml (CE);0.2;3.55;0.27;10;1
7395823;3401073958231;3700567700876;Aguettant;Non renseigné;SERUM PHYSIOLOGIQUE VERSOL Sodium 0,9% S irrig Fl/500ml (CE);0.2;2.41;0.18;20;1
7395852;3401073958521;3700567700852;Aguettant;Non renseigné;VERSOL Eau stér S irrig Fl/1000ml (CE);0.2;3.55;0.27;0;1
9745569;3401097455693;3700567700340;Aguettant;Non renseigné;MINIVERSOL S irrig Eau purifiée 24Fl/45ml;0.2;33;0.2;4;1
9884058;3401598840585;;Aguettant;Non renseigné;BICALAN Sol stér bain de bouche Fl/500ml;0.2;3;0.1;20;1
;;0300651507645;Alcon;Non renseigné;SYSTANE ULTRA S ocul lubrif sèch occul 10ml;0.2;8.35;0.14;144;1
3216290;3400932162901;;Alcon;Non renseigné;SKIACOL 0,5 % Collyre Fl/0,5ml;0.1;8.11;0.14;480;1
5202694;3401052026944;3700028501455;Alcon;Non renseigné;SYSTANE ULTRA UD S ocul lubrif 30d;0.2;8.35;0.14;25;1
5437210;3401554372105;;Alcon;Non renseigné;SYSTANE BALANCE S ocul lubrif Fl/10ml;0.2;8.99;0.05;432;1
3261072;3400932610723;;Alfasigma;Non renseigné;LYSANXIA 40 mg Cpr séc Plq/20;0.021;7.74;0.14;0;1
3924012;3400939240121;;Alfasigma;Non renseigné;METEOXANE Gél Plq/30;0.1;3.64;0.14;0;1
9859333;3401598593337;;Alfasigma;Non renseigné;ESOXX ONE Gel buv Sach unid/10ml;0.2;12.23;0.12;36;1
;;3770008103290;Alvadiem;Alvadiem;ALVADIEM Cr hydratante mains T/50ml;0.2;5.3;0.15;1;1
;;3770008103320;Alvadiem;Alvadiem;ALVADIEM Cr gom pieds secs T/75ml;0.2;8.3;0.15;60;1
;;3770008103337;Alvadiem;Alvadiem;ALVADIEM ONGLES Hle en gel soin nourriss 10ml;0.2;13.5;0.15;24;1
;;3770008103368;Alvadiem;Alvadiem;ALVADIEM ONGLES Gel cr soin kérato-liss 10ml;0.2;15.8;0.15;24;1
;;3770008103375;Alvadiem;Alvadiem;ALVADIEM ONGLES Hle en gel soin assain 10ml;0.2;17.3;0.15;1;1
;;3770008103450;Alvadiem;Alvadiem;ALVADIEM Stick pieds nourrissant 50g;0.2;10.7;0.15;1;1
;;3770008103498;Alvadiem;Alvadiem;ALVADIEM Bme lèv nourriss gelée roy P/10ml;0.2;5.3;0.15;1;1
;;3770008103504;Alvadiem;Alvadiem;ALVADIEM Déodorant 48H Stick/50g;0.2;9.4;0.15;1;1
;;3770008103528;Alvadiem;Alvadiem;ALVADIEM Bme pieds secs T/75ml;0.2;8.3;0.15;72;1
;;3770008103603;Alvadiem;Alvadiem;ALVADIEM Stick lèvres hydratant 4g;0.2;4.5;0.15;1;1
;;3770008103627;Alvadiem;Alvadiem;ALVADIEM Cr pieds anti-callosités T/75ml;0.2;11.7;0.15;80;1
;;3770008103009;Alvadiem;Apivita;APIVITA Cr anti-frott T/100ml;0.2;8.4;0.15;60;1
;;3770008103054;Alvadiem;Apivita;APIVITA Cr réparatrice mains et ongles T/50ml;0.2;5.3;0.15;1;1
;;3770008103061;Alvadiem;Apivita;APIVITA Cr soin protection intense T/100ml;0.2;10.7;0.15;1;1
;;3770008103184;Alvadiem;Apivita;APIVITA/ALVADIEM Onguent répar multi-us 10ml;0.2;6.1;0.15;1;1
;3401360259911;;Alvadiem;Apivita;APIVITA Cr Multi-Défense pied main T/150ml;0.2;10.7;0.15;42;1
2110655;3401321106551;;Alvadiem;Apivita;APIVITA Onguent pied main abim P/50ml;0.2;11.7;0.15;60;1
4065657;3401340656570;;Alvadiem;Apivita;APIVITA Gel fraîch jbe pied fatig T/150ml;0.2;10.2;0.15;50;1
4076879;3401340768792;;Alvadiem;Apivita;APIVITA Bme pied sec très sec T/150ml;0.2;10.9;0.15;0;1
4120155;3401341201557;;Alvadiem;Apivita;APIVITA Gel Apigel pied main engelure T/10ml;0.2;11.5;0.15;0;1
4757390;3401547573908;;Alvadiem;Apivita;APIVITA Cr Philomie pied sec T/150ml;0.2;10.9;0.15;45;1
;;3701063800930;Anycare-Pansements;Non renseigné;Seringue aspiration nasale ANYCARE Bte/2;0.2;4.2;0.45;168;1
;;3701063804365;Anycare-Pansements;Non renseigné;ANYCARE Pochette isotherme 13x25cm;0.2;0.91;0.45;408;1
;;3701063804372;Anycare-Pansements;Non renseigné;ANYCARE Pochette isotherme 25x34cm;0.2;1.52;0.45;1;1
;;3701063804570;Anycare-Pansements;Non renseigné;ANYCARE Pochette isotherme 18x29cm;0.2;1.15;0.45;1;1
;;3760169124463;Anycare-Pansements;Non renseigné;ANYCARE Chbr inh 0-9mois;0.2;9.89;0.35;72;1
;;3760169124470;Anycare-Pansements;Non renseigné;ANYCARE Chbr inh moins de 6 ans;0.2;9.89;0.35;72;1
;;3760169124487;Anycare-Pansements;Non renseigné;ANYCARE Chbr inh plus de 6 ans;0.2;9.89;0.35;72;1
;;3760169127532;Anycare-Pansements;Non renseigné;ANYCARE Pans adhésif blanc 4 tailles 4x1cm ; 3,8x3,8cm ; 7,2x1,9cm ; 7,6x2,;0.2;1.24;0.47;144;1
;;3760169127549;Anycare-Pansements;Non renseigné;ANYCARE Pans adhésif chair 4 tailles 4x1cm ; 3,8x3,8cm ; 7,2x1,9cm ; 7,6x2,;0.2;1.24;0.47;144;1
;;3760169127556;Anycare-Pansements;Non renseigné;ANYCARE Bde adhésive prédécoupée 6x10cm B/20;0.2;2.02;0.47;144;1
;;3760169127563;Anycare-Pansements;Non renseigné;ANYCARE Pans adhésif 1 taille 7,2x1,9cm B/30;0.2;1.24;0.47;144;1
;;3760126800065;Aquaromat;Baume du tigre;ROLL ON EFFET CHAUD BAUME TIGRE ROUGE 50ML;0.2;12.49;0.3;0;1
;;3760126800072;Aquaromat;Baume du tigre;PHYTO 3000 ROLL-ON MUSCLES ET ARTICULATIONS;0.2;12.49;0.3;0;1
;;3760235952716;Aquaromat;Baume du tigre;AQUAROMAT Bme du dragon rouge Pot/30g;0.2;8.29;0.45;216;1
4496481;3401544964815;3760126800201;Aquaromat;Baume du tigre;TIGRE CHINE BLC Onguent mx tête aff resp18,4g;0.2;7.08;0.35;24;1
4496676;3401544966765;3760126800218;Aquaromat;Baume du tigre;TIGRE CHINE RGE Onguent affect art musc 18,4g;0.2;7.08;0.35;120;1
;;3760235950989;Aquaromat;Non renseigné;AQUAROMAT Peigne à poux et lentes;0.2;9.13;0.55;144;1
;;5703428257203;Aquaromat;Non renseigné;MEDIMAX Pilulier saphir;0.2;26.16;0.4;8;1
;;3326101001263;Argiletz;Non renseigné;ARGIL'GUM Chew gum citron Plaquette/12;0.2;1.86;0.15;40;1
4218428;3401342184286;3326100000526;Argiletz;Non renseigné;ARGILETZ BIO Pâte artic apaisant T/300g;0.2;8.3;0.15;6;1
4218492;3401342184927;3326101000204;Argiletz;Non renseigné;ARGILETZ Masque Argile ros Psens réac T/100g;0.2;3.38;0.15;12;1
4218517;3401342185177;3326101000181;Argiletz;Non renseigné;ARGILETZ Mas Arg vert anti-grise mine T/100g;0.2;3.38;0.15;12;1
4218581;3401342185818;3326100000557;Argiletz;Non renseigné;ARGILETZ Pâte Argile verte T/150g;0.2;3.57;0.15;12;1
4580833;3401545808330;3326100000335;Argiletz;Non renseigné;ARGILETZ Pdr Argile blanche B/200g;0.2;4.07;0.15;12;1
6038682;;3326100000045;Argiletz;Non renseigné;BAND'ARGILE Bde Arg vert 8.5cmx5m B/2;0.2;10.68;0.15;6;1
6477832;3401564778324;3326100000038;Argiletz;Non renseigné;ARGILETZ Pâte Argile verte T/400g;0.2;6.85;0.15;12;1
7328904;3401573289040;3326100000069;Argiletz;Non renseigné;ARGILETZ Argile verte surfine Pdr B/300g;0.2;3.47;0.15;12;1
7328910;3401573289101;3326100000465;Argiletz;Non renseigné;ARGILETZ Argile verte surfine Pdr B/1kg;0.2;4.7;0.15;12;1
7328933;3401573289330;3326100000076;Argiletz;Non renseigné;ARGILETZ Argile verte ultra-ventil Pdr B/300g;0.2;3.61;0.15;12;1
6554969;3401565549695;;Arkopharma;Activox;ACTIVOX ss suc Past miel citron B/24;0.055;6.95;0.15;84;1
6554975;3401565549756;;Arkopharma;Activox;ACTIVOX ss suc Past ment eucalypt B/24;0.055;6.95;0.15;84;1
;;3578835502060;Arkopharma;Arkogelules;ARKOGELULES Hle pépin courge Bio Caps Fl/60;0.055;11.6;0.15;1;1
;;3578835503104;Arkopharma;Arkogelules;ARKOGELULES Harpagophytum Bio Gél Fl/45;0.055;8.65;0.15;1;1
;;3578835503111;Arkopharma;Arkogelules;ARKOGELULES Harpagophytum Bio Gél Fl/150;0.055;23.25;0.15;1;1
;;3578835503845;Arkopharma;Arkogelules;ARKOGELULES Charbon vég activé Bio Gél Fl/40;0.055;9.15;0.15;1;1
;;3578835506174;Arkopharma;Arkogelules;ARKOGELULES Eschscholtzia Gél Fl/45;0.055;8.55;0.15;1;1
;3578835506143;3578835506143;Arkopharma;Arkogelules;ARKOGELULES Millepertuis Gél Fl/42;0.055;13.15;0.15;0;1
;3578835506150;3578835506150;Arkopharma;Arkogelules;ARKOGELULES Valériane Gél Fl/45;0.055;8.55;0.15;90;1
4507138;3401545071383;;Arkopharma;Arkogelules;ARKOGELULES Cranberryne Gél Fl/45;0.055;11.05;0.15;0;1
4014849;3401540148493;;Arkopharma;Azinc;AZINC FORME VITALITE Gél dès 15ans Fl/120;0.055;17.1;0.15;40;1
4014855;3401540148554;;Arkopharma;Azinc;AZINC FORME VITALITE Gél dès 15ans Fl/60;0.055;10.6;0.15;42;1
;;3578835503494;Arkopharma;Forcapil;FORCAPIL CROISSANCE Gomme Pot/60;0.055;22.35;0.15;1;1
;;3578835500226;Arkopharma;Non renseigné;ARKOFLUIDE BIO ULTRAEXT S buv jbes lég 20A;0.055;15.95;0.15;12;1
;;3578835500585;Arkopharma;Non renseigné;ARKOGELULES Levure bière revif Bio Gél Fl/45;0.055;8.55;0.15;1;1
;;3578835501773;Arkopharma;Non renseigné;ARKOGELULES Curcuma + Pipérine Bio Gél Fl/40;0.055;11.05;0.15;1;1
5371238;3401353712386;;Arkopharma;Non renseigné;BAUME CHINOIS Bme mass camphré P/30ml;0.2;10.7;0.15;0;1
6313160;3401563131601;;Arkopharma;Non renseigné;CYS-CONTROL FLASH 36mg Gél B/20;0.055;13.55;0.15;120;1
9918722;3401599187221;;Arkopharma;Non renseigné;SUPRAFLOR Gél équil intestinal B/30;0.055;22.45;0.15;32;1
6010413;3401560104134;;Aromaspray;Non renseigné;AROMASPRAY Brume d'oreiller Vapo/100ml;0.2;7.79;0.2;1;1
;3400930020913;;Arrow;Arrow;GINKGO ARROW CONSEIL 40 mg Cpr pell Plq/90;0.1;5.46;0.2;0;1
;3400930043769;;Arrow;Arrow;DOXYLAMINE ARROW CONSEIL 15 mg Cpr pell séc T/10;0.1;1.34;0.2;160;1
;3400930045275;;Arrow;Arrow;SILDENAFIL ARROW LAB 100 mg Cpr pell Plq/4;0.021;7.67;0.2;1;1
;3400930045282;;Arrow;Arrow;SILDENAFIL ARROW LAB 100 mg Cpr pell Plq/8;0.021;13.14;0.2;1;1
;3400930076873;;Arrow;Arrow;PARACETAMOL/CAFEINE/CODEINE ARROW 400 mg/50 mg/20 mg Cpr Plq/18;0.1;4.1;0.2;1;1
;3400930093290;;Arrow;Arrow;SILDENAFIL ARROW LAB 100 mg Cpr pell Plq/24;0.021;19.96;0.2;1;1
;3400930093306;;Arrow;Arrow;SILDENAFIL ARROW LAB 50 mg Cpr pell Plq/24;0.021;17.34;0.2;1;1
;3400930139349;;Arrow;Arrow;TADALAFIL ARROW 20 mg Cpr pell Plq/28;0.021;23.11;0.2;144;1
;3400930183410;;Arrow;Arrow;LOPERAMIDE ARROW CONSEIL 2 mg Gél Plq/12;0.1;1.24;0.2;224;1
;3400930193563;;Arrow;Arrow;CETYLPYRID ARRW CO 1,5mg/20mg Cp s suc 2T/18;0.1;3.68;0.2;96;1
;3400930218648;;Arrow;Arrow;IBUPROFENE ARROW LAB 200 mg Cpr enr Plq/20;0.1;1.01;0.2;154;1
;3400930218792;;Arrow;Arrow;IBUPROFENE ARROW CONSEIL 400 mg Cpr enr Plq/15;0.1;1.42;0.2;108;1
;3400930225943;;Arrow;Arrow;RIVASTIGMINE ARROW 4,6 mg/24 h Disp transderm 30Sach pap/PET/alu/PA;0.1;23.33;0.2;1;1
;3400930225981;;Arrow;Arrow;RIVASTIGMINE ARROW 9,5 mg/24 h Disp transderm 30Sach pap/PET/alu/PA;0.1;23.33;0.2;96;1
;3400930233016;;Arrow;Arrow;MELATONINE ARROW LP 2 mg Cpr LP Plq/30;0.1;10.83;0.2;240;1
;3400930235973;;Arrow;Arrow;IBUPROFENE ARROW CONSEIL 400 mg Caps molle Plq/10;0.1;1.65;0.2;120;1
;3400930237274;;Arrow;Arrow;GALANTAMINE ARROW LAB LP 8 mg Gél LP Plq/28;0.1;8.19;0.2;1;1
;3400930237533;;Arrow;Arrow;GALANTAMINE ARROW LAB LP 24 mg Gél LP Plq/28;0.1;10.38;0.2;1;1
;3400930249628;;Arrow;Arrow;LOPERAMIDE ARROW CONSEIL 2 mg Cpr orodisp Plq/12;0.1;2.68;0.2;1;1
;3400930262481;;Arrow;Arrow;DIOSMINE ARROW CONSEIL 600 mg Cpr pell Plq/30;0.1;3.57;0.2;99;1
;3400930273777;;Arrow;Arrow;METHOCARBAMOL ARROW 500 mg Cpr pell Plq/20;0.1;5.7;0.2;144;1
;3400930274088;;Arrow;Arrow;METOPIMAZ ARRW 7,5mg Cpr orod ss sucre Plq/8;0.1;4.25;0.2;240;1
;3400930278598;;Arrow;Arrow;ESOMEPRAZOLE ARROW CONSEIL 20 mg Gél gastro-rés Plq/14;0.1;5.82;0.2;90;1
;3400930283943;;Arrow;Arrow;DESLORATADINE ARROW CONSEIL 5 mg Cpr pell Plq/7;0.1;2;0.2;252;1
;3400930298695;;Arrow;Arrow;OMEPRAZOLE ARROW CONSEIL 20 mg Gél gastro-rés Plq/7;0.1;3.35;0.2;216;1
;3400930298701;;Arrow;Arrow;OMEPRAZOLE ARROW CONSEIL 20 mg Gél gastro-rés Plq/14;0.1;4.25;0.2;252;1
;3400930300541;;Arrow;Arrow;PRAMOCAINE CHLORHYDRATE ARROW CONSEIL 1 % Gel appl locale T/30g;0.1;3.7;0.2;1;1
;3400930303368;;Arrow;Arrow;BORAX/AC BOR ARRW CO 12mg/18mg/par mL 20U/5ml;0.1;2.37;0.2;42;1
;3400930311417;;Arrow;Arrow;ALG SOD/BIC ARR C 500mg/267mgp10ml Su buv s24;0.1;5.25;0.2;18;1
2240116;3400922401164;;Arrow;Arrow;PANTOPRAZOLE ARROW CONSEIL 20 mg Cp gastro-rés Plq/14;0.1;4.59;0.2;120;1
2684741;3400926847418;;Arrow;Arrow;RIVASTIGMINE ARROW 1,5 mg Gél Plq/28;0.1;6.13;0.2;1;1
2684882;3400926848828;;Arrow;Arrow;RIVASTIGMINE ARROW 3 mg Gél Plq/28;0.1;6.13;0.2;1;1
2685025;3400926850258;;Arrow;Arrow;RIVASTIGMINE ARROW 4,5 mg Gél Plq/28;0.1;6.13;0.2;1;1
2685120;3400926851200;;Arrow;Arrow;RIVASTIGMINE ARROW 6 mg Gél Plq/28;0.1;6.13;0.2;1;1
2760867;3400927608674;3400927608674;Arrow;Arrow;FINASTERIDE ARROW LAB 1 mg Cpr pell Plq/28;0.1;9.56;0.2;1;1
2764954;3400927649547;;Arrow;Arrow;MEMANTINE ARROW LAB 20 mg Cpr pell Plq/28;0.1;9.51;0.2;1;1
2794010;3400927940101;;Arrow;Arrow;AMOROLFINE ARROW 5 % V ongles médicamenteux 1Fl/2,5ml+30spat;0.1;9.34;0.2;16;1
3004521;3400930045213;;Arrow;Arrow;SILDENAFIL ARROW LAB 50 mg Cpr pell Plq/8;0.021;10.51;0.2;1;1
3004522;3400930045220;;Arrow;Arrow;SILDENAFIL ARROW LAB 50 mg Cpr pell Plq/12;0.021;14.71;0.2;1;1
3004529;3400930045299;;Arrow;Arrow;SILDENAFIL ARROW LAB 100 mg Cpr pell Plq/12;0.021;17.34;0.2;1;1
3008504;3400930085042;;Arrow;Arrow;CETIRIZINE ARROW CONSEIL 10 mg Cp pell séc Plq/7;0.1;1.42;0.2;280;1
3597197;3400935971975;;Arrow;Arrow;THIOCOLCHICOSIDE ARROW 4 mg Cpr Plq/12;0.1;2.08;0.2;120;1
3597205;3400935972057;;Arrow;Arrow;THIOCOLCHICOSIDE ARROW 4 mg Cpr 2Plq/12 (24);0.1;3.83;0.2;120;1
3859697;3400938596977;;Arrow;Arrow;LORATADINE ARROW CONSEIL 10 mg Cpr Plq/7;0.1;1.52;0.2;234;1
4835842;3401048358424;;Arrow;Arrow;TEST DE GROSSESSE ARROW Bte/1;0.2;1.4;0.2;200;1
5103727;3401051037279;;Arrow;Arrow;ARROW S nas isoton Spr/100ml;0.2;2.9;0.2;30;1
6015604;3401060156046;3770011499021;Arrow;Arrow;ARROW Chbr inh antistat -18mois;0.2;8.73;0;12;1
6015605;3401060156053;3770011499014;Arrow;Arrow;ARROW Chbr inh antistat 18mois/6ans;0.2;8.73;0;12;1
3468198;3400934681981;;Arrow;Chlorhexidine/chlorobutanol;CHLORHEX/CHL ARRW 0,5ml/0,5g p 100ml Fl/200ml;0.1;2.13;0.2;20;1
3341351;3400933413514;;Arrow;Magnesium;MAGNESIUM ARROW CONSEIL 150 mg Cpr eff Plq/20;0.1;2.49;0.2;45;1
;;3664975000105;Arrow;Non renseigné;ARROW CONSEIL Spray nasal hyperton Fl/100ml;0.2;4;0.2;30;1
;3400930055175;;Arrow;Non renseigné;DEXPANTHENOL ARROW CONSEIL 5 % Pom T/100g;0.021;4.31;0.2;48;1
;3400930099001;;Arrow;Non renseigné;SILDENAFIL ARROW LAB 25 mg Cpr pell Plq/8;0.021;10.24;0.2;1;1
;3400930131831;;Arrow;Non renseigné;BISACODYL ARROW CONSEIL 5 mg Cpr gastro-rés Plq/30;0.1;2.33;0.2;120;1
;3400930139004;;Arrow;Non renseigné;TADALAFIL ARROW 2,5 mg Cpr pell Plq/28;0.021;8.94;0.2;1;1
;3400930139240;;Arrow;Non renseigné;TADALAFIL ARROW 5 mg Cpr pell Plq/28;0.021;8.94;0.2;1;1
;3400930139264;;Arrow;Non renseigné;TADALAFIL ARROW 5 mg Cpr pell Plq/84;0.021;25.21;0.2;35;1
;3400930139288;;Arrow;Non renseigné;TADALAFIL ARROW 10 mg Cpr pell Plq/4;0.021;4.62;0.2;240;1
;3400930139325;;Arrow;Non renseigné;TADALAFIL ARROW 20 mg Cpr pell Plq/4;0.021;4.62;0.2;240;1
;3400930139332;;Arrow;Non renseigné;TADALAFIL ARROW 20 mg Cpr pell Plq/8;0.021;8.54;0.2;240;1
;3400930181027;;Arrow;Non renseigné;PARACETAMOL ARROW CONSEIL 1000 mg Cpr Plq/8;0.1;0.95;0.2;216;1
;3400930237502;;Arrow;Non renseigné;GALANTAMINE ARROW LAB LP 16 mg Gél LP Plq/28;0.1;9.56;0.2;1;1
2745307;3400927453076;;Arrow;Non renseigné;DONEPEZIL ARROW 5 mg Cpr pell Plq/28;0.1;9.76;0.2;1;1
2745365;3400927453656;;Arrow;Non renseigné;DONEPEZIL ARROW 10 mg Cpr pell Plq/28;0.1;9.76;0.2;1;1
2760896;3400927608964;;Arrow;Non renseigné;FINASTERIDE ARROW LAB 1 mg Cpr pell Plq/84;0.1;18.57;0.2;0;1
2764902;3400927649028;;Arrow;Non renseigné;MEMANTINE ARROW LAB 10 mg Cpr pell séc Plq/56;0.1;9.51;0.2;1;1
3014598;3400930145982;;Arrow;Non renseigné;CHLORHEXIDINE ARROW CONSEIL 0,05 % S appl loc en récipient unidose 16unid;0.1;2.81;0.2;28;1
3612376;3400936123762;;Arrow;Non renseigné;ACICLOVIR ARROW 5 % Cr T/10g;0.1;3.34;0.2;312;1
3639257;3400936392571;;Arrow;Non renseigné;ACICLOVIR ARROW CONSEIL 5 % Cr T/2g;0.1;1.52;0.2;372;1
3656391;3400936563919;;Arrow;Non renseigné;ACETYLCYSTEINE ARROW 200 mg Cpr eff Pilul/20;0.1;1.92;0.2;0;1
3786047;3400937860475;;Arrow;Non renseigné;PHLOROGLUCINOL ARROW 80 mg Cpr orodisp Plq/20;0.1;2.21;0.2;150;1
3805342;3400938053425;;Arrow;Non renseigné;FLEXEA 625 mg Cpr Plq/60;0.1;12.14;0;45;1
3871043;3400938710434;;Arrow;Non renseigné;PARACETAMOL ARROW CONSEIL 500 mg Cpr Plq/16;0.1;0.95;0.2;288;1
4962871;3400949628711;;Arrow;Non renseigné;CARBOCISTEINE ARROW 5 % S buv sans sucre adulte Fl/200ml;0.1;2.36;0.2;20;1
9985463;3401099854630;;Arrow;Non renseigné;SERUM PHYSIOLOGIQUE ARROW Sol 30Unid/5ml;0.2;1.9;0.2;30;1
3494764;3400934947643;;Arrow;Vitamine;VITAMINE C ARROW 1g Cpr eff B/20;0.1;2.6;0.2;100;1
;;3760283240001;Ascensia Diabetes Care;Contour®;CONTOUR PLUS Set pour lecteur de glycémie;0.055;29.15;0.15;1;1
;;3760283240049;Ascensia Diabetes Care;Contour®;CONTOUR NEXT Set autosurv glycém B/1;0.055;29.15;0.15;1;1
;;3760283240018;Ascensia Diabetes Care;Non renseigné;CONTOUR PLUS Bdlette pour lecteur de glycémie;0.055;32.73;0.15;12;1
;;3323030001371;Asepta;Akileïne sports;AKILEINE SOINS VERTS Galet de bain déo effervescent 6/12g;0.2;6.29;0.15;1;1
4898340;3401548983409;3323034898342;Asepta;Akileïne sports;SPORTS AKILEINE START Hle hydrof chauff 200ml;0.2;9.19;0.15;48;1
4898363;3401548983638;3323034898366;Asepta;Akileïne sports;SPORTS AKILEINE TANO Lot tannante pieds 100ml;0.2;6.91;0.15;24;1
4898400;3401548984000;3323034898403;Asepta;Akileïne sports;SPORTS AKILEINE KIMAS Hle mass Arnica 200ml;0.2;6.91;0.15;24;1
7218630;3401572186302;3323037218635;Asepta;Akileïne sports;SPORTS AKILEINE NOK Cr antifrott T/75ml;0.2;6.61;0.15;104;1
7218653;3401572186531;3323037218659;Asepta;Akileïne sports;SPORTS AKILEINE START Gel cr chauff for 75ml;0.2;6.61;0.15;96;1
7218682;3401572186821;3323037218680;Asepta;Akileïne sports;SPORTS AKILEINE RELAX Gel cr défatig cor 75ml;0.2;6.61;0.15;36;1
;;3323030000411;Asepta;Ligne éclat;COUP D'ECLAT LIFT & LUMIÈRE Sol 3Amp/1ml;0.2;6.09;0.15;1;1
;;3323030000435;Asepta;Ligne éclat;COUP D'ECLAT LIFT & LUMIÈRE Sol 12Amp/1ml;0.2;18.62;0.15;1;1
;;3323030000077;Asepta;Non renseigné;AKILEINE Gel phytorelax jbe lég T/150ml;0.2;10.18;0.15;36;1
6166849;;3323030000190;Asepta;Non renseigné;CICALEINE Film isol prot doigt talon 5,5ml;0.2;8.55;0.15;120;1
;;3323030000992;Asepta;Pieds fatigués et échauffés;AKILEINE SOINS ROUGES Bme reposant T/75ml;0.2;7.46;0.15;1;1
;;3323030001159;Asepta;Pieds fatigués et échauffés;AKILEINE SOINS ROUGES Gel fraîcheur vive pieds frais T/75ml;0.2;6.58;0.15;1;1
;;3323030001258;Asepta;Pieds fatigués et échauffés;AKILEINE SOINS ROUGES Gel fraîcheur vive pieds frais T/125ml;0.2;8.84;0.15;48;1
;;3323030001296;Asepta;Pieds fatigués et échauffés;AKILEINE SOINS ROUGES Galet de bain effervescent revitalisant 6Doses/20g;0.2;6.73;0.15;96;1
7344984;3401573449840;3323037344983;Asepta;Pieds fatigués et échauffés;AKILEINE SOINS ROUGES Sol fraîch vive 150ml;0.2;8.33;0.15;12;1
;;3323030000046;Asepta;Pieds secs - callosités;AKILEINE SOINS BLEUS Bme kérato liss T/75ml;0.2;7.29;0.15;24;1
;;3323030000978;Asepta;Pieds secs - callosités;AKILEINE SOINS BLEUS Bme hydra défense T/125ml;0.2;8.71;0.15;90;1
;;3323030000985;Asepta;Pieds secs - callosités;AKILEINE SOINS BLEUS Cr nutri-réparatrice T/75ml;0.2;7.3;0.15;108;1
;;3323030001166;Asepta;Pieds secs - callosités;AKILEINE Poncette de gommage;0.2;5.34;0.15;1;1
4408809;3401344088094;3323034408800;Asepta;Pieds secs - callosités;AKILEINE SOINS BLEUS Cr gommage T/75ml;0.2;7.29;0.15;72;1
6191389;;3323036191380;Asepta;Pieds secs - callosités;AKILEINE BLEUE Râpe podorape;0.2;7.14;0.15;0;1
4242881;;3323034242886;Asepta;Protection et beauté des lèvres;VITA CITRAL TR Bme lèv T/15ml;0.2;5.01;0.15;12;1
5359208;;3323035359200;Asepta;Protection et beauté des lèvres;VITA CITRAL IP15 Stick lèv nourriss E/4g;0.2;2.78;0.15;1;1
4518998;3401345189981;3323034518998;Asepta;Protection et beauté des mains;VITA CITRAL Bme hydra déf main protect T/75ml;0.2;6.24;0.15;48;1
5354263;3401353542631;3323035354267;Asepta;Protection et beauté des mains;VITA CITRAL Cr éclairciss tache main T/75ml;0.2;7.39;0.15;0;1
6003264;3401560032642;;Asepta;Protection et beauté des mains;VITA CITRAL Cr soin hydrat velours main 50ml;0.2;3.06;0.15;96;1
6014786;3401560147865;;Asepta;Protection et beauté des mains;VITA CITRAL TR+ Gel très répar mains T/75ml;0.2;6.24;0.15;96;1
6014787;3401560147872;;Asepta;Protection et beauté des mains;VITA CITRAL TR+ Gel très répar mains T/100ml;0.2;7.91;0.15;96;1
7061789;3401370617893;3323037061781;Asepta;Soin pied diabétique;AKILDIA Lot toil pieds frag Fl/200ml;0.2;6.18;0.15;0;1
9879815;3401398798154;3323039879810;Asepta;Soin pied diabétique;AKILDIA Cr multi-protect pieds T/75ml;0.2;7.53;0.15;120;1
6009640;;3323036009647;Asepta;Soins des cils;ECRINAL CILS Gel ANP 2+ fortif Fl/9ml;0.2;9.37;0.15;1;1
;3401560181470;;Asepta;Soins des ongles;ECRINAL ONGLES Cr soin croiss résist T/10ml;0.2;8.03;0.15;1;1
4808354;3401548083543;3323034808358;Asepta;Soins des ongles;ECRINAL ONGLES Sérum répar 10 hles préc 10ml;0.2;6.68;0.15;0;1
5173946;3401351739460;3323035173943;Asepta;Soins des ongles;ECRINAL ONGLES Dissolv doux lipest soie 60ml;0.2;3.18;0.15;24;1
5173952;3401351739521;3323035173950;Asepta;Soins des ongles;ECRINAL ONGLES Vernis soin blanchiss Fl/10ml;0.2;6.93;0.15;0;1
6008853;;3323036008855;Asepta;Soins des ongles;ECRINAL ONGLES Vernis amer ong rong Fl/10ml;0.2;6.55;0.15;168;1
7215790;3401372157908;3323037215795;Asepta;Soins des ongles;ECRINAL ONGLES Gel émoll cutic T/10ml;0.2;6.1;0.15;0;1
7664111;3401376641113;3323037664111;Asepta;Soins des ongles;ECRINAL ONGLES Durciss vitaminé Fl/10ml;0.2;6.68;0.15;36;1
7743543;3401377435438;3323037743540;Asepta;Soins des ongles;ECRINAL ONGLES Dissolv doux lipest soie 125ml;0.2;4.85;0.15;12;1
7743572;3401377435728;3323037743571;Asepta;Soins des ongles;ECRINAL ONGLES Vernis base anti-stries 10ml;0.2;7;0.15;120;1
7743589;3401377435896;3323037743588;Asepta;Soins des ongles;ECRINAL ONGLES Durciss hte résist brill 10ml;0.2;6.93;0.15;120;1
6002760;;3323036002761;Asepta;Soins spéciaux épiderme;AKILEINE Cr réchauff pieds froids T/75ml;0.2;7.25;0.15;24;1
7604758;3401576047586;3323037604759;Asepta;Soins spéciaux épiderme;AKILENJUR Cr gerçure vis main pied 75ml;0.2;7.11;0.15;120;1
7631413;3401576314138;3323037631410;Asepta;Soins spéciaux épiderme;CICALEINE Bme mains doigts T/30ml;0.2;6.67;0.15;96;1
9503174;3401595031740;3323039503173;Asepta;Soins spéciaux épiderme;CICALEINE Bme pieds talons T/50ml;0.2;7.99;0.15;72;1
9623027;3401596230272;3323039623024;Asepta;Soins spéciaux épiderme;ONYKOLEINE Sol assainiss ongle Fl/10ml;0.2;7.58;0.15;0;1
9802735;3401598027351;3323039802733;Asepta;Soins spéciaux épiderme;AKILORTHO Cr orthop T/75ml;0.2;7.53;0.15;96;1
;;3323030001005;Asepta;Transpiration excessive des pieds;AKILEINE SOINS VERTS Cr antitranspirante T/75ml;0.2;7.5;0.15;6;1
;;3323030001203;Asepta;Transpiration excessive des pieds;AKILEINE SOINS VERTS Spray assainissant déo chaussures Aéros/150ml;0.2;8.38;0.15;12;1
;;3323030001210;Asepta;Transpiration excessive des pieds;AKILEINE SOINS VERTS Pdr absorbante frottements Poudreuse/75g;0.2;7.25;0.15;24;1
;;3323030001272;Asepta;Transpiration excessive des pieds;AKILEINE SOINS VERTS Spray 3 en 1 pieds & chaussures Aéros/150ml;0.2;8.46;0.15;12;1
4408666;3401344086663;3323034408664;Asepta;Transpiration excessive des pieds;AKILEINE SOINS VERTS DB Gel antitransp T/75ml;0.2;7.16;0.15;72;1
4408703;3401544087033;3323034408701;Asepta;Transpiration excessive des pieds;AKILEINE SOINS VERTS Pdr asséch act myco150ml;0.2;8.38;0.15;12;1
4408726;3401544087262;3323034408725;Asepta;Transpiration excessive des pieds;AKILEINE SOINS VERTS DB Sol antitr Rech/100ml;0.2;8.41;0.15;24;1
3229938;3400932299386;;Aspen;Non renseigné;XYLOCAINE NEBULISEUR 5 % S pulv bucc Fl/20g;0.021;18.75;0.14;30;1
3296900;3400932969005;;Aspen;Non renseigné;PHYSIOGINE 0,5 mg Ov B/15;0.021;5.87;0.12;180;1
6254227;3401062542274;3544436254226;Aspivenin;Non renseigné;ASPIVENIN Kit 1er secours morsure piqûre;0.2;16.93;0.25;100;1
2731825;3400927318252;;Astellas Pharma;Non renseigné;BETMIGA 25 mg Cpr LP Plq/30;0.1;33.78;0.14;1;1
2731831;3400927318313;;Astellas Pharma;Non renseigné;BETMIGA 50 mg Cpr LP Plq/30;0.1;33.78;0.14;1;1
;;3535400023368;Atlantic Nature - Nat & Form;Beauté,Cheveux & ongles;KERAPHANE Gél B/180+B/60;0.055;29.44;0.43;20;1
;;3535400026055;Atlantic Nature - Nat & Form;Beauté,Cheveux & ongles;NAT&FORM GUMMIES DIVIN'HAIR Gomme Pot/60;0.055;16.21;0.43;1;1
;;3535400026772;Atlantic Nature - Nat & Form;Beauté,Cheveux & ongles;LUMI'SUN PREPARATEUR SOLAIRE Gél 2B/30;0.055;22.11;0.43;1;1
;;3535400026789;Atlantic Nature - Nat & Form;Beauté,Cheveux & ongles;LUMI'SUN AUTOBRONZANT Gél 2B/30;0.055;20.1;0.43;1;1
;;3535400001809;Atlantic Nature - Nat & Form;Micronutrition;NAT&FORM EXPERT Mg+VitB6 Gél B/40;0.055;7.12;0.43;72;1
;;3535400024907;Atlantic Nature - Nat & Form;Micronutrition;NAT&FORM Vitamine C liposomale B/60gél;0.055;24.3;0.43;72;1
;;3535400024945;Atlantic Nature - Nat & Form;Micronutrition;NAT&FORM Vitamine D3 + Zinc Gél végé/60;0.055;10.62;0.43;48;1
;;3535400025041;Atlantic Nature - Nat & Form;Micronutrition;NAT&FORM Zinc liposomal B/60gél;0.055;12.46;0.43;72;1
;;3535400025058;Atlantic Nature - Nat & Form;Micronutrition;NAT&FORM Fer liposomal B/60gél;0.055;16.58;0.43;72;1
;;3535400025072;Atlantic Nature - Nat & Form;Micronutrition;NAT&FORM Magnesium liposomal B/60gél;0.055;18.64;0.43;72;1
;;3535400025843;Atlantic Nature - Nat & Form;Micronutrition;NAT&FORM EXPERT Collagène Marin Caps B/90;0.055;28.56;0.43;40;1
;;3535400026727;Atlantic Nature - Nat & Form;Micronutrition;NAT&FORM ECO RESPONSABLE Oméga 3 Caps B/200;0.055;21.42;0.43;1;1
;;3535400026734;Atlantic Nature - Nat & Form;Micronutrition;NAT&FORM ECO RESPONSABLE Oméga 3 Caps B/90;0.055;11.73;0.43;1;1
;;3535400026802;Atlantic Nature - Nat & Form;Micronutrition;NAT&FORM NUTRA PREM Ac hyalu Gél B/30;0.055;25.75;0.43;1;1
;;3535400026826;Atlantic Nature - Nat & Form;Micronutrition;NAT&FORM NUTRA PREM Glucosam Chondro Gél B/60;0.055;20.5;0.43;1;1
;;3535400026840;Atlantic Nature - Nat & Form;Micronutrition;NAT&FORM NUTRA PREM Mélato lipo Gél B/30;0.055;11.23;0.43;1;1
;;3535400026864;Atlantic Nature - Nat & Form;Micronutrition;NAT&FORM NUTRA PREM Lysine Gél B/60;0.055;15.35;0.43;1;1
;;3535400026901;Atlantic Nature - Nat & Form;Micronutrition;NAT&FORM NUTRA PREM Bisglyc Mg Gél B/90;0.055;15.97;0.43;1;1
;;3535400026918;Atlantic Nature - Nat & Form;Micronutrition;NAT&FORM NUTRA PREM Bisglyc Fe Gél B/30;0.055;11.23;0.43;1;1
;;3535400026932;Atlantic Nature - Nat & Form;Micronutrition;NAT&FORM NUTRA PREM Vit B12 Gél B/30;0.055;13.29;0.43;1;1
;;3535400026949;Atlantic Nature - Nat & Form;Micronutrition;NAT&FORM NUTRA PREM Glutathion Gél B/30;0.055;24.62;0.43;1;1
;;3535400026956;Atlantic Nature - Nat & Form;Micronutrition;NAT&FORM NUTRA PREM Coenzyme Q10 Gél B/30;0.055;20.5;0.43;1;1
;;3535400026987;Atlantic Nature - Nat & Form;Micronutrition;NAT&FORM NUTRA PREM Cplexe Acido-bas Gél B/90;0.055;17.41;0.43;1;1
;;3535400026994;Atlantic Nature - Nat & Form;Micronutrition;NAT&FORM NUTRA PREM Cplexe Ca D3 K2 Gél B/90;0.055;25.65;0.43;1;1
;;3535400026970;Atlantic Nature - Nat & Form;Non renseigné;NAT&FORM NUTRA PREM Cplexe Vit B Gél B/30;0.055;17.41;0.43;1;1
;;3535400000031;Atlantic Nature - Nat & Form;Phytothérapie;NAT&FORM NATUREL Desmodium Gél B/200;0.055;11.26;0.43;0;1
;;3535400000352;Atlantic Nature - Nat & Form;Phytothérapie;NAT&FORM NATUREL Cartilage Requin Gél B/200;0.055;17.94;0.43;0;1
;;3535400000796;Atlantic Nature - Nat & Form;Phytothérapie;NAT&FORM NATUREL Artichaut Gél B/200;0.055;10.19;0.43;0;1
;;3535400000833;Atlantic Nature - Nat & Form;Phytothérapie;NAT&FORM NATUREL Chardon marie Gél B/200;0.055;13.41;0.43;0;1
;;3535400000864;Atlantic Nature - Nat & Form;Phytothérapie;NAT&FORM NATUREL Cerise queue Gél B/200;0.055;9;0.43;0;1
;;3535400000949;Atlantic Nature - Nat & Form;Phytothérapie;NAT&FORM NATUREL Griffonia Gél B/200;0.055;11.26;0.43;0;1
;;3535400002042;Atlantic Nature - Nat & Form;Phytothérapie;NAT&FORM NATUREL Curcuma Gél B/200;0.055;12.69;0.43;0;1
;;3535400002172;Atlantic Nature - Nat & Form;Phytothérapie;NAT&FORM NATUREL Kudzu Gél B/200;0.055;15.44;0.43;0;1
;;3535400002202;Atlantic Nature - Nat & Form;Phytothérapie;NAT&FORM NATUREL Fenugrec Gél B/200;0.055;14.72;0.43;0;1
;;3535400002295;Atlantic Nature - Nat & Form;Phytothérapie;NAT&FORM NATUREL Konjac Gél B/200;0.055;12.93;0.43;0;1
;;3535400004787;Atlantic Nature - Nat & Form;Phytothérapie;NAT&FORM NATUREL Hle Foie Morue Caps B/200;0.055;14.67;0.43;24;1
;;3535400005869;Atlantic Nature - Nat & Form;Phytothérapie;NAT&FORM NATUREL Silice org 0,7% S buv 1l;0.055;28.71;0.43;9;1
;;3535400006446;Atlantic Nature - Nat & Form;Phytothérapie;NAT&FORM BIO Propolis Spray bucc Fl/20ml;0.055;10.32;0.43;0;1
;;3535400006453;Atlantic Nature - Nat & Form;Phytothérapie;NAT&FORM BIO Propolis, Miel & Eucalyptus Gom B/45;0.055;7.82;0.43;0;1
;;3535400006781;Atlantic Nature - Nat & Form;Phytothérapie;NAT&FORM BIO Acérola 1000 Cpr B/30;0.055;9.31;0.43;64;1
;;3535400007863;Atlantic Nature - Nat & Form;Phytothérapie;NAT&FORM ECO RESP Chardon marie Bio Gél B/200;0.055;15.14;0.43;0;1
;;3535400007894;Atlantic Nature - Nat & Form;Phytothérapie;NAT&FORM ECO RESP Ginkgo bilob Bio Gél B/200;0.055;16.43;0.43;0;1
;;3535400007931;Atlantic Nature - Nat & Form;Phytothérapie;NAT&FORM ECO RESP Harpago Bio Gél B/200;0.055;15.91;0.43;0;1
;;3535400007962;Atlantic Nature - Nat & Form;Phytothérapie;NAT&FORM ECO RESP Hle Bour+Ona Bio+E Caps 120;0.055;20.54;0.43;0;1
;;3535400007993;Atlantic Nature - Nat & Form;Phytothérapie;NAT&FORM ECO RESP Maca Bio Gél B/200;0.055;19.4;0.43;0;1
;;3535400008044;Atlantic Nature - Nat & Form;Phytothérapie;NAT&FORM ECO RESP Myrtille Bio Gél B/200;0.055;18.5;0.43;0;1
;;3535400008303;Atlantic Nature - Nat & Form;Phytothérapie;NAT&FORM ECO RESP Millepertuis Bio Gél B/200;0.055;15.14;0.43;0;1
;;3535400008327;Atlantic Nature - Nat & Form;Phytothérapie;NAT&FORM ECO RESP Vigne rouge Bio Gél B/200;0.055;15.14;0.43;0;1
;;3535400009447;Atlantic Nature - Nat & Form;Phytothérapie;NAT&FORM BIO Ginkgo biloba Gél B/200;0.055;15.41;0.43;0;1
;;3535400009751;Atlantic Nature - Nat & Form;Phytothérapie;NAT&FORM BIO Millepertuis Gél B/200;0.055;15.41;0.43;0;1
;;3535400009867;Atlantic Nature - Nat & Form;Phytothérapie;NAT&FORM NATUREL Silice org 0,7% S buv 500ml;0.055;22.31;0.43;0;1
;;3535400009935;Atlantic Nature - Nat & Form;Phytothérapie;NAT&FORM BIO Ext Pép Pamplem S buv Fl/50ml;0.055;16.57;0.43;0;1
;;3535400009966;Atlantic Nature - Nat & Form;Phytothérapie;NAT&FORM BIO Aloe vera Jus Fl/500ml;0.055;14.77;0.43;6;1
;;3535400010061;Atlantic Nature - Nat & Form;Phytothérapie;NAT&FORM ECO RESP Lithothamne Gél B/60;0.055;6.8;0.43;0;1
;;3535400010559;Atlantic Nature - Nat & Form;Phytothérapie;NAT&FORM NATUREL Ext Pép Pamplem S buv 50ml;0.055;10.99;0.43;0;1
;;3535400010597;Atlantic Nature - Nat & Form;Phytothérapie;NAT&FORM BIO Baies de Goji Sach/500g;0.055;23.23;0.43;12;1
;;3535400014762;Atlantic Nature - Nat & Form;Phytothérapie;NAT&FORM NATUREL Acérola 1000 Cpr B/30;0.055;8.13;0.43;1;1
;;3535400015868;Atlantic Nature - Nat & Form;Phytothérapie;NAT&FORM JUN OURS Gom oursons 9 Vit B/60;0.055;10.07;0.43;18;1
;;3535400015875;Atlantic Nature - Nat & Form;Phytothérapie;NAT&FORM JUN OURS Gom oursons immun B/60;0.055;10.07;0.43;1;1
;;3535400015967;Atlantic Nature - Nat & Form;Phytothérapie;NAT&FORM NATUREL Curcuma+Pipér Gél B/200;0.055;12.93;0.43;1;1
;;3535400015981;Atlantic Nature - Nat & Form;Phytothérapie;NAT&FORM BIO Curcuma+Pipér Gél B/200;0.055;15.41;0.43;1;1
;;3535400015998;Atlantic Nature - Nat & Form;Phytothérapie;NAT&FORM ECO RESP Curcuma+Pipér Bio Gél B/200;0.055;15.2;0.43;1;1
;;3535400016339;Atlantic Nature - Nat & Form;Phytothérapie;NAT&FORM BIO Marron inde Gél B/200;0.055;15.41;0.43;1;1
;;3535400016544;Atlantic Nature - Nat & Form;Phytothérapie;NAT&FORM ECO RESP Levure bière Bio Gél B/200;0.055;19.51;0.43;1;1
;;3535400022958;Atlantic Nature - Nat & Form;Phytothérapie;NAT&FORM AMPOULES Rad noir Bio S buv 20/10ml;0.055;14.99;0.43;24;1
;;3535400022972;Atlantic Nature - Nat & Form;Phytothérapie;NAT&FORM AMPOULES Vigne rge Bio S buv 20/10ml;0.055;14.99;0.43;1;1
;;3535400022989;Atlantic Nature - Nat & Form;Phytothérapie;NAT&FORM AMPOULES Gelée roy Bio S buv 20/10ml;0.055;15.41;0.43;28;1
;;3535400023009;Atlantic Nature - Nat & Form;Phytothérapie;NAT&FORM AMPOULES S buv circul Bio 20Amp/10ml;0.055;14.99;0.43;1;1
;;3535400023016;Atlantic Nature - Nat & Form;Phytothérapie;NAT&FORM AMPOULES S buv détox Bio 20Amp/10ml;0.055;14.99;0.43;24;1
;;3535400023023;Atlantic Nature - Nat & Form;Phytothérapie;NAT&FORM AMPOULES S buv drain hép Bio 20/10ml;0.055;14.99;0.43;28;1
;;3535400023122;Atlantic Nature - Nat & Form;Phytothérapie;NAT&FORM NATURELLEMENT Acérola 1000 Cpr B/100;0.055;17.59;0.43;1;1
;;3535400023900;Atlantic Nature - Nat & Form;Phytothérapie;NAT&FORM AMPOULES S buv prog minc Bio 30/10ml;0.055;25.34;0.43;12;1
;;3535400024822;Atlantic Nature - Nat & Form;Phytothérapie;NAT&FORM ECO RESP Bruyér/Busser Bio Gél B/120;0.055;10.81;0.43;1;1
;;3535400024839;Atlantic Nature - Nat & Form;Phytothérapie;NAT&FORM ECO RESP Ginko/Cyprès Bio Gél B/120;0.055;10.81;0.43;1;1
;;3535400024846;Atlantic Nature - Nat & Form;Phytothérapie;NAT&FORM ECO RESP Ginseng/Guara Bio Gél B/120;0.055;12.16;0.43;1;1
;;3535400024853;Atlantic Nature - Nat & Form;Phytothérapie;NAT&FORM ECO RESP Harpago/Rdp Bio Gél B/120;0.055;10.81;0.43;1;1
;;3535400024860;Atlantic Nature - Nat & Form;Phytothérapie;NAT&FORM ECO RESP Passifl/Valér Bio Gél B/120;0.055;10.81;0.43;1;1
;;3535400024877;Atlantic Nature - Nat & Form;Phytothérapie;NAT&FORM ECO RESP Thé Vert/Piss Bio Gél B/120;0.055;10.81;0.43;1;1
;;3535400024884;Atlantic Nature - Nat & Form;Phytothérapie;NAT&FORM ECO RESP Vigne Rou/Hamma Bio Gél B/1;0.055;10.81;0.43;1;1
;;3535400024914;Atlantic Nature - Nat & Form;Phytothérapie;NAT&FORM AMPOULES S buv Desmodium 20Amp/10ml;0.055;14.99;0.43;1;1
;;3535400025096;Atlantic Nature - Nat & Form;Phytothérapie;MELAZEN Gél B/30;0.055;12.14;0.43;1;1
;;3535400025850;Atlantic Nature - Nat & Form;Phytothérapie;NAT&FORM BIO Spiruline Cpr B/200;0.055;14.8;0.43;1;1
;;3535400026031;Atlantic Nature - Nat & Form;Phytothérapie;NAT&FORM FORCENERGIE BIO S buv 20Amp/10ml;0.055;18.69;0.43;1;1
;;3535400026062;Atlantic Nature - Nat & Form;Phytothérapie;NAT&FORM GUMMIES PRODI'NIGHT Gomme Pot/60;0.055;12.13;0.43;40;1
;;3535400026079;Atlantic Nature - Nat & Form;Phytothérapie;NAT&FORM GUMMIES FORMI'BOOST Gomme Pot/60;0.055;13.2;0.43;1;1
;;3535400026109;Atlantic Nature - Nat & Form;Phytothérapie;NAT&FORM NATUREL Lev riz Gugulon Gél B/200;0.055;21.46;0.43;72;1
;;3535400026130;Atlantic Nature - Nat & Form;Phytothérapie;NAT&FORM ECO RESP Lev riz Ail Bio Gél B/90;0.055;11.22;0.43;72;1
;;3535400026710;Atlantic Nature - Nat & Form;Phytothérapie;NAT&FORM NATURELLEMENT Oméga 3 Caps B/200;0.055;20.84;0.43;1;1
;;3535401025798;Atlantic Nature - Nat & Form;Phytothérapie;NAT&FORM NATUREL Canneberge Gél B/200;0.055;12.46;0.43;0;1
;;3535417212304;Atlantic Nature - Nat & Form;Phytothérapie;NAT&FORM NATUREL Olivier Gél B/200;0.055;11.18;0.43;0;1
;;3535422322227;Atlantic Nature - Nat & Form;Phytothérapie;NAT&FORM NATUREL Ortie piq racine Gél B/200;0.055;10.25;0.43;0;1
;;3535430028883;Atlantic Nature - Nat & Form;Phytothérapie;NAT&FORM COMPLEXE NEZ B/28;0.055;9.84;0.43;1;1
;;3535430028890;Atlantic Nature - Nat & Form;Phytothérapie;NAT&FORM COMPLEXE GORGE B/28;0.055;9.84;0.43;1;1
;;3535444466015;Atlantic Nature - Nat & Form;Phytothérapie;NAT&FORM NATUREL Sauge Gél B/200;0.055;10.49;0.43;0;1
;;3535477778642;Atlantic Nature - Nat & Form;Phytothérapie;NAT&FORM NATUREL Spiruline Gél B/200;0.055;15.56;0.43;0;1
;;3535497254973;Atlantic Nature - Nat & Form;Phytothérapie;NAT&FORM NATUREL Escholtzia Gél B/200;0.055;11.03;0.43;0;1
;;3535499996017;Atlantic Nature - Nat & Form;Phytothérapie;NAT&FORM NATUREL Gingembre Gél B/200;0.055;14.85;0.43;0;1
;;3535499996024;Atlantic Nature - Nat & Form;Phytothérapie;NAT&FORM NATUREL Marron inde Gél B/200;0.055;10.37;0.43;0;1
3502012;;3535400010818;Atlantic Nature - Nat & Form;Phytothérapie;NAT&FORM EXPERT Spray somm Fl/20ml;0.055;13.39;0.43;12;1
4372626;3401543726261;3535400001526;Atlantic Nature - Nat & Form;Phytothérapie;NAT&FORM Ginseng Gelée roy S buv 30A/10ml;0.055;19.85;0.43;0;1
4436958;3401544369580;3535422228222;Atlantic Nature - Nat & Form;Phytothérapie;NAT&FORM HUILES Bourrache Onagre Caps B/200;0.055;20.98;0.43;0;1
7682988;3401576829885;3535477773173;Atlantic Nature - Nat & Form;Phytothérapie;NAT&FORM Levure bière Gél B/200;0.055;10.79;0.43;0;1
7683048;3401576830485;3535428548775;Atlantic Nature - Nat & Form;Phytothérapie;NAT&FORM Ginseng rge Gél B/200;0.055;15.44;0.43;0;1
7683060;3401576830607;3535400011112;Atlantic Nature - Nat & Form;Phytothérapie;NAT&FORM Reine prés Gél B/200;0.055;11.26;0.43;0;1
7683077;3401576830775;3535433000800;Atlantic Nature - Nat & Form;Phytothérapie;NAT&FORM Prêle Gél B/200;0.055;10.24;0.43;0;1
7683108;3401576831086;3535499995744;Atlantic Nature - Nat & Form;Phytothérapie;NAT&FORM Harpago Gél B/200;0.055;11.56;0.43;0;1
7683137;3401576831376;3535444466121;Atlantic Nature - Nat & Form;Phytothérapie;NAT&FORM Radis noir Gél B/200;0.055;10.97;0.43;0;1
7683172;3401576831727;3535444466039;Atlantic Nature - Nat & Form;Phytothérapie;NAT&FORM Vigne rge Gél B/200;0.055;11.32;0.43;0;1
7683195;3401576831956;3535477776259;Atlantic Nature - Nat & Form;Phytothérapie;NAT&FORM Thé vert Gél B/200;0.055;11.38;0.43;0;1
7683226;3401576832267;3535499996031;Atlantic Nature - Nat & Form;Phytothérapie;NAT&FORM Valériane Gél B/200;0.055;11.81;0.43;1;1
7683887;3401576838870;3535444664251;Atlantic Nature - Nat & Form;Phytothérapie;NAT&FORM Passiflore Gél B/200;0.055;11.18;0.43;0;1
7683901;3401576839013;3535477771414;Atlantic Nature - Nat & Form;Phytothérapie;NAT&FORM Aubépine Gél B/200;0.055;10.85;0.43;0;1
;;3535400016063;Atlantic Nature - Nat & Form;Tisanes;NAT&FORM TISANES Camomille Rom fl Tis B/30g;0.055;8.25;0.33;20;1
;;3535400016087;Atlantic Nature - Nat & Form;Tisanes;NAT&FORM TISANES Cerise queue Tis B/50g;0.055;5.22;0.33;1;1
;;3535400016131;Atlantic Nature - Nat & Form;Tisanes;NAT&FORM TISANES Eucalypt glob fl Bio Tis 60g;0.055;5.87;0.33;12;1
;;3535400016209;Atlantic Nature - Nat & Form;Tisanes;NAT&FORM TISANES Thym fleur Bio Tis B/100g;0.055;9.03;0.33;12;1
;;3535400016223;Atlantic Nature - Nat & Form;Tisanes;NAT&FORM TISANES Verveine flle Bio Tis B/25g;0.055;7.05;0.33;12;1
;;3614810001934;Audispray;Non renseigné;AUDISPRAY ADULT S aur 2Sprays/50ml;0.2;15.48;0.1;10;1
2087643;;7640107850141;Audispray;Non renseigné;AUDISPRAY ADULT S aur Spr/50ml;0.2;9.1;0.1;20;1
4684685;3401046846855;7640107850622;Audispray;Non renseigné;AUDISPRAY JUNIOR S aur Fl pulv/25ml;0.2;9.93;0.1;20;1
6131942;;7640107850462;Audispray;Non renseigné;AUDISPRAY ULTRA S aur Fl pompe doseuse/20ml;0.2;10.83;0.1;20;1
;;3282770148763;Avene;Cicalfate;CICALFATE+ Cr soin hydrat répar T/40ml;0.2;12.25;0.15;72;1
;;3282770150261;Avene;Cicalfate;CICALFATE+ Gel nettoy assain Fl/200ml;0.2;10.4;0.15;24;1
;;3282770204667;Avene;Cicalfate;CICALFATE+ Cr réparatrice T/40ml;0.2;7.9;0.15;90;1
;;3282770204681;Avene;Cicalfate;CICALFATE+ Cr réparatrice T/100ml;0.2;13.3;0.15;60;1
;;3282770204698;Avene;Cicalfate;CICALFATE+ Cr réparatrice T/15ml;0.2;4.9;0.15;1;1
;;3282770205633;Avene;Cicalfate;CICALFATE+ Spray asséchant apaisant Fl/100ml;0.2;10.5;0.15;54;1
;;3282770393620;Avene;Cicalfate;CICALFATE+ Sérum restaur int 30ml;0.2;30.2;0.15;1;1
;;3282770399936;Avene;Cicalfate;AVENE CICALFATE+ Bme lèvres réparateur T/12ml;0.2;6.82;0.15;1;1
;;3282771000985;Avene;Cicalfate;CICALFATE+ Gel cicatrice remodelant T/40ml;0.2;9.3;0.15;72;1
;;3282771001463;Avene;Cicalfate;CICALFATE+ SPF50+ Cr répar mutlti 30ml;0.2;11.2;0.15;1;1
5185079;3401351850790;3282779416139;Avene;Cicalfate;CICALFATE Cr mains T/100ml;0.2;9.5;0.15;36;1
7830779;3401378307796;3282779048637;Avene;Cicalfate;CICALFATE Lot répar antibact Fl/40ml;0.2;10.15;0.15;54;1
;;3282770139204;Avene;Cleanance;CLEANANCE Gel nettoyant Fl/200ml;0.2;9.1;0.15;12;1
;;3282770146394;Avene;Cleanance;AVENE CLEANANCE AQUA-GEL Gel crème Pot/50ml;0.2;12.45;0.15;48;1
;;3282770207712;Avene;Cleanance;CLEANANCE Gel nettoyant Fl/100ml;0.2;5.19;0.15;48;1
;;3282770207774;Avene;Cleanance;CLEANANCE Gel nettoyant Fl/400ml;0.2;12.7;0.15;12;1
;;3282770390315;Avene;Cleanance;AVENE CLEANANCE Eau micellaire yeux vis 400ml;0.2;11.85;0.15;12;1
;;3282770390322;Avene;Cleanance;AVENE CLEANANCE Eau micellaire yeux vis 100ml;0.2;5.19;0.15;1;1
;;3282770390445;Avene;Cleanance;AVENE CLEANANCE MASK Masque détox T/50ml;0.2;12.5;0.15;1;1
;;3282770390476;Avene;Cleanance;AVENE CLEANANCE HYDRA Cr lavante apaisante Fl éco-conçu/200ml;0.2;12.7;0.15;24;1
;;3282770398021;Avene;Cleanance;AVENE CLEANANCE Pain 100g;0.2;8.7;0.15;1;1
;;3282770401448;Avene;Cleanance;AVENE CLEANANCE Sérum exfol AHA Fl c-gtt/30ml;0.2;26.35;0.15;1;1
6017181;3401360171817;3282770100891;Avene;Cleanance;CLEANANCE HYDRA Cr apais T/40ml;0.2;12.7;0.15;72;1
6361840;;3282770395365;Avene;Cleanance;AVENE CLEANANCE COMEDOMED PEELING Cr intensive poussées de boutons T/40ml;0.2;19.3;0.15;90;1
;;3282770142112;Avene;Cold cream;AVENE COLD CREAM Stick lèvres T/4g;0.2;5;0.15;12;1
;;3282770145779;Avene;Cold cream;AVENE COLD CREAM Cr mains concentrée T/50ml;0.2;6;0.15;1;1
;;3282770149401;Avene;Cold cream;AVENE COLD CREAM Stick lèv nourriss 2T/4g;0.2;8.5;0.15;1;1
6339260;3401363392608;3282779254892;Avene;Cold cream;AVENE COLD CREAM Pain surgras vis/corps 100g;0.2;5;0.15;72;1
6454162;3401364541623;3282779002738;Avene;Cold cream;AVENE COLD CREAM Cr vis T/40ml;0.2;7.15;0.15;90;1
6493038;3401364930380;3282779002721;Avene;Cold cream;AVENE COLD CREAM Cr vis T/100ml;0.2;13.1;0.15;60;1
7515977;3401375159770;3282779255059;Avene;Cold cream;AVENE COLD CREAM Pain surgras vis/corps2x100g;0.2;8.5;0.15;36;1
;;3282770144512;Avene;Couvrance;COUVRANCE Pdr comp mosaïque soleil 10g;0.2;19.3;0.15;1;1
;;3282770144536;Avene;Couvrance;COUVRANCE Pdr comp mosaïque translucide 10g;0.2;19.3;0.15;1;1
;;3282770144550;Avene;Couvrance;COUVRANCE Pdr comp mosaïque bonne mine 10g;0.2;19.3;0.15;1;1
;;3282770146073;Avene;Couvrance;AVENE COUVRANCE Fd teint cr miel 1.3 8,5g;0.2;18.4;0.15;1;1
;;3282770146097;Avene;Couvrance;AVENE COUVRANCE Fd teint cr sable 1.2 8,5g;0.2;18.4;0.15;1;1
;;3282770146110;Avene;Couvrance;AVENE COUVRANCE Fd teint cr naturel 1.1 8,5g;0.2;18.4;0.15;1;1
;;3282770392852;Avene;Couvrance;AVENE COUVRANCE Mascara hte tolér noir T/7ml;0.2;16.5;0.15;1;1
;;3282770393071;Avene;Couvrance;AVENE COUVRANCE Cray yeux sourcils brun 1,35g;0.2;13.1;0.15;1;1
;3401360139183;3282770100549;Avene;Couvrance;COUVRANCE Fd teint correct flde sable 30ml;0.2;16.7;0.15;1;1
;3401360139190;3282770100532;Avene;Couvrance;COUVRANCE Fd teint correct flde naturel 30ml;0.2;16.7;0.15;1;1
6013917;3401360139176;3282770100556;Avene;Couvrance;COUVRANCE Fd teint correct flde miel 30ml;0.2;16.7;0.15;1;1
9718549;3401397185498;3282770050158;Avene;Couvrance;COUVRANCE Fd teint correct flde doré 30ml;0.2;16.7;0.15;1;1
;;3282770395952;Avene;Dermabsolu;AVENE DERMABSOLU SERUM Sérum concentré repulpant Fl stiligoutte/30ml;0.2;45.9;0.15;1;1
;;3282770395990;Avene;Dermabsolu;AVENE DERMABSOLU NUIT Cr resculptante Pot airless/40ml;0.2;44.2;0.15;1;1
;;3282770400687;Avene;Dermabsolu;AVENE DERMABSOLU JOUR Cr redensifiante Pot/50ml;0.2;42.9;0.15;9;1
4354864;3401343548643;3282779228305;Avene;Eau thermale avène;AVENE Eau thermale Aér/50ml;0.2;3.55;0.15;108;1
6365487;3401363654874;3282779003124;Avene;Eau thermale avène;AVENE Eau thermale Aér/150ml;0.2;6.45;0.15;24;1
6418953;3401364189535;3282779003131;Avene;Eau thermale avène;AVENE Eau thermale Aér/300ml;0.2;8.5;0.15;24;1
;;3282770153101;Avene;Hyaluron Activ;AVENE HYALURON ACT Sérum conc repulp 30ml;0.2;30.9;0.15;1;1
;;3282770153200;Avene;Hyaluron Activ;AVENE HYALURON ACT Cr multi-int nuit P/40ml;0.2;35.5;0.15;9;1
;;3282770394313;Avene;Hyaluron Activ;AVENE HYALURON ACTIV B3 Cr soin regard triple correction 15ml;0.2;26.5;0.15;1;1
;;3282770400700;Avene;Hyaluron Activ;AVENE HYALURON ACT Cr régénér cell P/50ml;0.2;34.5;0.15;9;1
;;3282770400717;Avene;Hyaluron Activ;AVENE HYALURON ACT Cr régénér cell Rech/50ml;0.2;29.9;0.15;1;1
;;3282770400731;Avene;Hyaluron Activ;AVENE HYALURON ACTIV B3 AQUA Gel cr P/50ml;0.2;34.5;0.15;9;1
;;3282770400748;Avene;Hyaluron Activ;AVENE HYALURON ACTIV B3 AQUA Gel cr Rech/50ml;0.2;29.9;0.15;1;1
;;3282770208771;Avene;Hydrance;HYDRANCE BB LUMIERE Emuls légère T/40ml;0.2;18.36;0.15;1;1
;;3282770388954;Avene;Hydrance;AVENE HYDRANCE BOOST Sérum conc hydrat 30ml;0.2;25;0.15;1;1
;;3282770397925;Avene;Hydrance;AVENE HYDRANCE AQUA GEL Gel Pot/50ml éco verre;0.2;19.25;0.15;1;1
;;3282770397987;Avene;Hydrance;AVENE HYDRANCE SPF30 Cr T/40ml;0.2;18.65;0.15;1;1
;;3282770399905;Avene;Hydrance;AVENE HYDRANCE LEGERE Cr T/40ml;0.2;15;0.15;1;1
5107990;3401351079900;3282779390132;Avene;Hydrance;HYDRANCE OPTIMALE Cr riche hydrat T /40ml;0.2;15;0.15;72;1
6107740;;3282770208764;Avene;Hydrance;HYDRANCE BB LUMIERE Cr riche T/40ml;0.2;18.36;0.15;1;1
;;3282770111552;Avene;Non renseigné;AVENE BODY Gel dche douceur Fl ppe/500ml;0.2;8.8;0.15;12;1
;;3282770138801;Avene;Non renseigné;AVENE TOLERANCE CONTROL Cr apais stér T/40ml;0.2;17.24;0.15;1;1
;;3282770138856;Avene;Non renseigné;AVENE TOLERANCE CONTROL Bme apais stér T/40ml;0.2;17.24;0.15;1;1
;;3282770142273;Avene;Non renseigné;AVENE TOLERANCE CONTROL Lot nettoy gélifi 400;0.2;11.8;0.15;12;1
;;3282770208788;Avene;Non renseigné;HYDRANCE UV Emuls légère T/40ml;0.2;18;0.15;72;1
;;3282770208795;Avene;Non renseigné;HYDRANCE UV Cr riche T/40ml;0.2;18;0.15;72;1
;;3282770209396;Avene;Non renseigné;AVENE SOINS ESSENT Cr nutrit revit riche 50ml;0.2;23.5;0.15;36;1
;;3282770209402;Avene;Non renseigné;AVENE SOINS ESSENT Cr nutrit revit P/50ml;0.2;23.5;0.15;1;1
;;3282770399226;Avene;Non renseigné;AVENE CLEANANCE COMEDOMED+ AI Cr Fl airless/30ml;0.2;14;0.15;1;1
6007806;3401360078062;3282770100228;Avene;Non renseigné;AVENE SOLAIRE SPF50+ Cr comp ht prot sabl 10g;0.2;19.1;0.15;1;1
6007808;3401360078086;3282770100242;Avene;Non renseigné;AVENE SOLAIRE SPF50+ Cr comp ht prot doré 10g;0.2;19.1;0.15;72;1
;;3282770392920;Avene;Rosamed;AVENE ANTI ROUGEURS ROSAMED Concentré T/30ml;0.2;17.1;0.15;1;1
;;3282770395235;Avene;Rosamed;AVENE ANTI ROUG ROSAMED SFP50+ Concent 30ml;0.2;17.3;0.15;1;1
;;3282770400861;Avene;Soins anti-âge;AVENE ANTI AGE Sérum tenseur HAP Fl/20ml;0.2;45;0.15;1;1
;;3282770400885;Avene;Soins anti-âge;AVENE ANTI AGE Cr contour yeux lèvres HAP T/15ml;0.2;33.5;0.15;1;1
;;3282770400908;Avene;Soins anti-âge;AVENE ANTI AGE Cr HAP 0,1 lifting Fl/30ml;0.2;48;0.15;1;1
;;3282770146264;Avene;Soins essentiels;AVENE Stick lèvres hydratant T/4g;0.2;3.7;0.15;1;1
;;3282770149418;Avene;Soins essentiels;AVENE Stick soins lèvres sensibles 2T/4g;0.2;6.29;0.15;1;1
;;3282770152371;Avene;Soins essentiels;AVENE SOIN ESSENT Msse nettoy Fl/150ml;0.2;13.65;0.15;24;1
;;3282770152517;Avene;Soins essentiels;AVENE SOINS ESSENTIELS Lot tonique douceur concentré apaisant Fl/200ml;0.2;13.75;0.15;24;1
;;3282770152555;Avene;Soins essentiels;AVENE SOIN ESSENT Lait démaq Fl/200ml;0.2;13.65;0.15;24;1
;;3282770152791;Avene;Soins essentiels;AVENE BODY Gel gommage douceur T/200ml;0.2;16.35;0.15;24;1
;;3282770390179;Avene;Soins essentiels;AVENE SOIN ESSENT Eau micellaire démaq 400ml;0.2;11.3;0.15;12;1
;;3282770392357;Avene;Soins essentiels;AVENE SOIN ESSENT Masque apais hydrat T/50ml;0.2;14.3;0.15;1;1
;;3282770399141;Avene;Soins essentiels;AVENE SOINS ESSENTIELS Cr soin apaisant contour des yeux T/15ml;0.2;14;0.15;48;1
;;3282770399929;Avene;Soins essentiels;AVENE SOINS ESSENTIELS Gelée gommante douceur T/50ml;0.2;11.85;0.15;1;1
;3401360030084;3282770073126;Avene;Soins essentiels;AVENE SOINS ESSENT Flde démaq yx waterp 125ml;0.2;11.95;0.15;1;1
6003009;3401360030091;3282770072952;Avene;Soins essentiels;AVENE Flde démaq 3 en 1 Fl/200ml;0.2;11.95;0.15;12;1
7976856;3401379768565;3282779051378;Avene;Soins essentiels;AVENE SOINS ESSENT Lot démaq douc yeux 125ml;0.2;10.9;0.15;0;1
;;3282770147896;Avene;Soins hommes;AVENE HOMME Gel ras T/150ml;0.2;10.85;0.15;24;1
;;3282770147919;Avene;Soins hommes;AVENE HOMME Mousse à raser Aér/200ml;0.2;10.85;0.15;24;1
;;3282771000947;Avene;Soins hommes;AVENE HOMME Bme hydratant MEN T/50ml;0.2;11.85;0.15;1;1
6436537;3401564365371;3282770038545;Avene;Soins hommes;AVENE HOMME Cr soin hydrat MEN T air/50ml;0.2;28.9;0.15;1;1
;;3282770148671;Avene;Soins solaires;AVENE SOLAIRE SPF50+ MINERAL Fluide Fl/40ml;0.2;15.8;0.15;1;1
;;3282770149074;Avene;Soins solaires;AVENE SOLAIRE SPF50+ Fluide T/50ml;0.2;15;0.15;72;1
;;3282770149487;Avene;Soins solaires;AVENE SOLAIRE SPF50+ Cr t h prot T/50ml;0.2;15.15;0.15;1;1
;;3282770149494;Avene;Soins solaires;AVENE SOLAIRE SPF50+ Cr ss parf t h pr T/50ml;0.2;15.15;0.15;1;1
;;3282770149524;Avene;Soins solaires;AVENE SOLAIRE SPF50+ Cr t h prot teint T/50ml;0.2;15.15;0.15;72;1
;;3282770154221;Avene;Soins solaires;AVENE SOLAIRE Lait réparat ap/sol T/200ml;0.2;13.4;0.15;24;1
;;3282770388961;Avene;Soins solaires;AVENE SOLAIRE REFLEXE SPF50+ Flde t sec 30ml;0.2;11.3;0.15;1;1
;;3282770389623;Avene;Soins solaires;AVENE SOLAIRE SPF30 Huile haute protection Spray/200ml;0.2;21.2;0.15;24;1
;;3282770392654;Avene;Soins solaires;AVENE SOLAIRE ULTRA-FLD SPF50+ Flde Fl/50ml;0.2;16.4;0.15;1;1
;;3282770392692;Avene;Soins solaires;AVENE SOLAIRE ULTRA-FLD SPF50+ Flde tein perfecteur 50ml;0.2;16.4;0.15;1;1
;;3282770392999;Avene;Soins solaires;AVENE SOLAIRE SPF30 Spray Fl/200ml;0.2;18.45;0.15;1;1
;;3282770395938;Avene;Soins solaires;AVENE SOLAIRE INTENSE PROTECT SPF50+ Cr T/150ml;0.2;19.2;0.15;12;1
;;3282770396317;Avene;Soins solaires;AVENE SOLAIRE SPF50+ENFANT Spray Fl/200ml;0.2;18.45;0.15;24;1
;;3282770396324;Avene;Soins solaires;AVENE SOLAIRE SPF50+ Spray famille Fl/400ml;0.2;27.9;0.15;12;1
;;3282770396331;Avene;Soins solaires;AVENE SOLAIRE SPF50+ Spray Fl/200ml;0.2;18.45;0.15;24;1
;;3282770396874;Avene;Soins solaires;AVENE SOLAIRE SPF50+ Lait T/100ml;0.2;16.15;0.15;24;1
;;3282770396881;Avene;Soins solaires;AVENE SOLAIRE SPF50+ Lait T/250ml;0.2;19.5;0.15;12;1
;;3282770397079;Avene;Soins solaires;AVENE SOLAIRE SPF50+ ENFANT Lait T/250ml;0.2;19.5;0.15;12;1
;;3282770397437;Avene;Soins solaires;AVENE SOLAIRE ANTI-IMPERFECTION SPF 50 Emuls fluide T/40ml;0.2;22.2;0.15;1;1
;;3282770397680;Avene;Soins solaires;AVENE SOLAIRE ULTRA-FLUID OIL CONTROL SPF50+ Emuls fluide Fl/50ml;0.2;16.4;0.15;1;1
;;3282770397697;Avene;Soins solaires;AVENE SOLAIRE ULTRA-FLUID RADIANT SPF50+ Fluide Fl/50ml;0.2;16.4;0.15;1;1
;;3282770398984;Avene;Soins solaires;AVENE SUNSIMED KA DM SPF50+ Emuls Fl pompe/80ml;0.2;20.9;0.15;36;1
;;3282770399042;Avene;Soins solaires;AVENE SUNSIMED PIGMENT DM SPF50+ Emuls Fl pompe/80ml;0.2;20.9;0.15;1;1
;;3282770399455;Avene;Soins solaires;AVENE SOLAIRE SPF50+ Cr ss parf t h pr 50ml+E;0.2;15.15;0.15;1;1
4839716;3401348397161;3282779402927;Avene;Soins solaires;AVENE SOLAIRE SPF30 Spray hte prot 200ml;0.2;18.2;0.15;24;1
6037796;;3282770114669;Avene;Soins solaires;AVENE SOLAIRE SPF30 Brume hte prot Spr/150ml;0.2;21.2;0.15;12;1
6197278;;3282770207576;Avene;Soins solaires;AVENE SOLAIRE SPF50+ Stick sunsistick KA 20g;0.2;17.45;0.15;84;1
6365040;;3282770396300;Avene;Soins solaires;AVENE SOLAIRE ANTI-AGE SPF50 Emuls fluide T/40ml;0.2;22.2;0.15;1;1
9584132;3401395841327;3282779355773;Avene;Soins solaires;AVENE SOLAIRE SPF50+ Cr minérale ht prot 50ml;0.2;15.8;0.15;72;1
;;3282770388336;Avene;Tolérance extrême;AVENE TOLERANCE HYDRA-10 Cr hydratante T/40ml;0.2;15.68;0.15;60;1
;;3282770393477;Avene;Vitamin Activ Cg;AVENE VITAMIN ACTIV CG Sérum Fl pompe/30ml;0.2;30.9;0.15;1;1
;;3282770155013;Avene;Xeracalm;AVENE XERACALM NUTRITION Gel nettoy T/100ml;0.2;4.55;0.15;1;1
;;3282770155020;Avene;Xeracalm;AVENE XERACALM NUTRITION Gel nettoy Fl/750ml;0.2;10.95;0.15;12;1
;;3282770155044;Avene;Xeracalm;AVENE XERACALM NUTRITION Cr de douche T/200ml;0.2;8.1;0.15;12;1
;;3282770155051;Avene;Xeracalm;AVENE XERACALM NUTRITION Cr dche Fl/400ml;0.2;13.15;0.15;12;1
;;3282770155105;Avene;Xeracalm;AVENE XERACALM NUTRITION Gel nettoy Fl/500ml;0.2;8.9;0.15;12;1
;;3282770155174;Avene;Xeracalm;AVENE XERACALM NUTRITION Lait nutriflde 200ml;0.2;13.7;0.15;12;1
;;3282770155181;Avene;Xeracalm;AVENE XERACALM NUTRITION Lait nutriflde 400ml;0.2;16.9;0.15;12;1
;;3282770389883;Avene;Xeracalm;AVENE XERACALM A.D Hle lav relipid Flp/400ml;0.2;13.5;0.15;12;1
;;3282770398472;Avene;Xeracalm;AVENE XERACALM A.D Pain surgras nettoyant B/100g;0.2;5.45;0.15;36;1
;;3282770399523;Avene;Xeracalm;AVENE XERACALM A.D Bme relip cosm sté 400ml;0.2;19.95;0.15;12;1
;;3282770399530;Avene;Xeracalm;AVENE XERACALM A.D Bme relip cosm sté T/200ml;0.2;14.95;0.15;24;1
;;3282770399561;Avene;Xeracalm;AVENE XERACALM A.D Cr relip cosm sté 400ml;0.2;19.95;0.15;12;1
;;3282770399578;Avene;Xeracalm;AVENE XERACALM A.D Cr relip cosm sté 200ml;0.2;14.95;0.15;24;1
;;3282770399585;Avene;Xeracalm;AVENE XERACALM A.D Concentré apaisant T/40ml;0.2;11.63;0.15;1;1
;;3282770399592;Avene;Xeracalm;AVENE XERACALM A.D Gel lacté relipidant T/200ml;0.2;14.3;0.15;12;1
;;3282770400595;Avene;Xeracalm;AVENE XERACALM A.D Pain surgras nettoyant 2B/100g;0.2;9.27;0.15;20;1
;;3282771000299;Avene;Xeracalm;AVENE XERACALM A.D Huile lavante relipidante Fl pompe/1l;0.2;19.5;0.15;6;1
;;3662217020942;Avril Cosmétique Bio;Avril Coffrets cadeaux;COFFRET AVRIL RITUEL DOUCEUR;0.2;15.75;0;8;1
;;3662217012633;Avril Cosmétique Bio;Avril eaux florales;AVRIL Eau florale de bleuet bio Spray/200ml;0.2;4.2;0;16;1
;;3662217012640;Avril Cosmétique Bio;Avril eaux florales;AVRIL Eau florale de rose bio Spray/200ml;0.2;4.73;0;16;1
;;3662217012657;Avril Cosmétique Bio;Avril eaux florales;AVRIL Eau florale de lavande bio Spray/200ml;0.2;3.15;0;16;1
;;3662217012664;Avril Cosmétique Bio;Avril eaux florales;AVRIL Eau florale d'hamamélis bio Spray/200ml;0.2;4.21;0;16;1
;;3662217012671;Avril Cosmétique Bio;Avril eaux florales;AVRIL Eau florale fl oranger bio Spr/200ml;0.2;4.2;0;16;1
;;3662217001194;Avril Cosmétique Bio;Avril maquillage & vernis;AVRIL Recourbe-cils avec anneaux confort;0.2;1.58;0;1;1
;;3662217005895;Avril Cosmétique Bio;Avril maquillage & vernis;AVRIL Eponge blender sans latex beige;0.2;2.63;0;10;1
;;3662217010523;Avril Cosmétique Bio;Avril maquillage & vernis;AVRIL Base 2 en 1 + top coat Fl/7ml;0.2;2.1;0;6;1
;;3662217010790;Avril Cosmétique Bio;Avril maquillage & vernis;AVRIL Vernis durcisseur transparent Fl/7ml;0.2;2.1;0;6;1
;;3662217010806;Avril Cosmétique Bio;Avril maquillage & vernis;AVRIL Vernis durcisseur nude Fl/7ml;0.2;2.1;0;6;1
;;3662217010820;Avril Cosmétique Bio;Avril maquillage & vernis;AVRIL Vernis soin nourriss protect Fl/7ml;0.2;2.1;0;6;1
;;3662217011582;Avril Cosmétique Bio;Avril maquillage & vernis;AVRIL CRAYON ROUGE A LEVRES VRAI ROUGE;0.2;2.63;0;1;1
;;3662217011599;Avril Cosmétique Bio;Avril maquillage & vernis;AVRIL CRAYON ROUGE A LEVRES VIOLINE;0.2;2.63;0;1;1
;;3662217011735;Avril Cosmétique Bio;Avril maquillage & vernis;AVRIL Dissolvant doux bio Fl/200ml;0.2;4.73;0;8;1
;;3662217013968;Avril Cosmétique Bio;Avril maquillage & vernis;AVRIL Pdr bronzante bio ambrée Boîtier/7g;0.2;3.68;0;1;1
;;3662217014187;Avril Cosmétique Bio;Avril maquillage & vernis;AVRIL Cray rge lèv mat bio rose vinyle 2g;0.2;2.63;0;1;1
;;3662217014200;Avril Cosmétique Bio;Avril maquillage & vernis;AVRIL T-crayon dble av récup lamelle nettoy;0.2;1.05;0;20;1
;;3662217014774;Avril Cosmétique Bio;Avril maquillage & vernis;AVRIL Fd teint bio perle T/30ml;0.2;5.26;0;1;1
;;3662217014880;Avril Cosmétique Bio;Avril maquillage & vernis;AVRIL Mascara allongeant bio noir T/9ml;0.2;4.2;0;1;1
;;3662217014897;Avril Cosmétique Bio;Avril maquillage & vernis;AVRIL Mascara allongeant bio marron T/9ml;0.2;4.2;0;1;1
;;3662217014910;Avril Cosmétique Bio;Avril maquillage & vernis;AVRIL Mascara allongeant bio prune T/9ml;0.2;4.2;0;1;1
;;3662217015009;Avril Cosmétique Bio;Avril maquillage & vernis;AVRIL V ongles corail Fl/7ml;0.2;2.1;0;6;1
;;3662217015016;Avril Cosmétique Bio;Avril maquillage & vernis;AVRIL V ongles rouge opéra Fl/7ml;0.2;2.1;0;6;1
;;3662217015030;Avril Cosmétique Bio;Avril maquillage & vernis;AVRIL V ongles coquelicot Fl/7ml;0.2;2.1;0;6;1
;;3662217015047;Avril Cosmétique Bio;Avril maquillage & vernis;AVRIL V ongles rose bollywood Fl/7ml;0.2;2.1;0;6;1
;;3662217015108;Avril Cosmétique Bio;Avril maquillage & vernis;AVRIL V ongles sorbet framboise Fl/7ml;0.2;2.1;0;6;1
;;3662217015115;Avril Cosmétique Bio;Avril maquillage & vernis;AVRIL V ongles nude Fl/7ml;0.2;2.1;0;6;1
;;3662217015177;Avril Cosmétique Bio;Avril maquillage & vernis;AVRIL V ongles vert d'eau Fl/7ml;0.2;2.1;0;6;1
;;3662217015191;Avril Cosmétique Bio;Avril maquillage & vernis;AVRIL V ongles bleu layette Fl/7ml;0.2;2.1;0;6;1
;;3662217015269;Avril Cosmétique Bio;Avril maquillage & vernis;AVRIL V ongles bordeaux Fl/7ml;0.2;2.1;0;6;1
;;3662217015382;Avril Cosmétique Bio;Avril maquillage & vernis;AVRIL V ongles guimauve Fl/7ml;0.2;2.1;0;6;1
;;3662217015405;Avril Cosmétique Bio;Avril maquillage & vernis;AVRIL V ongles rose dragée Fl/7ml;0.2;2.1;0;6;1
;;3662217015740;Avril Cosmétique Bio;Avril maquillage & vernis;AVRIL Cr BB cream bio light T/30ml;0.2;5.26;0;12;1
;;3662217015757;Avril Cosmétique Bio;Avril maquillage & vernis;AVRIL Cr BB cream medium T/30ml;0.2;5.26;0;12;1
;;3662217015870;Avril Cosmétique Bio;Avril maquillage & vernis;AVRIL Crayon sourcils bio châtain clair 1g;0.2;2.1;0;1;1
;;3662217015887;Avril Cosmétique Bio;Avril maquillage & vernis;AVRIL Crayon sourcils bio brun 3g;0.2;2.1;0;1;1
;;3662217015962;Avril Cosmétique Bio;Avril maquillage & vernis;AVRIL Eyeliner bio noir 5ml;0.2;4.73;0;1;1
;;3662217018161;Avril Cosmétique Bio;Avril maquillage & vernis;AVRIL ANTICERNES LIQ PORCELAINE 4.4ML;0.2;5.25;0;1;1
;;3662217018185;Avril Cosmétique Bio;Avril maquillage & vernis;AVRIL ANTICERNES LIQUIDE SESAME 4.4ml;0.2;5.25;0;1;1
;;3662217018192;Avril Cosmétique Bio;Avril maquillage & vernis;AVRIL ANTICERNES LIQUIDE DORE BIO 4.4ml;0.2;5.25;0;1;1
;;3662217018451;Avril Cosmétique Bio;Avril maquillage & vernis;AVRIL V ongles pailleté argenté Fl/7ml;0.2;2.1;0;6;1
;;3662217018543;Avril Cosmétique Bio;Avril maquillage & vernis;SPRAY FIXATEUR DE MAQUILLAGE 90ML;0.2;7.88;0;1;1
;;3662217020188;Avril Cosmétique Bio;Avril maquillage & vernis;AVRIL V ongles olive Fl/7ml;0.2;2.1;0;6;1
;;3662217020461;Avril Cosmétique Bio;Avril maquillage & vernis;AVRIL Fard paup bio or antique Rech/2,5g;0.2;2.63;0;1;1
;;3662217020997;Avril Cosmétique Bio;Avril maquillage & vernis;AVRIL MASCARA SOIN ET PRECISION NOIR;0.2;4.2;0;1;1
;;3662217021185;Avril Cosmétique Bio;Avril maquillage & vernis;AVRIL Recharge blush bio pêche rosé mat 5g;0.2;3.15;0;1;1
;;3662217021338;Avril Cosmétique Bio;Avril maquillage & vernis;AVRIL Pdr compacte bio dorée Rechge/11g;0.2;3.68;0;1;1
;;3662217021369;Avril Cosmétique Bio;Avril maquillage & vernis;AVRIL Pdr compacte bio sésame Rechge/11g;0.2;3.67;0;1;1
;;3662217021802;Avril Cosmétique Bio;Avril maquillage & vernis;AVRIL Crayon yeux bio noir charbon 1g;0.2;2.1;0;1;1
;;3662217021819;Avril Cosmétique Bio;Avril maquillage & vernis;AVRIL CRAYON YEUX GRIS ARDOISE;0.2;2.1;0;1;1
;;3662217021826;Avril Cosmétique Bio;Avril maquillage & vernis;AVRIL Crayon yeux bio terre brûlée 1g;0.2;2.1;0;1;1
;;3662217021833;Avril Cosmétique Bio;Avril maquillage & vernis;AVRIL Crayon yeux bio Expresso 1g;0.2;2.1;0;1;1
;;3662217021871;Avril Cosmétique Bio;Avril maquillage & vernis;AVRIL Crayon yeux bio bleu nuit 1g;0.2;2.1;0;1;1
;;3662217021888;Avril Cosmétique Bio;Avril maquillage & vernis;AVRIL Crayon yeux bio bleu égyptien 1g;0.2;2.1;0;1;1
;;3662217021932;Avril Cosmétique Bio;Avril maquillage & vernis;AVRIL CRAYON YEUX BRONZE CUIVRE;0.2;2.1;0;1;1
;;3662217017157;Avril Cosmétique Bio;Avril soins bébé;AVRIL Grand carré bébé lavable;0.2;1.58;0;20;1
;;3662217006151;Avril Cosmétique Bio;Avril soins cheveux;AVRIL Huile de ricin bo Fl/100ml;0.2;4.2;0;12;1
;;3662217012541;Avril Cosmétique Bio;Avril soins cheveux;AVRIL Bme ap-shamp tous C bio P/200ml;0.2;2.63;0;6;1
;;3662217014217;Avril Cosmétique Bio;Avril soins cheveux;AVRIL Mousse volume coiffante bio Spray/150ml;0.2;4.2;0;8;1
;;3662217015481;Avril Cosmétique Bio;Avril soins cheveux;AVRIL Shampooing doux bio Fl/500ml;0.2;6.3;0;8;1
;;3662217015528;Avril Cosmétique Bio;Avril soins cheveux;AVRIL Shamp antipell bio Fl/500ml;0.2;5.79;0;8;1
;;3662217016006;Avril Cosmétique Bio;Avril soins cheveux;AVRIL Shampooing purifiant bio Fl/500ml;0.2;4.72;0;8;1
;;3662217016013;Avril Cosmétique Bio;Avril soins cheveux;AVRIL Shampooing usage fréquent bio Fl/500ml;0.2;4.72;0;8;1
;;3662217016020;Avril Cosmétique Bio;Avril soins cheveux;AVRIL Shampooing éclat couleur bio Fl/500ml;0.2;7.35;0;8;1
;;3662217016624;Avril Cosmétique Bio;Avril soins cheveux;AVRIL Spray démêlant coiffant bio Fl/200ml;0.2;5.25;0;6;1
;;3662217017775;Avril Cosmétique Bio;Avril soins cheveux;AVRIL Shamp nutrtion Bio Fl/500ml;0.2;6.3;0;8;1
;;3662217017928;Avril Cosmétique Bio;Avril soins cheveux;AVRIL Gel coiffant bio Tube/200ml;0.2;3.68;0;8;1
;;3662217020881;Avril Cosmétique Bio;Avril soins cheveux;AVRIL SHAMPOOING SOLIDE DOUCEUR CHX NMX;0.2;3.15;0;10;1
;;3662217020904;Avril Cosmétique Bio;Avril soins cheveux;AVRIL Shamp solide CG bio B/85g;0.2;3.15;0;12;1
;;3662217001767;Avril Cosmétique Bio;Avril soins corps;AVRIL Gel gommage corporel bio T/200ml;0.2;4.73;0;8;1
;;3662217001774;Avril Cosmétique Bio;Avril soins corps;AVRIL Lait corporel bio T/200ml;0.2;4.2;0;12;1
;;3662217004867;Avril Cosmétique Bio;Avril soins corps;AVRIL Cr visage corps bio T/200ml;0.2;4.73;0;8;1
;;3662217011872;Avril Cosmétique Bio;Avril soins corps;AVRIL Beurre de Karité Bio Pot/230ml;0.2;9.98;0;12;1
;;3662217016983;Avril Cosmétique Bio;Avril soins corps;AVRIL Savon corps et mains rose bio B/100g;0.2;2.63;0;18;1
;;3662217017027;Avril Cosmétique Bio;Avril soins corps;AVRIL Savon corps et mains fleur de tiaré bio B/100g;0.2;2.63;0;18;1
;;3662217017232;Avril Cosmétique Bio;Avril soins corps;AVRIL Huile sèche corporelle bio Fl/150ml;0.2;7.88;0;8;1
;;3662217006847;Avril Cosmétique Bio;Avril soins homme;AVRIL MEN Bme après rasage bio T/100ml;0.2;4.2;0;12;1
;;3662217007110;Avril Cosmétique Bio;Avril soins homme;AVRIL MEN Gel nettoyant visage bio T/100ml;0.2;2.63;0;8;1
;;3662217008070;Avril Cosmétique Bio;Avril soins homme;AVRIL MEN Déodorant bio Spray/150ml;0.2;3.68;0;12;1
;;3662217008162;Avril Cosmétique Bio;Avril soins homme;AVRIL MEN Cr soin hydratant bio T/50ml;0.2;4.2;0;12;1
;;3662217008193;Avril Cosmétique Bio;Avril soins homme;AVRIL MEN Huile à barbe bio Fl/50ml;0.2;4.2;0;12;1
;;3662217010387;Avril Cosmétique Bio;Avril soins homme;AVRIL MEN Cr soin anti-âge bio T/50ml;0.2;4.73;0;8;1
;;3662217016303;Avril Cosmétique Bio;Avril soins homme;AVRIL Shampooing douche homme bio Fl/500ml;0.2;5.25;0;8;1
;;;Avril Cosmétique Bio;Avril soins hygiène & démaquillant;AVRIL Carré démaquillant lavable coton bio;0.2;1.05;0;15;1
;;3662217001798;Avril Cosmétique Bio;Avril soins hygiène & démaquillant;AVRIL Lot tonique bio Fl/200ml;0.2;3.68;0;8;1
;;3662217002252;Avril Cosmétique Bio;Avril soins hygiène & démaquillant;AVRIL Déodorant bio Bille/50ml;0.2;2.11;0;12;1
;;3662217002283;Avril Cosmétique Bio;Avril soins hygiène & démaquillant;AVRIL Eau micellaire bio Fl/500ml;0.2;3.68;0;8;1
;;3662217004256;Avril Cosmétique Bio;Avril soins hygiène & démaquillant;AVRIL Lait démaquillant bio Fl/200ml;0.2;4.21;0;6;1
;;3662217004881;Avril Cosmétique Bio;Avril soins hygiène & démaquillant;AVRIL Gel douche coeur d'abricot bio Fl/500ml;0.2;3.68;0;8;1
;;3662217006243;Avril Cosmétique Bio;Avril soins hygiène & démaquillant;AVRIL Mousse nettoyante visage bio Fl/150ml;0.2;4.2;0;10;1
;;3662217006250;Avril Cosmétique Bio;Avril soins hygiène & démaquillant;AVRIL Gel nettoyant visage bio T/100ml;0.2;2.63;0;8;1
;;3662217006861;Avril Cosmétique Bio;Avril soins hygiène & démaquillant;AVRIL Gant démaquillant à l'eau;0.2;2.63;0;500;1
;;3662217007042;Avril Cosmétique Bio;Avril soins hygiène & démaquillant;AVRIL Déodorant bio Spray/150ml;0.2;3.68;0;12;1
;;3662217007059;Avril Cosmétique Bio;Avril soins hygiène & démaquillant;AVRIL Dentifrice bio T/100ml;0.2;2.1;0;70;1
;;3662217007202;Avril Cosmétique Bio;Avril soins hygiène & démaquillant;AVRIL Gel nettoyant 3en1 bio T/50ml;0.2;3.68;0;8;1
;;3662217007233;Avril Cosmétique Bio;Avril soins hygiène & démaquillant;AVRIL Eponge konjac;0.2;2.1;0;10;1
;;3662217007417;Avril Cosmétique Bio;Avril soins hygiène & démaquillant;AVRIL Base lavante neutre bio Fl/240ml;0.2;3.16;0;6;1
;;3662217007424;Avril Cosmétique Bio;Avril soins hygiène & démaquillant;AVRIL Gel douche zeste de citron bio Fl/500ml;0.2;3.68;0;8;1
;;3662217007431;Avril Cosmétique Bio;Avril soins hygiène & démaquillant;AVRIL Gel douche délice de poire bio Fl/500ml;0.2;3.68;0;8;1
;;3662217007967;Avril Cosmétique Bio;Avril soins hygiène & démaquillant;AVRIL Sav corps mains rose bio B/100g;0.2;2.63;0;1;1
;;3662217008254;Avril Cosmétique Bio;Avril soins hygiène & démaquillant;AVRIL Fluide démaquillant yeux bio Fl/150ml;0.2;3.68;0;8;1
;;3662217009848;Avril Cosmétique Bio;Avril soins hygiène & démaquillant;AVRIL filet à savon sisal;0.2;1.31;0;15;1
;;3662217011261;Avril Cosmétique Bio;Avril soins hygiène & démaquillant;AVRIL Flde démaq yeux biphasé bio Fl/150ml;0.2;4.2;0;8;1
;;3662217011278;Avril Cosmétique Bio;Avril soins hygiène & démaquillant;AVRIL Gel dche tendre fl oranger bio Fl/500ml;0.2;3.68;0;8;1
;;3662217016860;Avril Cosmétique Bio;Avril soins hygiène & démaquillant;AVRIL Pain dermato bio B/65g;0.2;3.68;0;12;1
;;3662217016884;Avril Cosmétique Bio;Avril soins hygiène & démaquillant;AVRIL Huile démaquillante bio Fl/200ml;0.2;6.29;0;6;1
;;3662217017140;Avril Cosmétique Bio;Avril soins hygiène & démaquillant;AVRIL Carré démaquillant lavable coton bio;0.2;1.05;0;15;1
;;3662217018055;Avril Cosmétique Bio;Avril soins hygiène & démaquillant;AVRIL Gel douche à reconstituer parfum abricot 300ml;0.2;2.1;0;1;1
;;3662217018307;Avril Cosmétique Bio;Avril soins hygiène & démaquillant;AVRIL Porte-savon en bois de Hêtre;0.2;3.15;0;10;1
;;3662217018550;Avril Cosmétique Bio;Avril soins hygiène & démaquillant;AVRIL Past de dentifrice à croquer bio B/120;0.2;4.73;0;24;1
;;3662217018567;Avril Cosmétique Bio;Avril soins hygiène & démaquillant;AVRIL Dentifrice blanchissant bio T/100ml;0.2;2.1;0;12;1
;;3662217018864;Avril Cosmétique Bio;Avril soins hygiène & démaquillant;AVRIL DEODORANT BAUME BIO PARFUM TIARE 85G;0.2;4.2;0;12;1
;;3662217018871;Avril Cosmétique Bio;Avril soins hygiène & démaquillant;AVRIL DEOD BME BERGAMOTE 85G;0.2;4.73;0;12;1
;;3662217019090;Avril Cosmétique Bio;Avril soins hygiène & démaquillant;AVRIL Bme démaquillant bio Karité Pot/100ml;0.2;6.3;0;12;1
;;3662217012053;Avril Cosmétique Bio;Avril soins hygiène intime;AVRIL Gel intime bio Fl/200ml;0.2;2.63;0;8;1
;;3662217002306;Avril Cosmétique Bio;Avril soins mains & lèvres;AVRIL Cr pour les mains bio T/100ml;0.2;3.15;0;8;1
;;3662217021710;Avril Cosmétique Bio;Avril soins mains & lèvres;AVRIL Bme à lèvres bio Recharge Stick/4g;0.2;1.32;0;24;1
;;3662217001729;Avril Cosmétique Bio;Avril soins visage & contour des yeux;AVRIL Cr jour PN Mx bio T/50ml;0.2;4.2;0;8;1
;;3662217001743;Avril Cosmétique Bio;Avril soins visage & contour des yeux;AVRIL Cr nuit PN Mx bio T/50ml;0.2;4.2;0;8;1
;;3662217006823;Avril Cosmétique Bio;Avril soins visage & contour des yeux;AVRIL Fluide matifiant bio T/50ml;0.2;4.2;0;8;1
;;3662217007066;Avril Cosmétique Bio;Avril soins visage & contour des yeux;AVRIL Cr anti-âge bio T/50ml;0.2;5.26;0;8;1
;;3662217007080;Avril Cosmétique Bio;Avril soins visage & contour des yeux;AVRIL Masque visage liftant bio T/50ml;0.2;3.68;0;12;1
;;3662217008186;Avril Cosmétique Bio;Avril soins visage & contour des yeux;AVRIL Masque visage apaisant bio T/50ml;0.2;2.63;0;8;1
;;3662217009824;Avril Cosmétique Bio;Avril soins visage & contour des yeux;AVRIL Cr soin anti-imperfections bio T/15ml;0.2;3.68;0;24;1
;;3662217011254;Avril Cosmétique Bio;Avril soins visage & contour des yeux;AVRIL Sérum désaltérant bio Fl airless/30ml;0.2;4.72;0;12;1
;;3662217011339;Avril Cosmétique Bio;Avril soins visage & contour des yeux;AVRIL Masque visage nourrissant bio T/50ml;0.2;2.63;0;8;1
;;3662217011896;Avril Cosmétique Bio;Avril soins visage & contour des yeux;AVRIL Sérum liss vis cerne poche bio 30ml;0.2;4.73;0;14;1
;;3662217014446;Avril Cosmétique Bio;Avril soins visage & contour des yeux;AVRIL Cr soin contour des yeux bio T/40ml;0.2;4.73;0;12;1
;;3662217014637;Avril Cosmétique Bio;Avril soins visage & contour des yeux;AVRIL Gel gommage enzymatique bio T/50ml;0.2;4.2;0;8;1
;;3662217014927;Avril Cosmétique Bio;Avril soins visage & contour des yeux;AVRIL Base de teint bio matifiante T/30ml;0.2;5.26;0;24;1
;;3662217014941;Avril Cosmétique Bio;Avril soins visage & contour des yeux;AVRIL Base de teint bio illuminatrice T/30ml;0.2;5.26;0;1;1
;;3662217015610;Avril Cosmétique Bio;Avril soins visage & contour des yeux;AVRIL Cr jour et nuit bio T/50ml;0.2;4.2;0;8;1
;;3662217015627;Avril Cosmétique Bio;Avril soins visage & contour des yeux;AVRIL Gel gommage visage bio T/50ml;0.2;4.2;0;8;1
;;3662217015948;Avril Cosmétique Bio;Avril soins visage & contour des yeux;AVRIL Cr désaltérante bio T/50ml;0.2;4.2;0;8;1
;;3662217016372;Avril Cosmétique Bio;Avril soins visage & contour des yeux;AVRIL STICK SOLAIRE SPF50 50G;0.2;8.93;0;1;1
;;3662217016518;Avril Cosmétique Bio;Avril soins visage & contour des yeux;AVRIL Cr premières rides bio T/50ml;0.2;4.73;0;12;1
;;3662217017102;Avril Cosmétique Bio;Avril soins visage & contour des yeux;AVRIL Masque visage énergisant bio T/50ml;0.2;2.63;0;8;1
;;3662217017249;Avril Cosmétique Bio;Avril soins visage & contour des yeux;AVRIL Huile anti-âge bio Fl airless/30ml;0.2;4.73;0;12;1
;;3662217017416;Avril Cosmétique Bio;Avril soins visage & contour des yeux;AVRIL Sérum éclat bio Fl airless/30ml;0.2;4.73;0;12;1
;;3662217017423;Avril Cosmétique Bio;Avril soins visage & contour des yeux;AVRIL Sérum autobronzant bio Fl airless/30ml;0.2;4.73;0;12;1
;;3662217017430;Avril Cosmétique Bio;Avril soins visage & contour des yeux;AVRIL Sérum apaisant bio Fl airless/30ml;0.2;4.73;0;12;1
;;3662217017447;Avril Cosmétique Bio;Avril soins visage & contour des yeux;AVRIL Sérum fermeté bio Fl airless/30ml;0.2;4.73;0;12;1
;;3662217017454;Avril Cosmétique Bio;Avril soins visage & contour des yeux;AVRIL Sérum unifiant bio Fl airless/30ml;0.2;4.73;0;12;1
;;3662217018123;Avril Cosmétique Bio;Avril soins visage & contour des yeux;AVRIL Cr de jour peaux sèches et sensibles bio T/50ml;0.2;4.2;0;8;1
;;3662217018130;Avril Cosmétique Bio;Avril soins visage & contour des yeux;AVRIL Cr de nuit peaux sèches et sensibles bio T/50ml;0.2;4.2;0;8;1
;;3662217018536;Avril Cosmétique Bio;Avril soins visage & contour des yeux;AVRIL Masque visage purifiant bio 50ml;0.2;2.63;0;8;1
;;3662217020867;Avril Cosmétique Bio;Avril soins visage & contour des yeux;AVRIL CREME NEUTRE HAUTE TOLERANCE BIO 200ML;0.2;4.73;0;8;1
;;3662217021635;Avril Cosmétique Bio;Avril soins visage & contour des yeux;AVRIL COLD CREME HUILE AMANDE DOUCE 200ML;0.2;4.73;0;12;1
;;3662217007271;Avril Cosmétique Bio;Avril soins visage & corps;AVRIL Huile d'argan bio Spray/100ml;0.2;8.4;0;12;1
;;3662217007295;Avril Cosmétique Bio;Avril soins visage & corps;AVRIL Huile de jojoba bio Spray/100ml;0.2;6.3;0;12;1
;;3662217014514;Avril Cosmétique Bio;Avril soins visage & corps;AVRIL Hle pailletée multi-us bio Spr/100ml;0.2;6.83;0;11;1
;;3662217017935;Avril Cosmétique Bio;Avril soins visage & corps;AVRIL Lait après soleil Fl 200ml;0.2;5.25;0;12;1
;;3662217018017;Avril Cosmétique Bio;Avril soins visage & corps;AVRIL Gel gommage corporel bio Pot/200ml;0.2;5.25;0;18;1
;;3662217019076;Avril Cosmétique Bio;Avril soins visage & corps;AVRIL HUILE DE COCO BIO 100 ML;0.2;3.68;0;18;1
;;3662217019083;Avril Cosmétique Bio;Avril soins visage & corps;AVRIL gel d Aloé vera 150ml;0.2;4.2;0;8;1
;;3662217014392;Avril Cosmétique Bio;Non renseigné;AVRIL Btier à compo recharg gd form(poudre co;0.2;2.62;0;12;1
;;3662217014408;Avril Cosmétique Bio;Non renseigné;AVRIL Palette à compo recharg pt form;0.2;4.2;0;1;1
;;3662217014972;Avril Cosmétique Bio;Non renseigné;AVRIL V ongles rouge passion Fl/7ml;0.2;2.1;0;6;1
;;3662217015306;Avril Cosmétique Bio;Non renseigné;AVRIL V ongles lagon Fl/7ml;0.2;2.1;0;6;1
;;3662217017119;Avril Cosmétique Bio;Non renseigné;AVRIL Sérum purifiant bio Fl cpte-gttes/30ml;0.2;4.72;0;24;1
;;3770026431023;Ayv Cosmetics;Non renseigné;AYV Sculpt Booster Ultra Raffermissant Poitrine AYV Cosmetics 150Ml;0.2;35;0.5;1;6
;;3770026431047;Ayv Cosmetics;Non renseigné;CRYO SCULPT GEL MULTI REDUCTEUR 200ML;0.2;39;0.5;1;6
;;3770026431054;Ayv Cosmetics;Non renseigné;AYV Elixir de Maracuja AYV Cosmetics 100Ml;0.2;35;0.5;1;6
;;3770026431177;Ayv Cosmetics;Non renseigné;AYV Huile Eblouissante Monoî AYV Cosmetics 100Ml;0.2;34;0.6;1;6
;;3770026431221;Ayv Cosmetics;Non renseigné;AYV Savon Purifiant Lait d'anesse AYV Cosmetics 100Grs;0.2;15;0.6;1;6
;;4022167065759;B BRAUN;Non renseigné;BRAUN THERMOSCAN 7+ Therm auriculaire électronique connect IRT6575;0.2;69.95;0.32;6;1
;;4022167652539;B BRAUN;Non renseigné;BRAUN THERMOSC 7+ Therm aur élec IRT6525;0.2;57.35;0.32;6;1
;3401060174323;;BD Medical;Non renseigné;BD EMERALD 307727 Ser ss aig 2ml;0.2;0.14;0.3;100;1
4591535;3401045915354;;BD Medical;Non renseigné;BD MICROTAINER 366592 Lancette autop in B/200;0.055;154;0.896;10;1
6017431;3401060174316;;BD Medical;Non renseigné;BD EMERALD 307736 Ser ss aig 10ml;0.2;0.23;0.18;100;1
6017434;3401060174347;;BD Medical;Non renseigné;BD EMERALD 307731 Ser ss aig 5ml;0.2;0.19;0.31;100;1
6159084;3401061590849;;BD Medical;Non renseigné;BD PLASTIPAK 300867 Ser cathéter 50ml;0.2;1.72;0.41;60;1
6610490;3401066104904;3038290304432;BD Medical;Non renseigné;BD MICROLANCE 304432 Vert 40 8/10-G21 1 1/2 B/100;0.2;8;0.3;50;1
6610633;3401066106335;;BD Medical;Non renseigné;BD MICROLANCE 300600 Orange 16 5/10-G25 5/8 B/100;0.2;8;0.3;50;1
6611041;3401066110417;3038290300613;BD Medical;Non renseigné;BD PLASTIPAK 300613 Ser excentr grad 20ml;0.2;0.78;0.6;120;1
;3400930191170;;BESINS INTERNATIONAL;Candazol;CANDAZOL 300 mg Ov Plq/2;0.021;6.57;0.15;160;1
;;3700039500201;BESINS INTERNATIONAL;Deprox;DEPROX 500 Cpr B/30;0.055;19.4;0.05;1;1
;;3700039500225;BESINS INTERNATIONAL;Deprox;DEPROX SUPPOSITOIRES Suppos 2Blisters/5;0.2;14.52;0.05;1;1
;;3700039500119;BESINS INTERNATIONAL;Evabiote;EVABIOTE FLORE INTIME Gél végétale B/20;0.055;12.33;0.15;180;1
;;3700039500133;BESINS INTERNATIONAL;Evabiote;EVABIOTE HYGIENE INTIME Sav Fl/250ml;0.2;7.47;0.3;24;1
;;3700039500140;BESINS INTERNATIONAL;Evabiote;EVABIOTE HYGIENE INTIME Sav 2Fl/250ml;0.055;12.69;0.3;12;1
;;3700039500188;BESINS INTERNATIONAL;Evabiote;EVABIOTE VAGINAL Ov B/10;0.2;11.96;0.1;60;1
;;3700039500218;BESINS INTERNATIONAL;Evabiote;EVABIOTE ENDO Gél végétale B/30;0.055;19.82;0.1;60;1
;;3700039500256;BESINS INTERNATIONAL;Evabiote;EVABIOTE MENOPAUSE Caps B/30;0.055;16.42;0.1;72;1
3800712;3400938007121;;BESINS INTERNATIONAL;Gynopura;GYNOPURA LP 150 mg Ovule LP Plq/2;0.021;5.48;0.35;300;1
3984190;3400939841908;;BESINS INTERNATIONAL;Gynopura;GYNOPURA 1 % Cr T/30g;0.021;3.96;0.35;100;1
;;3700039500232;BESINS INTERNATIONAL;Gynositol;GYNOSITOL Pdr or 2x30Sach/2,1g;0.055;18.76;0.1;10;1
;;3700039500249;BESINS INTERNATIONAL;Gynositol;GYNOSITOL PLUS Pdr or 2x30Sach/2,1g;0.055;21.18;0.1;10;1
;;3700039500102;BESINS INTERNATIONAL;Isitol;ISITOL Pdr 30Sach/2,1g;0.055;17.76;0.1;20;1
;;3700039500065;BESINS INTERNATIONAL;Ogestan;OGESTAN Caps supplémentation grossesse B/90;0.055;18.63;0.2;50;1
;;3760139569669;BODYGUARD;Bodyguard Anti-moustiques & Apaisant;BODYGUARD ANTI-MOUSTIQUES Spray moringa Fl/100ml;0.2;10.76;0.15;12;1
;;3760139569676;BODYGUARD;Bodyguard Anti-moustiques & Apaisant;BODYGUARD ANTI-MOUSTIQUES Spray agrumes Fl/100ml;0.2;10.76;0.15;12;1
;;3760139569683;BODYGUARD;Bodyguard Anti-moustiques & Apaisant;BODYGUARD ANTI-MOUSTIQUES Spray marine Fl/100ml;0.2;10.76;0.15;12;1
;;3760139569690;BODYGUARD;Bodyguard Anti-moustiques & Apaisant;BODYGUARD ANTI-MOUSTIQUES Spray fleur de coco Fl/100ml;0.2;10.76;0.15;12;1
;;3760139569713;BODYGUARD;Bodyguard Anti-moustiques & Apaisant;BODYGUARD ANTI-MOUSTIQUES Spray fleur d'oranger Fl/100ml;0.2;10.76;0.15;12;1
;;3760139569720;BODYGUARD;Bodyguard Anti-moustiques & Apaisant;BODYGUARD ANTI-MOUSTIQUES Spray monoï Fl/100ml;0.2;10.76;0.15;12;1
;;3760139569737;BODYGUARD;Bodyguard Anti-moustiques & Apaisant;BODYGUARD ANTI-MOUSTIQUES Spray bébé Fl/100ml;0.2;10.76;0.15;12;1
;;3760139569744;BODYGUARD;Bodyguard Anti-moustiques & Apaisant;BODYGUARD ANTI-MOUSTIQUES Spray peaux sensibles Fl/100ml;0.2;10.76;0.15;12;1
;;3760139569751;BODYGUARD;Bodyguard Anti-moustiques & Apaisant;BODYGUARD ANTI-MOUSTIQUES Spray boisé Fl/100ml;0.2;10.76;0.15;12;1
;;3760139569768;BODYGUARD;Bodyguard Anti-moustiques & Apaisant;BODYGUARD APAISANT Fluide peaux sensibles Roll-on/10ml;0.2;8.09;0.15;24;1
;;3760139569775;BODYGUARD;Bodyguard Anti-moustiques & Apaisant;BODYGUARD APAISANT Fluide bébé Roll-on/10ml;0.2;8.09;0.15;12;1
;;3760399060470;BODYGUARD;Bodyguard Anti-moustiques & Apaisant;BODYGUARD APAISANT Fluide monoï Roll-on/10ml;0.2;8.09;0.15;24;1
;;3760399060500;BODYGUARD;Bodyguard Anti-moustiques & Apaisant;BODYGUARD ANTI-MOUSTIQUES Spray monoï Fl/200ml;0.2;15.41;0.15;12;1
;;3760399060913;BODYGUARD;Bodyguard Anti-moustiques & Apaisant;BODYGUARD ANTI-MOUSTIQUES Spray Santal Fl/100ml;0.2;10.76;0.15;12;1
;;3760139569355;BODYGUARD;Bodyguard Gel Hydroalcoolique;BODYGUARD Gel hydroalcoolique fleur de coco Bd/5l;0.2;48;0.15;1;1
;;3760139569393;BODYGUARD;Bodyguard Gel Hydroalcoolique;BODYGUARD Gel hydroalcoolique fleur de coco Spray/500ml;0.2;6.5;0.15;6;1
;;3760139569423;BODYGUARD;Bodyguard Gel Hydroalcoolique;BODYGUARD Gel hydroalcoolique moringa Spray/500ml;0.2;6.5;0.15;6;1
;;3760139569546;BODYGUARD;Bodyguard Gel Hydroalcoolique;BODYGUARD Gel hydroalcoolique monoï Spray/100ml;0.2;3.4;0.15;12;1
;;3760139569553;BODYGUARD;Bodyguard Gel Hydroalcoolique;BODYGUARD Gel hydroalcoolique fleur d'oranger Spray/100ml;0.2;3.4;0.15;12;1
;;3760139569591;BODYGUARD;Bodyguard Gel Hydroalcoolique;BODYGUARD Gel hydroalcoolique fleur de coco Spray/100ml;0.2;3.4;0.15;1;1
;;3760399060883;BODYGUARD;Bodyguard Répulsif Poux;BODYGUARD REPULSIF POUX SS RINCAGE SENSITIVE 100 ML;0.2;10.98;0.15;12;1
;;3760399060890;BODYGUARD;Bodyguard Répulsif Poux;BODYGUARD REPULSIF POUX SS RINCAGE BEBE 100 ML;0.2;10.98;0.15;12;1
;;3760399060906;BODYGUARD;Bodyguard Répulsif Poux;BODYGUARD REPULSIF POUX SS RINCAGE MONOI 100 ML;0.2;10.98;0.15;12;1
;;3760139569522;BODYGUARD;Non renseigné;BODYGUARD Gel hydroalcoolique peaux sensibles Spray/100ml;0.2;3.4;0.15;1;1
4334838;;4042809101270;BSN Medical;Comprilan;COMPRILAN Bde extens 10cmx5m;0.2;13.24;0.3;0;1
7596556;;4042809014983;BSN Medical;Coplus;COPLUS Bde cohés ss latex blc 7cmx3m;0.2;7.15;0.3;24;1
7596562;;4042809015010;BSN Medical;Coplus;COPLUS Bde cohés ss latex chair 7cmx3m;0.2;7.15;0.3;24;1
4486844;;4042809226737;BSN Medical;Cuticell Classic;CUTICELL CLASSIC Pans gras sté 5x5cm B/5;0.2;1.6;0.3;120;1
;;4042809551143;BSN Medical;Cutimed Sorbion;CUTIMED SORBION Pans absorb 25x45cm B/10;0.2;87.38;0.08;7;1
;;4042809551198;BSN Medical;Cutimed Sorbion;CUTIMED SORBION M STAR Pans absorb 14cm B/10;0.2;25.32;0.08;1;1
;;4042809551341;BSN Medical;Cutimed Sorbion;CUTIMED SORBION Pans absorb 15x15cm B/10;0.2;31.55;0.08;1;1
;;4042809551419;BSN Medical;Cutimed Sorbion;CUTIMED SORBION Pans absorb 10x20cm B/10;0.2;28.91;0.08;1;1
;;4042809551488;BSN Medical;Cutimed Sorbion;CUTIMED SORBION Pans absorb 10x10cm B/10;0.2;14.9;0.08;6;1
6690448;3401566904486;4042809035971;BSN Medical;Easifix;EASIFIX COHESIVE Bde 4cmx4m;0.2;2.56;0.55;10;1
7791097;;4042809021882;BSN Medical;Elastomull;ELASTOMULL HAFT Bde extensible cohés 6cmx4m;0.2;1.85;0.55;120;1
7791105;;4042809029468;BSN Medical;Elastomull;ELASTOMULL HAFT Bde extensible cohés 8cmx4m;0.2;2.02;0.55;20;1
7791111;;4042809021912;BSN Medical;Elastomull;ELASTOMULL HAFT Bde extensible cohés 10cmx4m;0.2;2.26;0.55;28;1
7791128;;4042809021943;BSN Medical;Elastomull;ELASTOMULL HAFT Bde extensible cohés 12cmx4m;0.2;2.54;0.55;0;1
4384204;;4042809198959;BSN Medical;Hypafix;HYPAFIX TRANSPARENT Sparad 10cmx10m;0.2;21.45;0.5;12;1
4384233;;4042809402759;BSN Medical;Hypafix;HYPAFIX TRANSPARENT Sparad 10cmx2m;0.2;7.93;0.5;12;1
6359860;;4042809000887;BSN Medical;Hypafix;HYPAFIX Sparad 5cmx10m;0.2;3.74;0.35;24;1
6359877;;4042809000917;BSN Medical;Hypafix;HYPAFIX Sparad 10cmx10m;0.2;5.84;0.3;24;1
6463758;;4042809000856;BSN Medical;Hypafix;HYPAFIX Sparad 2,5cmx10;0.2;2.4;0.3;24;1
6612282;;4042809000580;BSN Medical;Hypafix;HYPAFIX Sparad 2,5cmx5m;0.2;1.23;0;24;1
6612299;;4042809000610;BSN Medical;Hypafix;HYPAFIX Sparad 5cmx5m;0.2;2.4;0.35;24;1
7245176;;4042809000641;BSN Medical;Hypafix;HYPAFIX Sparad 10cmx5m;0.2;3.74;0.3;12;1
4471601;;4042809199444;BSN Medical;Leukomed;LEUKOMED Pans adh str+comp 5x7,2cm B/5;0.2;1.37;0.4;36;1
4471618;;4042809199475;BSN Medical;Leukomed;LEUKOMED Pans adh str+comp 8x10cm B/5;0.2;2.75;0.4;36;1
4471624;;4042809199505;BSN Medical;Leukomed;LEUKOMED Pans adh str+comp 8x15cm B/5;0.2;5.19;0.4;36;1
4471630;;4042809205053;BSN Medical;Leukomed;LEUKOMED Pans adh str+comp 10x20cm B/5;0.2;6.67;0.4;36;1
4472500;;4042809199710;BSN Medical;Leukomed;LEUKOMED T PLUS Pans adh 5x7,2cm B/5;0.2;4.47;0.4;36;1
4472517;;4042809199925;BSN Medical;Leukomed;LEUKOMED T PLUS Pans adh 8x10cm B/5;0.2;6.74;0.4;36;1
4479637;;4042809205077;BSN Medical;Leukomed;LEUKOMED Pans adh str+comp 10x25cm B/5;0.2;8.97;0.4;36;1
;;4042809804577;BSN Medical;Leukosan;LEUKOS W CLOS STR sutur cut adh 6x38mm 2S;0.2;3.48;0.4;16;1
;;4042809804607;BSN Medical;Leukosan;LEUKOS W CLOS STR sutur cut adh 3x75mm 2S;0.2;3.59;0.4;16;1
;;4042809804638;BSN Medical;Leukosan;LEUKOS W CLOS STR sutur cut adh 6x75mm 2S;0.2;3.59;0.4;16;1
9530395;;4042809203240;BSN Medical;Leukotape;LEUKOTAPE K Sparad chair 5cmx5m;0.2;12.56;0.3;50;1
9530432;;4042809203332;BSN Medical;Leukotape;LEUKOTAPE K Sparad rge 5cmx5m;0.2;12.56;0.3;50;1
9530461;;4042809203424;BSN Medical;Leukotape;LEUKOTAPE K Sparad bleu 5cmx5m;0.2;12.56;0.3;50;1
9530478;;4042809203455;BSN Medical;Leukotape;LEUKOTAPE K Sparad bleu 7,5cmx5m;0.2;19.23;0.3;40;1
9817547;;4042809390773;BSN Medical;Leukotape;LEUKOTAPE K Sparad noir 5cmx5m;0.2;12.56;0.3;50;1
9924734;;4042809390797;BSN Medical;Leukotape;LEUKOTAPE K Sparad rose 5cmx5m;0.2;12.56;0.3;50;1
9924740;;4042809390780;BSN Medical;Leukotape;LEUKOTAPE K Sparad bleu cie 5cmx5m;0.2;12.56;0.3;50;1
;;4042809652451;BSN Medical;Non renseigné;ACTIMOVE PHYSIOPA Poch cryo/thermo 12x29cm;0.2;7.91;0.3;12;1
;;4042809652475;BSN Medical;Non renseigné;ACTIMOVE PHYSIOPA Poch cryo/thermo 16x26cm;0.2;12.32;0.3;12;1
;;4042809658682;BSN Medical;Non renseigné;LEUKOPLAST SOFT WHITE Pans découp 6cmx5m B/1;0.2;13.38;0.4;20;1
4382406;;4042809434460;BSN Medical;Non renseigné;LEUKOPLAST PRO LF Sparad tiss adh 2cmx5m;0.2;2.78;0.5;12;1
4486850;;4042809226751;BSN Medical;Non renseigné;CUTICELL CLASSIC Pans gras sté 10x10cm B/10;0.2;8.45;0.3;60;1
4704761;;4042809073423;BSN Medical;Non renseigné;TENSOBAN Bde msse pol 10cmx20m;0.2;5.83;0.3;80;1
6174391;;4042809055061;BSN Medical;Non renseigné;STRAPPAL Bde adh inext content 4cmx10m;0.2;6.79;0.3;90;1
6497639;;4042809055092;BSN Medical;Non renseigné;STRAPPAL Bde adh inext content 2,5cmx10m;0.2;3.99;0.3;30;1
9530455;;4042809203394;BSN Medical;Non renseigné;LEUKOTAPE K Sparad bleu 2,5cmx5m;0.2;8.02;0.3;50;1
4704821;;4042809036572;BSN Medical;Tensoplast;TENSOPLAST HB Bde adh élast 3cmx2,5m;0.2;4.11;0.3;60;1
4704838;;4042809036602;BSN Medical;Tensoplast;TENSOPLAST HB Bde adh élast 6cmx2,5m;0.2;6;0.3;80;1
4704844;;4042809036633;BSN Medical;Tensoplast;TENSOPLAST HB Bde adh élast 8cmx2,5m;0.2;7.22;0.3;80;1
4704850;;4042809036664;BSN Medical;Tensoplast;TENSOPLAST HB Bde adh élast 10cmx2,5m;0.2;8.76;0.3;80;1
;;3660398504695;Bailleul;Non renseigné;ECOPHANE Shampooing extra doux Fl/200ml;0.2;6.7;0.35;1;1
;;3660398504701;Bailleul;Non renseigné;ECOPHANE SOFT Shampooing extra doux Fl pompe/500ml;0.2;11.7;0.35;1;1
;;3660398504831;Bailleul;Non renseigné;APAISAC Baume lèvres nourrissant T/15ml;0.2;3.9;0.35;1;1
;;3660398504855;Bailleul;Non renseigné;MYCOGEL Gel lavant Fl/150ml;0.2;8.5;0.35;20;1
;;3660398504909;Bailleul;Non renseigné;CYSTIPHANE+ Lot anti-chute Spray/125ml;0.2;37.2;0.35;24;1
;;3660398504923;Bailleul;Non renseigné;CYSTIPHANE+ Shampooing anti-chute Fl/200ml;0.2;11.8;0.35;24;1
;;3660398504985;Bailleul;Non renseigné;CYSTIPHANE FORT Cpr B/120;0.055;19.3;0.35;100;1
;;3660398505036;Bailleul;Non renseigné;CYSTIPHANE 90 CPS ANAGENE;0.055;21.4;0.35;1;1
;;3660398505081;Bailleul;Non renseigné;CYSTIPHANE FORT Cpr 3B/120;0.055;47;0.35;10;1
;;3660398505098;Bailleul;Non renseigné;CYSTIPHANE ANAGEN Cpr 3B/90;0.055;52;0.35;1;1
;;3660398506149;Bailleul;Non renseigné;CYSTIPHANE DUO FORT Cpr 2B/120 + Shamp Anti chute 100ml OFFERT;0.2;32.3;0.35;12;1
;3400930149997;;Bailleul;Non renseigné;OEDIEN 2 mg/0,03 mg Cpr pell 3Plq/28;0.1;26.84;0.14;1;1
;3400930292969;;Bailleul;Non renseigné;FINCREZO 2,275 mg/ml S pulv cut Fl/18ml;0.1;73;0.3;24;1
2228569;3400922285696;;Bailleul;Non renseigné;MYCONAIL 80 mg/g V ongles médicamenteux Fl/3,3ml;0.1;16.3;0.35;9;1
2683871;3400926838713;;Bailleul;Non renseigné;FINASTERIDE BAILLEUL 1 mg Cpr pell Plq/28;0.1;10.95;0.35;0;1
2683894;3400926838942;;Bailleul;Non renseigné;FINASTERIDE BAILLEUL 1 mg Cpr pell Plq/84;0.1;30.99;0.55;0;1
3087467;3400930874677;;Bailleul;Non renseigné;PSYLLIUM LANGLEBERT graines Plante en vrac Sach/250g;0.1;13.3;0.35;15;1
3392762;3400933927622;;Bailleul;Non renseigné;VERRUFILM S appl loc en flacon Fl/14ml;0.1;8.4;0.35;128;1
3408836;3400934088360;;Bailleul;Non renseigné;KETREL 0,050 % Cr T/30g;0.1;13.08;0.14;0;1
3424344;3400934243448;;Bailleul;Non renseigné;ERYLIK Gel appl cut T/30g;0.1;18.35;0.1;0;1
3562939;3400935629395;;Bailleul;Non renseigné;DOXYPALU 100 mg Cpr Plq/28;0.021;16.52;0.14;0;1
3635986;3400936359864;;Bailleul;Non renseigné;MINOXIDIL BAILLEUL 2 % S appl cut 3Fl/60ml;0.1;13.9;0.35;35;1
3689137;3400936891371;;Bailleul;Non renseigné;MINOXIDIL BAILLEUL 5 % S appl cut 3Fl/60ml;0.1;22.8;0.35;30;1
3695221;3400936952218;;Bailleul;Non renseigné;CYSTINE B6 BAILLEUL Cpr pell Plq/60;0.1;13.6;0.35;126;1
3801893;3400938018936;;Bailleul;Non renseigné;CYSTINE B6 BAILLEUL Cpr pell Plq/120;0.1;21.6;0.35;72;1
6260914;;3660398501212;Bailleul;Non renseigné;CYSTIPHANE S Shamp antipell normalis Fl/200ml;0.2;10.9;0.35;24;1
6260920;;3660398501205;Bailleul;Non renseigné;CYSTIPHANE DS Shamp antipell int Fl/200ml;0.2;11.4;0.35;24;1
6406849;3401364068496;3660398500758;Bailleul;Non renseigné;VERLIM 3 Vernis protect verrue Fl/7,5ml;0.2;5.3;0.35;48;1
9952340;3401099523406;3660398500840;Bailleul;Non renseigné;PSORIATEC Vernis soin des ongles Fl/3,3ml;0.2;15;0.35;24;1
2771345;3400927713453;;Bayer Santé (NR);Non renseigné;NEBIDO 1000 mg/4 ml S inj Fl/4ml;0.1;117.3;0.1;1;1
3010708;3400930107089;;Bayer Santé (NR);Non renseigné;BEPANTHENE 250 mg/ml S inj 6Amp/2ml;0.1;8.39;0.15;225;1
3064093;3400930640937;;Bayer Santé (NR);Non renseigné;MADECASSOL 1 % Cr T/10g;0.021;4.65;0.14;1;1
3139170;3400931391708;;Bayer Santé (NR);Non renseigné;ULTRAPROCT Pom rect T/30g;0.1;15.3;0.14;180;1
3139543;3400931395430;;Bayer Santé (NR);Non renseigné;DELIPROCT Pom rectale T/30g;0.1;15.3;0.14;180;1
3290518;3400932905188;;Bayer Santé (NR);Non renseigné;MADECASSOL 1 % Cr T/25g;0.1;24.8;0.14;1;1
3294924;3400932949243;;Bayer Santé (NR);Non renseigné;BEPANTHENE 100 mg Cpr Plq/60;0.1;17;0.15;80;1
3324482;3400933244828;;Bayer Santé (NR);Non renseigné;SKINOREN 20 % Cr T/30g;0.1;19.01;0.14;1;1
3421357;3400934213571;;Bayer Santé (NR);Non renseigné;LAROSCORBINE 1g/5ml S inj IV en amp 6Amp/5ml;0.021;9.12;0.12;0;1
3624445;3400936244450;;Bayer Santé (NR);Non renseigné;FINACEA 15 % Gel T/30g;0.1;19.01;0.14;1;1
3690904;3400936909045;;Bayer Santé (NR);Non renseigné;BIOTINE BAYER 0,5 % S inj IM 6Amp/1ml;0.1;8.04;0.14;130;1
3690927;3400936909274;;Bayer Santé (NR);Non renseigné;BIOTINE BAYER 5 mg Cpr Plq/60;0.1;27.99;0.15;144;1
3690985;3400936909854;;Bayer Santé (NR);Non renseigné;VITAMINE B1 B6 BAYER Cpr pell Plq/20;0.1;8.46;0.15;120;1
3690991;3400936909915;;Bayer Santé (NR);Non renseigné;VITAMINE B1 B6 BAYER Cpr pell Plq/40;0.1;15.81;0.14;120;1
3292687;3400932926879;;Bayer Santé Grand Public;Alka seltzer;ALKA SELTZER 324 mg Cpr eff B/20;0.1;6.24;0.16;60;1
3342480;3400933424800;;Bayer Santé Grand Public;Aspirine;ASPIRINE DU RHONE 500 mg Cpr à croquer Film thermos/20;0.1;7.57;0.16;50;1
3514679;3400935146793;;Bayer Santé Grand Public;Aspirine;ASPIRINE DU RHONE 500 mg Cpr Plq/20;0.021;4.74;0.16;240;1
3514685;3400935146854;;Bayer Santé Grand Public;Aspirine;ASPIRINE DU RHONE 500 mg Cpr Plq/5x10 (50);0.021;8.72;0.16;100;1
3206245;3400932062454;;Bayer Santé Grand Public;Aspro;ASPRO 500 mg Cpr eff B/20;0.1;5.14;0.16;108;1
3206251;3400932062515;;Bayer Santé Grand Public;Aspro;ASPRO 500 mg Cpr eff B/36;0.1;8.08;0.16;12;1
;;4064273110008;Bayer Santé Grand Public;Bepanthen;BEPANTHENSENSICALM PALPEBRAL Cr T/15g embout applicateur;0.2;10.46;0.16;1;1
;3400930261170;;Bayer Santé Grand Public;Bepanthen;BEPANTHEN 5 % Pom 3T/100g;0.1;24.07;0.16;15;1
3588778;3400935887788;;Bayer Santé Grand Public;Bepanthen;BEPANTHEN 5 % Cr T/100g;0.1;11.57;0.16;50;1
;;3534510000122;Bayer Santé Grand Public;Berocca;BEROCCABOOST Pdr or cola 14Sticks;0.055;12.99;0.16;48;1
;;3534510000665;Bayer Santé Grand Public;Berocca;BEROCCA ENERGIE PELLICULE Cpr pell B/30;0.055;13.45;0.16;72;6
;;3534510000672;Bayer Santé Grand Public;Berocca;BEROCCA ENERGIE EFFERV Cpr eff orange B/30;0.055;13.45;0.16;75;12
;;3534510000689;Bayer Santé Grand Public;Berocca;BEROCCA ENERGIE PELLICULE Cpr pell B/60;0.055;23.78;0.16;32;3
;;3534510000696;Bayer Santé Grand Public;Berocca;BEROCCA ENERGIE EFFERV Cpr eff orange B/60;0.055;23.78;0.16;24;6
;;3534510000702;Bayer Santé Grand Public;Berocca;BEROCCA ENERGIE EFFERV Cpr eff cassis B/30;0.055;13.45;0.16;75;1
;;3534510001129;Bayer Santé Grand Public;Berocca;BEROCCA IMMUNITE FLASH Cpr eff B/30;0.055;13.42;0.16;40;5
;;3534510002355;Bayer Santé Grand Public;Berocca;BEROCCA ENERGIE PRO B12 S buv 10Fl/10ml;0.055;13.12;0.16;24;1
5360602;3401553606027;;Bayer Santé Grand Public;Berocca;BEROCCA BOOST Cpr eff B/20;0.055;14.38;0.16;100;12
3664545;3400936645455;;Bayer Santé Grand Public;Biseptinespraid;BISEPTINESPRAID S appl cut Fl pulv/50ml;0.1;5.81;0.16;24;3
;;3534510000641;Bayer Santé Grand Public;Euphytose;EUPHYTOSENUIT Pdr sol buv 20Sach;0.055;8.52;0.16;20;1
;;3534510000740;Bayer Santé Grand Public;Euphytose;EUPHYTOSE STRESS CONCENTRATION Cpr B/30;0.055;11.02;0.16;80;1
;;3534510001198;Bayer Santé Grand Public;Euphytose;EUPHYTOSENUIT LP 1,9 mg Cpr B/15;0.055;12.62;0.16;15;6
;;3534510001662;Bayer Santé Grand Public;Euphytose;EUPHYTOSENUIT LP 1,9 mg Cpr B/30;0.055;18.62;0.16;30;5
;;3534510001778;Bayer Santé Grand Public;Euphytose;EUPHYTOSENUIT Gomme myrtille B/30;0.055;12.62;0.16;68;1
;;3534510001914;Bayer Santé Grand Public;Euphytose;EUPHYTOSENUIT 1mg Spray Fl/20ml;0.055;10.31;0.16;1;1
3008834;3400930088340;;Bayer Santé Grand Public;Euphytose;EUPHYTOSE Cpr enr B/180;0.1;13.56;0.16;24;6
;;3534510001570;Bayer Santé Grand Public;Hydralin;HYDRALIN INTIMIFLOR Gél à avaler B/30;0.055;15.85;0.16;1;1
;;3534510001679;Bayer Santé Grand Public;Hydralin;HYDRALIN GYN Cr gel apaisante T/35g;0.2;8.44;0.16;90;1
;;3534510001945;Bayer Santé Grand Public;Hydralin;HYDRALIN CONFORT VAGINAL Gel hydrat conf 30ml;0.2;13.57;0.16;1;1
;;3534510001969;Bayer Santé Grand Public;Hydralin;HYDRALIN BALANCE Ov vaginal triple action vaginose bactérienne B/7;0.2;16.39;0.16;1;1
2021503;3401320215032;3401320215032;Bayer Santé Grand Public;Hydralin;HYDRALIN QUOTIDIEN Gel lav us int Fl/100ml;0.2;4.15;0.16;24;3
2021532;3401320215322;3401320215322;Bayer Santé Grand Public;Hydralin;HYDRALIN GYN Gel calm us int Fl/100ml;0.2;6.39;0.16;24;1
2548558;3401525485582;;Bayer Santé Grand Public;Hydralin;HYDRALIN QUOTIDIEN Sol us intime 2Fl/200ml;0.2;12.65;0.16;12;3
2855734;3401528557347;;Bayer Santé Grand Public;Hydralin;HYDRALIN FILLETTE Msse lav us int Flppe/15;0.2;7.27;0.16;12;1
4330579;3401343305796;;Bayer Santé Grand Public;Hydralin;HYDRALIN QUOTIDIEN Sol us intime Fl/400ml;0.2;11.66;0.16;20;3
4616198;3401346161986;;Bayer Santé Grand Public;Hydralin;HYDRALIN QUOTIDIEN Ling us intim Sach/10;0.2;3.17;0.17;24;1
4784889;3401347848893;;Bayer Santé Grand Public;Hydralin;HYDRALIN SECHERESSE Emul mous us int Fl/20;0.2;8.69;0.16;24;3
6017062;3401360170629;;Bayer Santé Grand Public;Hydralin;HYDRALIN GYN Cr gel T/15ml;0.2;6.72;0.16;70;3
9686878;3401396868781;;Bayer Santé Grand Public;Hydralin;HYDRALIN GYN Sol us intim Fl/400ml;0.2;13.03;0.16;20;3
9767588;3401397675883;;Bayer Santé Grand Public;Hydralin;HYDRALIN Gel hydrat lubrif us int Fl ppe/50ml;0.2;12.55;0.16;48;1
3544611;3400935446114;;Bayer Santé Grand Public;Laroscorbine;LAROSCORBINE sans sucre 1 g Cpr eff T PP/15;0.1;5.35;0.16;0;10
3544634;3400935446343;;Bayer Santé Grand Public;Laroscorbine;LAROSCORBINE sans sucre 1 g Cpr eff T PP/30;0.1;9.41;0.16;75;1
3753243;3400937532433;;Bayer Santé Grand Public;Mopralpro;MOPRALPRO 20 mg Cpr gastro-rés Plq/7;0.1;8.78;0.16;300;1
3753266;3400937532662;;Bayer Santé Grand Public;Mopralpro;MOPRALPRO 20 mg Cpr gastro-rés Plq/14;0.1;15.24;0.16;150;1
;3400930148334;;Bayer Santé Grand Public;MycoHydralin;MYCOHYDRALIN 500 mg Caps vag Plq/1+applic;0.021;9.66;0.16;40;6
2796581;3400927965814;3400927965814;Bayer Santé Grand Public;MycoHydralin;MYCOHYDRALIN 500 mg Cpr vaginal Plq/1;0.021;8.12;0.16;35;6
3419478;3400934194788;;Bayer Santé Grand Public;MycoHydralin;MYCOHYDRALIN Cr T/20g;0.021;6.91;0.16;100;6
4939866;3400949398669;;Bayer Santé Grand Public;MycoHydralin;MYCOHYDRALIN 200 mg Cpr vaginal Plq/3+applic;0.021;7.58;0.16;35;1
;;3534510001235;Bayer Santé Grand Public;Non renseigné;BEPANTHENDERMA SENSICONTROL Gel lav 400ml;0.2;14.23;0.16;1;1
2855326;3401528553264;;Bayer Santé Grand Public;Non renseigné;HYDRALIN BALANCE Gel vag triple act 7Unid/5ml;0.2;15.72;0.16;72;3
3046563;3400930465639;;Bayer Santé Grand Public;Non renseigné;GURONSAN Cpr eff T/30;0.1;21.07;0.16;75;1
3289716;3400932897162;;Bayer Santé Grand Public;Non renseigné;EUPHYTOSE Cpr enr B/120;0.1;10.42;0.16;60;12
3302888;3400933028886;;Bayer Santé Grand Public;Non renseigné;RENNIE sans sucre Cpr à croquer Plq/36;0.1;6.37;0.16;100;6
3302902;3400933029029;;Bayer Santé Grand Public;Non renseigné;RENNIE sans sucre Cpr à croquer B/60;0.1;8.37;0.16;60;6
3302919;3400933029197;;Bayer Santé Grand Public;Non renseigné;RENNIE sans sucre Cpr à croquer Pq/96;0.1;10.16;0.16;72;6
3422730;3400934227301;;Bayer Santé Grand Public;Non renseigné;POLARAMINE 2 mg Cpr séc Plq/20;0.021;5.02;0.16;198;1
3593992;3400935939920;;Bayer Santé Grand Public;Non renseigné;BEPANTHEN 5 % Pom T/30g;0.021;5.71;0.16;100;6
3594017;3400935940179;;Bayer Santé Grand Public;Non renseigné;BEPANTHEN 5 % Pom T/100g;0.021;10.25;0.16;50;12
3919991;3400939199917;3400939199917;Bayer Santé Grand Public;Non renseigné;BEPANTHEN 5 % Pom 2T/100g;0.1;17.87;0.16;15;6
4050348;3401040503488;;Bayer Santé Grand Public;Non renseigné;BEPANTHENSENSICALM Cr anti-démang T/50g;0.2;14.48;0.16;90;6
7642434;3401376424341;;Bayer Santé Grand Public;Non renseigné;HYDRALIN QUOTIDIEN 200ml;0.2;7.02;0.16;24;6
8163109;3401581631091;;Bayer Santé Grand Public;Non renseigné;EUPHYTOSENUIT Cpr enr B/30;0.055;12.62;0.16;30;12
9686861;3401396868613;;Bayer Santé Grand Public;Non renseigné;HYDRALIN GYN Sol us intim Fl/200ml;0.2;8.61;0.16;24;6
3247770;3400932477708;;Bayer Santé Grand Public;Rennie;RENNIE Cpr 2Plq/24;0.1;7.51;0.16;96;1
3694807;3400936948075;;Bayer Santé Grand Public;Rennie;RENNIE Cpr à croquer orange Plq/36;0.1;6.73;0.16;96;6
7759892;3401577598926;;Bayer Santé Grand Public;Supradyn;SUPRADYN INTENSIA Cpr eff B/30;0.055;16.51;0.16;60;1
3296981;3400932969814;;Bayer Schering Pharma;Non renseigné;DIANE 35 Cpr enr Plq/3x21 (63);0.1;22.78;0.14;180;1
3560567;3400935605672;;Bayer Schering Pharma;Non renseigné;JASMINE 0,03 mg/3 mg Cpr pell Plq/63;0.1;30.01;0.14;0;1
3764005;3400937640053;;Bayer Schering Pharma;Non renseigné;JASMINELLE 0,02 mg/3 mg Cpr pell Plq/63;0.1;29.92;0.14;128;1
3764459;3400937644594;;Bayer Schering Pharma;Non renseigné;JASMINELLECONTINU 0,02mg/3mg Cpr pell Plq/8;0.1;29.97;0.12;4;1
3884057;3400938840575;;Bayer Schering Pharma;Non renseigné;YAZ 0,02 mg/3 mg Cpr pell 3Plq/28 (84);0.1;29.97;0.14;128;1
3909490;3400939094908;;Bayer Schering Pharma;Non renseigné;QLAIRA Cpr pell 3Plq/28;0.1;31.87;0.14;128;1
;;3701335900481;Bee Clean & Nezpirateur;Non renseigné;BEE CLEAN Bougie d'oreilles Cire Abeille B/2;0.2;6.5;0.2;1;1
;;5999880412018;Bee Clean & Nezpirateur;Non renseigné;NEZPIRATEUR Mouche-bébé;0.2;16.9;0.2;1;1
;;5999880412025;Bee Clean & Nezpirateur;Non renseigné;NEZPIRATEUR Brossett nettoyag pour mouche BB;0.2;2.2;0.2;1;1
;;8412122000080;Beter;Beter Manucure;BETER Présentoir de 30 coupe-ongles avec réservoir;0.2;57.59;0.05;12;1
;;8412122050061;Beter;Beter Manucure;BETER Présentoir de 35X4 limes à ongles, fibre de verre;0.2;35.81;0.05;1;1
;;8412122050375;Beter;Beter Manucure;BETER Présentoir de 36 LIMAX 6 limes en 1, fibre de verre;0.2;70.49;0.05;1;1
;;8412122070038;Beter;Beter Manucure;BETER Présentoir de 16 NAIL IT! Coupe-ongles double;0.2;69.87;0.05;1;1
;;8412122140038;Beter;Beter Manucure;BETER MINICURE Kit de soins pour bébé;0.2;12.18;0.05;1;1
;;8470002399396;Beter;Beter Manucure;BETER Ciseaux manucure à peaux, chromés;0.2;6.56;0.05;1;1
;;8470002399471;Beter;Beter Manucure;BETER Ciseaux manucure à ongles, chromés;0.2;6.56;0.05;6;1
;;8470002428003;Beter;Beter Manucure;BETER Coupe-ongles manucure avec lime, chromé;0.2;1.53;0.05;6;1
;;8470002428188;Beter;Beter Manucure;BETER Coupe-ongles pédicure, chromé;0.2;1.91;0.05;6;1
;;8470002428423;Beter;Beter Manucure;BETER 4 limes à ongles, corindon;0.2;0.88;0.05;6;1
;;8470002428591;Beter;Beter Manucure;BETER Lime à ongles, saphir - modèle aléatoire;0.2;1.79;0.05;6;1
;;8470002428751;Beter;Beter Manucure;BETER Pince manucure à ongles courbée;0.2;9.93;0.05;3;1
;;8470003723268;Beter;Beter Manucure;BETER Coupe-cuticules 3-en-1 avec repoussoir et lime - modèle aléatoire;0.2;4.39;0.05;6;1
;;8412122000325;Beter;Beter Peigne, brosse à cheveux;BETER BAMWOOD COLLECTION Présentoir brosses - 12 unités;0.2;103.09;0.05;1;1
;;8412122002015;Beter;Beter Peigne, brosse à cheveux;BETER Présentoir The Original brosse démêlante - 12 unités;0.2;54.25;0.05;1;1
;;8412122006068;Beter;Beter Peigne, brosse à cheveux;BETER Présentoir The Original Charm brosse démêlante - 12 unités;0.2;27.06;0.05;1;1
;;8412122030018;Beter;Beter Peigne, brosse à cheveux;BETER The Original brosse démêlante - modème aléatoire;0.2;4.52;0.05;1;1
;;8412122033019;Beter;Beter Peigne, brosse à cheveux;BETER Brosse pneumatique, picots en bois protégés - modèle aléatoire;0.2;4.91;0.05;1;1
;;8412122033026;Beter;Beter Peigne, brosse à cheveux;BETER Brosse squelette flexible - modèle aléatoire;0.2;5.53;0.05;1;1
;;8412122033033;Beter;Beter Peigne, brosse à cheveux;BETER Brosse démêlante - modèle aléatoire;0.2;6.17;0.05;1;1
;;8412122033040;Beter;Beter Peigne, brosse à cheveux;BETER The Original XS brosse démêlante - modèle aléatoire;0.2;3.32;0.05;120;1
;;8412122123000;Beter;Beter Peigne, brosse à cheveux;BETER Peigne de coupe - modèle aléatoire;0.2;1.23;0.05;1;1
;;8412122123017;Beter;Beter Peigne, brosse à cheveux;BETER Peigne démêloir - modèle aléatoire;0.2;1.96;0.05;1;1
;;8412122123024;Beter;Beter Peigne, brosse à cheveux;BETER Peigne curly - modèle aléatoire;0.2;1.73;0.05;1;1
;;8412122221973;Beter;Beter Peigne, brosse à cheveux;MASSEUR DE CUIR CHEVELU;0.2;3.2;0.05;6;1
;;8412122090210;Beter;Beter Pince à épiler;BETER Présentoir de 20 Duply pince à épiler, double pointe;0.2;62.8;0.05;12;1
;;8412122090326;Beter;Beter Pince à épiler;BETER Présentoir de 20X2 TWEEZERS Double pince à épiler magnétique;0.2;105.38;0.05;12;1
;;8470002427761;Beter;Beter Pince à épiler;BETER Pince à épiler, inoxydable;0.2;2.56;0.05;6;1
;;8470002427921;Beter;Beter Pince à épiler;BETER Pince à épiler, bleue;0.2;3.21;0.05;6;1
;;8470002469341;Beter;Beter Pince à épiler;BETER Pince à épiler, chromée;0.2;5.3;0.05;6;1
;;8470003799829;Beter;Beter Pince à épiler;BETER Pince à épiler dorée;0.2;2.72;0.05;6;1
;;8470001594570;Beter;Beter Pédicure;BETER Ciseaux pédicure, spécial ongles durs;0.2;8.48;0.05;1;1
;;8470002399624;Beter;Beter Pédicure;BETER Pince pédicure, chromé;0.2;8.93;0.05;3;1
;;8470002429826;Beter;Beter Pédicure;BETER Coupe-cors avec 1 lame, chromé;0.2;7.72;0.05;1;1
;;8470002430068;Beter;Beter Pédicure;BETER Ciseaux pédicure à ongles;0.2;11.17;0.05;6;1
;;8470003244183;Beter;Beter Pédicure;BETER Pince pédicure, ressort spirale;0.2;17.57;0.05;3;1
;;8412122146115;Beter;Non renseigné;BETER OOOH!!! XL Miroir avec ventouses;0.2;8.14;0.05;6;1
;;8412122220495;Beter;Non renseigné;BETER Patchs pour les yeux;0.2;7.02;0.05;6;1
;;8412122223205;Beter;Non renseigné;BETER Brosse faciale 3 en 1 - modèle aléatoire;0.2;5.23;0.05;1;1
;;8470002429178;Beter;Non renseigné;BETER Ciseaux spéciaux pour les enfants & soin masculin : nez et oreilles,;0.2;8.13;0.05;6;1
;;8470002430716;Beter;Non renseigné;BETER Ciseaux multifonction, nickelés;0.2;6.85;0.05;6;1
6794024;;3605874680142;Biocanina;Ascatryl;ASCATRYL TRIO Cpr chien B/2;0.2;9.55;0.37;1;1
6794030;;3605874680159;Biocanina;Ascatryl;ASCATRYL TRIO Cpr chien B/4;0.2;16.59;0.37;0;1
;;3661729000008;Biocanina;Biocanina;BIOCANINA ARTHROPLUS TASTY Bouchée Ct Sach/30;0.2;16.79;0.3;1;1
;;3661729017037;Biocanina;Biocanina;BIOCANINA Tire-tiques Bte/2u;0.2;6.55;0.37;24;1
;;3661729017761;Biocanina;Biocanina;BIOCANINA Msse shamp ss rinç Fl/150ml;0.2;11.41;0.3;6;1
;;3661729018775;Biocanina;Biocanina;BIOCANINA Shampooing apaisant T/200ml;0.2;8.8;0.3;12;1
;;3661729018782;Biocanina;Biocanina;BIOCANINA Shampooing chiot/chaton T/200ml;0.2;8.8;0.3;12;1
;;3661729019840;Biocanina;Biocanina;BIOCANINA BIOCANISPRAY Chlorhexidine Spray 100ml;0.2;8.55;0.3;12;1
;;3661729022338;Biocanina;Biocanina;BIOCANINA TRIODEN Lam mâch Ch ptt Sach/15;0.2;10.61;0.3;1;1
;;3661729022345;Biocanina;Biocanina;BIOCANINA TRIODEN Lam mâch Ch très pt Sach/15;0.2;8.94;0.3;12;1
;;3661729023618;Biocanina;Biocanina;ANTILACTIS BIOCANINA Cpr B/30;0.2;10.33;0.3;1;1
;;3661729024196;Biocanina;Biocanina;BIOCANINA Tire-tiques B/3;0.2;7.31;0.37;24;1
;;3661729026770;Biocanina;Biocanina;BIOCANINA HOMIZER Diffuseur Fl/100ml;0.2;8.98;0;12;1
;;3661729026787;Biocanina;Biocanina;BIOCANINA HOMIZER Spray rampants Fl/300ml;0.2;8.78;0;12;1
;;3661729027388;Biocanina;Biocanina;BIOCANINA Lot auriculaire Fl/135ml;0.2;10.82;0.3;30;1
;;3661729027418;Biocanina;Biocanina;BIOCANINA Lot oculaire chien/chat Fl/135ml;0.2;7.88;0.3;30;1
;;3661729027708;Biocanina;Biocanina;BIOCANINA Collier répulsif petit chien 35cm;0.2;8.2;0.35;1;1
;;3700454550027;Biocanina;Biocanina;FIPRODOG 67 mg Solution pour spot-on pour petits chiens 3Pipettes/0,67ml;0.2;11.87;0.37;4;1
;;3700454550034;Biocanina;Biocanina;FIPRODOG 134 mg Solution pour spot-on chien moyen 3Pipettes/1,34ml;0.2;13.6;0.37;1;1
;;3700454550041;Biocanina;Biocanina;FIPRODOG 268 mg Solution pour spot-on grand chien 3Pipettes/2,68ml;0.2;16.57;0.37;1;1
;;3700454550058;Biocanina;Biocanina;FIPRODOG 402 mg Solution pour spot-on très grand chien 3Pipettes/4,02ml;0.2;19.53;0.37;1;1
;;9990000010311;Biocanina;Biocanina;BIOCANINA Tire-tiques Bte/2u PRES 20;0.2;131;0.37;1;1
4268900;3401142689004;;Biocanina;Biocanina;BIOCANINA Shamp sec Pdreuse/75g;0.2;8.99;0.3;0;1
4581212;3401145812126;;Biocanina;Biocanina;BIOCANINA ARTHROPLUS Cpr B/40;0.2;19.06;0.3;0;1
6555609;3401565556099;;Biocanina;Biocanina;BIOCANINA Lait pdre maternisé B/400g;0.2;15.52;0.3;9;1
6785120;;3461920000483;Biocanina;Biocanina;BIOCANINA APE CN CT BCN Tétraméthrine Shampooing Fl/200ml;0.2;10.97;0.3;24;1
6810846;;3700481500217;Biocanina;Biocanina;TICK-PUSS Fipronil 2,5 ml/ mg S ext Spray/100ml;0.2;16.58;0.37;6;1
6810852;;3700481500224;Biocanina;Biocanina;TICK-PUSS Fipronil 2,5 ml/ mg S ext Spray/250ml;0.2;29.41;0.37;4;1
6839063;;3661729024240;Biocanina;Biocanina;FELIPIL 5 mg Cpr B/6;0.2;6.99;0.3;240;1
7775276;3401177752766;;Biocanina;Biocanina;BIOCANINA RANDOPATT S ext Fl appl/90ml;0.2;9.26;0.3;12;1
7865312;3401178653123;;Biocanina;Biocanina;BIOCANINA PRURISPRAY lotion calm Ct Ch Fl pul;0.2;8.67;0.3;72;1
7865329;3401178653291;3661729018799;Biocanina;Biocanina;BIOCANINA Shamp éclat pelage blc Fl/200ml;0.2;8.8;0.3;1;1
;;3661729021577;Biocanina;Ecologis;BIOCANINA PURE HABITAT Spray antipar Fl/250ml;0.2;13.99;0.3;12;1
;;3700454550010;Biocanina;Fiprocat;FIPROCAT 50 mg Solution pour spot-on chat 3Pipettes/0,5ml;0.2;10.07;0.37;80;1
;;3838989758905;Biocanina;Fiprocat;FIPROCAT COMBO 50mg/60mg Spo cht fur 3P/0,5ml;0.2;12.55;0.37;1;1
;;3838989758967;Biocanina;Fiprodog;FIPRODOG COMBO 268mg/241,2mg S gd Ch 3P/0,5ml;0.2;20.23;0.37;1;1
;;3661729023649;Biocanina;Gamme Bio et Naturelle;BIOCANINA Shamp anti-démang Fl/240ml;0.2;12.77;0.35;1;1
;;3661729023656;Biocanina;Gamme Bio et Naturelle;BIOCANINA Lot anti-démangeaisons Spray/240ml;0.2;13.85;0.35;1;1
;;3661729023663;Biocanina;Gamme Bio et Naturelle;BIOCANINA Gel anti-démangeaisons Fl/125ml;0.2;14.92;0.35;1;1
;;3661729026466;Biocanina;Gamme Bio et Naturelle;BIOCANINA Bme nourrissant Pot/50g;0.2;11.61;0.35;1;1
;;3661729026503;Biocanina;Gamme Bio et Naturelle;BIOCANINA BIO Pipette répulsive chat/chaton B/1;0.2;4.65;0.35;1;1
;;3661729026510;Biocanina;Gamme Bio et Naturelle;BIOCANINA BIO Shampooing solide Pain/100g;0.2;10.4;0.35;1;1
;;3661729027074;Biocanina;Gamme Bio et Naturelle;BIOCANINA BIO Pipette répulsive chien >30kg 3Pipettes/5ml;0.2;13.75;0.35;1;1
;;3666560024756;Biocanina;Gamme Bio et Naturelle;BIOCANINA Collier répulsif chien 75cm;0.2;9.53;0.35;1;1
;;3666560024763;Biocanina;Gamme Bio et Naturelle;BIOCANINA Collier répulsif chat;0.2;8.2;0.35;1;1
;;3666560024787;Biocanina;Gamme Bio et Naturelle;BIOCANINA Lot répulsive bio Fl/240ml;0.2;11.53;0.35;1;1
5916301;;3661729025247;Biocanina;Milbetel;MILBETEL 16 mg/40 mg Cpr chat B/2;0.2;13.05;0.37;120;1
5916318;;3661729025230;Biocanina;Milbetel;MILBETEL 4 mg/10 mg Cpr petits chats et chatons B/2;0.2;8.37;0.37;1;1
5916324;;3661729025216;Biocanina;Milbetel;MILBETEL 2,5 mg/25 mg Cpr petits chiens et chiots B/2;0.2;7.87;0.37;1;1
5916330;;3661729025223;Biocanina;Milbetel;MILBETEL 12,5 mg/125 mg Cpr chien B/2;0.2;13.46;0.37;120;1
;;3661729018768;Biocanina;Non renseigné;BIOCANINA Spray anti-stress chat Fl/100ml;0.2;14.09;0.3;6;1
2144022;;3661729236957;Biocanina;Non renseigné;DIARSTOP Cpr Plq/12;0.2;9.33;0.3;0;1
4256707;;3661729239187;Biocanina;Non renseigné;TETRYCOLLYRE BIOCANINA Collyre Fl/10ml;0.2;10.43;0.3;0;1
5917200;;3700454550201;Biocanina;Non renseigné;MULTIVERMYX 80 mg/20 mg Cpr vermifuge chat B/2;0.2;6.99;0.37;1;1
6700053;;3661729018362;Biocanina;Non renseigné;BIOCANINA MAL DES TRANSPORTS Cpr 2Plq/10;0.2;7.75;0.3;1;1
6786556;;3661729237381;Biocanina;Non renseigné;FELIVERS Cpr appétent B/4;0.2;11.93;0.37;0;1
6802077;;3661729236063;Biocanina;Non renseigné;ASCATENE Cpr B/10;0.2;10.46;0.37;6;1
6803674;;3661729237497;Biocanina;Non renseigné;GASTROENTERICANIS Cpr Plq/20;0.2;8.71;0;0;1
6847921;;3661729236933;Biocanina;Non renseigné;DERMATT Cpr B/20;0.2;13.9;0.3;120;1
6944067;;3661729238241;Biocanina;Non renseigné;OTOSTAN S aur fl compte-gtes 15 ml;0.2;9.65;0.3;0;1
6997313;;3661729236490;Biocanina;Non renseigné;CANIPIL 10 mg Cpr B/20;0.2;11.65;0.3;0;1
;;3838989741037;Biocanina;Permetrix;PERMETR BIOC 200mg/40mg Ston tptchie 3P/0,4ml;0.2;14.75;0.4;1;1
;;3838989741044;Biocanina;Permetrix;PERMETRIX BIOCANINA 500 mg/100 mg Solution pour spot-on petit chien B/3;0.2;16.23;0.4;1;1
;;3838989741068;Biocanina;Permetrix;PERMETRIX BIOCANINA 1250 mg/250 mg Solution pour spot-on moyen chien B/3;0.2;18.91;0.4;1;1
;;3838989741075;Biocanina;Permetrix;PERMETRIX BIOCANINA 2000 mg/400 mg Solution pour spot-on grand chien B/3;0.2;22.5;0.4;1;1
;;3700399100233;Biocodex;Chronodorm;CHRONODORM Mélatonine 1,9 mg Cpr subl B/30;0.055;8.61;0.18;36;1
;;3700399100240;Biocodex;Chronodorm;CHRONODORM Mélatonine 1,9 mg Cpr subl 2B/30;0.055;14.64;0.18;5;1
;;3700399100288;Biocodex;Chronodorm;CHRONODORM DOUBLE ACTION Cpr bicouche B/15;0.055;11.05;0.18;12;1
;3401525000686;;Biocodex;Chronodorm;CHRONODORM Mélatonine 1mg Cpr subl 2B/30;0.055;11.61;0.18;6;1
6008262;3401560082623;;Biocodex;Chronodorm;CHRONODORM Mélatonine 1mg Cpr subl B/30;0.055;6.83;0.18;36;1
6234973;;3700399101162;Biocodex;Chronodorm;CHRONODORM Mélatonine Sol subling Spray/30ml;0.055;10.12;0.18;168;1
3031171;3400930311714;;Biocodex;Difrarel;DIFRAREL 100 mg Cpr enr Plq/20;0.1;7.87;0.25;200;1
3900342;3400939003429;;Biocodex;Difrarel;DIFRAREL 100 mg Cpr enr Plq/6x10 (60);0.1;18.95;0.25;160;1
3770106;3400937701068;;Biocodex;Difrarel E;DIFRAREL E Cpr enr Plq/60;0.1;15.71;0.25;0;1
;;3700399101667;Biocodex;Déramp;DERAMP Cpr B/30;0.055;7.92;0.18;204;1
;;3700399101186;Biocodex;Florgynal;FLORGYNAL Tamp pér av appli sup B/9;0.055;8.09;0.15;6;1
;;3700399101193;Biocodex;Florgynal;FLORGYNAL Tamp pér av appli norm B/9;0.055;8.09;0.15;6;1
;;3700399101223;Biocodex;Florgynal;FLORGYNAL Tamp pér ss appli norm eco B/22;0.055;11.81;0.15;6;1
;;3700399101230;Biocodex;Florgynal;FLORGYNAL Tamp pér ss appli sup B/8;0.055;8.09;0.15;12;1
;;3700399101247;Biocodex;Florgynal;FLORGYNAL Tamp pér ss appli norm B/12;0.055;8.09;0.15;12;1
6110893;;3700399100356;Biocodex;Florgynelle;FLORGYNELLE Cr vulvaire protectrice T/15ml;0.2;8.33;0.15;72;1
;;3583310000634;Biocodex;Gestarelle;GESTARELLE G+ Gél B/30;0.055;12.6;0.15;1;1
6388995;;3583310000641;Biocodex;Gestarelle;GESTARELLE G+ Gél B/90;0.055;25.2;0.15;36;1
2669227;3400926692278;;Biocodex;Melaxose / Melaxib;MELAXOSE Pâte orale en pot Pot PP/200g+c mesure;0.1;5.25;0.24;36;1
;;3583310000603;Biocodex;Mucogyne;MUCOGYNE Gél B/28;0.055;17.99;0.15;134;1
;;3700399101384;Biocodex;Mucogyne;MUCOGYNE Gel int non hormo ac hyalu T/70ml;0.2;14.44;0.15;24;1
4039200;3401040392006;;Biocodex;Mucogyne;MUCOGYNE Gel vag lubrif us intime 8Unid/5ml;0.2;16.18;0.15;12;1
6161399;;3700399100714;Biocodex;Mucogyne;MUCOGYNE Ovule cicatrisant int Bte/10;0.2;10.34;0.15;90;1
7126968;3401571269686;;Biocodex;Mucogyne;MUCOGYNE Gel vag lubrif us intim T/40ml;0.2;10.21;0.15;24;1
;;3700399100059;Biocodex;Myleuca;MYLEUCA Sol lavante douce Fl/100ml;0.2;5.29;0.18;24;1
;;3700399100066;Biocodex;Myleuca;MYLEUCA Sol lavante douce Fl/200ml;0.2;9.01;0.18;24;1
;;3700399100073;Biocodex;Myleuca;MYLEUCA Sol lavante douce Fl/400ml;0.2;14.4;0.18;12;1
2227417;3400922274171;;Biocodex;Myleugyne;MYLEUGYNE 1 % Cr T/30g;0.021;5.09;0.35;90;1
3746527;3400937465274;;Biocodex;Myleugyne;MYLEUGYNE LP 150 mg Ovule LP Plq/1;0.021;4.19;0.35;240;1
3986243;3400939862439;;Biocodex;Myleugyne;MYLEUGYNE LP 150 mg Ovule LP Plq/2;0.021;7.64;0.35;144;1
;;3700399102152;Biocodex;Non renseigné;PELVI'TONIC+ Disp vag rééduc périnéal;0.2;31.45;0.15;1;1
2249985;3400922499857;;Biocodex;Non renseigné;CIRCADIN 2 mg Cpr LP Plq/30;0.1;22.3;0.12;84;1
3177555;3400931775553;;Biocodex;Non renseigné;STIMOL 1 g/10 ml S buv en ampoule 18Amp/10ml;0.1;6.98;0.2;30;1
3228577;3400932285778;;Biocodex;Non renseigné;STRESAM Gél 3Plq/20 (60);0.1;7.95;0.13;100;1
3345202;3400933452025;;Biocodex;Non renseigné;STIMOL S buv 36Sach/10ml;0.1;12.9;0.25;18;1
3636661;3400936366619;;Biocodex;Non renseigné;OKIMUS Cpr enr Plaq/40;0.1;5.96;0.14;96;1
;3400930297780;3400930297780;Biocodex;Omezelis;OMEZELIS Cpr pell T/120;0.1;8.68;0.24;60;1
;;3700399101070;Biocodex;Physioflor;PHYSIOFLOR FLASH Cpr + gél B/10+10;0.055;10.36;0.15;108;1
6041929;;3700399100110;Biocodex;Physioflor;PHYSIOFLOR Gél voie orale flore intime B/30;0.055;14.79;0.15;84;1
6219293;;3700399100851;Biocodex;Physioflor;PHYSIOFLOR AC Gel vag acidif prébio 8Unid/5ml;0.2;16.23;0.15;24;1
;;3700399101728;Biocodex;Rap Phyto;RAP PHYTO Gel fraîcheur menthol bio T/150ml;0.2;10.04;0.18;6;1
;;3700399101735;Biocodex;Rap Phyto;RAP PHYTO Gel fraîcheur agrume bio T/150ml;0.2;10.04;0.18;6;1
;;3700399103142;Biocodex;Rap Phyto;RAP PHYTO CR AP JAMB LEG BIO 100ML;0.2;5.91;0.18;12;1
;;3700399100080;Biocodex;Saforelle;SAFORELLE Sol soin lavant doux Fl pompe/1l;0.2;18.6;0.15;6;1
;;3700399100325;Biocodex;Saforelle;SAFORELLE COTON PROT Serv jet bio nuit B/10;0.055;4.44;0.15;12;1
;;3700399100332;Biocodex;Saforelle;SAFORELLE COTON PROT Tamp av appl super B/14;0.055;4.85;0.15;12;1
;;3700399100431;Biocodex;Saforelle;SAFORELLE MISS Gel intime corp hypo 250ml;0.2;6.95;0.15;12;1
;;3700399100448;Biocodex;Saforelle;SAFORELLE MISS Gel intime corp hypo 500ml;0.2;11.06;0.15;12;1
;;3700399101100;Biocodex;Saforelle;SAFORELLE Ling intime biodégradable Pocket/10 PRESENTOIR 12;0.2;30;0.15;4;1
;;3700399102084;Biocodex;Saforelle;SAFORELLE COTON PROTECT Protège-slip B/30;0.055;4.96;0.15;12;1
;;3700399102381;Biocodex;Saforelle;SAFORELLE Culotte menstr flux abond T38;0.055;19.6;0.15;50;1
;;3700399102404;Biocodex;Saforelle;SAFORELLE Culotte menstr flux abond T42;0.055;19.6;0.15;50;1
;;3700399102411;Biocodex;Saforelle;SAFORELLE Culotte menstr flux abond T44;0.055;19.6;0.15;1;1
;;3700399102770;Biocodex;Saforelle;SAFORELLE Culotte menstr prem règle 12-14ans;0.055;19.6;0.15;50;1
;;3700399102787;Biocodex;Saforelle;SAFORELLE ESS REC Kit démarr hydrat 200ml+Fl;0.2;10.98;0.15;1;1
;;3700399102794;Biocodex;Saforelle;SAFORELLE ESS REC Bte recharge hydrat 2x200ml;0.2;9.05;0.15;1;1
;;3700399102800;Biocodex;Saforelle;SAFORELLE ESS REC Kit démarr apais 200ml+Fl;0.2;10.98;0.15;42;1
;;3700399102855;Biocodex;Saforelle;SAFORELLE ESSENTIAL Pain lavant intime apaisant Pain/90g;0.2;3.53;0.15;12;1
;;3700399103036;Biocodex;Saforelle;SAFORELLE COUPE MENST TRANSP T1 X2;0.2;27.12;0.15;1;1
;;3700399103043;Biocodex;Saforelle;SAFORELLE Coupe menstruelle B/2;0.055;27.66;0.15;1;1
;;3700399103050;Biocodex;Saforelle;SAFORELLE LUBRIFIANT INTIME Gel Fl pompe/30ml;0.2;8.92;0.15;24;1
2541177;3401325411774;;Biocodex;Saforelle;SAFORELLE Sol soin lav doux 2Fl/250ml;0.2;12.11;0.15;12;1
2549434;3401325494340;;Biocodex;Saforelle;SAFORELLE Sol soin lav doux 2Fl/500ml;0.2;18.6;0.15;6;1
4423559;3401344235597;;Biocodex;Saforelle;SAFORELLE Msse lav ultra-douce Fl ppe/250ml;0.2;7.74;0.15;24;1
6004987;3401560049879;;Biocodex;Saforelle;SAFORELLE COTON PROT Prot-slp flex B/30;0.055;4.96;0.15;18;1
6004989;3401560049893;;Biocodex;Saforelle;SAFORELLE COTON PROT Serv jet av ail B/10;0.055;4.44;0.15;12;1
6004990;3401560049909;;Biocodex;Saforelle;SAFORELLE COTON PROT Tamp av applic B/16;0.055;4.85;0.15;12;1
6021328;3401360213289;;Biocodex;Saforelle;SAFORELLE Sol soin lav ultra hydrat Eco/400ml;0.2;9.52;0.15;6;1
6112828;;3700399100417;Biocodex;Saforelle;SAFORELLE Sol soin lavant fraîcheur Fl/100ml;0.2;3.45;0.15;24;1
6114755;;3700399100424;Biocodex;Saforelle;SAFORELLE MISS Gel intime corp hypo 100ml;0.2;3.37;0.15;12;1
6114760;;3700399100462;Biocodex;Saforelle;SAFORELLE Sol soin lav ultra hydrat Fl/250ml;0.2;7.54;0.15;24;1
6114761;;3700399100479;Biocodex;Saforelle;SAFORELLE Soin lavant ultra hydratant Fl/500;0.2;11.9;0.15;6;1
6125784;;3700399100523;Biocodex;Saforelle;SAFORELLE Sol soin lavant fraîcheur Fl/250ml;0.2;6.73;0.15;24;1
6138586;;3700399100615;Biocodex;Saforelle;SAFORELLE Cr apais int irrit quot T/40ml;0.2;7.1;0.15;48;1
6153841;;3700399100653;Biocodex;Saforelle;SAFORELLE Cr apais int irrit quot T/100ml;0.2;11.42;0.15;36;1
6181037;3401361810371;;Biocodex;Saforelle;SAFORELLE Sol soin lav doux Fl/500ml;0.2;10.94;0.15;12;1
6220428;;3700399100912;Biocodex;Saforelle;SAFORELLE Lingette intime biodégradable B/10;0.2;3.17;0.15;24;1
6220430;;3700399100929;Biocodex;Saforelle;SAFORELLE Ling intime biodégradable Pocket/10;0.2;2.5;0.15;48;1
6413236;;3700399103081;Biocodex;Saforelle;SAFORELLE Soin lavant Ultra-Hydratant Flacon 100 ml NF;0.2;3.71;0.15;1;1
6533424;3401365334248;;Biocodex;Saforelle;SAFORELLE Sol soin lav doux Fl/250ml;0.2;6.73;0.15;24;1
7397302;3401373973026;;Biocodex;Saforelle;SAFORELLE Sol soin lav doux Fl/100ml;0.2;3.45;0.15;24;1
9716869;3401597168697;;Biocodex;Saforelle;SAFORELLE Sol soin lav doux Eco-recharg/400ml;0.2;9.14;0.15;6;1
;;3583310000504;Biocodex;Symbiosys;SYMBIOSYS DEFENCIA Gél adulte B/30;0.055;17.77;0.22;36;1
;;3583310000658;Biocodex;Symbiosys;STOMALEX Gél B/30;0.055;18.89;0.22;1;1
;;3583310000689;Biocodex;Symbiosys;ALFLOREX ENFANT SYMBIOSYS Pdr 30Sticks;0.055;16.5;0.22;24;1
;;3583310000801;Biocodex;Symbiosys;ALFLOREX SII SYMBIOSYS Gél B/30;0.055;24.98;0.22;40;1
6031492;3401560314922;;Biocodex;Symbiosys;SYMBIOSYS BIFIBABY S buvgte Fl/8ml+pipette;0.055;14.87;0.22;54;1
;;3700399100622;Biocodex;Thalamag;THALAMAG IMMUNITÉ Syst Immu Mg Fe B9 Gél 2/60;0.055;21.13;0.18;60;1
;;3700399101582;Biocodex;Thalamag;THALAMAG BOOST Mg noix Cola Spiru Cpr B/30;0.055;12.43;0.18;204;1
2503364;;3700399101285;Biocodex;Thalamag;THALAMAG EQUILIBRE INTERIEUR LP Mg Cpr 2B/30;0.055;16.17;0.18;85;1
6126599;;3700399100530;Biocodex;Thalamag;THALAMAG PLASMA MARIN Eau Mg Se S buv 20/10ml;0.055;17.52;0.18;24;1
6136875;;3700399100608;Biocodex;Thalamag;THALAMAG IMMUNITÉ Syst Immu Mg Fe B9 Gél B/60;0.055;12.43;0.18;120;1
6234993;;3700399101179;Biocodex;Thalamag;THALAMAG EQUILIBRE INTERIEUR LP Mg Cpr B/30;0.055;9.51;0.18;204;1
6249167;;3700399101360;Biocodex;Thalamag;THALAMAG EQUILIBRE INTERIEUR LP Mg Cpr B/15;0.055;5.28;0.18;240;1
;;3583310000610;Biocodex;Ultra-levure;ULTRA PROTECT ATB Probiotique Gél B/10;0.055;9;0.22;80;1
2209661;3400922096612;;Biocodex;Ultra-levure;ULTRA-LEVURE 200 mg Gél Plq/10;0.1;6.38;0.22;80;1
3110019;3400931100195;;Biocodex;Ultra-levure;ULTRA-LEVURE 50 mg Gél Fl/20;0.1;3.84;0.12;160;12
3259885;3400932598854;;Biocodex;Ultra-levure;ULTRA-LEVURE 50 mg Gél Fl/50;0.1;6.82;0.22;90;1
3437944;3400934379444;;Biocodex;Ultra-levure;ULTRA-LEVURE 100 mg Pdr susp buv en sachet B/20;0.1;6.51;0.22;80;1
3760740;3400937607407;;Biocodex;Ultra-levure;ULTRA-LEVURE 200 mg Gél Fl/30;0.1;14.45;0.22;90;1
6020068;3401560200683;;Biocodex;Ultra-levure;ULTRA-BABY Pdr en stick antidiarrhéiq B/14;0.055;8.61;0.22;90;1
;;3701129801543;Bioderma;Abcderm;ABCDERM COLD CREAM Cr lavante Fl pompe/1l;0.2;16.7;0.19;6;1
;;3701129801628;Bioderma;Abcderm;ABCDERM PERI-ORAL Cr contour bouche T/40ml;0.2;8.1;0.19;0;1
;;3701129801987;Bioderma;Abcderm;ABCDERM H2O Sol ss rinç nettoy BB Fl ppe/1l;0.2;12.81;0.19;6;1
;;3701129801994;Bioderma;Abcderm;ABCDERM H2O Sol ss rinç nettoy BB Fl/100ml;0.2;5.1;0.19;15;1
;;3701129802168;Bioderma;Abcderm;ABCDERM CHANGE INTENSIF Pâte à l'eau T/75g;0.2;6.9;0.19;0;1
6120091;;3701129801352;Bioderma;Abcderm;ABCDERM COLD CREAM Cr nourrissante T/200ml;0.2;10.35;0.19;15;1
9716361;3401397163618;;Bioderma;Abcderm;ABCDERM MOUSSANT Gel nettoy BB Fl ppe/1l;0.2;13.8;0.19;6;1
;;3701129801727;Bioderma;Atoderm;ATODERM XEREANE Bme visage et corps T/150ml;0.2;14.62;0.19;1;1
;;3701129801963;Bioderma;Atoderm;ATODERM INTENSIVE EYE Cr T/100ml;0.2;19.11;0.19;16;1
;;3701129802069;Bioderma;Atoderm;ATODERM INTENSIVE Bme ultra ap vis/corp 200ml;0.2;12.66;0.19;15;1
;;3701129802083;Bioderma;Atoderm;ATODERM INTENSIVE Bme ultra vis/corps 75ml;0.2;7.52;0.19;66;1
;;3701129802670;Bioderma;Atoderm;ATODERM INTENSIVE Gel crème Fl pompe/500ml;0.2;21.73;0.19;12;1
;;3701129803882;Bioderma;Atoderm;ATODERM PALMAKERA Cr T/100ml;0.2;15.44;0.19;16;1
;;3701129805312;Bioderma;Atoderm;ATODERM Cr parfumée Fl pompe/500ml;0.2;13.09;0.19;12;1
;;3701129805329;Bioderma;Atoderm;ATODERM CREME ULTRA Cr hydrat nourr 200ml;0.2;9.62;0.19;15;1
;;3701129805343;Bioderma;Atoderm;ATODERM CREME ULTRA Cr hydrat nourr 500ml;0.2;13.09;0.19;12;1
;;3701129805824;Bioderma;Atoderm;ATODERM CREME ULTRA Cr hydrat nourr 2/500ml;0.2;26.17;0.19;6;1
;;3701129806562;Bioderma;Atoderm;ATODERM Cr mains 2T/50ml;0.2;8;0.19;65;1
;;3701129806579;Bioderma;Atoderm;ATODERM Stick lèvres Lot/2/4g;0.2;6.52;0.19;288;1
;;3701129807323;Bioderma;Atoderm;ATODERM Gel dche nettoy douc PS Eco-rechge/1l;0.2;10.76;0.19;6;1
;;3701129807934;Bioderma;Atoderm;ATODERM 2-IN-1 OIL Huile Fl/150ml;0.2;16.12;0.19;1;1
;;3701129811559;Bioderma;Atoderm;ATODERM GEL DOUCHE 100ML;0.2;4.41;0.19;1;1
;;3701129811580;Bioderma;Atoderm;ATODERM Huile de douche T/100ml;0.2;5.08;0.19;1;1
;;3701129811597;Bioderma;Atoderm;ATODERM Huile de douche Fl pompe/200ml;0.2;8.65;0.19;15;1
;;3701129811627;Bioderma;Atoderm;ATODERM Huile de douche Fl pompe/1l;0.2;17.54;0.19;6;1
2854634;3401528546341;;Bioderma;Atoderm;ATODERM SOS Spray apais Fl/200ml;0.2;14.87;0.19;12;1
4065261;3401340652619;;Bioderma;Atoderm;ATODERM PP Bme PTS Fl ppe/500ml;0.2;18.24;0.19;12;1
6096975;3401560969757;;Bioderma;Atoderm;ATODERM INTENSIVE Gel mouss vis/corps 500ml;0.2;12.17;0.19;6;1
6165969;;3701129802007;Bioderma;Atoderm;ATODERM Cr de douche Fl pompe/1l;0.2;14.54;0.19;6;1
6165977;;3701129802076;Bioderma;Atoderm;ATODERM INTENSIVE Bme ultra vis/corps 500ml;0.2;21.73;0.19;12;1
6325603;;3701129807330;Bioderma;Atoderm;ATODERM Huile de douche Eco recharge/1l;0.2;14.91;0.19;6;1
6363325;;3701129811542;Bioderma;Atoderm;ATODERM Gel douche nettoyant douceur peau sèche Fl pompe/1l;0.2;12.96;0.19;6;1
;;3701129800225;Bioderma;Cicabio;CICABIO Lot spray Fl/40ml;0.2;8.02;0.19;50;1
;;3701129810019;Bioderma;Cicabio;CICABIO Bme lavant T/200ml;0.2;9.59;0.19;15;1
;;3701129810088;Bioderma;Cicabio;CICABIO CREME+ SPF50+ Cr effet pansement 40ml;0.2;11.02;0.19;128;1
;;3701129810095;Bioderma;Cicabio;CICABIO CREME+ Cr effet pansement T/40ml;0.2;7.55;0.19;128;1
;;3701129810101;Bioderma;Cicabio;CICABIO CREME+ Cr effet pansement T/100ml;0.2;12.24;0.19;72;1
;;3701129811399;Bioderma;Cicabio;CICABIO ARNICA+ Cr T/40ml;0.2;7.59;0.19;128;1
6127863;;3701129801710;Bioderma;Cicabio;CICABIO RESTOR Bme visage et corps T/100ml;0.2;15.44;0.19;16;1
;;3701129800836;Bioderma;Crealine;CREALINE Gel moussant T/100ml;0.2;6.07;0.19;1;1
;;3701129804445;Bioderma;Crealine;CREALINE DEFENSIVE Cr T/40ml;0.2;14.59;0.19;1;1
;;3701129804476;Bioderma;Crealine;CREALINE DEFENSIVE RICHE Cr T/40ml;0.2;14.59;0.19;1;1
;;3701129804834;Bioderma;Crealine;CREALINE Gel moussant Fl pompe/500ml;0.2;16.94;0.19;12;1
;;3701129805374;Bioderma;Crealine;CREALINE DEFENSIVE Sérum Fl airless/30ml;0.2;22.68;0.19;1;1
;;3701129811771;Bioderma;Crealine;CREALINE AR+ Cr T/40ml;0.2;17.39;0.19;1;1
;;3701129811870;Bioderma;Crealine;CREALINE AR+ CC CREME SPF50+ claire Cr T/40ml;0.2;17.98;0.19;1;1
;;3701129811894;Bioderma;Crealine;CREALINE H2O Lingette démaquillante visage et yeux Paquet/25;0.2;6.59;0.19;36;1
;;3701129812563;Bioderma;Crealine;CREALINE AR+ Gelée micellaire Fl/250ml;0.2;13.46;0.19;12;1
;;3701129813461;Bioderma;Crealine;CREALINE AR+ SOS Spray Fl/70ml;0.2;11.2;0.19;1;1
;;3701129818619;Bioderma;Crealine;BIODERMA CREALINE AR+ CC CREME SPF50+ Cr dorée T/40ml;0.2;17.98;0.19;1;1
;;3701129818626;Bioderma;Crealine;BIODERMA CREALINE Huile micellaire Fl pompe/300ml;0.2;18.75;0.19;1;1
;3401360212244;;Bioderma;Crealine;CREALINE H2O YEUX Sol Fl/125ml;0.2;12.44;0.19;1;1
2559906;3401525599067;3701129805206;Bioderma;Crealine;CREALINE H2O soufflé à froid Eau micellaire 2Fl/500ml;0.2;24.43;0.19;6;1
5373846;3401353738461;;Bioderma;Crealine;CREALINE H20 Sol micellaire anti-roug 250ml;0.2;9.15;0.19;15;1
6330101;;3701129807804;Bioderma;Crealine;CREALINE Huile micellaire Fl/150ml;0.2;13.12;0.19;1;1
6362934;;3701129811412;Bioderma;Crealine;CREALINE YEUX+ Cr T/15ml;0.2;13.26;0.19;1;1
7228812;3401572288129;;Bioderma;Crealine;CREALINE H20 Sol nettoy apais ss parf 250m;0.2;9.15;0.19;15;1
7367005;3401573670053;3701129805015;Bioderma;Crealine;CREALINE TS H20 Sol Mic ss pa net ap Fl/50;0.2;12.22;0.19;12;1
7476711;3401574767110;;Bioderma;Crealine;CREALINE TS H20 Sol Mic ss pa net ap Fl/250ml;0.2;9.15;0.19;15;1
7564579;3401575645790;3701129805008;Bioderma;Crealine;CREALINE H20 Sol nettoy apais ss parf 500ml;0.2;12.22;0.19;12;1
7946217;3401579462171;;Bioderma;Crealine;CREALINE FORT Cr hydrat apais P intolér 40;0.2;14.57;0.19;0;1
9537687;3401395376874;;Bioderma;Crealine;CREALINE H20 Sol nettoy apais ss parf 100m;0.2;4.88;0.19;15;1
9724024;3401397240241;;Bioderma;Crealine;CREALINE DS+ Cr apais assainiss T/40ml;0.2;12.91;0.19;0;1
9724030;3401397240302;;Bioderma;Crealine;CREALINE DS+ Gel nettoy Fl/200ml;0.2;11.65;0.19;15;1
;;3701129809334;Bioderma;Hydrabio;HYDRABIO HYALU+ Sérum Fl pompe/30ml;0.2;25.5;0.19;1;1
;;3701129811702;Bioderma;Hydrabio;HYDRABIO H2O soufflé à froid Eau micellaire Fl/500ml;0.2;12.22;0.19;12;1
;;3701129814307;Bioderma;Hydrabio;BIODERMA HYDRABIO LEGERE Cr T/40ml;0.2;15.56;0.19;1;1
;;3701129814338;Bioderma;Hydrabio;BIODERMA HYDRABIO RICHE Cr T/40ml;0.2;15.56;0.19;1;1
;;3701129814369;Bioderma;Hydrabio;BIODERMA HYDRABIO PERFECTEUR SPF30 Emuls T/30ml;0.2;18.26;0.19;1;1
;;3701129814390;Bioderma;Hydrabio;BIODERMA HYDRABIO Gel moussant Fl/400ml;0.2;13.77;0.19;1;1
2852115;3401528521157;;Bioderma;Hydrabio;HYDRABIO H2O Sol micellaire démaq Fl/100ml;0.2;4.88;0.19;15;1
9969412;3401399694127;;Bioderma;Hydrabio;HYDRABIO H2O Sol Micellai nettoy Fl/250ml;0.2;9.15;0.19;15;1
9984825;3401399848254;;Bioderma;Hydrabio;HYDRABIO Brume Brumisateur/300ml;0.2;6.46;0.19;6;1
;;3701129804773;Bioderma;Node;NODE P Shamp antipell apais Fl/400ml;0.2;10.23;0.19;12;1
;;3701129804780;Bioderma;Node;NODE P Shamp antipell normalis Fl/400ml;0.2;10.23;0.19;12;1
;;3701129805060;Bioderma;Node;NODE DS+ Shampooing T/125ml;0.2;11.73;0.19;36;1
;;3701129813164;Bioderma;Node;NODE P Shampooing antipelliculaire purifiant Fl/400ml;0.2;10.23;0.19;12;1
7369719;3401573697197;;Bioderma;Node;NODE Shamp flde us fréq Fl/400ml;0.2;8.5;0.19;12;1
7793995;3401577939958;;Bioderma;Node;NODE K Shamp états squameux T/150ml;0.2;11.73;0.19;36;1
7933350;3401579333501;;Bioderma;Node;NODE G Shamp flde ss parf CG Fl/400ml;0.2;10.23;0.19;12;1
9654513;3401396545132;;Bioderma;Node;NODE A Shamp cr apais cuir chev sens Fl/400ml;0.2;10.23;0.19;12;1
;;3701129800041;Bioderma;Non renseigné;CREALINE Gel moussant T/200ml;0.2;10.79;0.19;15;1
;;3701129812426;Bioderma;Non renseigné;CICABIO LIP REPAIR Bme T/10ml;0.2;6;0.19;1;1
;;3701129803462;Bioderma;Photoderm;PHOTODERM NUDE TOUCH SPF50+ Cr dorée Fl/40ml;0.2;16.5;0.19;1;1
;;3701129803516;Bioderma;Photoderm;PHOTODERM SPF50+ Cr teintée T/40ml;0.2;14.3;0.19;1;1
;;3701129803523;Bioderma;Photoderm;PHOTODERM SPF50+ Cr T/40ml;0.2;14.3;0.19;128;1
;;3701129803639;Bioderma;Photoderm;PHOTODERM SPF50+ Lait ultra T/200ml;0.2;19.87;0.19;15;1
;;3701129803691;Bioderma;Photoderm;PHOTODERM AKN MAT SPF30 Fluide T/40ml;0.2;15.3;0.19;1;1
;;3701129803721;Bioderma;Photoderm;PHOTODERM MINERAL SPF50+ Spray Fl/75g;0.2;15.86;0.19;1;1
;;3701129803738;Bioderma;Photoderm;PHOTODERM SPOT AGE SPF50+ Cr T/40ml;0.2;18.12;0.19;1;1
;;3701129803813;Bioderma;Photoderm;PHOTODERM AUTOBRONZ Brume hydrat Spr/150ml;0.2;14.48;0.19;12;1
;;3701129803820;Bioderma;Photoderm;PHOTODERM APRES-SOL Gel cr fraîch T/200ml;0.2;12.7;0.19;15;1
;;3701129803837;Bioderma;Photoderm;PHOTODERM APRES-SOL Gel cr fraîch Flppe/500ml;0.2;18.79;0.19;12;1
;;3701129804438;Bioderma;Photoderm;PHOTODERM SPF50+ Stick lèv zone sens E/8g;0.2;11.5;0.19;1;1
;;3701129806609;Bioderma;Photoderm;PHOTODERM SPF30 Brume invisible Spray/150ml;0.2;18.3;0.19;12;1
;;3701129806616;Bioderma;Photoderm;PHOTODERM SPF50+ Brume invis ss alc Spr/150ml;0.2;18.3;0.19;12;1
;;3701129807248;Bioderma;Photoderm;PHOTODERM SPF50+ Spray Fl/300ml;0.2;24.86;0.19;18;1
;;3701129807262;Bioderma;Photoderm;PHOTODERM SPF30 Spray Fl/200ml;0.2;17.75;0.19;1;1
;;3701129807293;Bioderma;Photoderm;PHOTODERM PEDIATRICS SPF50+ Lait T/200ml;0.2;17.86;0.19;13;1
;;3701129807309;Bioderma;Photoderm;PHOTODERM PEDIATRICS MINERAL SPF50+ Flde 50g;0.2;14.2;0.19;1;1
;;3701129807316;Bioderma;Photoderm;PHOTODERM PEDIATRICS SPF50+ Spray Fl/200ml;0.2;18.91;0.19;15;1
;;3701129807385;Bioderma;Photoderm;PHOTODERM SPF50+ Aquafluide T/40ml;0.2;14.2;0.19;1;1
;;3701129807408;Bioderma;Photoderm;PHOTODERM SPF50+ Aquafluide dorée T/40ml;0.2;14.2;0.19;1;1
;;3701129817957;Bioderma;Photoderm;PHOTODERM ULTRA FLUID AR+ 40ML;0.2;16.8;0.19;1;1
2850955;3401528509551;;Bioderma;Photoderm;PHOTODERM MAX SPF50+ Aquafluide pocket T/30ml;0.2;11;0.19;24;1
6323364;;3701129806623;Bioderma;Photoderm;PHOTODERM SPF50+ Lait ultra T/100ml;0.2;15.5;0.19;1;1
6325597;;3701129807286;Bioderma;Photoderm;PHOTODERM PEDIATRICS SPF50+ Lait T/100ml;0.2;15.42;0.19;1;1
6330457;;3701129807897;Bioderma;Photoderm;PHOTODERM SPF50 Eau solaire Spray/200ml;0.2;20.71;0.19;30;1
6036005;;3701129800072;Bioderma;Pigmentbio;PIGMENTBIO DAILY CARE SPF50+ Cr T air/40ml;0.2;24.2;0.19;1;1
;;3701129803400;Bioderma;Sebium;SEBIUM Gel moussant actif T/200ml;0.2;10.15;0.19;15;1
;;3701129805367;Bioderma;Sebium;SEBIUM KERATO+ Cr T/30ml;0.2;11.53;0.19;1;1
;;3701129811436;Bioderma;Sebium;BIODERMA SEBIUM KERATO+ COVER Gel crème teinté anti-imperfections T/30ml;0.2;12.41;0.19;1;1
;;3701129811948;Bioderma;Sebium;BIODERMA SEBIUM Lot soin purifiant astringent Fl/200ml;0.2;11.17;0.19;1;1
;;3701129811955;Bioderma;Sebium;SEBIUM MAT CONTROL Cr soin anti-brillance 12h T/30ml;0.2;11.47;0.19;1;1
;;3701129811962;Bioderma;Sebium;BIODERMA SEBIUM PORE REFINER Cr soin réducteur des pores dilatés T/30ml;0.2;13.75;0.19;1;1
;;3701129812013;Bioderma;Sebium;SEBIUM H2O soufflé à froid Eau micellaire Fl/500ml;0.2;12.22;0.19;12;1
;;3701129812433;Bioderma;Sebium;BIODERMA SEBIUM KERATO+ BODY Spray anti-imperfections apaisant Fl/150ml;0.2;14.52;0.19;1;1
;;3701129812792;Bioderma;Sebium;SEBIUM Gel moussant nettoyant purifiant T/200ml;0.2;8.19;0.19;15;1
;;3701129814710;Bioderma;Sebium;BIODERMA SEBIUM Gel moussant nettoyant purifiant Fl pompe/400ml;0.2;12.42;0.19;12;1
;;3701129814727;Bioderma;Sebium;BIODERMA SEBIUM GOMMANT Gel nettoyant micro-exfoliant T/75ml;0.2;9.61;0.19;1;1
;;3701129818572;Bioderma;Sebium;BIODERMA SEBIUM Gel moussant actif Fl pompe/400ml;0.2;12.14;0.19;12;1
;;3701129820056;Bioderma;Sebium;SEBIUM GEL MOUSSANT ECO RECHARGE 400ML;0.2;11.17;0.19;6;1
;;3701129820322;Bioderma;Sebium;BIODERMA SEBIUM H2O Eau mic ss sav PG 2 new;0.2;24.43;0.19;1;1
4884042;3401348840421;3701129800560;Bioderma;Sebium;SEBIUM HYDRA Cr hydrat comp PG T/40ml;0.2;11.26;0.19;128;1
5379122;3401353791220;;Bioderma;Sebium;SEBIUM MOUSSANT Gel nettoy ss sav T/100ml;0.2;5.63;0.19;1;1
6010699;3401360106994;;Bioderma;Sebium;SEBIUM SENSITIVE Cr apais anti-imperf T/30ml;0.2;11.55;0.19;8;1
6135362;3401361353625;;Bioderma;Sebium;SEBIUM PORE REFINER Concentré correct T/30ml;0.2;13.35;0.19;0;1
6335643;;3701129809273;Bioderma;Sebium;SEBIUM HYDRA CLEANSER Bme lav apais T/200ml;0.2;10.61;0.19;1;1
6335644;;3701129809280;Bioderma;Sebium;SEBIUM Sérum conc liss anti-imperf 30ml;0.2;21.8;0.19;1;1
7228829;3401572288297;;Bioderma;Sebium;SEBIUM H20 Sol Mic s sa nettoy PG Fl/250ml;0.2;9.15;0.19;15;1
9537693;3401395376935;;Bioderma;Sebium;SEBIUM H20 Sol Mic s sa nettoy PG Fl/100ml;0.2;4.88;0.19;15;1
;;7350012556310;Biogaia;Non renseigné;BioGaia comprimés à croquer Gastrus Bte/30;0.055;15.68;0.18;1;1
;;7350012556334;Biogaia;Non renseigné;BIOGAIA PRODENTIS PASTILLES MENTHE B/30;0.055;15.79;0.18;1;1
;;7350012556358;Biogaia;Non renseigné;BioGaia Gouttes Vit D 10ml;0.055;24.9;0.18;1;1
;;7350012556365;Biogaia;Non renseigné;BioGaia comprimés à croquer Citron Bte/10;0.055;5.59;0.18;1;1
;;7350012556372;Biogaia;Non renseigné;BIOGAIA PROBIO Cpr à croquer citron B/30;0.055;13.76;0.18;1;1
;;7350012556389;Biogaia;Non renseigné;BIOGAIA PROBIO Cpr à croquer orange B/30;0.055;13.49;0.18;1;1
;;7350012556396;Biogaia;Non renseigné;BioGaia comprimés Probio Fraise Bte/10;0.055;5.59;0.18;1;1
;;7350012556402;Biogaia;Non renseigné;BIOGAIA COMPRIMES PROBIOTIQUES AROME FRAISE;0.055;13.76;0.18;1;1
6423180;;7350012556341;Biogaia;Non renseigné;BioGaia Gouttes Probio 5ml;0.055;14.2;0.18;216;1
;3400930131428;;Biogaran Conseil;Contraception;ETHINYL/DROS BGR 0,03mg/3mg Cpr pell Plq/21;0.1;5.76;0.5;297;1
;3400930131480;;Biogaran Conseil;Contraception;ETHINYLESTRADIOL/DROSPIRENONE BGR 0,02 mg/3 mg Cpr pell Plq/21;0.1;5.76;0.5;297;1
;3400930131510;;Biogaran Conseil;Contraception;ETHINYLESTRADIOL/DROSPIRENONE BGR 0,02 mg/3 mg Cpr pell 3Plq/21;0.1;16.87;0.5;297;1
;3400930187371;;Biogaran Conseil;Contraception;ETHINYL/DROS BGRCO 0,02mg/3mg Cpr pell Plq/28;0.1;5.76;0.5;297;1
;3400930187388;;Biogaran Conseil;Contraception;ETHINYL/DROS BGRCO 0,02mg/3mg Cpr pel 3Plq/28;0.1;16.87;0.5;297;1
;3400930188026;;Biogaran Conseil;Contraception;PHIZOE 0,02 mg/3 mg Cpr pell Plq/28;0.1;5.76;0.5;297;1
;3400930188033;;Biogaran Conseil;Contraception;PHIZOE 0,02 mg/3 mg Cpr pell 3Plq/28;0.1;16.87;0.5;297;1
;3400930217030;;Biogaran Conseil;Contraception;GESTODENE/ETHINYLESTRADIOL BGR 60 µg/15 µg Cpr pell Plq/24 jaune+4 blanc;0.1;5.46;0.5;297;1
;3400930217047;;Biogaran Conseil;Contraception;GESTO/ETH BGR 60µg/15µg Cpr pel 3Plq/24 j+4 b;0.1;16.04;0.5;297;1
2690581;3400926905811;;Biogaran Conseil;Contraception;DESOG/ETH BGRCO 150µg/30µg Cp Plq/21blan+7ver;0.1;5.26;0.5;180;1
2690598;3400926905989;;Biogaran Conseil;Contraception;DESOG/ETH BGRCO 150µg/30µg Plq/3x21blan+7ver;0.1;14.9;0.5;216;1
3586621;3400935866219;;Biogaran Conseil;Contraception;DESOG ETH BGR 150µg/20µg Cpr enr Plq/21;0.1;5.26;0.5;270;1
3586638;3400935866387;;Biogaran Conseil;Contraception;DESOG ETH BGR 150µg/20µg Cpr en Plq/3x21 (63);0.1;14.9;0.5;120;1
3586644;3400935866448;;Biogaran Conseil;Contraception;DESOG ETH BGR 150µg/30µg Cpr enr Plq/21;0.1;5.26;0.5;120;1
3586650;3400935866509;;Biogaran Conseil;Contraception;DESOG ETH BGR 150µg/30µg Cpr en Plq/3x21 (63);0.1;14.9;0.5;120;1
3715811;3400937158114;;Biogaran Conseil;Contraception;PERLEANE Cpr enr Plq/21;0.1;5.26;0.5;180;1
3715828;3400937158282;;Biogaran Conseil;Contraception;PERLEANE Cpr enr 3Plq/21;0.1;14.9;0.5;96;1
3746444;3400937464444;;Biogaran Conseil;Contraception;GESTO/ETH BIOGARAN 75µg/20µg Cpr enr Plq/3x21;0.1;11.82;0.5;288;1
3746467;3400937464673;;Biogaran Conseil;Contraception;GESTO/ETH BIOGARAN 75µg/30µg Cpr enr Plq/3x21;0.1;11.82;0.5;288;1
;;3614770000558;Biogaran Conseil;Non renseigné;BIOGARAN Pans tull vaselin stér 10x10cm B/10;0.2;8.45;0.4;80;1
;;3614770000800;Biogaran Conseil;Non renseigné;MELATONINE FLASH BIOGARAN CONSEIL 1,9 mg Cpr orodisp B/30;0.055;7.65;0.45;240;1
;;3614770000930;Biogaran Conseil;Non renseigné;BIOGARAN BORDER + EXTRA MINCE Pans hydrocellulaire siliconé 5x5cm B/10;0.2;3.45;0.14;6;1
;;3614770000947;Biogaran Conseil;Non renseigné;BIOGARAN BORDER + EXTRA MINCE Pans hydrocellulaire siliconé 6x12cm B/10;0.2;8.71;0.14;6;1
;;3614770001227;Biogaran Conseil;Non renseigné;BIOGARAN BORDER + Pans hydrocellulaire siliconé 7,5x8,5cm B/10;0.2;13;0.14;10;1
;;3664524002000;Biogaran Conseil;Non renseigné;ERGYPHILUS ATB 30 GEL;0.055;13.17;0.15;1;1
;;3666002025549;Biogaran Conseil;Non renseigné;BIOGARAN POST-OP Set pans petit plai sutur 3;0.2;4.42;0.14;6;1
;;3666002025556;Biogaran Conseil;Non renseigné;BIOGARAN POST-OP Set pans moyen plai sutur 3;0.2;5.39;0.14;6;1
;;3666002025587;Biogaran Conseil;Non renseigné;BIOGARAN Set pans stand plaies chroniq B/5;0.2;6.63;0.14;6;1
;3400930016527;;Biogaran Conseil;Non renseigné;RACECADOTRIL BIOGARAN CONSEIL 100 mg Gél Plq/10;0.1;5.62;0.45;288;1
;3400930029954;;Biogaran Conseil;Non renseigné;ALFA-AMYLASE BGR CONSEIL 200 U/ml Sirop Fl/200ml;0.1;4.9;0.45;24;1
;3400930029985;;Biogaran Conseil;Non renseigné;ALFA-AMYLASE BGR CONSEIL 3000 U CEIP Cpr enr Plq/18x1;0.1;4;0.45;84;1
;3400930126356;;Biogaran Conseil;Non renseigné;CETYLPYRID BGR CO 1,5mg/20mg Cpr s suc 2T/18;0.1;6.9;0.45;96;1
;3400930130124;;Biogaran Conseil;Non renseigné;IBUPROF BGR CO 400mg Susp buv édu 10Sach/10ml;0.1;6.71;0.45;33;1
;3400930131459;;Biogaran Conseil;Non renseigné;ETHINYL/DROS BGR 0,03mg/3mg Cpr pell 3Plq/21;0.1;16.87;0.5;297;1
;3400930155547;;Biogaran Conseil;Non renseigné;LIERRE GRIMP BGR CO S buv ss sucre Fl/100ml;0.1;5.22;0.45;80;1
;3400930162569;;Biogaran Conseil;Non renseigné;AMYLMETAC/ALC BGR 0,6mg/1,2mg Pas miel Plq/24;0.1;4.76;0.45;72;1
;3400930179208;;Biogaran Conseil;Non renseigné;PHLOROGLUCINOL BIOGARAN CONSEIL 80 mg Cpr orodisp Plq/10;0.1;2.19;0.45;160;1
;3400930179284;;Biogaran Conseil;Non renseigné;IBUPROFENE SET 400 mg Cpr pell Plq/12;0.1;3.48;0.45;180;1
;3400930181980;;Biogaran Conseil;Non renseigné;CHL BGR CO 0,25g/0,025g/4mlp100ml Flpulv/50ml;0.1;5.41;0.45;60;1
;3400930188484;;Biogaran Conseil;Non renseigné;PARACETAMOL/CAFEINE/CODEINE BIOGARAN 400 mg/50 mg/20 mg Gél Plq/18;0.1;5.2;0.5;200;1
;3400930189153;;Biogaran Conseil;Non renseigné;ALG SOD/BIC BGR 500mg/267mg Su buv 12Sac/10ml;0.1;6;0.45;30;1
;3400930233825;;Biogaran Conseil;Non renseigné;ACETYLCYS BGR CO 200mg Pd sbuv s sucre 18Sach;0.1;3.59;0.45;72;1
;3400930267981;;Biogaran Conseil;Non renseigné;METOPIMAZ BGR CO 7,5mg Cpr orod s sucr Plq/8;0.1;6;0.45;240;1
;3400930270516;;Biogaran Conseil;Non renseigné;PARACETAMOL BIOGARAN CONSEIL 500 mg Cpr Plq/16;0.1;1.68;0.45;216;1
;3400930270523;;Biogaran Conseil;Non renseigné;PARACETAMOL BIOGARAN CONSEIL 1000 mg Cpr Plq/8;0.1;1.68;0.45;144;1
;3400930271100;;Biogaran Conseil;Non renseigné;PRAMOCAINE CHLORHYDRATE BIOGARAN CONSEIL 1 % Gel appl locale T/30g;0.1;5.65;0.45;110;1
;3400930276228;;Biogaran Conseil;Non renseigné;DICLOFENAC BGR CONSEIL 2 % Gel T/30g;0.1;8.77;0.45;216;1
;3400930326619;;Biogaran Conseil;Non renseigné;METHOCARBAMOL BIOGARAN 500 mg Cpr Plq/20;0.1;7.65;0.5;1;1
2167483;3400921674835;;Biogaran Conseil;Non renseigné;CYSTINE/VITAMINE B6 BIOGARAN CONSEIL 500 mg/50 mg Cpr pell Plq/120;0.1;18.02;0.45;32;1
2194445;3400921944457;;Biogaran Conseil;Non renseigné;RIVASTIGMINE BIOGARAN 1,5 mg Gél Plq/56;0.1;15.68;0.45;72;1
2194474;3400921944747;;Biogaran Conseil;Non renseigné;RIVASTIGMINE BIOGARAN 3 mg Gél Plq/56;0.1;15.68;0.45;72;1
2194505;3400921945058;;Biogaran Conseil;Non renseigné;RIVASTIGMINE BIOGARAN 4,5 mg Gél Plq/56;0.1;15.68;0.45;72;1
2203658;3400922036588;;Biogaran Conseil;Non renseigné;ESOMEPRAZOLE BIOGARAN CONSEIL 20 mg Gél gastro-rés Plq/7;0.1;5.67;0.45;120;1
2203664;3400922036649;;Biogaran Conseil;Non renseigné;ESOMEPRAZOLE BIOGARAN CONSEIL 20 mg Gél gastro-rés Plq/14;0.1;10.5;0.45;70;1
2233116;3400922331164;;Biogaran Conseil;Non renseigné;HEXETIDINE BIOGARAN CONSEIL 0,1 % S bain bouche Fl PET/200ml;0.1;4.01;0.45;20;1
2688118;3400926881184;;Biogaran Conseil;Non renseigné;MEMANTINE BIOGARAN 10 mg Cpr pell séc Plq/56;0.1;15.68;0.5;200;1
2688124;3400926881245;;Biogaran Conseil;Non renseigné;MEMANTINE BIOGARAN 20 mg Cpr pell Plq/28;0.1;15.68;0.5;200;1
2693266;3400926932664;;Biogaran Conseil;Non renseigné;CHLORHEX/CHL BGR CO 0,5ml/0,5g 100ml Fl/200ml;0.1;4.27;0.45;20;1
2748990;3400927489907;;Biogaran Conseil;Non renseigné;ATOVAQUONE/PROGUANIL BIOGARAN 62,5 mg/25 mg Cpr pell enfant Plq/12;0.021;10.59;0.5;100;1
2794783;3400927947834;;Biogaran Conseil;Non renseigné;DEXPANTHENOL BIOGARAN CONSEIL 5 % Pom T/100g;0.021;6.75;0.45;48;1
2800213;3400928002136;;Biogaran Conseil;Non renseigné;RIVASTIG BGR 4,6mg/24h Disp tr 30Sach;0.1;34.87;0.45;72;1
2800242;3400928002426;;Biogaran Conseil;Non renseigné;RIVASTIG BGR 9,5mg/24h Disp tr 30Sach;0.1;34.87;0.45;72;1
3013010;3400930130100;;Biogaran Conseil;Non renseigné;IBUPROF BGR CO 200mg Susp buv 20Sach/10ml;0.1;6.53;0.45;24;1
3411181;3400934111815;;Biogaran Conseil;Non renseigné;TRIMETAZID BIOGARAN 20mg Cpr pel 2Plq/30(60);0.1;4.84;0.45;80;1
3497277;3400934972775;;Biogaran Conseil;Non renseigné;PIRACETAM BIOGARAN 400 mg Cpr pell Fl/90;0.1;5.1;0.5;80;1
3497320;3400934973208;;Biogaran Conseil;Non renseigné;PIRACETAM BIOGARAN 800 mg Cpr pell séc Fl/45;0.1;4.72;0.5;80;1
3530201;3400935302014;;Biogaran Conseil;Non renseigné;KETOPROFENE BIOGARAN 2,5 % Gel T/60g;0.1;2.4;0.5;70;1
3540062;3400935400628;;Biogaran Conseil;Non renseigné;ACICLOVIR BIOGARAN CONSEIL 5 % Cr T/2g;0.1;2.45;0.45;360;1
3597091;3400935970916;;Biogaran Conseil;Non renseigné;THIOCOLCHICOSIDE BIOGARAN 4 mg Cpr 1Plq/12;0.1;2.32;0.45;120;1
3597116;3400935971166;;Biogaran Conseil;Non renseigné;THIOCOLCHIC BGR 4mg Cpr 2Plq/12 (24);0.1;4.41;0.45;120;1
3629081;3400936290815;;Biogaran Conseil;Non renseigné;OMEPRAZOLE BIOGARAN CONSEIL 20 mg Gél gastro-rés 1Pilul/14;0.1;10.2;0.45;0;1
3635845;3400936358454;;Biogaran Conseil;Non renseigné;ACICLOVIR BIOGARAN 5% Cr T/10g;0.1;4.8;0.5;200;1
3688758;3400936887589;;Biogaran Conseil;Non renseigné;CETIRIZINE BIOGARAN CONSEIL 10 mg Cpr pell séc Plq/7;0.1;2.7;0.45;0;1
3769304;3400937693042;;Biogaran Conseil;Non renseigné;IBUPROFENE BIOGARAN CONSEIL 200 mg Cpr pell Plq/20;0.1;1.77;0.45;240;1
3799920;3400937999205;;Biogaran Conseil;Non renseigné;TRIMETAZID BIOGARAN 35mg Cpr peLM Plq/60;0.1;6.2;0.45;120;1
3813442;3400938134421;;Biogaran Conseil;Non renseigné;CARBOCISTEINE BIOGARAN CONSEIL 5 % S buv en flacon sans sucre Fl/200ml;0.1;3.87;0.45;20;1
3813548;3400938135480;;Biogaran Conseil;Non renseigné;AMBROXOL BIOGARAN CONSEIL 30 mg Cpr séc Plq/20;0.1;2.25;0.45;400;1
3814157;3400938141573;;Biogaran Conseil;Non renseigné;AMBROXOL BGR CONS0,6% Sbuv ssucFl/100ml+godet;0.1;3.8;0.45;80;1
3835892;3400938358926;;Biogaran Conseil;Non renseigné;IBUPROFENE BIOGARAN CONSEIL 400 mg Cpr pell Plq/10;0.1;2.27;0.45;240;1
3973602;3400939736020;;Biogaran Conseil;Non renseigné;BORAX/AC BOR BGR CO 12mg/18mg/ml 20Unid/5ml;0.1;3.65;0.45;42;1
3980499;3400939804996;;Biogaran Conseil;Non renseigné;TROLAMINE BIOGARAN CONSEIL 0,67 % Emuls cut T/93g;0.1;6;0.45;48;1
4161935;3400941619359;;Biogaran Conseil;Non renseigné;TRIMEBUTINE BIOGARAN CONSEIL 100 mg Cpr Plq/20;0.1;3.85;0.45;160;1
4966886;3400949668861;3400949668861;Biogaran Conseil;Non renseigné;ATOVAQUONE/PROGUANIL BGR 250 mg/100 mg Cpr pell Plq/12;0.021;28.94;0.5;108;1
4982135;3400949821358;;Biogaran Conseil;Non renseigné;GINKGO BIOGARAN 40 mg Cpr pell Plq/30;0.1;3.74;0.5;79;1
4982141;3400949821419;;Biogaran Conseil;Non renseigné;GINKGO BIOGARAN 40 mg Cpr pell Plq/90;0.1;8.48;0.5;84;1
;;3770013529450;Biogyne;Non renseigné;TROD ANGINE SA+ Strep A Rapid Test : boite de 25(sans abaisse-langue);0.2;37.5;0.58;25;1
;;3770013529658;Biogyne;Non renseigné;TODDL AIR Chambre inhalation 0-18mois;0.2;14.3;0.63;4;1
;;3770013529665;Biogyne;Non renseigné;TODDL AIR Chambre inhalation 18mois/5ans;0.2;14.3;0.63;60;1
;;3770013529672;Biogyne;Non renseigné;TODDL AIR Chambre inhalation 6ans+;0.2;15;0.63;50;1
;;3770013529719;Biogyne;Non renseigné;CYSTICHECK TEST AGINAX boite de 25;0.2;147.5;0.87;36;1
;;3770013529931;Biogyne;Non renseigné;Test Triplex Covid/grippe/VRS B25 tests BIOGYNE;0.2;147.5;0.82;32;1
;;3661103046844;Boehringer Vétérinaire;Non renseigné;FRONTLINE TRI-ACT Solution pour spot-on chien 2-5kg 6Pipettes/0,50ml;0.2;28.16;0.1;1;1
;;3661103046851;Boehringer Vétérinaire;Non renseigné;FRONTLINE TRI-ACT Solution pour spot-on chien 5-10kg 6Pipettes/1ml;0.2;29.28;0.1;1;1
;;3661103046868;Boehringer Vétérinaire;Non renseigné;FRONTLINE TRI-ACT Solution pour spot-on chien 10-20kg 6Pipettes/2ml;0.2;34.68;0.1;1;1
;;3661103046875;Boehringer Vétérinaire;Non renseigné;FRONTLINE TRI-ACT Solution pour spot-on chien 20-40kg 6Pipettes/4ml;0.2;41.59;0.1;1;1
;;3661103046882;Boehringer Vétérinaire;Non renseigné;FRONTLINE TRI-ACT Solution pour spot-on chien 40-60kg 6Pipettes/6ml;0.2;48.37;0.1;1;1
;;3661103071204;Boehringer Vétérinaire;Non renseigné;FRONTLINE TRI-ACT Solution pour spot-on chien 2-5kg 3Pipettes/0,50ml;0.2;16.91;0.1;1;1
;;3661103071211;Boehringer Vétérinaire;Non renseigné;FRONTLINE TRI-ACT Solution pour spot-on chien 5-10kg 3Pipettes/1ml;0.2;17.77;0.1;1;1
;;3661103071228;Boehringer Vétérinaire;Non renseigné;FRONTLINE TRI-ACT Solution pour spot-on chien 10-20kg 3Pipettes/2ml;0.2;21.08;0.1;1;1
;;3661103071235;Boehringer Vétérinaire;Non renseigné;FRONTLINE TRI-ACT Solution pour spot-on chien 20-40kg 3Pipettes/4ml;0.2;25.17;0.1;1;1
;;3661103071242;Boehringer Vétérinaire;Non renseigné;FRONTLINE TRI-ACT Solution pour spot-on chien 40-60kg 3Pipettes/6ml;0.2;28.85;0.1;1;1
;;4028691564041;Boehringer Vétérinaire;Non renseigné;FRONTLINE HOMEGARD Spray 250ml;0.2;8.68;0.1;3;1
;;4064951000003;Boehringer Vétérinaire;Non renseigné;FRONTLINE HOMEGARD Spray 500ml;0.2;12.22;0.1;1;1
;;4064951018800;Boehringer Vétérinaire;Non renseigné;FRONTPRO 136 mg Cpr à croquer pour chien 25-50 kg Plq/3;0.2;37.29;0.1;80;1
;;4064951018817;Boehringer Vétérinaire;Non renseigné;FRONTPRO 68 mg Cpr à croquer pour chien 10-25 kg Plq/3;0.2;32.8;0.1;80;1
;;4064951018824;Boehringer Vétérinaire;Non renseigné;FRONTPRO 28,3 mg Cpr à croquer pour chien 4-10 kg Plq/3;0.2;28.71;0.1;1;1
;;4064951018831;Boehringer Vétérinaire;Non renseigné;FRONTPRO 11,3 mg Cpr à croquer pour chien 2-4 kg Plq/3;0.2;25.35;0.1;1;1
;;4064951022876;Boehringer Vétérinaire;Non renseigné;FRONTLINE Solution pour spot-on chien S (2-10kg) 3Pipette/0,67ml;0.2;13.91;0.1;1;1
;;4064951022890;Boehringer Vétérinaire;Non renseigné;FRONTLINE Solution pour spot-on chien L (20-40kg) 3Pipette/2.68ml;0.2;19.16;0.1;1;1
;;4064951022906;Boehringer Vétérinaire;Non renseigné;FRONTLINE Solution pour spot-on chat 3Pipette/0,5ml;0.2;12.7;0.1;1;1
;;4064951022913;Boehringer Vétérinaire;Non renseigné;FRONTLINE COMBO 67mg/60,3mg Spt-on chi S 3Pip;0.2;18.23;0.1;1;1
;;4064951022920;Boehringer Vétérinaire;Non renseigné;FRONTLINE Solution pour spot-on chien M (10-20kg) 3Pipette/1,34ml;0.2;16.07;0.1;1;1
;;4064951022937;Boehringer Vétérinaire;Non renseigné;FRONTLINE COMBO 134mg/120,6mg Sp-on chi M 3P;0.2;21.01;0.1;1;1
;;4064951022944;Boehringer Vétérinaire;Non renseigné;FRONTLINE COMBO 268mg/241,2mg Spt-on chi L 3P;0.2;25.34;0.1;1;1
;;4064951022968;Boehringer Vétérinaire;Non renseigné;FRONTLINE COMBO 402mg/361,8mg Sp-on chi XL 3P;0.2;29.44;0.1;1;1
;;4064951023071;Boehringer Vétérinaire;Non renseigné;FRONTCONTROL WORMER Cpr chien B/2;0.2;7.52;0.1;1;1
;;4064951023088;Boehringer Vétérinaire;Non renseigné;FRONTCONTROL WORMER Cpr chat B/2;0.2;8.03;0.1;1;1
;;4064951023095;Boehringer Vétérinaire;Non renseigné;FRONTCONTROL WORMER XL Cpr chien B/2;0.2;15.24;0.1;1;1
6731058;;3661103068594;Boehringer Vétérinaire;Non renseigné;FRONTLINE S ext pompe doseuse 0,5 ml Fl pulv/100ml;0.2;14.24;0.1;6;1
6731064;;3661103068600;Boehringer Vétérinaire;Non renseigné;FRONTLINE S ext pompe doseuse 1,5 ml Fl pulv/250ml;0.2;26.27;0.1;6;1
6756957;;3661103004110;Boehringer Vétérinaire;Non renseigné;FRONTLINE Solution pour spot-on chat 6Pipettes/0,5ml;0.2;20.22;0.1;0;1
6778462;;3661103005957;Boehringer Vétérinaire;Non renseigné;FRONTLINE COMBO 50 mg/60 mg Solution pour spot-on chat 3Pipettes/0,5ml;0.2;16.89;0.1;80;1
6778479;;3661103006022;Boehringer Vétérinaire;Non renseigné;FRONTLINE COMBO 50 mg/60 mg Solution pour spot-on chat 6Pipettes/0,5ml;0.2;28.14;0.1;0;1
6778516;;3661103005926;Boehringer Vétérinaire;Non renseigné;FRONTLINE COMBO 67mg/60,3mg Spot-on chie S 6P;0.2;30;0.1;0;1
6778545;;3661103005919;Boehringer Vétérinaire;Non renseigné;FRONTLINE COMBO 268mg/241,2mg Spot-on ch L 6P;0.2;41.58;0.1;0;1
6778574;;3661103005896;Boehringer Vétérinaire;Non renseigné;FRONTLINE COMBO 402mg/361,8mg Sp-on chi XL 6P;0.2;47.34;0.1;0;1
6778605;;3661103006008;Boehringer Vétérinaire;Non renseigné;FRONTLINE COMBO 134mg/120,6mg Sp-on chi M 6P;0.2;34.79;0.1;0;1
;;3352712010288;Boiron;CBD by Boiron;CBD BY BOIRON Gel crème T/40g;0.2;11.63;0.22;1;1
;;3352712010295;Boiron;CBD by Boiron;CBD BY BOIRON Gel crème T/120g;0.2;16.93;0.22;1;1
;;3352712008513;Boiron;Homeodent;HOMEODENT SOIN COMPLET ANIS Pâte dtf T/75ml;0.2;5.25;0.22;1;1
;;3352712008537;Boiron;Homeodent;HOMEODENT CITRON SOIN COMPLET Pâte dtf T/75m;0.2;5.25;0.22;48;1
;;3352712008551;Boiron;Homeodent;HOMEODENT SOIN COMPLET CLORO Pâte dtf T/75ml;0.2;5.25;0.22;1;1
;;3352712008575;Boiron;Homeodent;HOMEODENT SOIN BLANCH Pâte dtf T/75ml;0.2;6.64;0.22;1;1
;;3352712009909;Boiron;Homeodent;HOMEODENT SOIN COMPLET Pâte dtf chloro2/75mlT;0.2;10.5;0.22;1;1
;;3352712009916;Boiron;Homeodent;HOMEODENT SOIN COMPLET Pâte dtf citron2/75ml;0.2;10.5;0.22;30;1
;;3352712009923;Boiron;Homeodent;HOMEODENT SOIN COMPLET Pâte dtf anis 2/75ml;0.2;10.5;0.22;1;1
7797409;3401577974096;;Boiron;Homeodent;HOMEODENT S b bche Fl/125ml;0.2;9.22;0.22;0;1
;3400930137413;;Boiron;Homeoplasmine;HOMEOPLASMINE Pom T (alumino,plastique)/18g;0.1;5.51;0.22;72;1
3013742;3400930137420;;Boiron;Homeoplasmine;HOMEOPLASMINE Pom T (alumino-plastique)/40g;0.1;7.68;0.22;48;1
;;3352712007493;Boiron;Non renseigné;ARNICREME Cr T/70g;0.2;9.08;0.22;1;1
;;3352712008117;Boiron;Non renseigné;MAG'300+ Cpr B/80;0.055;10.56;0.22;1;1
;;3352712010363;Boiron;Non renseigné;DAPIS Flde répul anti-mous Roll-on/40ml;0.2;12.76;0.22;1;1
;;3352712011537;Boiron;Non renseigné;DERMOPLASMINE STICK Bme labial au Calendula T/4g;0.2;5.41;0.22;24;1
;;3352712012480;Boiron;Non renseigné;STODAL PLANTES Sirop Fl/150ml;0.055;8.67;0.22;24;1
;3400930081914;;Boiron;Non renseigné;PATES DE REGLISSE AU SAMBUCUS Pâtes à sucer Sach/70g;0.1;9.18;0.22;1;1
;3400930131589;;Boiron;Non renseigné;AVENOC Pom T/30g;0.1;8.87;0.22;1;1
;3400930157886;;Boiron;Non renseigné;STODAL Sirop Fl/200ml;0.1;7.7;0.22;24;1
;3400930171615;;Boiron;Non renseigné;COCYNTAL S buv en récipient unidose 30unid/1ml;0.1;14.38;0.22;36;1
;3400930195819;;Boiron;Non renseigné;OSTEOCYNESINE Cpr orodisp 3Plq/20;0.1;8.77;0.22;1;1
;3400930199848;;Boiron;Non renseigné;ARNIGEL Gel T(alumino-plastique)/45g;0.1;5.99;0.22;48;1
;3400930199855;;Boiron;Non renseigné;ARNIGEL Gel T(alumino-plastique)/120g;0.1;13.3;0.22;48;1
;3400930204566;;Boiron;Non renseigné;STODAL Gran 2T/4g;0.1;8.36;0.22;1;1
;3400930210598;;Boiron;Non renseigné;BOCEAL S pulv bucc Fl/20ml;0.1;7.75;0.22;1;1
;3400930211212;;Boiron;Non renseigné;IDRYLINE Collyre sol récip unidose 30unid;0.1;13.57;0.22;1;1
;3400930226254;;Boiron;Non renseigné;PRELINIUM Cpr orodisp Plq/60;0.1;10.2;0.22;1;1
;3400930262221;;Boiron;Non renseigné;ARTENSIUM Cr T/70g;0.1;9.03;0.22;1;1
2191814;3400921918144;;Boiron;Non renseigné;ARNICALME Cpr orodisp Plq/40;0.1;7.91;0.22;0;1
2246886;3400922468860;;Boiron;Non renseigné;CORYZALIA Cpr orodisp Plq/40;0.1;7.75;0.22;0;1
2676463;3400926764630;;Boiron;Non renseigné;ACTHEANE Cpr B/120;0.1;20.86;0.22;0;1
2799941;3400927999413;;Boiron;Non renseigné;STODALINE Sp ss sucre édul sorb malt Fl/200ml;0.1;8.16;0.22;24;1
3004331;3400930043318;;Boiron;Non renseigné;DROSETUX Sirop Fl/150ml;0.1;7.8;0.22;24;1
3006634;3400930066348;;Boiron;Non renseigné;SPORTENINE Cpr à croquer T/33;0.1;14.84;0.22;78;1
3008893;3400930088937;;Boiron;Non renseigné;AVENOC Suppos Plq/2x5 (10);0.1;8.72;0.22;0;1
3035654;3400930356548;;Boiron;Non renseigné;ENDHOMETROL Ov B/6;0.1;8.52;0.22;0;1
3043056;3400930430569;;Boiron;Non renseigné;GASTROCYNESINE Cpr B/60;0.1;9.18;0.22;0;1
3050346;3400930503461;;Boiron;Non renseigné;HOMEOGENE 9 Cpr B/60;0.1;6.99;0.22;0;1
3050429;3400930504291;;Boiron;Non renseigné;HOMEOVOX Cpr enr B/60;0.1;7.14;0.22;0;1
3061700;3400930617007;;Boiron;Non renseigné;CREME CALENDULA Cr Pot/20g;0.1;12.44;0.22;48;1
3078385;3400930783856;;Boiron;Non renseigné;PARAGRIPPE Cpr 3Plq/20;0.1;8.52;0.22;0;1
3369929;3400933699291;;Boiron;Non renseigné;COCCULINE Gran en récipient unidose 6T;0.1;10.25;0.22;0;1
3527251;3400935272515;;Boiron;Non renseigné;QUIETUDE Sirop Fl/200ml;0.1;8.52;0.22;24;1
3587508;3400935875082;;Boiron;Non renseigné;HOMEOAFTYL Cpr à sucer B/60;0.1;8.11;0.22;0;1
3587514;3400935875143;;Boiron;Non renseigné;HOMEOPTIC Collyre récip unidose 10unid/0,4ml;0.1;7.6;0.22;144;1
3609629;3400936096295;;Boiron;Non renseigné;CAMILIA S buv 10Unid/1ml;0.1;6.45;0.22;0;1
3609641;3400936096417;;Boiron;Non renseigné;VERRULIA Cpr à sucer B/60;0.1;7.91;0.22;0;1
3609664;3400936096646;;Boiron;Non renseigné;DIARALIA Cpr Plq/40;0.1;7.91;0.22;0;1
3609670;3400936096707;;Boiron;Non renseigné;ZENALIA Cpr subl Plq/30;0.1;8.62;0.22;78;1
3637531;3400936375314;;Boiron;Non renseigné;HOMEOGENE 46 Cpr orodisp Plq/60;0.1;9.44;0.22;0;1
3917213;3400939172132;;Boiron;Non renseigné;RHINALLERGY Cpr à sucer Plq/40;0.1;7.19;0.22;0;1
3947289;3400939472898;;Boiron;Non renseigné;CAMILIA S buv 30unid/1ml;0.1;13.91;0.22;36;1
3956012;3400939560120;;Boiron;Non renseigné;COCCULINE Cpr orodisp Plq/40;0.1;8.05;0.22;1;1
4155840;3400941558405;;Boiron;Non renseigné;CICADERMA Pom Tube/30g;0.1;8.31;0.22;12;1
7747334;3401577473346;;Boiron;Non renseigné;DAPIS STICK S ext Roller/10g;0.2;8.87;0.22;12;1
7922174;3401579221747;;Boiron;Non renseigné;DAPIS GEL Gel apais T/40g;0.2;6.89;0.22;48;1
;;3352712011599;Boiron;Oscillo;OSCILLO VITALITE 50+ Cpr eff B/20;0.055;15.71;0.22;1;1
;;3352712011605;Boiron;Oscillo;OSCILLO VITALITE ADULTE Cpr eff B/20;0.055;15.71;0.22;1;1
;;3352712011612;Boiron;Oscillo;OSCILLO VITALITE ENFANT Pdr orodispersible 30Sticks;0.055;14.48;0.22;1;1
;;3352712011629;Boiron;Oscillo;OSCILLO IMMUNITE ADULTE Cpr bicouche B/60;0.055;15.71;0.22;1;1
;;3352712011650;Boiron;Oscillo;OSCILLO IMMUNITE ENFANT Pdr orodispersible 30Sticks;0.055;15.5;0.22;1;1
3281100;3400932811007;;Boiron;Oscillococcinum;OSCILLOCOCCINUM Gran en récipient unidose 6Unidoses;0.1;9.49;0.22;6;1
4166200;3400941662003;;Boiron;Oscillococcinum;OSCILLOCOCCINUM Gran en récipient unidose 30Unidoses;0.1;34;0.22;72;1
;3400930211175;;Boiron;Pates;PATES PECTORALES LHF Pâtes à sucer mandarine B/60g;0.1;9.18;0.22;1;1
;3400930211182;;Boiron;Pates;PATES BAUDRY Pâtes à sucer B/70g;0.1;9.18;0.22;1;1
;3400930211236;;Boiron;Sedatif;SEDATIF PC Gran 2T/4g;0.1;8.06;0.22;1;1
;3400930217542;;Boiron;Sedatif;SEDATIF PC Cpr subl Plq/90;0.1;11.63;0.22;180;1
2674458;3400926744588;;Bouchara;Abufene;ABUFENE 400 mg Cpr Plq/60;0.1;17.95;0.37;25;1
3352892;3400933528928;;Bouchara;Abufene;ABUFENE 400 mg Cpr Plq/30;0.1;11.7;0.37;50;1
;;3665490000083;Bouchara;Alodont;ALODONT CARE BIO S bain bouche Fl/500ml;0.2;6.5;0.25;12;1
;;3665490000243;Bouchara;Alodont;ALODONT CARE GENCIVES S bain bouche Fl/100ml;0.2;1.8;0.25;12;1
;;3665490000250;Bouchara;Alodont;ALODONT CARE GENCIVES S bain bouche Fl/500ml;0.2;6.5;0.25;12;1
;3400930159446;3400930159446;Bouchara;Alodont;ALODONT S bain bouche Fl ver/500ml;0.1;9.5;0.25;6;1
3163903;3400931639039;;Bouchara;Alodont;ALODONT S bain bouche Fl/200ml+gob;0.1;5.4;0.25;24;3
6028920;3401360289208;;Bouchara;Alodont;ALODONT CARE FRAICHEUR S b bche quot Fl/500ml;0.2;5.4;0.25;12;1
6028921;3401360289215;;Bouchara;Alodont;ALODONT CARE PROT GENC S b bche quot Fl/500ml;0.2;5.4;0.25;12;1
6074399;3401560743999;8413647037421;Bouchara;Alodont;ALODONT FIX Cr fixative appar T/50g;0.2;7.3;0.25;120;1
9736748;3401597367489;;Bouchara;Aphtavea;APHTAVEA Gel aphtes lésions bouche T/8ml;0.2;7.1;0.25;24;1
;;8057742821990;Bouchara;Eumill;EUMILL S oculaire 10Monodoses/0,5ml;0.2;6.5;0.25;1;1
;;8057742822003;Bouchara;Eumill;EUMILL S oculaire Fl/10ml;0.2;7.5;0.25;1;1
;;8057742822010;Bouchara;Eumill;EUMILL PROTECTION S oculaire 10Monodoses/0,5ml;0.2;8.5;0.25;1;1
;;8057742822027;Bouchara;Eumill;EUMILL PROTECTION S oculaire Fl/10ml;0.2;9.5;0.25;1;1
;;8057742822034;Bouchara;Eumill;EUMILL REPAIR S oculaire 10Monodoses/0,5ml;0.2;9.5;0.25;1;1
;;8057742822041;Bouchara;Eumill;EUMILL REPAIR S oculaire Fl/10ml;0.2;10.5;0.25;1;1
;3400930258699;;Bouchara;Exomuc;EXOMUC 600mg Pdr sol buv en sachet Sach/6;0.1;5.6;0.37;24;3
2791566;3400927915666;;Bouchara;Exomuc;EXOMUC 200 mg glé us oral en sachet 15Sach/2g;0.1;4.4;0.37;54;3
3638513;3400936385139;;Bouchara;Exomuc;EXOMUC 200 mg Glé s buv en sachet 24Sach;0.1;4.3;0.37;40;6
;;3665490000113;Bouchara;Ginkor;GINKOR FRAIS Gel fraîch int jbes lég T/150ml;0.2;11.8;0.25;36;1
;;3665490000137;Bouchara;Ginkor;GINKOR FRAIS Spray effet froid jbes lég 125ml;0.2;12.8;0.25;12;1
;;3665490000144;Bouchara;Ginkor;GINKOR FRAIS Gelée Fl/100ml;0.2;12.8;0.25;12;1
;;3665490000342;Bouchara;Ginkor;GINKO+ CIRCULATION NUIT Cpr B/60;0.055;17.75;0.25;1;1
;3400930238134;;Bouchara;Ginkor;GINKOR FORT Gél Plq/120;0.1;26.99;0.25;30;1
2853511;3401528535116;;Bouchara;Ginkor;GINKOR MEMO Caps capital cérébral B/60;0.055;14.8;0.25;32;1
3304321;3400933043216;;Bouchara;Ginkor;GINKOR FORT Gél Plq/30;0.1;8.5;0.25;70;1
3304344;3400933043445;;Bouchara;Ginkor;GINKOR FORT Gél Plq/60;0.1;14.7;0.25;50;3
3638499;3400936384996;;Bouchara;Hexalyse;HEXALYSE Cpr à sucer Plq/24;0.1;5.95;0.37;24;1
;;3665490000205;Bouchara;Hexaphyto;HEXAPHYTO Spray gorge toux Fl/30ml;0.2;7.5;0.37;12;1
;;3665490000212;Bouchara;Hexaphyto;HEXAPHYTO Spray mal de gorge intense Fl/30ml;0.2;7.5;0.37;12;1
;;3665490000229;Bouchara;Hexaphyto;HEXAPHYTO Sirop toux adulte Fl/150ml;0.2;7.5;0.37;24;1
;;3665490000236;Bouchara;Hexaphyto;HEXAPHYTO Sirop toux gorge enfant Fl/150ml;0.2;7.8;0.37;24;1
;;3665490000328;Bouchara;Hexaphyto;HEXAPHYTO Past mal de gorge goût menthe B/20;0.2;7.5;0.37;12;1
3003624;3400930036242;;Bouchara;Hexaspray;HEXASPRAY Collutoire fruit exotique en fl pressurisé Fl/30g;0.1;6.8;0.37;24;6
3277972;3400932779727;;Bouchara;Hexaspray;HEXASPRAY Collutoire en fl pressurisé Fl/30g;0.1;6.8;0.37;45;6
4153775;3400941537752;;Bouchara;Non renseigné;TRANSIPEGLIB 5,9 g Pdr sol buv en sachet 14Sach;0.1;7;0.37;20;1
7375708;3401073757087;;Brothier - GSA;Algosteril;ALGOSTERIL Compr 5x5cm B/10;0.2;5.94;0;192;1
7799940;3401077999407;;Brothier - GSA;Algosteril;ALGOSTERIL Compr st 10x20cm B/16;0.2;66.62;0.04;39;1
7799957;3401077999575;;Brothier - GSA;Algosteril;ALGOSTERIL Compr stér 10x10cm B/16;0.2;32.45;0.04;72;1
9641315;3401096413151;;Brothier - GSA;Algosteril;ALGOSTERIL Mèch plate 5x40cm B/16;0.2;66.62;0.04;25;1
2106984;3401521069847;;Brothier - GSA;Coalgan;COALGAN Pans adh 72x25mm ; 72x35mm B/12;0.2;5.2;0.25;42;1
2106990;3401521069908;3700327200196;Brothier - GSA;Coalgan;COALGAN Pdr Fl/8g;0.2;5.2;0.25;66;1
6301553;3401563015536;;Brothier - GSA;Coalgan;COALGAN Compr 30x50mm B/5;0.2;5.2;0.25;312;1
7375766;3401073757667;;Brothier - GSA;Coalgan;COALGAN Ouate hémost 5Sach/0,40g;0.2;3.01;0.25;312;1
3276056;3400932760565;;Brothier - GSA;Non renseigné;NAUSICALM Sirop Fl/150ml;0.1;5.76;0.25;30;1
3359492;3400933594923;;Brothier - GSA;Non renseigné;NAUSICALM 50 mg Gél adulte Plq/14;0.1;5.76;0.25;60;1
;;5419980116192;CBX Medical;Non renseigné;CanFlex Cold Gel CBX Medical T/100 ml;0.2;14.12;0.15;1;1
;;5419980271143;CBX Medical;Non renseigné;METAFIBRO CBX Medical Gél B/60;0.055;19.21;0.15;1;1
;;5419980271174;CBX Medical;Non renseigné;CanFlex Hot Gel CBX Medical T/100 ml;0.2;14.68;0.15;1;1
3120495;3400931204954;;CDM Lavoisier;Non renseigné;EAU PREPARATION INJECTABLE LAVOISIER S p prép inj Fl/250ml;0.021;3.92;0.1;10;1
3611141;3400936111417;;CDM Lavoisier;Non renseigné;EAU PREPARATION INJECTABLE LAVOISIER S p prép inj 10Amp/10ml;0.021;7.13;0.14;10;1
3625410;3400936254107;;CDM Lavoisier;Non renseigné;PROCAINE CHLORHYDRATE LAVOISIER 20 mg/ml S inj 10Amp bout/5ml;0.021;11.01;0.14;0;1
3634053;3400936340534;;CDM Lavoisier;Non renseigné;CHLORURE DE SODIUM 0,9 % LAVOISIER S perf 10Amp/5ml;0.021;6.33;0.1;0;1
3634076;3400936340763;;CDM Lavoisier;Non renseigné;CHLORURE DE SODIUM 0,9 % LAVOISIER S perf 10Amp/10ml;0.021;7.13;0.1;0;1
3634107;3400936341074;;CDM Lavoisier;Non renseigné;CHLORURE DE SODIUM HYPERTONIQUE 10 % LAVOISIER S diluer inj 10Amp/10ml;0.021;7.76;0.05;0;1
3634136;3400936341364;;CDM Lavoisier;Non renseigné;CHLORURE DE SODIUM HYPERTONIQUE 20 % LAVOISIER S diluer inj 10Amp/10ml;0.021;7.43;0.14;0;1
;;3760285240641;Capteur Protect;Non renseigné;CAPTEUR PROTECT FSL & SIM Patch adhésif pour capteur de glycémie tatoo B/4;0.2;8.25;0.25;25;1
;;3760285240764;Capteur Protect;Non renseigné;CAPTEUR PROTECT FSL & SIM Patch adhésif pour capteur de glycémie pink B/4;0.2;8.25;0.25;240;1
;;3760285241273;Capteur Protect;Non renseigné;CAPTEUR PROTECT FSL & SIM Patch adhésif pour capteur de glycémie blue B/4;0.2;8.25;0.25;1;1
;;3760285241280;Capteur Protect;Non renseigné;CAPTEUR PROTECT FSL 3 Patch adhésif pour capteur de glycémie brown B/4;0.2;8.25;0.25;1;1
;;3760285241297;Capteur Protect;Non renseigné;CAPTEUR PROTECT FSL & SIM Patch adhésif pour capteur de glycémie red B/4;0.2;8.25;0.25;1;1
;;3760285241655;Capteur Protect;Non renseigné;CAPTEUR PROTECT FSL & SIM Patch adhésif pour capteur de glycémie brown B/4;0.2;8.25;0.25;25;1
;;3760285241679;Capteur Protect;Non renseigné;CAPTEUR PROTECT FSL & SIM Patch adhésif pour capteur de glycémie black B/4;0.2;8.25;0.25;25;1
;;3760285241709;Capteur Protect;Non renseigné;CAPTEUR PROTECT FSL 3 Patch adhésif pour capteur de glycémie black B/4;0.2;8.25;0.25;1;1
;;3760285241716;Capteur Protect;Non renseigné;CAPTEUR PROTECT FSL 3 Patch adhésif pour capteur de glycémie tatoo B/4;0.2;8.25;0.25;1;1
;;3760285241723;Capteur Protect;Non renseigné;CAPTEUR PROTECT FSL & SIM Patch adhésif pour capteur de glycémie beige B/4;0.2;8.25;0.25;240;1
;;3760285242249;Capteur Protect;Non renseigné;CAPTEUR PROTECT DG6 Patch adhésif pour capteur de glycémie tatoo B/6;0.2;12.42;0.23;1;1
;;3760285242256;Capteur Protect;Non renseigné;CAPTEUR PROTECT DG6 Patch adhésif pour capteur de glycémie beige B/6;0.2;12.42;0.23;1;1
;;3770025695228;Capteur Protect;Non renseigné;CAPTEUR PROTECT DG6 Patch adhésif pour capteur de glycémie marron B/6;0.2;8.25;0.23;5;1
;;3346020049771;Cavailles;Bain et Douche;CAVAILLES Sav surgras Note de lavande 3x200g;0.2;13.03;0.2;6;1
;;3596490006358;Cavailles;Bain et Douche;ROGE CAVAILLES Gel bain dche amande 1l;0.2;11.85;0.2;12;1
;;3596490006365;Cavailles;Bain et Douche;ROGE CAVAILLES Gel bain dche fl coton 1l;0.2;11.85;0.2;12;1
;;3596490006372;Cavailles;Bain et Douche;ROGE CAVAILLES Gel bain dche lait miel 1l;0.2;11.85;0.2;12;1
;;3596490006389;Cavailles;Bain et Douche;ROGE CAVAILLES Gel bain dche hydrat 1l;0.2;11.85;0.2;12;1
;;3596490006396;Cavailles;Bain et Douche;ROGE CAVAILLES Gel bain dche lait figue 1l;0.2;11.85;0.2;12;1
;;3596490006402;Cavailles;Bain et Douche;ROGE CAVAILLES Gel bain dche fl coton 400ml;0.2;6.24;0.2;6;1
;;3596490006419;Cavailles;Bain et Douche;ROGE CAVAILLES Gel bain dche amande Fl/400ml;0.2;6.24;0.2;6;1
;;3596490006426;Cavailles;Bain et Douche;ROGE CAVAILLES Gel bain dche lait miel 400ml;0.2;6.24;0.2;6;1
;;3596490006433;Cavailles;Bain et Douche;ROGE CAVAILLES Gel bain dche hydrat Fl/400ml;0.2;6.24;0.2;6;1
;;3596490006457;Cavailles;Bain et Douche;ROGE CAVAILLES Gel bain dche original 2/400ml;0.2;11.23;0.2;6;1
;;3596490006488;Cavailles;Bain et Douche;ROGE CAVAILLES Gel bain dche original 1l;0.2;11.85;0.2;12;1
;;3596490006495;Cavailles;Bain et Douche;ROGE CAVAILLES Gel bain dche aloé v bio 1l;0.2;11.85;0.2;12;1
;;3596490006501;Cavailles;Bain et Douche;ROGE CAVAILLES Gel bain dche macada bio 1l;0.2;11.85;0.2;12;1
;;3596490006556;Cavailles;Bain et Douche;ROGE CAVAILLES Gel bain dche original Ec/1l;0.2;10.4;0.2;8;1
;;3596490006990;Cavailles;Bain et Douche;CAVAILLES Huile de douche veloutante Fl/250ml;0.2;7.59;0.2;6;1
;;3596490007003;Cavailles;Bain et Douche;CAVAILLES Hle dche veloutante Fl ppe/750ml;0.2;12.4;0.2;6;1
;;3596490007706;Cavailles;Bain et Douche;CAVAILLES Sav surgras jardin l'original 100g;0.2;4.62;0.2;6;1
;;3596490007751;Cavailles;Bain et Douche;CAVAILLES Gel gommage aisselles délicat T/50ml;0.2;12.35;0.2;1;1
;;3596490007799;Cavailles;Bain et Douche;CAVAILLES Gel bain douche éclat de mimosa Fl pompe/1l;0.2;11.85;0.2;1;1
;;3596490007805;Cavailles;Bain et Douche;CAVAILLES Gel bain douche soleil de jasmin Fl pompe/1l;0.2;11.85;0.2;1;1
;;3596490007812;Cavailles;Bain et Douche;CAVAILLES Gel bain douche éclat de mimosa Eco-recharge/1l;0.2;10.4;0.2;1;1
;;3596490007829;Cavailles;Bain et Douche;CAVAILLES Gel bain douche soleil de jasmin Eco-recharge/1l;0.2;10.4;0.2;1;1
;;3596490007843;Cavailles;Bain et Douche;CAVAILLES Gel bain douche soleil de jasmin Fl/400ml;0.2;6.24;0.2;6;1
;;3596490007904;Cavailles;Bain et Douche;CAVAILLES Gel bain douche zeste de verveine Fl pompe/1l;0.2;11.85;0.2;1;1
6034794;;3596490004576;Cavailles;Bain et Douche;ROGE CAVAILLES Gel dch sur ext dx amand 200ml;0.2;4.99;0.2;6;1
6415660;;3596490007836;Cavailles;Bain et Douche;CAVAILLES Gel bain douche éclat de mimosa Fl/400ml;0.2;6.24;0.2;1;1
7004975;;3346020049757;Cavailles;Bain et Douche;CAVAILLES Sav surgras jardin l'original 2x200g;0.2;9.66;0.2;6;1
7089138;3401570891383;3596490000141;Cavailles;Bain et Douche;ROGE CAVAILLES Gel dche lait hydrat T/200m;0.2;4.99;0.2;6;1
6384941;3401563849414;8002410070118;Cavailles;Botot;BOTOT Eau bouche purif rafraîch Fl/150ml;0.2;11.68;0.2;12;1
7314747;3401573147470;8002410070101;Cavailles;Botot;BOTOT Dentif Ess nat T/75ml;0.2;5.47;0.2;12;1
;;3596490006693;Cavailles;Déo-soin;CAVAILLES DEO DERMATO Déod 48H Roll-on/50ml;0.2;8.44;0.2;1;1
;;3596490006709;Cavailles;Déo-soin;CAVAILLES DEO ABORB+ Déod 48H ss p Roll/50ml;0.2;8.44;0.2;1;1
;;3596490006716;Cavailles;Déo-soin;CAVAILLES DEO INT Déod LP 48H Roll-on/50ml;0.2;8.44;0.2;1;1
;;3596490006723;Cavailles;Déo-soin;CAVAILLES DEO ABSORB+ Déod 48H H Roll/50ml;0.2;8.44;0.2;1;1
;;3596490006730;Cavailles;Déo-soin;CAVAILLES DEO DERMATO Déod 48H H Roll/50ml;0.2;8.44;0.2;1;1
;;3596490006747;Cavailles;Déo-soin;CAVAILLES DEO DERMATO Déod 48H Spr/150ml;0.2;8.44;0.2;1;1
;;3596490006754;Cavailles;Déo-soin;CAVAILLES DEO ABSORB+ Déod 48H H Spr/150ml;0.2;8.44;0.2;1;1
;;3596490006761;Cavailles;Déo-soin;CAVAILLES DEO DERMATO Déod 48H H Spr/150ml;0.2;8.44;0.2;1;1
;;3596490006778;Cavailles;Déo-soin;CAVAILLES DEO DERMATO Déodorant 48H Vapo/80ml;0.2;8.44;0.2;6;1
;;3596490006792;Cavailles;Déo-soin;CAVAILLES DEO ABORB+ Déod 48H trac Roll/50ml;0.2;8.44;0.2;1;1
;;3596490006808;Cavailles;Déo-soin;CAVAILLES DEO ABSORB+ Déod 48H trac Sp/150ml;0.2;8.44;0.2;6;1
;;3596490006822;Cavailles;Déo-soin;CAVAILLES DEO DERMATO Déod 48H 2Roll-on/50ml;0.2;16.88;0.2;6;1
;;3596490006846;Cavailles;Déo-soin;CAVAILLES DEO ABORB+ Déod 48H trac 2Roll/50ml;0.2;16.88;0.2;6;1
;;3596490006877;Cavailles;Déo-soin;CAVAILLES DEO DERMATO Déod 48H 2Spr/150ml;0.2;16.88;0.2;6;1
;;3596490006891;Cavailles;Déo-soin;CAVAILLES DEO ABSORB+ Déod 48H trac 2Sp/150ml;0.2;16.88;0.2;6;1
;;3596490007768;Cavailles;Déo-soin;CAVAILLES Cr aisselles apaisante T/30ml;0.2;12.35;0.2;1;1
;;3596490007393;Cavailles;Hydratants Corps, Mains & Lèvres;CAVAILLES Gelée en eau Pot/200ml;0.2;12.18;0.2;3;1
;;3596490007423;Cavailles;Hydratants Corps, Mains & Lèvres;CAVAILLES Lait onctueux Fl pompe/400ml;0.2;14.01;0.2;3;1
;;3596490007065;Cavailles;Hygiène Intime;CAVAILLES SOIN LAV INT HYDRAT Gel Fl/250ml;0.2;8.46;0.2;12;1
;;3596490007072;Cavailles;Hygiène Intime;CAVAILLES SOIN LAV INT ANTIBACT Gel Fl/250ml;0.2;8.46;0.2;12;1
;;3596490007096;Cavailles;Hygiène Intime;CAVAILLES SOIN LAV INT FRAICH Gel Fl/250ml;0.2;8.46;0.2;12;1
;;3596490007102;Cavailles;Hygiène Intime;CAVAILLES SOIN LAV INT HYDRAT Gel Fl/500ml;0.2;12.04;0.2;12;1
;;3596490007140;Cavailles;Hygiène Intime;CAVAILLES SOIN LAV INT EXTRA-DOUX Gel 250ml;0.2;8.46;0.2;12;1
;;3596490007157;Cavailles;Hygiène Intime;CAVAILLES SOIN LAV INT EXTRA-DOUX Gel 500ml;0.2;12.04;0.2;12;1
;;3596490007188;Cavailles;Hygiène Intime;CAVAILLES SOIN LAV INT EXTRA-DOUX Gel 100ml;0.2;4.96;0.2;12;1
;;3596490007195;Cavailles;Hygiène Intime;CAVAILLES SOIN LAV INT EXTRA-DOUX Gel 2/250ml;0.2;13.13;0.2;6;1
;;3596490007201;Cavailles;Hygiène Intime;CAVAILLES SOIN LAV INT EXTRA-DOUX Gel 2/500ml;0.2;18.64;0.2;6;1
;;3596490007218;Cavailles;Hygiène Intime;CAVAILLES SOIN LAV INT HYDRAT Gel 2Fl/250ml;0.2;13.13;0.2;6;1
;;3596490007232;Cavailles;Hygiène Intime;CAVAILLES SOIN LAV INT ANTIBACT Gel 2Fl/250ml;0.2;13.13;0.2;6;1
;;3596490007270;Cavailles;Hygiène Intime;CAVAILLES INTIME Ling av anti-bactér Sach/15;0.2;3.69;0.2;12;1
;;3596490007287;Cavailles;Hygiène Intime;CAVAILLES INTIME Lingette hydratante Sach/15;0.2;3.69;0.2;12;1
;;3596490007300;Cavailles;Hygiène Intime;CAVAILLES INTIME Lingette extra douce Sach/15;0.2;3.69;0.2;12;1
;;3596490007577;Cavailles;Hygiène Intime;CAVAILLES Mousse intime sans rinçage fraîcheur Fl/100ml;0.2;8.82;0.2;6;1
;;3596490006471;Cavailles;Non renseigné;ROGE CAVAILLES Gel bain dche original 400ml;0.2;6.24;0.2;6;1
6078294;;3596490004835;Cavailles;Non renseigné;BOTOT Dentifrice menthe pin eucalyptus T/75ml;0.2;5.47;0.2;12;1
6078295;;3596490004842;Cavailles;Non renseigné;BOTOT Dentifrice anis citrus réglisse T/75ml;0.2;5.47;0.2;12;1
6078296;;3596490004804;Cavailles;Non renseigné;BOTOT Bain bch cannelle clou girof ment 250ml;0.2;9.16;0.2;6;1
6078301;;3596490004828;Cavailles;Non renseigné;BOTOT Bain bch menthe pin eucalypt 250ml;0.2;9.16;0.2;6;1
6111657;3401561116570;3596490001643;Cavailles;Sanogyl;SANOGYL ROSE Pâte dtf T/75ml;0.2;5.3;0.2;12;1
;;8002410067804;Cavailles;Somatoline Cosmetic;SOMATOLINE COSMETIC Remod & drainant recharge bandages 6 sachets;0.2;34.91;0.18;1;1
;;8002410068009;Cavailles;Somatoline Cosmetic;SOMATOLINE COSMETIC Spray cryo vent abd 200ml;0.2;34.27;0.18;1;1
;;3700111400146;Ccd;Non renseigné;CCD UT380 STANDARD Disp IU avec kit de pose;0.2;19.15;0.08;24;1
;;3700111400269;Ccd;Non renseigné;ZYTOLIA Pdr à diluer 60Sticks/3g;0.055;17.45;0.12;1;1
;;3700111400351;Ccd;Non renseigné;BACTIGYN Ov équilibre intime B/7;0.2;14.24;0.12;1;1
;;3700111400375;Ccd;Non renseigné;BACTIGYN ORAL Gél B/30;0.055;19.88;0.12;80;1
;;3700111400450;Ccd;Non renseigné;OLIGOBS SPM-PMS Cpr B/30;0.055;17.74;0.12;1;1
;;3700111400481;Ccd;Non renseigné;OLIGOBS D3+K2 S buv Fl cpte-gttes/15ml;0.055;10.68;0.12;1;1
;;3700111400498;Ccd;Non renseigné;OLIGOBS LACTATION BOOST Gél B/14;0.055;11.23;0.12;1;1
;;3770014565013;Ccd;Non renseigné;NATHYROID Cpr B/60;0.055;28.38;0.12;34;1
;;8719325830040;Ccd;Non renseigné;HYALIDRA Gel T/30ml;0.2;11.31;0.12;1;1
;3400930158524;;Ccd;Non renseigné;MISOLFA 2 mg/0,03 mg Cpr pell Plq/3x21;0.1;26.51;0.12;1;1
;3401360288621;;Ccd;Non renseigné;NETLINE Cr dépil 3 min T/100ml;0.2;9.64;0.12;48;1
3045687;3400930456873;;Ccd;Non renseigné;GOMENOL SOLUBLE 82,5mg/5ml S inh 5Amp/5ml;0.1;6.57;0.14;0;1
3050814;3400930508145;;Ccd;Non renseigné;HUILE GOMENOLEE 2 % S inst Fl/22ml;0.1;6.24;0.14;1;1
3050820;3400930508206;;Ccd;Non renseigné;HUILE GOMENOLEE 5 % S inst Fl/22ml;0.1;6.57;0.14;0;1
4396472;3401043964729;3700111496477;Ccd;Non renseigné;CCD NT 380 STAND DIU forme T;0.2;17.36;0;0;1
7402730;3401074027301;;Ccd;Non renseigné;CCD UT 380 STAND DIU;0.2;19.15;0.05;0;1
8133806;3401581338068;;Ccd;Non renseigné;GYNDELTA Gél conf urin B/90;0.055;40.85;0.12;35;1
9874427;3401598744272;;Ccd;Non renseigné;OLIGOBS ALLAITEMENT Cpr + caps B/60;0.055;16.38;0.12;0;1
;;3337875945622;Cerave;Cerave Solaire;*CERAVE SOLAIRE SPF50+ Fluide invisible toucher sec T/50ml;0.2;12.5;0.19;24;1
;;3337875945660;Cerave;Cerave Solaire;*CERAVE SOLAIRE SPF50 Fluide invisible hydratant T/50ml;0.2;12.5;0.19;24;1
;;3337875945707;Cerave;Cerave Solaire;*CERAVE SOLAIRE SPF50+ Stick invisible 8g;0.2;9.75;0.19;1;1
;;3337875945738;Cerave;Cerave Solaire;*CERAVE SOLAIRE SPF50+ Lait invisible hydratant Fl/177ml;0.2;14;0.19;1;1
;;3337875945769;Cerave;Cerave Solaire;*CERAVE SOLAIRE SPF50+ Lait invisible hydratant Fl/75ml;0.2;11.3;0.19;1;1
;;3337875945790;Cerave;Cerave Solaire;*CERAVE SOLAIRE SPF30 Lait invisible hydratant Fl/177ml;0.2;14;0.19;12;1
;;3337875945820;Cerave;Cerave Solaire;*CERAVE SOLAIRE SPF30 Lait invisible hydratant Fl/75ml;0.2;11.3;0.19;1;1
6079000;;3337875597326;Cerave;Format voyage;CERAVE Cr lavante hydratante Fl/88ml;0.2;4;0.13;71;1
6079003;;3337875597340;Cerave;Format voyage;CERAVE Gel moussant nettoyant Fl/88ml;0.2;5;0.13;71;1
6079019;;3337875597371;Cerave;Format voyage;*CERAVE Bme hydratant T/50ml;0.2;4.5;0.17;110;1
;;3337875684118;Cerave;Hygiène corps;CERAVE Gel nettoy anti-rugosités Fl ppe/236ml;0.2;8.2;0.13;12;1
;;3337875743563;Cerave;Hygiène corps;CERAVE Cr moussante nettoyante Fl pompe/236ml;0.2;9.25;0.13;12;1
;;3337875773430;Cerave;Hygiène corps;CERAVE Huile lavante Fl pompe/236ml;0.2;7.4;0.13;12;1
;;3337875773447;Cerave;Hygiène corps;CERAVE Huile lavante Fl pompe/473ml;0.2;11.5;0.13;12;1
;;3337875795456;Cerave;Hygiène corps;CERAVE SA Gel nettoy anti-rugos Fl ppe/473ml;0.2;12.65;0.13;12;1
;;3337875905596;Cerave;Hygiène corps;CERAVE Gel moussant nettoyant Eco-recharge/473ml;0.2;9.5;0.13;6;1
;;3337875905602;Cerave;Hygiène corps;CERAVE Cr lavante hydratante Eco-recharge/473ml;0.2;8.8;0.13;6;1
6079001;;3337875597180;Cerave;Hygiène corps;CERAVE Cr lavante hydratante Fl pompe/236ml;0.2;7;0.13;12;1
6079002;;3337875597333;Cerave;Hygiène corps;CERAVE Cr lavante hydratante Fl pompe/473ml;0.2;10.1;0.13;12;1
;;3337875597203;Cerave;Hygiène visage;CERAVE Eau micellaire Fl/295ml;0.2;7.6;0.13;27;1
;;3337875784054;Cerave;Hygiène visage;*CERAVE Gel mouss anti-imperf Fl ppe/236ml;0.2;8.6;0.17;12;1
;;3337875884389;Cerave;Hygiène visage;CERAVE Cr moussante nettoyante hydratante visage Fl pompe/473ml;0.2;13.8;0.13;12;1
;;3337875923859;Cerave;Hygiène visage;*CERAVE Gel moussant anti-imperfection Fl pompe/473ml;0.2;12;0.17;12;1
;;3337875925341;Cerave;Hygiène visage;CERAVE Mousse nettoyante équilibrante Fl pompe/150ml;0.2;10.35;0.13;36;1
;;3337875926836;Cerave;Hygiène visage;*CERAVE Argile moussante nettoyante T/118ml;0.2;12;0.17;1;1
6079004;;3337875597197;Cerave;Hygiène visage;CERAVE Gel moussant nettoyant Fl pompe/236ml;0.2;7.5;0.13;12;1
6079005;;3337875597357;Cerave;Hygiène visage;CERAVE Gel moussant nettoyant Fl pompe/473ml;0.2;11;0.13;12;1
;;3337875597319;Cerave;Soin corps;*CERAVE Cr mains réparatrice T/50ml;0.2;4.4;0.17;85;1
;;3337875597364;Cerave;Soin corps;*CERAVE Lait hydratant Fl/88ml;0.2;5.4;0.17;1;1
;;3337875684095;Cerave;Soin corps;CERAVE Cr anti-rugosités T/177ml;0.2;10.9;0.13;12;1
;;3337875684101;Cerave;Soin corps;CERAVE Cr anti-rugosités Pot/340g;0.2;13.65;0.13;12;1
;;3337875848459;Cerave;Soin corps;CERAVE Pom réparatrice intensive T/88ml;0.2;10.4;0.13;12;1
;;3337875904285;Cerave;Soin corps;*CERAVE Lait hydratant intensif Fl pompe/236ml;0.2;11.4;0.17;12;1
;;3337875905626;Cerave;Soin corps;*CERAVE Bme hydratant Eco-recharge/473ml;0.2;12.1;0.17;6;1
;;3337875905633;Cerave;Soin corps;*CERAVE Lait hydratant Eco-recharge/473ml;0.2;11.3;0.17;6;1
;;3337875923880;Cerave;Soin corps;*CERAVE Bme hydratant intensif Pot/340ml;0.2;13.35;0.17;12;1
;;3606000551954;Cerave;Soin corps;*CERAVE Bme hydratant Pot pompe/454ml;0.2;16.25;0.17;12;1
6079010;;3337875597210;Cerave;Soin corps;*CERAVE Lait hydratant Fl pompe/236ml;0.2;8.35;0.17;12;1
6079012;;3337875597395;Cerave;Soin corps;*CERAVE Lait hydratant Fl pompe/473ml;0.2;12.5;0.17;12;1
6079021;;3337875598996;Cerave;Soin corps;*CERAVE Bme hydratant T/177ml;0.2;7.95;0.17;12;1
6079022;;3337875597388;Cerave;Soin corps;*CERAVE Bme hydratant Pot/454ml;0.2;13.4;0.17;12;1
6079027;;3337875597296;Cerave;Soin corps;CERAVE Cr pieds régénérante T/88ml;0.2;6.4;0.13;60;1
;;3337875782357;Cerave;Soin visage;*CERAVE Cr soin concentré anti-imperf T/40ml;0.2;10.35;0.17;24;1
;;3337875814652;Cerave;Soin visage;CERAVE SPF50 Cr hydratante visage T/52ml;0.2;13.7;0.13;24;1
;;3337875829007;Cerave;Soin visage;*CERAVE Sérum Rétinol Anti-marques Fl airless/30ml;0.2;14.75;0.17;87;1
;;3337875840620;Cerave;Soin visage;CERAVE SPF30 Cr hydratante visage T/52ml;0.2;12.8;0.13;24;1
;;3337875849302;Cerave;Soin visage;CERAVE Pom réparatrice intensive T/50ml;0.2;7.6;0.13;60;1
;;3337875899543;Cerave;Soin visage;CERAVE SKIN RENEWING Sérum Rétinol Fl pompe/30ml;0.2;21.2;0.13;1;1
;;3337875903189;Cerave;Soin visage;CERAVE SKIN RENEWING Sérum Vitamine C Fl pompe/30ml;0.2;21.2;0.13;1;1
;;3337875903493;Cerave;Soin visage;CERAVE SKIN RENEWING Cr Peptide T/48ml;0.2;21.2;0.13;1;1
;;3337875904513;Cerave;Soin visage;CERAVE Gel crème hydratant oil control T/52ml;0.2;12.8;0.13;24;1
;;3337875927871;Cerave;Soin visage;*CERAVE Patch anti-imperfections B/22;0.2;8.35;0.17;24;1
;;3606000560833;Cerave;Soin visage;CERAVE Sérum Ac hyalu hydrat T ppe/30ml;0.2;16.6;0.13;1;1
6079023;;3337875597272;Cerave;Soin visage;CERAVE Cr contour des yeux T/14ml;0.2;10.4;0.13;3;1
6079025;;3337875597449;Cerave;Soin visage;CERAVE Cr hydratante visage T/52ml;0.2;11.4;0.13;24;1
7850486;3401578504865;4260048433161;Cevidra (Ecomar);Rhinicur;RHINICUR Prép sol nas lav foss nas 20Sach;0.2;9.29;0.2;100;1
7850492;3401578504926;4260048433154;Cevidra (Ecomar);Rhinicur;RHINICUR Prép sol nas lav foss 4Sach+Appareil;0.2;19.79;0.2;30;1
;;3614790000583;Chauvin Bausch & Lomb;Aqualarm;AQUALARM UP 2% S opht lubrif humidif Fl/10ml;0.2;7.99;0.25;1;1
;;3614790000590;Chauvin Bausch & Lomb;Aqualarm;AQUALARM UP INTENSIVE S opht Fl//10ml;0.2;10.35;0.25;1;1
;;3614790000613;Chauvin Bausch & Lomb;Aqualarm;AQUALARM INTENSIVE S ophtalm Spray/10ml;0.2;14.85;0.25;6;1
;;3614790001030;Chauvin Bausch & Lomb;Aqualarm;AQUALARM UD YEUX SECS S opht 30Unid/0,6ml;0.2;8.99;0.25;1;1
;;3614790001504;Chauvin Bausch & Lomb;Aqualarm;AQUALARM ECRAN S ophtalm Fl/10ml;0.2;11.5;0.25;1;1
;;7391899856148;Chauvin Bausch & Lomb;Biotrue;BIOTRUE FLIGHT PACK S lent Fl/100ml;0.2;8.15;0.28;36;1
9731231;3401097312316;7391899850719;Chauvin Bausch & Lomb;Biotrue;BIOTRUE S lent sple multifon Fl/300ml;0.2;13.2;0.28;24;1
9884578;3401098845783;7391899851686;Chauvin Bausch & Lomb;Biotrue;BIOTRUE S lent sple multifon 3Fl/300ml;0.2;35.2;0.28;8;1
;;3614790000002;Chauvin Bausch & Lomb;Bloxaphte;BLOXAPHTE Gel adulte T/15ml;0.2;9.9;0.25;50;1
;;3614790000019;Chauvin Bausch & Lomb;Bloxaphte;BLOXAPHTE Gel junior T/15ml;0.2;9.9;0.25;50;1
;;3614790000026;Chauvin Bausch & Lomb;Bloxaphte;BLOXAPHTE Bain bouche Fl/100ml;0.2;9.9;0.25;24;1
;;3614790000033;Chauvin Bausch & Lomb;Bloxaphte;BLOXAPHTE Spray adulte Fl/20ml;0.2;9.9;0.25;48;1
2854858;3401528548581;;Chauvin Bausch & Lomb;C'ZEN;C'ZEN NUIT Cpr B/30;0.055;10.99;0.25;1;1
8159148;3401581591487;;Chauvin Bausch & Lomb;C'ZEN;C'ZEN ETATS NAUSÉEUX Cpr B/30;0.055;9.1;0.25;1;1
;;3614790000729;Chauvin Bausch & Lomb;Cerualgie;CERUALGIE gte auric Fl/7g;0.2;7.15;0.25;1;1
;;3614790001047;Chauvin Bausch & Lomb;Cicathénol;CICATHENOL Spray oculaire Fl/17ml;0.2;14.99;0.25;1;1
;;3614790000194;Chauvin Bausch & Lomb;Cinq/cinq Anti poux & lentes;CINQ/CINQ NATURA Bme décoll lente 60ml+peigne;0.2;14.5;0.25;12;1
;;3614790000293;Chauvin Bausch & Lomb;Cinq/cinq Anti poux & lentes;CINQ/CINQ NATURA Shamp poux lente neut 400ml;0.2;25;0.25;6;1
;;3614790000552;Chauvin Bausch & Lomb;Cinq/cinq Anti poux & lentes;CINQ SUR CINQ Shamp lav bio poux lente 100ml;0.2;17.7;0.25;12;1
;3401560216387;;Chauvin Bausch & Lomb;Cinq/cinq Anti poux & lentes;CINQ SUR CINQ Diffuseur électrique double usage antimoustique;0.2;7.55;0;12;1
6021610;3401560216103;;Chauvin Bausch & Lomb;Cinq/cinq Anti poux & lentes;CINQ/CINQ NATURA Kit envir poux lent;0.2;12.55;0;12;1
8149291;3401581492913;;Chauvin Bausch & Lomb;Cinq/cinq Anti poux & lentes;CINQ SUR CINQ Lot anti-poux lente 100ml;0.2;18.75;0.25;12;1
;;3614790000064;Chauvin Bausch & Lomb;Cinq/cinq Moustiques;CINQ SUR CINQ Spray anti-tiques Fl/100ml;0.2;12.05;0.25;12;1
;;3614790000200;Chauvin Bausch & Lomb;Cinq/cinq Moustiques;CINQ SUR CINQ Kit spécial tiques;0.2;8.55;0.25;10;1
;;3614790001078;Chauvin Bausch & Lomb;Cinq/cinq Moustiques;CINQ SUR CINQ Spray vêtements tissus Fl/100ml;0.2;10.3;0;24;1
;;3614790001085;Chauvin Bausch & Lomb;Cinq/cinq Moustiques;CINQ SUR CINQ Kit voyage haute protection;0.2;19.1;0;12;1
;;3614790001184;Chauvin Bausch & Lomb;Cinq/cinq Moustiques;CINQ SUR CINQ Bracelet moust graffiti;0.2;13.5;0.25;1;1
;;3614790001221;Chauvin Bausch & Lomb;Cinq/cinq Moustiques;CINQ SUR CINQ Lot bébé Fl/100ml;0.2;12.05;0.25;12;1
;3401560206708;;Chauvin Bausch & Lomb;Cinq/cinq Moustiques;CINQ SUR CINQ Stick tropic Bille/20ml;0.2;11;0.25;24;1
2850369;3401528503696;;Chauvin Bausch & Lomb;Cinq/cinq Moustiques;CINQ SUR CINQ Stick famille Bille/20ml;0.2;11;0.25;24;1
4217280;3401542172809;;Chauvin Bausch & Lomb;Cinq/cinq Moustiques;CINQ SUR CINQ TROPIC Lot moust Spr/100ml;0.2;12.05;0.25;24;1
6021637;3401560216370;;Chauvin Bausch & Lomb;Cinq/cinq Moustiques;CINQ SUR CINQ Tabl rech diffuseur B/30;0.2;6.45;0;24;1
6021639;3401560216394;;Chauvin Bausch & Lomb;Cinq/cinq Moustiques;CINQ SUR CINQ Liq rech diffuseur Fl/35ml;0.2;6.45;0;24;1
6075074;3401560750744;;Chauvin Bausch & Lomb;Cinq/cinq Moustiques;CINQ SUR CINQ FAMILLE Lot moust Fl/100ml;0.2;12.05;0.25;12;1
6313177;3401563131779;;Chauvin Bausch & Lomb;Cinq/cinq Moustiques;CINQ/CINQ NATURA Cr apaisant T/40g;0.2;8.2;0.25;24;1
9781223;3401597812231;;Chauvin Bausch & Lomb;Cinq/cinq Moustiques;CINQ SUR CINQ ZONES TEMPEREES Lot moust 100ml;0.2;12.05;0.25;24;6
;3400930093832;;Chauvin Bausch & Lomb;Desomedine;DESOMEDINE 0,1 % Collyre sol Fl PEBD/10ml;0.1;7.45;0.25;300;1
3344562;3400933445621;;Chauvin Bausch & Lomb;Desomedine;DESOMEDINE 0,1 % S pulv nas Spray/10ml;0.1;6.9;0.25;0;1
3486799;3400934867996;;Chauvin Bausch & Lomb;Desomedine;DESOMEDINE 0,1 % Collyre sol 10Fl/0,6ml;0.1;7.45;0.25;108;3
;;3614790001108;Chauvin Bausch & Lomb;Dexpanthenol;DEXPANTHENOL CHAUVIN Gel opht T/10g;0.2;7.5;0.25;260;1
;;3614790000620;Chauvin Bausch & Lomb;Non renseigné;OPHTAXIA Sol lavage oculaire Fl/100ml;0.2;7.4;0.25;6;1
;;3614790000699;Chauvin Bausch & Lomb;Non renseigné;DESODROP S oculaire Fl/8ml;0.2;12.3;0.25;1;1
;;3614790000712;Chauvin Bausch & Lomb;Non renseigné;ELIXYA S ophtalm stérile Fl/10ml;0.2;7.36;0.14;96;1
;;3614790000750;Chauvin Bausch & Lomb;Non renseigné;CERUBABY S aur Fl/15ml;0.2;6.65;0.14;6;1
;;3614790000859;Chauvin Bausch & Lomb;Non renseigné;BLOXANG Epge gélat stér hémostatiq B/4;0.2;8.5;0.25;106;1
;;3614790001276;Chauvin Bausch & Lomb;Non renseigné;DESOSEPT Gel T/15g;0.2;12.5;0.25;60;1
3020049;3400930200490;;Chauvin Bausch & Lomb;Non renseigné;CERULYSE 5 % S aur Fl/10ml;0.021;8.2;0.12;144;2
3029530;3400930295304;;Chauvin Bausch & Lomb;Non renseigné;DERMOCUIVRE Pom dermite irritative T/25g;0.021;7.85;0.12;0;1
3047031;3400930470312;;Chauvin Bausch & Lomb;Non renseigné;HEC Pom nas/cut T/25g;0.1;9.25;0.12;150;1
3458716;3400934587160;;Chauvin Bausch & Lomb;Non renseigné;SENSIVISION AU PLANTAIN Collyre récip unidose 10unid;0.1;7.7;0.25;108;2
3469163;3400934691638;3400934691638;Chauvin Bausch & Lomb;Non renseigné;ALLERGIFLASH 0,05 % Collyre sol récip unidose 10unid;0.1;8.99;0.25;108;2
3535670;3400935356703;;Chauvin Bausch & Lomb;Non renseigné;OPHTACALM 2 % Collyre sol en récipient unidose 10Unid/0,35ml;0.1;8.1;0.25;108;1
3673018;3400936730182;;Chauvin Bausch & Lomb;Non renseigné;VITAMINE B12 CHAUVIN 0,2 mg/0,4 ml Collyre sol en récipient unidose B/10;0.1;6.25;0.25;70;1
5162167;3401051621676;;Chauvin Bausch & Lomb;Non renseigné;BLOXANG TOPIC Pom barrière hémost T/30g;0.2;8.5;0.25;42;1
7734834;;3614790000439;Chauvin Bausch & Lomb;Non renseigné;CERUSPRAY S aur Spr/50ml;0.2;7.8;0.25;56;1
7988687;3401079886873;4030571006404;Chauvin Bausch & Lomb;Non renseigné;HYARHINOL S nas hyg fosse nas Fl pulv/15ml;0.2;9.11;0.25;0;1
;;3614790000248;Chauvin Bausch & Lomb;Préservision;PRESERVISION 3 Caps visée ophtal Pack/3B/60;0.055;59.18;0.12;1;1
;;3614790000279;Chauvin Bausch & Lomb;Préservision;PRESERVISION 3 Caps visée ophtalmique B/60;0.055;23.69;0.12;80;1
6019799;3401560197990;;Chauvin Bausch & Lomb;Préservision;PRESERVISION 3 STICK Pdr or visée ophtal 30St;0.055;23.69;0.12;18;1
;;7391899856216;Chauvin Bausch & Lomb;Renu;RENU MPS FLIGHT PACK S lent Fl/100ml;0.2;7.95;0.28;36;1
;;7391899856698;Chauvin Bausch & Lomb;Renu;RENU ADVANCED S lent sple multifon Fl/360ml;0.2;12.9;0.28;24;1
;;7391899857015;Chauvin Bausch & Lomb;Renu;RENU ADVANCED S lent multifon Fl/100ml Flight;0.2;7.9;0.28;24;1
7259250;3401072592504;7391899840109;Chauvin Bausch & Lomb;Renu;RENU MPS S lent sple multifon 3Fl/360ml;0.2;32.15;0.28;8;1
7320363;3401073203638;7391899840055;Chauvin Bausch & Lomb;Renu;RENU MPS S lent sple multifon Fl/360ml;0.2;12.95;0.28;24;1
;;3614790000071;Chauvin Bausch & Lomb;Thermcool;THERMCOOL Gel anti-douleur Roll-on/50ml;0.2;8.85;0.25;12;1
;;3614790000514;Chauvin Bausch & Lomb;Thermcool;THERMCOOL Gel Anti-douleur T/100ml;0.2;10.25;0.25;12;1
6012138;3401060121389;;Chauvin Bausch & Lomb;Thermcool;THERM-COOL Spray froid Fl/300ml;0.2;10.2;0.25;6;1
6005162;3401060051624;;Chauvin Bausch & Lomb;Thermhot;THERM-O-HOT Patch chauffant multizones;0.2;7.64;0.25;12;1
6005164;3401060051648;;Chauvin Bausch & Lomb;Thermhot;THERM-O-HOT Patch chauff cou/dos/épa/poi;0.2;9.89;0.25;12;1
;;3464660001918;Ciel d'Azur (PUR ALOE);Non renseigné;PURALOE Gel hydrat bio Aloé Véra natif 250ml;0.2;14.28;0.25;6;1
;;3464660002007;Ciel d'Azur (PUR ALOE);Non renseigné;PURALOE Cr répar vis m cor bio Aloé Vér 150ml;0.2;10.93;0.25;6;1
;;3464660002434;Ciel d'Azur (PUR ALOE);Non renseigné;PURALOE Aloé Véra bio past Jus Fl/1l;0.055;18.82;0.25;6;1
;;3464660002465;Ciel d'Azur (PUR ALOE);Non renseigné;PURALOE Aloé Véra bio past Gel à boire Fl/1l;0.055;18.73;0.25;6;1
;;3464660004247;Ciel d'Azur (PUR ALOE);Non renseigné;PURALOE HYDRAT INT Cr lavante bio T/200ml;0.2;11.76;0.25;1;1
6000076;;3464660000768;Ciel d'Azur (PUR ALOE);Non renseigné;PURALOÉ ALOE VERA 125ml Gel natif externe;0.2;9.96;0.25;6;1
3421328;3400934213281;;Cls Pharma;Non renseigné;AUREOMYCINE EVANS 3 % Pom T/15g;0.021;6.12;0.12;180;1
3741470;3400937414708;;Cls Pharma;Non renseigné;BUCCOBET 0,1 mg Cpr à sucer Plq/50;0.1;7.65;0.12;0;1
;;3664524000068;Codifra;Non renseigné;OSPROTECT Gél B/60;0.055;16.9;0.15;1;1
;;3664524000518;Codifra;Non renseigné;NORMALITE D3 2000 UI S buv Fl cpte-gttes/15ml;0.055;12.94;0.15;1;1
;;3664524002024;Codifra;Non renseigné;NORMALITE ARTICULAIRE Gél B/60;0.055;17.99;0.15;1;1
4348094;3401543480941;;Codifra;Non renseigné;EXPURYL 500 S buv Fl/500ml;0.055;20.62;0.15;12;1
4397885;3401543978851;;Codifra;Non renseigné;ACTYFERIL Gél B/60;0.055;12.59;0.15;0;1
4789496;3401547894966;;Codifra;Non renseigné;ACTYFILUS Ferm lac Gél B/30;0.055;17.24;0.15;0;1
4892739;3401548927397;;Codifra;Non renseigné;SAFRALITE Gél équilib émotion B/28;0.055;15.06;0.15;0;1
6396306;3401563963066;;Codifra;Non renseigné;MAGALITE Caps B/40;0.055;13.15;0.15;90;1
7391972;3401573919725;;Codifra;Non renseigné;NORMALITE 1000 Gél fatigue B/30;0.055;12.15;0.15;54;1
9710370;3401597103704;;Codifra;Non renseigné;SAFRALITE 30mg Gél B/28;0.055;24.04;0.15;54;1
;;5708932649346;Coloplast;Biatain Adhesive;BIATAIN ADHESIVE Pans hydrocel sacr 23x23 /5;0.2;46.46;0.22;1;1
;;5708932649803;Coloplast;Biatain Adhesive;BIATAIN ADHESIVE Pans hydrocel talon 23x23 /5;0.2;52.88;0.21;8;1
;;5708932655491;Coloplast;Biatain Adhesive;BIATAIN ADHESIVE Pans hydrocell 12,5x12,5 /10;0.2;26.32;0.28;24;1
;;5032749028781;Coloplast;Biatain Alginate;BIATAIN ALGINATE Pans absorban 10x10cm B/10;0.2;19.52;0.32;24;1
7752507;;5032749029344;Coloplast;Biatain Alginate;BIATAIN ALGINATE Pans absorban 15x15cm B/10;0.2;37.87;0.23;27;1
7828802;;5032749031187;Coloplast;Biatain Alginate;BIATAIN ALGINATE Mèch 3x44cm B/10;0.2;22.62;0.22;24;1
;;5708932148344;Coloplast;Biatain Fiber;BIATAIN FIBER Pans 12.5x12.5cm B/10;0.2;32;0.25;40;1
;;5708932148351;Coloplast;Biatain Fiber;BIATAIN FIBER Mèche 3.5x46cm B/10;0.2;32;0.17;1;1
;;5701780285612;Coloplast;Biatain Superabsorber;BIATAIN SUPERABSORBER Pans super absorbant 10x10cm B/10;0.2;18.9;0.39;30;1
;;5701780285643;Coloplast;Biatain Superabsorber;BIATAIN SUPERABSORBER Pans super absorbant 10x20cm B/10;0.2;32.91;0.33;24;1
;;5701780285674;Coloplast;Biatain Superabsorber;BIATAIN SUPERABSORBER Pans super absorbant 15x15cm B/10;0.2;35.55;0.32;8;1
;;5701780285704;Coloplast;Biatain Superabsorber;BIATAIN SUPERABSORBER Pans super absorbant 22x22cm B/10;0.2;64.67;0.28;4;1
;;5701780285735;Coloplast;Biatain Superabsorber;BIATAIN SUPERABSORBER Pans super absorbant 20x30cm B/10;0.2;80.77;0.32;6;1
;;5701780285766;Coloplast;Biatain Superabsorber;BIATAIN SUPERABSORBER Pans super absorbant 20x40cm B/10;0.2;80.77;0.27;6;1
;;5708932655828;Coloplast;Biatain non adhésif;BIATAIN NON ADHES Pans hydrocel 10x20cm B/10;0.2;35.28;0.24;8;1
;;5708932655842;Coloplast;Biatain non adhésif;BIATAIN NON ADHES Pans hydrocel 12,5x12,5 /10;0.2;28.39;0.26;12;1
4242970;;5708932400473;Coloplast;Biatain non adhésif;BIATAIN NON ADHES Pans hydrocel 17,5x17,5 10;0.2;49.5;0.21;8;1
6069748;;5708932411073;Coloplast;Biatain non adhésif;BIATAIN NON ADHES Pans hydrocel 21,5x21,5 10;0.2;69.64;0.2;8;1
;;5701780174558;Coloplast;Biatain silicone;BIATAIN SILIC N BORD Pans hydroc 10x20 10;0.2;35.28;0.24;10;1
;;5701780212250;Coloplast;Biatain silicone;BIATAIN SILIC NN BORD Pans hydroc 7,5x7,5 10;0.2;12.06;0.37;30;1
;;5701780212298;Coloplast;Biatain silicone;BIATAIN SILIC N BORD Pans hydroc 12,5x12,5 10;0.2;28.39;0.19;12;1
;;5708932631518;Coloplast;Biatain silicone;BIATAIN SILI LITE Pans hydr alv 5x12,5cm B/10;0.2;10.92;0.42;12;1
;;5708932636285;Coloplast;Biatain silicone;BIATAIN SILI LITE Pans hydr alv 5x5cm B/5;0.2;6.42;0.64;24;1
;;5708932648165;Coloplast;Biatain silicone;BIATAIN SILICONE Pans hydr alv 10x30cm B/10;0.2;45.64;0.3;14;1
;;5708932649636;Coloplast;Biatain silicone;BIATAIN SILICONE SACRUM Pans hydro 15x19cm /5;0.2;29.58;0.34;16;1
;;5708932649650;Coloplast;Biatain silicone;BIATAIN SILICONE SACRUM Pans hydro 25x25cm /5;0.2;54.99;0.29;18;1
;;5708932649681;Coloplast;Biatain silicone;BIATAIN SILICONE TALON Pans hydro 18x18cm B/5;0.2;36.74;0.32;8;1
;;5708932649704;Coloplast;Biatain silicone;BIATAIN SILICONE MULTI Pans hydro 14x19,5 B/5;0.2;28.02;0.34;16;1
;;5708932653992;Coloplast;Biatain silicone;BIATAIN SILICONE Pans hydr alv 10x20cm B/10;0.2;32.62;0.33;6;1
;;5708932655149;Coloplast;Biatain silicone;BIATAIN SILICONE Pans hydr alv 12,5x12,5 10;0.2;26.32;0.35;24;1
;;5708932655170;Coloplast;Biatain silicone;BIATAIN SILI LITE Pans hydr alv 12,5x12,5 /10;0.2;24.94;0.36;24;1
;;5708932730433;Coloplast;Biatain silicone;BIATAIN SILIC N BORD Pans hydroc 17,5x17,5 10;0.2;49.5;0.21;1;1
;;5708932730457;Coloplast;Biatain silicone;BIATAIN SILIC N BORD Pans hydroc 21,5x21,5 10;0.2;69.64;0.2;8;1
;;5708932746601;Coloplast;Biatain silicone;BIATAIN SILI LITE Pans hydr alv 9x15cm B/10;0.2;20.1;0.38;14;1
;;5708932746625;Coloplast;Biatain silicone;BIATAIN SILI LITE Pans hydr alv 10x25cm B/10;0.2;33.29;0.32;12;1
4137670;;5708932530828;Coloplast;Biatain silicone;BIATAIN SILICONE Pans hydr alv 7,5x7,5 10;0.2;11.37;0.41;32;1
4137701;;5708932530309;Coloplast;Biatain silicone;BIATAIN SILICONE Pans hydr alv 17,5x17,5c 10;0.2;45.64;0.3;12;1
4137718;;5708932530859;Coloplast;Biatain silicone;BIATAIN SILI LITE Pans hydr alv 7,5x7,5 10;0.2;10.92;0.42;32;1
;;5708932649216;Coloplast;Comfeel Plus;COMFEEL PLUS Pans opaq 13x13cm B/10;0.2;31.7;0.28;8;1
;;5708932844703;Coloplast;Comfeel Plus;COMFEEL PLUS Pans transp 5x7cm B/10;0.2;5.7;0.3;32;1
;;5708932844758;Coloplast;Comfeel Plus;COMFEEL PLUS TRANSP Plaque 9x14cm B/10;0.2;24.9;0.31;20;1
;;5708932844772;Coloplast;Comfeel Plus;COMFEEL PLUS TRANSP Plaque 18x18cm B/10;0.2;59.4;0.23;9;1
;;5708932844789;Coloplast;Comfeel Plus;COMFEEL PLUS TRANSP Plaque 13x13cm B/10;0.2;31.7;0.28;12;1
7331823;;5708932239189;Coloplast;Purilon;PURILON Pans Hydro li 5d/15g;0.2;21.35;0.31;30;1
;;3574660720242;Compeed;Non renseigné;COMPEED AMPOULES Pans assortiment 4,2x6,8cm ; 2x6cm ; 1,7x5,1cm B/5;0.2;8.73;0.21;192;1
;;3663555004939;Compeed;Non renseigné;COMPEED AMPOULES EXTREME Pans B/10;0.2;15.96;0.21;24;1
;;3663555004960;Compeed;Non renseigné;COMPEED AMPOULES Pans assortiment B/10;0.2;13.96;0.21;24;1
;;3663555004991;Compeed;Non renseigné;COMPEED AMPOULES Pans moyen format 4,2 x 6,8 cm B/10;0.2;13.64;0.21;6;1
;;3663555005370;Compeed;Non renseigné;COMPEED Patch discret ant-imperf jour B/15;0.2;10.98;0.21;24;1
;;3663555005721;Compeed;Non renseigné;COMPEED AMPOULES Pans plante des pieds sport B/5;0.2;10.46;0.21;1;1
;;3663555005745;Compeed;Non renseigné;COMPEED SOIN DU PIED Pans cors moyen B/10;0.2;8.4;0.21;1;1
;;3663555005752;Compeed;Non renseigné;COMPEED SOIN DU PIED Pans oeil de perdrix étui/10;0.2;8.4;0.21;1;1
;;3663555005769;Compeed;Non renseigné;COMPEED SOIN DU PIED Pans durillons étui/6;0.2;8.96;0.21;1;1
4205242;3401042052427;3663555003536;Compeed;Non renseigné;COMPEED Patch bouton fièvre Total Care B/15;0.2;10.88;0.21;24;1
4796504;3401347965040;3663555002256;Compeed;Non renseigné;COMPEED Stick anti-ampoule B/1;0.2;11.02;0.21;24;1
7132710;;3574660115390;Compeed;Non renseigné;COMPEED AMPOULES Pans pt form B/6;0.2;8.59;0.21;12;1
7132727;;3574660115420;Compeed;Non renseigné;COMPEED AMPOULES Pans moy form 4,2x 6,8cm B/5;0.2;8.38;0.21;12;1
7459121;;5708932019422;Compeed;Non renseigné;COMPEED SOIN PIED Pans oignons B/5;0.2;8.96;0.21;12;1
7827211;;3574660129168;Compeed;Non renseigné;COMPEED AMPOULES Pans spécial orteils B/8;0.2;8.79;0.21;12;1
9477896;3401094778962;3574660696318;Compeed;Non renseigné;COMPEED SOIN PIED Pans hydrat cors B/6;0.2;8.96;0.21;192;1
9827037;3401098270370;3574660634297;Compeed;Non renseigné;COMPEED AMPOULES EXTRE Pans B/5;0.2;10.17;0.21;12;1
;;5000252043843;Contacto;Rayovac;RAYOVAC EXTRA Advanced 13 Orange Pile B/6;0.055;3.3;0.5;10;1
;;5000252043898;Contacto;Rayovac;RAYOVAC EXTRA Advanced 675 Bleu Pile B/6;0.055;3.3;0.5;10;1
;;5000252043997;Contacto;Rayovac;RAYOVAC EXTRA Advanced 10 Jaune Pile B/6;0.055;3.3;0.5;10;1
9617823;;5000252043942;Contacto;Rayovac;RAYOVAC EXTRA Advanced 312 Marron Pile B/6;0.055;3.3;0.5;10;1
;;3701174000939;Convatec;Aquacel;AQUACEL FOAM PRO Pans hydr sac 20x16.9cm B/5;0.2;32.25;0.05;12;1
;;3701174004036;Convatec;Aquacel;AQUACEL FOAM Pans hydroc n adh 12,5x12,5 10;0.2;24.97;0.05;12;1
;;3701174004043;Convatec;Aquacel;AQUACEL EXTRA Pans Hydro stérile 20x24cm B/10;0.2;75.46;0.05;10;1
;;3701174004883;Convatec;Aquacel;AQUACEL AG+ EXTRA Pans 10x10cm B/10;0.2;40.6;0.05;20;1
;;3701174004937;Convatec;Aquacel;AQUACEL AG+ EXTRA Pans 15x15cm B/5;0.2;39.14;0.05;20;1
;;3701174004944;Convatec;Aquacel;AQUACEL AG+ EXTRA Pans 20x30cm B/5;0.2;92.35;0.05;5;1
;;3701174004975;Convatec;Aquacel;AQUACEL Mèche hydrofibre 2,5x48cm B/10;0.2;22.24;0.05;24;1
2086098;3401520860988;3701174002018;Convatec;Aquacel;AQUACEL FOAM Pans hydrocel adh st 8x13cm B/10;0.2;15.09;0.05;14;1
2086129;3401520861299;3701174001974;Convatec;Aquacel;AQUACEL FOAM Pans hydroc adh st 10x20 B/10;0.2;29.29;0.05;1;1
2086141;3401520861411;3701174001967;Convatec;Aquacel;AQUACEL FOAM Pans hydrocel adh st 10x30 B/10;0.2;42.61;0.05;14;1
5163296;3401051632962;3701174001943;Convatec;Aquacel;AQUACEL FOAM Pans hydroc sacrum 16,9x20cm 10;0.2;46.06;0.05;0;1
5163304;3401051633044;3701174001950;Convatec;Aquacel;AQUACEL FOAM Pans hydroc talon 14x19,8cm B/10;0.2;40.34;0.05;10;1
5163310;3401051633105;3701174002001;Convatec;Aquacel;AQUACEL FOAM Pans hydroc adh st 12,5x12,5 16;0.2;31.98;0.05;12;1
5163327;3401051633273;3701174001998;Convatec;Aquacel;AQUACEL FOAM Pans hydroc adh st 17,5x17,5 10;0.2;42.61;0.05;12;1
5163333;3401051633334;3701174001981;Convatec;Aquacel;AQUACEL FOAM Pans hydroc adh st 21x21cm 10;0.2;55.11;0.05;12;1
5163356;3401051633563;3701174001912;Convatec;Aquacel;AQUACEL FOAM Pans hydroc n ad 17,5x17,5cm 10;0.2;46.57;0.05;12;1
5163379;3401051633792;3701174001899;Convatec;Aquacel;AQUACEL FOAM Pans hydroc n adh st 15x20cm 10;0.2;46.57;0.05;10;1
5163385;3401051633853;3701174001905;Convatec;Aquacel;AQUACEL FOAM Pans hydroc n adh st 20x20cm 10;0.2;60.23;0.05;12;1
5341467;3401053414672;3701174002025;Convatec;Aquacel;AQUACEL FOAM Pans hydrocel adh st 8x8cm B/10;0.2;9.51;0.05;18;1
6050683;3401160506833;3701174001936;Convatec;Aquacel;AQUACEL FOAM Pans hydroce sacrum 21,5x24 B/10;0.2;66.7;0.05;12;1
;;3701174005507;Convatec;Convafoam;CONVAFOAM SILICONE Pans hydrocellulaire multisite 14x19,8cm B/10;0.2;39.45;0.05;1;1
;;3701174001592;Convatec;Convamax;CONVAMAX Pans hydrocel 15x20cm B/10;0.2;43.04;0.05;10;1
;;3701174001622;Convatec;Convamax;CONVAMAX Pans hydrocel 20x40cm B/10;0.2;78.57;0.05;5;1
;3401060226350;3701174001837;Convatec;Duoderm;DUODERM E Pans hydrocoll 10x10cm B/10;0.2;16.75;0.05;12;1
;3401060226367;3701174001783;Convatec;Duoderm;DUODERM EXTR MINC Pans hydrocl st 6x11cm B/10;0.2;10.78;0.05;40;1
;3401060226374;3701174001806;Convatec;Duoderm;DUODERM EXTR MINC Pans hydroc st 12,5x12,5 10;0.2;26.53;0.05;12;1
7253595;3401072535952;3701174001691;Convatec;Duoderm;DUODERM HYDROGEL Gel 10T/15g;0.2;25.48;0.05;0;1
;;3059948006282;Cooper;Non renseigné;SCHOLL Pans ampoule pour talon B/5;0.2;7.26;0.15;1;1
;;3614810000623;Cooper;Non renseigné;ETIAXIL AISSELLES Détr PS 2Roll-on/15ml;0.2;22.89;0.15;1;1
;;3614810001262;Cooper;Non renseigné;POUXIT FLASH Lot Fl/150ml Sticker;0.2;31.48;0.15;6;1
;;3614810001323;Cooper;Non renseigné;HYALUGEL FORTE Spray Fl/20ml;0.2;13.24;0.15;1;1
;;3614810001583;Cooper;Non renseigné;MAG 2 24H EXTRA FORT Cpr B/45;0.055;21.93;0.15;1;1
;;3614810002832;Cooper;Non renseigné;ETIAXIL AISSELLES Détr PN 2Roll-on/50ml;0.2;22.89;0.15;1;1
;;3614810002900;Cooper;Non renseigné;BACCIDE Gel SHA thé vert Fl/100ml;0.2;3.79;0.15;1;1
;;3614810003211;Cooper;Non renseigné;ETIAXIL ANTITRANSP TOLER Déod 48H Roll/50ml;0.2;10.63;0.15;1;1
;;3614810003228;Cooper;Non renseigné;ETIAXIL ANTITRANSP TOLER Déod 48H Aér/150ml;0.2;11.73;0.15;1;1
;;3614810003679;Cooper;Non renseigné;HYALUGEL Dentifrice adulte T/75ml;0.2;8.56;0.15;48;1
;;3614810003747;Cooper;Non renseigné;MAG 2 CRAMP Cpr crampes B/30;0.055;18.86;0.15;12;1
;;3614810003761;Cooper;Non renseigné;MAG 2 SOMMEIL Cpr B/30;0.055;20.89;0.15;1;1
;;3614810003938;Cooper;Non renseigné;POUXIT FLASH Shampooing Fl/100ml;0.2;25.88;0.15;1;1
;;3614810004058;Cooper;Non renseigné;HYALUGEL Bain bch aphtes lés bucc Fl/150ml;0.2;10.85;0.15;1;1
;;3614810004263;Cooper;Non renseigné;ETIAXIL Déodorant sans aluminium Roll-on/50ml;0.2;10.76;0.15;1;1
;;3614810004669;Cooper;Non renseigné;OSMOSOFT Brume Aérosol/150ml;0.2;13.79;0.15;1;1
;;3614810004843;Cooper;Non renseigné;VALDISPERT SOMMEIL INTEGRAL Cpr B/30;0.055;20.45;0.15;1;1
;;3614810005383;Cooper;Non renseigné;VALDISPERT SOMMEIL RAPIDE 1,9 mg Cpr B/40;0.055;19.17;0.15;1;1
;;3614810005574;Cooper;Non renseigné;VALDISPERT SOMMEIL RAPIDE 1,9 mg Gomme Pot/60;0.055;17.3;0.15;1;1
;;3614810005581;Cooper;Non renseigné;ETIAXIL MEN Détr aiss Psens Roll-on/50ml;0.2;13.7;0.15;1;1
;;3614810005611;Cooper;Non renseigné;MAG 2 24H Cpr B/40;0.055;17.84;0.15;1;1
;;3614810006205;Cooper;Non renseigné;BACCIDE Spray hydroalcool dés fl orang 100ml;0.2;3.69;0.15;24;1
;;3614810006397;Cooper;Non renseigné;ETIAXIL ANTITRANSPIRANT Déodorant 48H Spray compressé/100ml;0.2;11.73;0.15;12;1
;;3614810006403;Cooper;Non renseigné;OSMOSOFT COUPS DE SOLEIL Gel réparateur cutané T/150g;0.2;10.51;0.15;1;1
;;3614810006427;Cooper;Non renseigné;OSMOSOFT COUPS DE SOLEIL Gel réparateur cutané T/50g;0.2;6.54;0.15;1;1
;;3614810006458;Cooper;Non renseigné;POUXIT SHAMPOO Shampooing abricot antipoux et lentes Fl/200ml;0.2;22.38;0.15;1;1
;;3614810006731;Cooper;Non renseigné;ETIAXIL ANTITRANSPIRANT Déodorant 48H 2Sprays compressés/100ml;0.2;19.69;0.15;6;1
;;3614810006892;Cooper;Non renseigné;VALDISPERT ENERGIE MATINALE Cpr B/24;0.055;18.85;0.15;1;1
;;3614810007424;Cooper;Non renseigné;ETIAXIL ANTITRANSPIRANT Déodorant 96H Roll-on/50ml;0.2;11.41;0.15;1;1
;;3614810007950;Cooper;Non renseigné;VALDISPERT NUIT COMPLETE Cpr LP B/30;0.055;18.56;0.15;1;1
;;3614810008452;Cooper;Non renseigné;HYALUGEL FORTE PERIO Gel buccal T/8ml;0.2;11.55;0.15;1;1
;;3614810009183;Cooper;Non renseigné;ETIAXIL AISSELLES Détranspirant Spray/30ml;0.2;8.66;0.15;1;1
;;3614810009527;Cooper;Non renseigné;SAUGELLA POLIGYN Emuls soin lavant intime Fl/500ml;0.2;16.3;0.15;1;1
;;3614810009534;Cooper;Non renseigné;SAUGELLA POLIGYN LAVANT INT 250ML;0.2;9.45;0.1;1;1
;;3614819996019;Cooper;Non renseigné;ACTIPOCHE Poche genou microbilles;0.2;13;0.1;1;1
;;3614819996316;Cooper;Non renseigné;OSMO SOFT Gel cicatrisant T/50g;0.2;10.52;0.15;1;1
;;3614819997108;Cooper;Non renseigné;ETIAXIL AISSELLES Détr PS Roll-on/15ml;0.2;13.25;0.15;1;1
;;3614819997115;Cooper;Non renseigné;ETIAXIL AISSELLES Déod confort + Roll-on/15ml;0.2;13.11;0.15;1;1
;;3614819997122;Cooper;Non renseigné;ETIAXIL PIEDS Détr PS Spr/100ml;0.2;17.1;0.15;1;1
;;3614819997436;Cooper;Non renseigné;ETIAXIL Déodorant 48H Stick/40ml;0.2;12.38;0.15;1;1
;;3614819998228;Cooper;Non renseigné;SODIUM COOPER BICARBONATE 500 mg Gél B/250g;0.055;6.63;0.1;60;1
;;3614819999867;Cooper;Non renseigné;HYALUGEL FORTE Gel buccal T/8ml;0.2;11.32;0.15;1;1
;;3700343901787;Cooper;Non renseigné;CB 12 SENSITIVE Bain bouche Fl/250ml;0.2;12.61;0.1;6;1
;;3700343902111;Cooper;Non renseigné;CB 12 Bain bouche 2Fl/250ml;0.2;14.27;0.1;1;1
;;3700343903101;Cooper;Non renseigné;SAUGELLA TRIPLE PROTECTION Emuls Fl/250ml;0.2;11.76;0.15;1;1
;;3700343903255;Cooper;Non renseigné;OBJECTIF ZEROVERRUE STYLO COLOR S appl loc main pied Stylo/3ml;0.2;23.22;0.1;1;1
;;3701211400418;Cooper;Non renseigné;SAUGELLA BIEN ETRE QUOTIDIEN LING NETTOYANTES/15;0.055;5.3;0.1;24;1
;;3701211400432;Cooper;Non renseigné;SAUGELLA PROTECTION ACTIVE LING HYG INT PAQ/15;0.2;5.3;0.1;24;1
;;3701510100408;Cooper;Non renseigné;ACTIPOCHE GEL 11X27 CM;0.2;8.83;0.15;1;1
;;3701510100415;Cooper;Non renseigné;ACTIPOCHE COUSSIN THERMIQUE 20X30CM B/1;0.2;12.57;0.15;1;1
;;4897128664100;Cooper;Non renseigné;ACTIPOCHE MASQ YEUX-TEMPES 8X24CM;0.2;9.26;0.15;1;1
;;5410765005533;Cooper;Non renseigné;EXCILOR EASY Sol;0.2;28.47;0.15;1;1
;;5410765008695;Cooper;Non renseigné;EXCILOR ZEROVERRUE FREEZE STYLO 7.5GR+4EMB;0.2;13.33;0.15;1;1
;;7640107850998;Cooper;Non renseigné;AUDISPRAY DOLO gte auric + 6 mois Fl/7g;0.2;7.84;0.15;1;1
;;7640107851001;Cooper;Non renseigné;AUDISPRAY DRY S aur Spray/30ml;0.2;13.33;0.15;1;1
;;8032779841005;Cooper;Non renseigné;EXCILOR CRYO VERRUE Sol Spray/50ml;0.2;22.27;0.15;1;1
;;8058302780047;Cooper;Non renseigné;OBJECTIF ZEROVERRUE ORIGINAL 5 ML;0.2;22.46;0.1;1;1
;;8711744047962;Cooper;Non renseigné;VALDISPERT MELATONINE 1,9mg 4 ACTIONS Cpr 30;0.055;19.03;0.15;1;1
;;8711744049164;Cooper;Non renseigné;EXCILOR SOLUTION Sol mycose de l'ongle formule surpuissante Fl/3,3ml;0.2;22.21;0.15;1;1
;;8711744049201;Cooper;Non renseigné;EXCILOR VERRUE ACIDE Sol Fl/4ml;0.2;18.75;0.15;1;1
;;8711744054564;Cooper;Non renseigné;VALDISPERT MELATONINE 1,9mg Cpr orod 2B/40;0.055;27.25;0.15;1;1
;;8711744056438;Cooper;Non renseigné;EXCILOR VERRUES DUOPOWER Trait;0.2;27.37;0.15;1;1
;3400930162828;;Cooper;Non renseigné;AMYLMETAC/ALC VIATRIS 0,6mg/1,2mg Past Plq/24;0.1;7.27;0.1;1;1
;3401360044951;;Cooper;Non renseigné;ETIAXIL ANTITRANSPIRANT Déod 48H Roll-on/50ml;0.2;10.97;0.1;1;1
;3401360114890;;Cooper;Non renseigné;ETIAXIL ANTITRANSPIRANT Déod 48H Aér/150ml;0.2;11.28;0.1;48;1
;3401360114906;;Cooper;Non renseigné;ETIAXIL ANTITRANSPIRANT Déod 48H Spr/100ml;0.2;10.98;0.15;1;1
;3401360195639;;Cooper;Non renseigné;ARNICAN Gel conc T/50g;0.2;6.55;0.15;1;1
;3401360201507;;Cooper;Non renseigné;ETIAXIL ANTITRANSPIRANT Déod 48H 2Aér/150ml;0.2;19.69;0.15;1;1
;3401595895083;;Cooper;Non renseigné;BACCIDE Gel main désinf ss rinç Fl/100ml;0.2;3.35;0.15;1;1
2034256;3401520342569;;Cooper;Non renseigné;INSECT ECRAN FAMILLES Lot répulsif P 100ml;0.2;12.39;0.15;1;1
2069846;3401020698463;;Cooper;Non renseigné;HYALUGEL ADO Gel ging T/20ml;0.2;10.25;0.15;1;1
2542596;3401325425962;3700343900063;Cooper;Non renseigné;SAUGELLA Emul dermoliq lav 2Fl/500ml;0.2;23.24;0.1;6;1
2591258;3401525912583;;Cooper;Non renseigné;ETIAXIL ANTITRANSPIRANT Déod 48H 2Roll/50ml;0.2;18.42;0.15;1;1
3010855;3400930108550;;Cooper;Non renseigné;BETADINE 10 % S vag Fl/125ml;0.021;7.7;0.1;60;1
3049538;3400930495384;;Cooper;Non renseigné;HEXOMEDINE 1 POUR MILLE S appl loc Fl/250ml;0.021;8.14;0.1;20;1
3049544;3400930495445;;Cooper;Non renseigné;HEXOMEDINE 1 POUR MILLE S appl loc Fl/45ml;0.021;6.3;0.1;40;1
3049567;3400930495674;;Cooper;Non renseigné;HEXOMEDINE TRANSCUTANEE 1,5 POUR MILLE S appl loc Fl/45ml;0.021;9.26;0.1;40;1
3068033;3400930680339;;Cooper;Non renseigné;MODANE Cpr enr Plq/20;0.1;5.11;0.1;66;1
3082607;3400930826072;;Cooper;Non renseigné;PHOLCONES BISMUTH Suppos adultes 2Film/4 (8);0.1;8.46;0.1;1;1
3152874;3400931528746;;Cooper;Non renseigné;BETADINE 10 % S bain bouche Fl/125ml;0.021;8.13;0.1;60;1
3189015;3400931890157;;Cooper;Non renseigné;SEDERMYL 0,75 % Cr T/35g;0.1;7.01;0.1;96;1
3198801;3400931988014;;Cooper;Non renseigné;BETADINE 10 % Gel appl cut T/30g;0.021;7.56;0.1;99;1
3203100;3400932031009;;Cooper;Non renseigné;BETADINE 250 mg Ov B/8;0.1;8.63;0.1;0;1
3219408;3400932194087;;Cooper;Non renseigné;BETADINE TULLE 10 % Pans méd 10x10cm Sach/10x1;0.021;13.16;0.1;120;1
3253948;3400932539482;;Cooper;Non renseigné;COLLUDOL S pulv bucc en fl pressurisé Fl/30 ml;0.1;8;0.1;24;1
3268447;3400932684472;;Cooper;Non renseigné;VOCADYS Pâtes à sucer B/30;0.1;9.28;0.1;1;1
3313550;3400933135508;;Cooper;Non renseigné;OPTICRON UNIDOSE Collyre récip unidose 10Unidoses/0,35ml;0.1;7.33;0.1;70;1
3314532;3400933145323;;Cooper;Non renseigné;DAKIN COOPER STABILISE S appl loc en flacon Fl/500ml;0.021;5;0.1;12;1
3319541;3400933195410;;Cooper;Non renseigné;CRISTAL Suppos adultes 10Sach;0.1;2.91;0.1;1;1
3319587;3400933195878;;Cooper;Non renseigné;CRISTAL Suppos enfants 10Sach;0.1;2.54;0.1;1;1
3319624;3400933196240;;Cooper;Non renseigné;CRISTAL Suppos nourrisson 10Sach;0.1;2.55;0.1;1;1
3322158;3400933221584;;Cooper;Non renseigné;CANTALENE Cpr à sucer B/24;0.1;8.58;0.1;96;1
3325820;3400933258207;;Cooper;Non renseigné;MAG 2 Pdr sol buv 30Sach;0.021;15.5;0.1;28;1
3352082;3400933520823;;Cooper;Non renseigné;RECTOPANBILINE Suppos adulte 1Plq/10;0.021;7.63;0.1;128;1
3356217;3400933562175;;Cooper;Non renseigné;HEXOMEDINE 0,1 % Gel appl cut T/30g;0.021;7.6;0.1;1;1
3369852;3400933698522;;Cooper;Non renseigné;PYRALVEX S bucc/ging Fl/10ml;0.021;7.28;0.1;42;1
3396837;3400933968373;;Cooper;Non renseigné;EOSINE COOPER 2 % S appl cut en récipient unidose 10unid/2ml;0.1;3.69;0.1;12;1
3409528;3400934095283;;Cooper;Non renseigné;EAU PPI COOP S inj Fl/500ml;0.1;2.64;0.14;12;1
3411784;3400934117848;;Cooper;Non renseigné;DAKIN COOPER STABILISE S appl loc en flacon Fl/60ml;0.021;2.47;0.1;24;1
3415813;3400934158131;;Cooper;Non renseigné;LUMBALGINE Cr derm T/90g;0.1;8.92;0.1;1;1
3416391;3400934163913;;Cooper;Non renseigné;ARNICAN 4 % Cr T/50g;0.1;6.98;0.1;96;1
3421937;3400934219375;;Cooper;Non renseigné;SEDACOLLYRE CETYLPYRIDINIUM 0,025 % Collyre récip unidose 10unid/0,4ml;0.1;8.41;0.1;0;1
3437217;3400934372179;;Cooper;Non renseigné;HUILE DE PARAFFINE COOPER S buv en flacon Fl/250ml;0.1;6.03;0.1;12;1
3437223;3400934372230;;Cooper;Non renseigné;HUILE DE PARAFFINE COOPER S buv en flacon Fl/500ml;0.1;9.61;0.1;12;1
3437275;3400934372759;;Cooper;Non renseigné;VASELINE STERILISEE COOPER Pom T/20g;0.1;4.45;0.1;168;1
3437281;3400934372810;;Cooper;Non renseigné;VASELINE OFFICINALE COOPER Pom T/20g;0.1;2.95;0.1;1;1
3437298;3400934372988;;Cooper;Non renseigné;VASELINE OFFICINALE COOPER Pom T/45g;0.1;3.29;0.1;72;1
3437306;3400934373060;;Cooper;Non renseigné;VASELINE OFFICINALE COOPER Pom T/80g;0.1;4.08;0.1;1;1
3460908;3400934609084;;Cooper;Non renseigné;MAG 2 100 mg Cpr B/120;0.1;15.83;0.1;1;1
3473265;3400934732652;;Cooper;Non renseigné;DACRYOSERUM S p lav opht en récipient unidose 20Unid/5ml;0.021;8.61;0.1;21;1
3492831;3400934928314;;Cooper;Non renseigné;BETADINE 10 % Sol vagin récip unidose 10Unid/10ml;0.021;8.27;0.1;1;1
3501300;3400935013002;;Cooper;Non renseigné;HEXOMEDINE 1 POUR MILLE S pulv cut en fl pressurisé Fl pulv/75ml;0.021;7.53;0.1;10;1
3535598;3400935355980;;Cooper;Non renseigné;BETADINE SCRUB 4 % S appl cut en récipient unidose 10Unid/10ml;0.021;7.3;0.1;1;1
3559794;3400935597946;;Cooper;Non renseigné;EAU OXYGENEE COOPER 10 vol S appl cut Fl/125ml;0.021;2.51;0.1;24;1
3559802;3400935598028;;Cooper;Non renseigné;EAU OXYGENEE COOPER 10 vol S appl cut Fl/250ml;0.021;3.08;0.1;24;1
3584214;3400935842145;;Cooper;Non renseigné;DIARETYL 2 mg Gél Plq/12;0.1;4.07;0.1;1;1
3598386;3400935983862;;Cooper;Non renseigné;BETADINE DERMIQUE 10 % S appl cut en récipient unidose 10Unid/5ml;0.021;7.78;0.1;60;1
3617103;3400936171039;;Cooper;Non renseigné;OXYBOLDINE Cpr eff 2T/12 (24);0.1;5.88;0.1;144;1
3631876;3400936318762;;Cooper;Non renseigné;CORTISEDERMYL 0,5 % Cr T/15g;0.1;6.01;0.1;12;1
3637755;3400936377554;;Cooper;Non renseigné;AFTAGEL Gel buccal T/15ml;0.1;6.86;0.1;1;1
3638223;3400936382237;;Cooper;Non renseigné;MAG 2 122mg S buv amp ss su éd sac 30Amp/10ml;0.1;13.77;0.1;15;1
3640898;3400936408982;;Cooper;Non renseigné;NICOTINELL 1 mg Cpr à sucer menthe Plq/36;0.021;6.61;0.15;108;1
3640912;3400936409125;;Cooper;Non renseigné;NICOTINELL 1 mg Cpr à sucer menthe Plq/204;0.021;28.57;0.15;24;1
3640935;3400936409354;;Cooper;Non renseigné;BETADINE ALCOOLIQUE 5 % S appl cut en récipient unidose 10Unid/10ml;0.021;9.45;0.1;1;1
3646292;3400936462922;;Cooper;Non renseigné;BETADINE TULLE 10 % Pans méd 10x10cm Sach/5x1;0.021;8.59;0.1;24;1
3650856;3400936508569;;Cooper;Non renseigné;CIELLA 0,1 % S p lav opht en récipient unidose 20Unid;0.1;7.49;0.1;1;1
3670758;3400936707580;;Cooper;Non renseigné;ALAIRGIX ALLERGIE CETIRIZINE 10 mg Cpr à sucer séc Plq/7;0.1;6;0.1;1;1
3677275;3400936772755;;Cooper;Non renseigné;DAKIN COOPER STABILISE S appl loc en flacon Fl/125ml;0.1;2.73;0.1;12;1
3686848;3400936868489;;Cooper;Non renseigné;NICOTINELL 2 mg Cpr à sucer menthe Plq/36;0.021;6.61;0.15;108;1
3686860;3400936868601;;Cooper;Non renseigné;NICOTINELL 2 mg Cpr à sucer menthe Plq/204;0.021;28.57;0.15;24;1
3751126;3400937511261;;Cooper;Non renseigné;SPASMOCALM 80 mg Cpr orodisp Plq/20;0.021;4.63;0.1;1;1
3762584;3400937625845;;Cooper;Non renseigné;SEDORRHOIDE CRISE HEMORROIDAIRE Cr rect T/30g;0.1;6.96;0.1;96;1
3762590;3400937625906;;Cooper;Non renseigné;MARGA Cpr à sucer Plq/48;0.1;8.15;0.1;1;1
3762609;3400937626095;;Cooper;Non renseigné;SEDORRHOIDE CRISE HEMORROIDAIRE Suppos Plq/8;0.1;6.25;0.1;1;1
3896161;3400938961614;;Cooper;Non renseigné;TIORFAST 100 mg Gél Plq/10;0.1;7.68;0.1;120;1
3897025;3400938970258;;Cooper;Non renseigné;BALSOLENE S p inh/fumiga 1Fl/100ml;0.1;8.3;0.1;24;1
3939522;3400939395227;;Cooper;Non renseigné;NICOTINELL 2 mg Gom à mâcher médic sans sucre fruit Plq/204;0.021;34.55;0.15;24;1
3939545;3400939395456;;Cooper;Non renseigné;NICOTINELL 2 mg Gom à mâcher médic menthe fraîcheur sans sucre Plq/204;0.021;34.55;0.15;36;1
4182475;3400941824753;;Cooper;Non renseigné;SUPPOSIT COOP Suppo réc mult adultes Sach/25;0.1;2.95;0.1;36;1
4182481;3400941824814;;Cooper;Non renseigné;SUPPOSIT COOP Suppo réc mult ad 2Sach/25 (50);0.1;4.81;0.1;48;1
4182498;3400941824982;;Cooper;Non renseigné;SUPPOSIT COOP Suppo réc mult adultes Sach/100;0.1;8.9;0.1;30;1
4444254;3401044442547;;Cooper;Non renseigné;HYALUGEL Gel ging T/20ml;0.2;10.5;0.15;100;1
4558236;3401545582360;3701510100392;Cooper;Non renseigné;ACTIPOCHE Couss therm c douleur 10x15cm B/1;0.2;4.67;0.15;0;1
4583300;;3700343900780;Cooper;Non renseigné;SAUGELLA Msse hyg int spéc irrit Fl ppe/150ml;0.2;9.48;0.1;0;1
4600731;3401346007314;3700343900827;Cooper;Non renseigné;SAUGELLA POLIGYN Emul hyg int Fl/500ml;0.2;15.12;0.1;0;1
4642238;3401046422387;;Cooper;Non renseigné;BACCIDE Gel main désinf ss rinç Fl ppe/300ml;0.2;8.13;0.15;6;1
4731580;3401347315807;3700343900933;Cooper;Non renseigné;SAUGELLA GIRL Sav liq hyg int Fl ppe/200ml;0.2;8.83;0.1;12;1
4749700;3401047497001;;Cooper;Non renseigné;AUREOCYDE Cr assain anti-bact T/15g;0.2;7.53;0.1;1;1
4852415;3401048524157;3701211400067;Cooper;Non renseigné;MY TEST TEST DE GROSSESSE B/1;0.2;6.64;0.1;0;1
4893727;3401548937273;;Cooper;Non renseigné;BACCIDE Gel main désinf ss rinç Fl/30ml;0.2;1.62;0.15;0;1
5138789;3401351387890;3700343900261;Cooper;Non renseigné;CB 12 Bain bch Fl/250ml;0.2;10.99;0.1;18;1
5157002;3401051570028;;Cooper;Non renseigné;POUXIT XF EXTRA FORT Lot antipoux Fl/200ml;0.2;35.69;0.15;0;1
5159136;3401551591363;3700343901459;Cooper;Non renseigné;SAUGELLA Prot-slp B/40;0.055;8.82;0.1;24;1
5364770;3401353647701;;Cooper;Non renseigné;ARNICAN FREEZE Gel coups bosses T/100g;0.2;10.71;0.15;0;1
6007216;;3504105029388;Cooper;Non renseigné;HYALUGEL 1ERES DENTS Gel oral T/20ml;0.2;10.34;0.15;1;1
6010755;;3700343901060;Cooper;Non renseigné;SAUGELLA ANTISEPTIQUE Gel hydrat lubrif 30ml;0.2;9.97;0.1;0;1
6018064;3401060180645;3700343900919;Cooper;Non renseigné;OBJECTIF ZEROVERRUE FREEZE Stylo main pied;0.2;25;0.1;48;1
6027195;3401560271959;3700343900315;Cooper;Non renseigné;CB 12 WHITE Bain bch Fl/250ml;0.2;12.48;0.1;6;1
6031539;3401360315396;3700343900292;Cooper;Non renseigné;CB 12 Spray haleine fraîche Fl/15ml;0.2;6.92;0.1;30;1
6160638;;3700343900070;Cooper;Non renseigné;SAUGELLA ANTISEPTIQUE Sol hyg int Fl/250ml;0.2;11.23;0.1;12;1
6274483;3401362744835;3760099310196;Cooper;Non renseigné;ETIAXIL AISSELLES Déod PN Bille/15ml;0.2;13.7;0.1;108;1
6369108;;3700343900032;Cooper;Non renseigné;SAUGELLA Emul dermoliq lav Fl/500ml;0.2;14.68;0.1;12;1
6389619;3401363896199;;Cooper;Non renseigné;ETIAXIL PIEDS Lot antitransp PN Fl/100ml;0.2;17.12;0.15;0;1
6532614;;3700343900025;Cooper;Non renseigné;SAUGELLA Emul dermoliq lav Fl/250ml;0.2;9.3;0.1;12;1
6631807;3401366318070;;Cooper;Non renseigné;COCHON Vernis protect Fl/10ml;0.2;8.68;0.15;72;1
7850931;;3700343900124;Cooper;Non renseigné;SAUGELLA POLIGYN Emul hyg int Fl/250ml;0.2;9.45;0.1;0;1
7937135;3401379371352;3700343900148;Cooper;Non renseigné;SAUGELLA Cr douc us intime T/30ml;0.2;9.99;0.1;16;1
8153720;3401581537201;2940011781155;Cooper;Non renseigné;INSECT ECRAN ZONES INFESTEES Lot Spr/100ml;0.2;12.49;0.15;1;1
8166415;;3700343900278;Cooper;Non renseigné;CB 12 Bain bch Fl/500ml;0.2;15.94;0.1;6;1
8174107;3401081741078;;Cooper;Non renseigné;BACCIDE Gel main désinf ss rinç Fl pompe/1l;0.2;18.42;0.15;1;1
9000102;;5056585802015;Cooper;Non renseigné;SCHOLL EXPERT CARE Masque pieds nourrissant Miel de Manuka 1 paire;0.2;6.49;0.15;1;1
9620201;3401396202011;3700343901206;Cooper;Non renseigné;SAUGELLA HYDRASERUM Gel lav int sèch Fl/200ml;0.2;11.11;0.1;0;1
9669549;3401596695491;;Cooper;Non renseigné;POUXIT XF EXTRA FORT Lot antipoux Fl/100ml;0.2;19.16;0.15;0;1
9859273;3401598592736;3700343901619;Cooper;Non renseigné;SAUGELLA COTT TOU Tamp pér norm B/16;0.055;6.39;0.1;24;1
9859310;3401598593108;3700343901602;Cooper;Non renseigné;SAUGELLA COTT TOU Tamp pér mini B/16;0.055;6.28;0.1;24;1
9859327;3401598593276;3700343901626;Cooper;Non renseigné;SAUGELLA COTT TOU Tamp pér sup B/16;0.055;7.77;0.1;24;1
9950105;3401599501058;3700343901350;Cooper;Non renseigné;SAUGELLA Serv pér jour B/14;0.055;7.77;0.1;24;1
9968424;3401099684244;;Cooper;Non renseigné;TORM Therm électronique flexible 10 secondes - couleur aléatoire;0.2;5.13;0.1;0;1
;;8427426011281;Crinex;Interprox;INTERPROX PLUS Brossett int-dent xx-maxi 4;0.2;4.86;0.25;1;1
;;8427426025721;Crinex;Interprox;INTERPROX PL Brossett int-dent mix Blist/6;0.2;4.86;0.25;1;1
;;8427426079885;Crinex;Interprox;INTERPROX PLUS MAXI Brossette inter-dentaire Blister/6;0.2;4.86;0.25;12;1
4867807;3401548678077;8427426033450;Crinex;Interprox;INTERPROX Brossettes CONIQUE Blister/6;0.2;4.76;0.25;0;1
4868646;3401548686461;8427426033481;Crinex;Interprox;INTERPROX Brossettes MICRO Blister/6;0.2;4.76;0.25;0;1
5379665;;8427426012059;Crinex;Interprox;INTERPROX PL Brossett int-dent miniconique 6;0.2;4.86;0.25;1;1
6004839;;8427426033504;Crinex;Interprox;INTERPROX Brossettes NANO Blister/6;0.2;4.76;0.25;1;1
9723958;3401597239588;8427426006317;Crinex;Interprox;INTERPROX PLUS Brossettes NANO Blister 6;0.2;4.86;0.25;12;1
9723964;3401597239649;8427426006300;Crinex;Interprox;INTERPROX PLUS Brossettes SUPERMICRO Blister/6;0.2;4.86;0.25;12;1
9723970;3401597239700;8427426006294;Crinex;Interprox;INTERPROX PLUS Brossettes MICRO Blister 6;0.2;4.86;0.25;12;1
9723987;3401597239878;8427426006270;Crinex;Interprox;INTERPROX PLUS Brossettes MINI Blister/6;0.2;4.86;0.25;1;1
9723993;3401597239939;8427426006287;Crinex;Interprox;INTERPROX PLUS Brossettes CONIQUE Blister/6;0.2;4.86;0.25;12;1
;;3664663000042;Crinex;PHB;PHB PLUS Brossettes MIX Plus Blister/6;0.2;5.98;0.25;0;1
4358247;3401343582470;;Crinex;PHB;PHB PLUS Brossettes MICRO Plus Blister 6;0.2;5.98;0.25;12;1
4358253;3401343582531;;Crinex;PHB;PHB PLUS Brossettes MINI Plus Blister/6;0.2;5.98;0.25;1;1
4358276;3401343582760;;Crinex;PHB;PHB PLUS Brossettes CONIQUE Plus Blister/6;0.2;5.98;0.25;12;1
4358282;3401343582821;;Crinex;PHB;PHB PLUS Brossettes CYLINDRIQUE Plus Blister/;0.2;5.98;0.25;1;1
4358299;3401343582999;;Crinex;PHB;PHB PLUS Brossettes MAXI Plus Blister/6;0.2;5.98;0.25;1;1
4358307;3401343583071;;Crinex;PHB;PHB PLUS Brossettes MICRO Plus GF Blister/12;0.2;7.95;0.25;1;1
4358313;3401343583132;;Crinex;PHB;PHB PLUS Brossettes MINI Plus GF Blister/12;0.2;7.95;0.25;0;1
6536150;3401565361501;;Crinex;PHB;PHB PLUS Brossettes ULTRAFINE Plus Blister/6;0.2;5.98;0.25;1;1
7992938;3401379929386;;Crinex;PHB;PHB 90° Brossettes C Blister/6;0.2;5.75;0.25;0;1
8178068;3401581780683;;Crinex;PHB;PHB PLUS Brossettes CONIQUE Plus GF Blister/1;0.2;7.95;0.25;1;1
8178074;3401581780744;;Crinex;PHB;PHB PLUS Brossettes ULTRAFINE Plus GF Blister;0.2;7.95;0.25;1;1
3307360;3400933073602;;DSM FIRMENICH (Lacteol);Non renseigné;LACTEOL 340 mg Pdr susp buv en sachet-dose 10Sach;0.021;6.43;0.25;108;1
3484783;3400934847837;;DSM FIRMENICH (Lacteol);Non renseigné;LACTEOL 340 mg Gél Plq/10;0.1;6.38;0.25;100;1
3807022;3400938070224;;DSM FIRMENICH (Lacteol);Non renseigné;LACTEOL 340 mg Gél Plq/30;0.1;14.28;0.25;100;1
7671358;3401076713585;;DSM FIRMENICH (Lacteol);Non renseigné;VIATOL Pdr susp buv 10Sach;0.055;4.85;0.4;60;1
7853154;3401278531543;8716900572272;Danone Santé Nutrition;Adiaril;ADIARIL Pdr sbuv réhydrat 10Sach/7g;0.055;4.49;0;24;1
;;3041091445230;Danone Santé Nutrition;Blédilait;BLEDILAIT 2 Lait pdre B/800g;0.055;17.94;0.3;6;1
;;3041091511805;Danone Santé Nutrition;Blédilait;BLEDILAIT AR Lait pdre 0-12mois B/800g;0.055;22.66;0.2;6;1
;;3041091553324;Danone Santé Nutrition;Blédilait;BLEDILAIT CROISSANCE + Lait pdre B/900g;0.055;16.47;0.3;6;1
6096770;;3041091340030;Danone Santé Nutrition;Blédine;BLEDINE Far inst saveur briochée B/400g;0.055;3.41;0.3;6;1
6096771;;3041091339942;Danone Santé Nutrition;Blédine;BLEDINE Far inst multicéréales B/400g;0.055;3.41;0.3;6;1
6096772;;3041091339911;Danone Santé Nutrition;Blédine;BLEDINE Farine inst cacao 2âge B/400g;0.055;3.41;0.3;6;1
6096773;;3041091339959;Danone Santé Nutrition;Blédine;BLEDINE Farine instantanée miel B/400g;0.055;3.41;0.3;6;1
6100882;;3041091339928;Danone Santé Nutrition;Blédine;BLEDINE Farine inst saveur biscuit B/400g;0.055;3.41;0.3;6;1
6100883;;3041091339645;Danone Santé Nutrition;Blédine;BLEDINE Farine inst vanille 1âge B/400g;0.055;3.41;0.3;6;1
6174675;;3041090839993;Danone Santé Nutrition;Blédine;BLEDINE Far inst ma 1ère blédine nature 250g;0.055;3.67;0.3;7;1
;;3041091474988;Danone Santé Nutrition;Bébé Expert Gallia;GALLIA BÉBÉ EXPERT AC TRANSIT 2 Lait pdr B/800g;0.055;26.35;0.2;4;1
;;3041091482020;Danone Santé Nutrition;Bébé Expert Gallia;GALLIA BÉBÉ EXPERT AR 2 Lait pdre B/800g;0.055;25.79;0.2;6;1
;;3041091482068;Danone Santé Nutrition;Bébé Expert Gallia;GALLIA BÉBÉ EXPERT AR 1 Lait pdre B/800g;0.055;25.81;0.2;6;1
;;3041091491916;Danone Santé Nutrition;Bébé Expert Gallia;GALLIA BÉBÉ EXPERT PRE-GALLIA ET 2 Lait liq 200ml;0.055;3.28;0.2;12;1
;;3041091863935;Danone Santé Nutrition;Bébé Expert Gallia;GALLIA BÉBÉ EXPERT AR AMIDON Lait pdre B/800g;0.055;24.74;0.2;6;1
;;3041092009097;Danone Santé Nutrition;Bébé Expert Gallia;GALLIA BEBE EXPERT GUMILK Pdr épaissante B/135g;0.055;9.46;0.2;6;1
6209196;;3041091469113;Danone Santé Nutrition;Bébé Expert Gallia;GALLIA BÉBÉ EXPERT DIARGAL Alim inf B/800g;0.055;31.07;0.2;6;1
6209199;;3041091470263;Danone Santé Nutrition;Bébé Expert Gallia;GALLIA BÉBÉ EXPERT PRE-GALLIA Lait pdr B/400g;0.055;28.35;0.2;12;1
6209200;;3041091474711;Danone Santé Nutrition;Bébé Expert Gallia;GALLIA BÉBÉ EXPERT AC TRANSIT 1 Lait pdr B/800g;0.055;27.28;0.2;4;1
4490521;;8716900569104;Danone Santé Nutrition;Cubitan;CUBITAN Nutrim vanille 4Bouteilles/200ml;0.055;5.8;0.23;6;1
4490538;;8716900569043;Danone Santé Nutrition;Cubitan;CUBITAN Nutrim fraise 4Bouteilles/200ml;0.055;5.8;0.23;6;1
4490544;;8716900569029;Danone Santé Nutrition;Cubitan;CUBITAN Nutrim chocolat 4Bouteilles/200ml;0.055;5.8;0.23;6;1
;;3760275660015;Danone Santé Nutrition;Fortimel;FORTIMEL PROTEIN Nutrim multi sav 4B/200ml;0.055;13.54;0.34;6;1
;;8716900581670;Danone Santé Nutrition;Fortimel;FORTIMEL JUCY Nutrim citron 4Bout/200ml;0.055;9.68;0.36;6;1
;;8716900587115;Danone Santé Nutrition;Fortimel;FORTIMEL PLANTBASED PROT Nutrim anan coco 4Bouteilles/200ml;0.055;11.08;0.35;6;1
;;8716900587146;Danone Santé Nutrition;Fortimel;FORTIMEL PLANTBASED PROTEIN 2KCAL Nutriment cappuccino 4Bouteilles/200ml;0.055;11.08;0.35;6;1
;;8716900587177;Danone Santé Nutrition;Fortimel;FORTIMEL PLANTBASED PROT Nutrim pois ment 4;0.055;11.08;0.35;1;1
;;8716900590375;Danone Santé Nutrition;Fortimel;FORTIMEL CREME 2 KCAL Nutrim chocolat 4/200g;0.055;11.08;0.35;6;0
4822199;;8716900578991;Danone Santé Nutrition;Fortimel;FORTIMEL JUCY Nutrim tropical 4Bout/200ml;0.055;9.68;0.36;6;1
4822213;;8716900578786;Danone Santé Nutrition;Fortimel;FORTIMEL JUCY Nutrim fraise 4Bout/200ml;0.055;9.68;0.36;6;1
4822242;;8716900578663;Danone Santé Nutrition;Fortimel;FORTIMEL JUCY Nutrim pomme 4Bout/200ml;0.055;9.68;0.36;6;1
5391198;;8716900556708;Danone Santé Nutrition;Fortimel;FORTIMEL DIACARE Nutrim chocolat 4Bout/200ml;0.055;9;0.38;6;1
6027485;3401260274854;3760275660138;Danone Santé Nutrition;Fortimel;FORTIMEL JUCY Nutrim multi saveurs 4/200ml;0.055;9.68;0.36;6;1
6034023;;8716900561511;Danone Santé Nutrition;Fortimel;FORTIMEL PROTEIN Nutrim banane 4Bout/200ml;0.055;13.54;0.34;6;1
6034046;;8716900561498;Danone Santé Nutrition;Fortimel;FORTIMEL PROTEIN Nutrim moka 4Bout/200ml;0.055;13.54;0.34;6;1
6034052;;8716900561474;Danone Santé Nutrition;Fortimel;FORTIMEL PROTEIN Nutrim fraise 4Bout/200ml;0.055;13.54;0.34;6;1
6034106;;8716900561450;Danone Santé Nutrition;Fortimel;FORTIMEL PROTEIN Nutrim vanille 4Bout/200ml;0.055;13.54;0.34;6;1
6041339;;8716900573101;Danone Santé Nutrition;Fortimel;FORTIMEL PROTEIN Nutrim caramel 4Bout/200ml;0.055;13.54;0.34;6;1
6185740;;8716900588501;Danone Santé Nutrition;Fortimel;FORTIMEL PLANTBASED PROT Nutrim poti carot 4;0.055;11.08;0.35;6;1
6233038;;8716900590351;Danone Santé Nutrition;Fortimel;FORTIMEL CREME 2 KCAL Nutrim vanille 4/200g;0.055;11.08;0.35;6;2
6233040;;8716900590399;Danone Santé Nutrition;Fortimel;FORTIMEL CREME 2 KCAL Nutrim moka 4/200g;0.055;11.08;0.35;6;2
6233041;;8716900590436;Danone Santé Nutrition;Fortimel;FORTIMEL CREME 2 KCAL Nutrim banane 4/200g;0.055;11.08;0.35;6;0
6233042;;8716900590412;Danone Santé Nutrition;Fortimel;FORTIMEL CREME 2 KCAL Nutrim frts forêt 4/200g;0.055;11.08;0.35;6;2
6449422;;8716900569807;Danone Santé Nutrition;Fortimel;FORTIMEL PROTEIN Nutrim pêche mangue 4/200ml;0.055;13.54;0.34;6;1
8177560;;8716900570377;Danone Santé Nutrition;Fortimel;FORTIMEL PROTEIN Nutrim fruits rouges 4Bout/200ml;0.055;13.54;0.34;6;1
9508409;;8712400360364;Danone Santé Nutrition;Fortimel;FORTIMEL DIACARE Nutrim fraise 4Bout/200ml;0.055;9;0.38;6;1
;;8716900573477;Danone Santé Nutrition;Fortimel Sensation;FORTIMEL PROT SENS Nutrim neutre 4/200ml;0.055;13.54;0.34;6;1
;;8716900575655;Danone Santé Nutrition;Fortimel Sensation;FORTIMEL PROT SENS Nutrim tropic ging 4/200ml;0.055;13.54;0.34;6;1
;;8716900576355;Danone Santé Nutrition;Fortimel Sensation;FORTIMEL PROT SENS Nutrim fraise giv 4/200ml;0.055;13.54;0.34;6;1
;;8716900583322;Danone Santé Nutrition;Fortimel Sensation;FORTIMEL PROT SENS Nutrim noix coco 4/200ml;0.055;13.54;0.34;6;1
6214968;;8716900576737;Danone Santé Nutrition;Fortimel Sensation;FORTIMEL PROT SENS Nutrim fraise giv 4/125ml;0.055;10.84;0.37;6;1
6214969;;8716900576713;Danone Santé Nutrition;Fortimel Sensation;FORTIMEL PROT SENS Nutrim tropic ging 4/125ml;0.055;10.84;0.37;6;1
6214973;;8716900576690;Danone Santé Nutrition;Fortimel Sensation;FORTIMEL PROT SENS Nutrim neutre 4/125ml;0.055;10.84;0.37;6;1
;;3041091461254;Danone Santé Nutrition;Gallia;GALLIA CALISMA RELAIS 1 Lait pdre B/800g;0.055;26.15;0.3;6;1
;;3041091461308;Danone Santé Nutrition;Gallia;GALLIA CALISMA 2 Lait pdre B/800g;0.055;22.21;0.3;6;1
;;3041091477156;Danone Santé Nutrition;Gallia;GALLIA CALISMA 2 Lait pdre 2Sach/600g;0.055;31.87;0.3;3;1
;;3041091511768;Danone Santé Nutrition;Gallia;GALLIA GALLIAGEST PREMIUM 1 Lait pdre B/800g;0.055;26.93;0.3;6;1
;;3041091511775;Danone Santé Nutrition;Gallia;GALLIA GALLIAGEST PREMIUM 2 Lait pdre B/800g;0.055;26.06;0.3;6;1
;;3041091818614;Danone Santé Nutrition;Gallia;GALLIA PROCESA 1 Lait pdre B/800g;0.055;29.11;0.2;4;1
;;3041091823274;Danone Santé Nutrition;Gallia;GALLIA PROCESA 2 Lait pdre B/800g;0.055;29.11;0.2;4;1
;;3041091897497;Danone Santé Nutrition;Gallia;GALLIA CALISMA POCKET 2 Lait pdre 21Sach/24g;0.055;21.82;0.3;4;1
;;3041091897503;Danone Santé Nutrition;Gallia;GALLIA CALISMA POCKET 1 Lait pdr 21Sach/22,8g;0.055;22.28;0.3;4;1
;;3041092010550;Danone Santé Nutrition;Gallia;GALLIA CALISMA JUNIOR Lait pdre B/830g;0.055;17.64;0.3;6;1
;;3041092077232;Danone Santé Nutrition;Gallia;GALLIA GALLIAGEST PREMIUM 1 Lait pdre B/1,1kg;0.055;33.16;0.3;3;1
;;3041092077249;Danone Santé Nutrition;Gallia;GALLIA GALLIAGEST PREMIUM 2 Lait pdre B/1,1kg;0.055;31.89;0.3;3;1
6167932;;3041091478160;Danone Santé Nutrition;Gallia;GALLIA CALISMA BIO 2 Lait pdre B/800g;0.055;32.93;0.35;6;1
6169362;;3041091477651;Danone Santé Nutrition;Gallia;GALLIA CALISMA RELAIS 1 Lait pdre B/400g;0.055;15.52;0.3;12;1
6169367;;3041091461261;Danone Santé Nutrition;Gallia;GALLIA CALISMA RELAIS 2 Lait pdre B/800g;0.055;25.16;0.3;4;1
6171290;;3041091461292;Danone Santé Nutrition;Gallia;GALLIA CALISMA 1 Lait pdre B/800g;0.055;22.66;0.3;6;1
6209185;;3041091477163;Danone Santé Nutrition;Gallia;GALLIA CALISMA 1 Lait pdre 2Sach/600g;0.055;32.65;0.3;3;1
2148215;3401221482151;3041096841648;Danone Santé Nutrition;Laits de Croissance Gallia;GALLIAGEST CROISSANCE Lait pdr B/800g;0.055;19.46;0.3;4;1
6010715;;3041091099723;Danone Santé Nutrition;Laits de Croissance Gallia;GALLIA CALISMA CROISSANCE Lait pdr 2Sach/600g;0.055;21.26;0.3;3;1
6167935;;3041091478146;Danone Santé Nutrition;Laits de Croissance Gallia;GALLIA CALISMA CROISSANCE BIO Lait pdr B/800g;0.055;28.77;0.35;6;1
9975105;3401299751050;3041096667842;Danone Santé Nutrition;Laits de Croissance Gallia;GALLIA CROISSANCE Lait pdr B/800g;0.055;14.82;0.3;6;1
;;3041091289681;Danone Santé Nutrition;Non renseigné;BLEDINA RECOL BIO Alim inf tom ri veau 2/200g;0.055;3.83;0.3;1;1
;;3041091439994;Danone Santé Nutrition;Non renseigné;BLEDILAIT 1 Lait pdre B/800g;0.055;19.75;0.3;6;1
;;3041091551054;Danone Santé Nutrition;Non renseigné;BLEDINA RECOL BIO NT Alim inf caro pat 2/200g;0.055;3.59;0.3;6;1
;;3041091674845;Danone Santé Nutrition;Non renseigné;BLEDINA BRASSES 100 % VEGETAL Mangue 4x95g;0.055;3.46;0.3;6;1
;;8716900576485;Danone Santé Nutrition;Non renseigné;FORTIMEL EXTRA 2 KCAL Nutrim moka 4/200ml;0.055;11.08;0.35;6;1
4822236;;8716900578885;Danone Santé Nutrition;Non renseigné;FORTIMEL JUCY Nutrim orange 4Bout/200ml;0.055;9.68;0.36;6;1
6000874;;3041090010866;Danone Santé Nutrition;Non renseigné;BLEDISCUIT Biscuit mon 1er boudoir 120g;0.055;3.03;0.3;12;1
6131947;;8716900576454;Danone Santé Nutrition;Non renseigné;FORTIMEL EXTRA 2 KCAL Nutrim fr forêt 4/200ml;0.055;11.08;0.35;6;1
6131948;;8716900576577;Danone Santé Nutrition;Non renseigné;FORTIMEL EXTRA 2 KCAL Nutrim fraise 4/200ml;0.055;11.08;0.35;6;1
6131951;;8716900576423;Danone Santé Nutrition;Non renseigné;FORTIMEL EXTRA 2 KCAL Nutrim abricot 4/200ml;0.055;11.08;0.35;6;1
6131952;;8716900576546;Danone Santé Nutrition;Non renseigné;FORTIMEL EXTRA 2 KCAL Nutrim vanille 4/200ml;0.055;11.08;0.35;6;1
6131959;;8716900576515;Danone Santé Nutrition;Non renseigné;FORTIMEL EXTRA 2 KCAL Nutrim choc car 4/200ml;0.055;11.08;0.35;6;1
6171841;;8716900577505;Danone Santé Nutrition;Non renseigné;FORTIMEL PROTEIN Nutrim banane 4Bout/125ml;0.055;10.84;0.37;6;1
6171842;;8716900577420;Danone Santé Nutrition;Non renseigné;FORTIMEL PROTEIN Nutrim fraise 4Bout/125ml;0.055;10.84;0.37;6;1
6171844;;8716900577468;Danone Santé Nutrition;Non renseigné;FORTIMEL PROTEIN Nutrim fruits rouges 4Bout/125ml;0.055;10.84;0.37;6;1
6171845;;8716900577444;Danone Santé Nutrition;Non renseigné;FORTIMEL PROTEIN Nutrim moka 4Bout/125ml;0.055;10.84;0.37;6;1
6171846;;8716900577482;Danone Santé Nutrition;Non renseigné;FORTIMEL PROTEIN Nutrim pêche mangue 4/125ml;0.055;10.84;0.37;6;1
6171847;;8716900577406;Danone Santé Nutrition;Non renseigné;FORTIMEL PROTEIN Nutrim vanille 4Bout/125ml;0.055;10.84;0.37;6;1
6613910;;8712400748124;Danone Santé Nutrition;Non renseigné;PROTIFAR PLUS Pdr or protéine B/500g;0.055;16.59;0.23;6;1
9508390;;8712400360357;Danone Santé Nutrition;Non renseigné;FORTIMEL DIACARE Nutrim vanille 4Bout/200ml;0.055;9;0.38;6;1
6361241;;8716900585401;Danone Santé Nutrition;NutriniDrink;NUTRINIDRINK MUlTI FIBRE Nutrim choco 200ml;0.055;8.76;0;6;1
6361243;;8716900585449;Danone Santé Nutrition;NutriniDrink;NUTRINIDRINK MUlTI FIBRE Nutrim fraise 200ml;0.055;8.76;0;6;1
6361244;;8716900585425;Danone Santé Nutrition;NutriniDrink;NUTRINIDRINK MUlTI FIBRE Nutrim vanille 200ml;0.055;8.76;0;6;1
;;3760162132656;Dayang;Acides aminés;DAYANG MICRONUTRITION L-Tryptophane Gél B/30;0.055;8.5;0.4;1;1
;;3760162132670;Dayang;Acides aminés;DAYANG MICRONUTRITION L-Tyrosine Gél B/60;0.055;8.5;0.4;1;1
;;3760162132687;Dayang;Acides aminés;DAYANG MICRONUTRITION L-Glutamine Gél B/60;0.055;11.9;0.4;1;1
;;3760162132892;Dayang;Acides aminés;DAYANG MICRONUTRITION L-Lysine Gél B/60;0.055;9.5;0.4;1;1
;;3760162133813;Dayang;Acides aminés;DAYANG MICRONUTRITION L-Lysine 2500 mg Pdr 14Sach;0.055;11.5;0.4;1;1
;;3760162133998;Dayang;Aide minceur;DAYANG Gél minceur triple action B/90;0.055;22.5;0.4;1;1
6011070;;3760162130829;Dayang;Aide minceur;DAYANG DETOX MINCEUR BIO S buv Fl/180ml;0.055;7.9;0.4;12;1
;;3760162132366;Dayang;Ampoules;DAYANG Ampoules Immunité Bio Bte/20;0.055;11.9;0.4;12;1
;;3760162132373;Dayang;Ampoules;DAYANG Radis noir Artichaut Bio Amp Bte/20;0.055;11.9;0.4;12;1
6012249;;3760162130881;Dayang;Ampoules;DAYANG BIO COMPLEXES S buv minceur 20Amp/10ml;0.055;11.9;0.4;12;1
6012250;;3760162130942;Dayang;Ampoules;DAYANG BIO CPLEXE S buv articul 20A/10ml;0.055;11.9;0.4;24;1
6012251;;3760162130898;Dayang;Ampoules;DAYANG BIO CPLEXE S buv dépur 20A/10ml;0.055;11.9;0.4;12;1
6012253;;3760162130911;Dayang;Ampoules;DAYANG BIO CPLEXE S buv circul 20A/10ml;0.055;11.9;0.4;12;1
6012254;;3760162130928;Dayang;Ampoules;DAYANG BIO CPLEXE S buv conf urinair 20A/10ml;0.055;11.9;0.4;24;1
6012256;;3760162130874;Dayang;Ampoules;DAYANG BIO CPLEXE Gel roy Bio 1500mg S buv 20;0.055;11.9;0.4;12;1
6012258;;3760162130867;Dayang;Ampoules;DAYANG BIO CPLEXE Gins Gel roy Bio S buv 20A;0.055;11.9;0.4;12;1
6024623;;3760162131062;Dayang;Ampoules;DAYANG BIO PHYTO Vigne rouge S buv 20A/10ml;0.055;11.9;0.4;24;1
6024624;;3760162131048;Dayang;Ampoules;DAYANG BIO PHYTO Artichaut S buv 20A/10ml;0.055;11.9;0.4;12;1
6024627;;3760162131079;Dayang;Ampoules;DAYANG BIO PHYTO Desmodium S buv 20A/10ml;0.055;11.9;0.4;12;1
6024629;;3760162131116;Dayang;Ampoules;DAYANG BIO PHYTO Ginkgo biloba S buv 20A/10ml;0.055;11.9;0.4;12;1
6024631;;3760162131109;Dayang;Ampoules;DAYANG BIO PHYTO Harpago S buv 20A/10ml;0.055;11.9;0.4;24;1
6024634;;3760162131055;Dayang;Ampoules;DAYANG BIO PHYTO Radis noir S buv 20A/10ml;0.055;11.9;0.4;12;1
6213028;;3760162131734;Dayang;Ampoules;DAYANG ENERGIE FORCE 9 S buv 20Amp/10ml;0.055;11.9;0.4;12;1
9581501;;3760162130218;Dayang;Ampoules;DAYANG BIO CPLEXE S buv somm détent 20A/10ml;0.055;11.9;0.4;24;1
;;3760162131970;Dayang;Aromathérapie Huiles essentielles;DAYANG Huile essentielle Camomille Romaine Bio Fl/5ml;0.055;27.8;0.4;1;1
;;3760162132380;Dayang;Aromathérapie Huiles essentielles;DAYANG Hle ess Laurier noble Bio Fl/5ml;0.055;7.5;0.4;176;1
;;3760162132427;Dayang;Aromathérapie Huiles essentielles;DAYANG Hle ess Palmarosa Bio Fl/10ml;0.055;6.8;0.4;192;1
;;3760162132434;Dayang;Aromathérapie Huiles essentielles;DAYANG Hle ess Ylang-ylang Bio Fl/5ml;0.055;7.8;0.4;192;1
;;3760162132571;Dayang;Aromathérapie Huiles essentielles;DAYANG Caps nez gorge B/15;0.055;6.5;0.4;144;1
;;3760162132588;Dayang;Aromathérapie Huiles essentielles;DAYANG Spray assainis hles ess Fl/200ml;0.2;14.9;0.4;6;1
;;3760162133189;Dayang;Aromathérapie Huiles essentielles;DAYANG Huile essentielle Thym à thymol Bio Fl/5ml;0.055;8.3;0.4;1;1
;;3760162133196;Dayang;Aromathérapie Huiles essentielles;DAYANG Huile essentielle Thym à thujanol Bio Fl/5ml;0.055;16.3;0.4;1;1
;;3760162133219;Dayang;Aromathérapie Huiles essentielles;DAYANG Huile essentielle Sarriette des Montagnes Bio Fl/5ml;0.055;9.7;0.4;1;1
;;3760162133226;Dayang;Aromathérapie Huiles essentielles;DAYANG Huile essentielle Romarin à cinéole Bio Fl/10ml;0.055;7.8;0.4;1;1
;;3760162133233;Dayang;Aromathérapie Huiles essentielles;DAYANG Huile essentielle Romarin à camphre Bio Fl/10ml;0.055;7.9;0.4;1;1
;;3760162133257;Dayang;Aromathérapie Huiles essentielles;DAYANG Huile essentielle Marjolaine à coquilles Fl/5ml;0.055;8.9;0.4;1;1
;;3760162133264;Dayang;Aromathérapie Huiles essentielles;DAYANG Huile essentielle Lentisque Pistachier Bio Fl/5ml;0.055;17.4;0.4;1;1
;;3760162133271;Dayang;Aromathérapie Huiles essentielles;DAYANG Huile essentielle Gingembre Fl/5ml;0.055;10.1;0.4;1;1
;;3760162133288;Dayang;Aromathérapie Huiles essentielles;DAYANG Huile essentielle Estragon Bio Fl/5ml;0.2;9.2;0.4;1;1
;;3760162133295;Dayang;Aromathérapie Huiles essentielles;DAYANG Huile essentielle Ciste Bio Fl/5ml;0.2;19.2;0.4;1;1
;;3760162133301;Dayang;Aromathérapie Huiles essentielles;DAYANG Huile essentielle Cèdre Fl/10ml;0.055;6.2;0.4;1;1
;;3760162133318;Dayang;Aromathérapie Huiles essentielles;DAYANG Huile essentielle Cannelle de Chine Bio Fl/10ml;0.055;7.3;0.4;1;1
;;3760162133325;Dayang;Aromathérapie Huiles essentielles;DAYANG Huile essentielle Basilic Bio Fl/10ml;0.2;6.8;0.4;1;1
;;3760162133332;Dayang;Aromathérapie Huiles essentielles;DAYANG Spray anti-moustiques & tiques Fl/75ml;0.2;9.9;0.4;12;1
6248799;;3760162131987;Dayang;Aromathérapie Huiles essentielles;DAYANG Huile essentielle Citron Bio Fl/10ml;0.055;5.6;0.4;192;1
6248800;;3760162131994;Dayang;Aromathérapie Huiles essentielles;DAYANG Huile essentielle Cyprès Bio Fl/10ml;0.055;6.6;0.4;192;1
6248802;;3760162132007;Dayang;Aromathérapie Huiles essentielles;DAYANG Hle ess Eucalyptus citronn Bio Fl/10ml;0.055;5.1;0.4;192;1
6248803;;3760162132014;Dayang;Aromathérapie Huiles essentielles;DAYANG Hle ess Eucalyptus globul Bio Fl/10ml;0.055;4.9;0.4;192;1
6248804;;3760162132021;Dayang;Aromathérapie Huiles essentielles;DAYANG Hle ess Gaulthérie Bio Fl/10ml;0.2;7.9;0.4;192;1
6248805;;3760162132038;Dayang;Aromathérapie Huiles essentielles;DAYANG Huile essentielle Girofle Bio Fl/5ml;0.055;5.2;0.4;192;1
6248844;;3760162132052;Dayang;Aromathérapie Huiles essentielles;DAYANG Hle ess Lavande off Bio Fl/10ml;0.055;7.9;0.4;208;1
6248845;;3760162132076;Dayang;Aromathérapie Huiles essentielles;DAYANG Huile essentielle Niaouli Bio Fl/10ml;0.055;4.6;0.4;192;1
6248846;;3760162132045;Dayang;Aromathérapie Huiles essentielles;DAYANG Hle ess Arbre à thé Bio Fl/10ml;0.055;5.9;0.4;208;1
6248872;;3760162132069;Dayang;Aromathérapie Huiles essentielles;DAYANG Hle ess Menthe poivrée Bio Fl/10ml;0.055;5.9;0.4;208;1
6249150;;3760162132083;Dayang;Aromathérapie Huiles essentielles;DAYANG Hle ess Hélichryse Bio Fl/5ml;0.055;27.9;0.4;192;1
6249151;;3760162132090;Dayang;Aromathérapie Huiles essentielles;DAYANG Hle ess Mandarine rouge Bio Fl/10ml;0.055;8.7;0.4;192;1
6249152;;3760162132106;Dayang;Aromathérapie Huiles essentielles;DAYANG Hle ess Petit grain bigar Bio Fl/10ml;0.055;7.5;0.4;192;1
6249153;;3760162132113;Dayang;Aromathérapie Huiles essentielles;DAYANG Hle ess Pin sylvestre Bio Fl/10ml;0.055;7.6;0.4;192;1
6249154;;3760162132120;Dayang;Aromathérapie Huiles essentielles;DAYANG Hle ess Ravintsara Bio Fl/10ml;0.055;5.6;0.4;208;1
6249155;;3760162132137;Dayang;Aromathérapie Huiles essentielles;DAYANG Hle ess Romarin à verbénone Bio Fl/5ml;0.055;7.8;0.4;192;1
6249156;;3760162132144;Dayang;Aromathérapie Huiles essentielles;DAYANG Hle ess Thym à linalol Bio Fl/5ml;0.055;9.3;0.4;192;1
6267143;;3760162132335;Dayang;Aromathérapie Huiles essentielles;DAYANG Hle ess Eucalyptus radié Bio Fl/10ml;0.055;6.9;0.4;192;1
6267144;;3760162132328;Dayang;Aromathérapie Huiles essentielles;DAYANG Hle ess Citronnelle Java Bio Fl/10ml;0.055;5.5;0.4;192;1
6283190;;3760162132397;Dayang;Aromathérapie Huiles essentielles;DAYANG Hle ess Lavande aspic Bio Fl/10ml;0.055;7.9;0.4;192;1
6283191;;3760162132410;Dayang;Aromathérapie Huiles essentielles;DAYANG Huile essentielle Orange douce Fl/10ml;0.055;4.9;0.4;192;1
6283195;;3760162132441;Dayang;Aromathérapie Huiles essentielles;DAYANG Hle ess Géranium Bourbon Bio Fl/5ml;0.055;8.9;0.4;192;1
6284716;;3760162132403;Dayang;Aromathérapie Huiles essentielles;DAYANG Hle ess Lavandin super Fl/10ml;0.055;6.5;0.4;192;1
;;3760162133806;Dayang;Articulation/ Os/ Muscles;DAYANG Silicium organique S buv Fl/500ml;0.055;19.5;0.4;6;1
2851044;;3760162130683;Dayang;Articulation/ Os/ Muscles;DAYANG Gél articul B/120;0.055;14.9;0.4;144;1
6011071;;3760162130836;Dayang;Articulation/ Os/ Muscles;DAYANG Gél fonction musculaire B/30;0.055;8.4;0.4;156;1
9707729;3401597077296;3760162130287;Dayang;Capsules Huiles;DAYANG Onagre Bourrache Caps P/180;0.055;17.9;0.4;144;1
9707735;3401597077357;3760162130263;Dayang;Capsules Huiles;DAYANG Bourrache Caps P/180;0.055;17.8;0.4;144;1
9707741;3401597077418;3760162130270;Dayang;Capsules Huiles;DAYANG Onagre Caps P/180;0.055;17.2;0.4;144;1
9790392;3401597903922;3760162130300;Dayang;Capsules Huiles;DAYANG Hle foie morue Caps B/180;0.055;16.9;0.4;144;1
9790400;3401597904004;3760162130294;Dayang;Capsules Huiles;DAYANG Hle pépins courge Caps B/180;0.055;14.8;0.4;144;1
6284688;;3760162130652;Dayang;Cheveux et ongles/ Peau;DAYANG Levure de bière Gél B/90;0.055;10.8;0.4;144;1
9936140;3401599361409;3760162130522;Dayang;Cheveux et ongles/ Peau;DAYANG Gél cheveux ongles B/180;0.055;16.5;0.4;144;1
;;3760162133516;Dayang;Circulation;DAYANG Gél circulation B/30;0.055;9.8;0.4;156;1
9936128;;3760162130539;Dayang;Circulation;DAYANG Gél circul veineuse lymphat B/45;0.055;10.8;0.4;156;1
;;3760162133165;Dayang;Collagène;DAYANG Collagène Gél Pilulier/120;0.055;12.5;0.4;144;1
;;3760162133561;Dayang;Collagène;DAYANG Collagène Marin Pdr Pot/150g;0.055;32.5;0.4;24;1
;;3760162133660;Dayang;Collagène;DAYANG Collagène Pdr Pot/10g;0.055;34.5;0.4;11;1
;;3760162133677;Dayang;Collagène;DAYANG Acide hyaluronique Gél B/60;0.055;11.8;0.4;1;1
6334996;;3760162132779;Dayang;Collagène;DAYANG Collag Marin Ac hyalu S buv 14Unid;0.055;18.7;0.4;12;1
;;3760162132724;Dayang;Confort Féminin;DAYANG Gél ménopause B/60;0.055;17.5;0.4;1;1
;;3760162132731;Dayang;Confort Féminin;DAYANG Gél confort menstruel B/30;0.055;9.5;0.4;1;1
;;3760162132786;Dayang;Confort Féminin;DAYANG Gél bouffées de chaleur B/60;0.055;17.5;0.4;1;1
;;3760162133721;Dayang;Confort urinaire;DAYANG D-Mannose Hibiscus Pdr 14Sach;0.055;17.8;0.4;1;1
;;3760162134100;Dayang;Confort urinaire;DAYANG INFUSION BIO Tis confort urinaire 20Sach/1,5g;0.055;3.7;0.4;12;1
6019517;;3760162131000;Dayang;Confort urinaire;DAYANG Gél conf urin flash & stop B/15;0.055;7.9;0.4;156;1
;;3760162130461;Dayang;Digestion/ Transit;DAYANG Cpr transit intestinal B/30;0.055;7.9;0.4;1;1
;;3760162133417;Dayang;Digestion/ Transit;DAYANG Gél digestion B/30;0.055;8.9;0.4;1;1
;;3760162133639;Dayang;Digestion/ Transit;DAYANG S buv transit Fl/120ml;0.055;7.9;0.4;32;1
;;3760162133790;Dayang;Digestion/ Transit;DAYANG MICRONUTRITION Enzymes digestives Gél B/40;0.055;8.6;0.4;1;1
;;3760162133905;Dayang;Digestion/ Transit;DAYANG Caps digestion B/30;0.055;7.5;0.4;1;1
6024632;;3760162131147;Dayang;Digestion/ Transit;DAYANG Charbon vég Gél B/45;0.055;7.4;0.4;156;1
;;3760162133615;Dayang;Détox/ Draineur;DAYANG S buv détox Fl/240ml;0.055;14.9;0.4;6;1
;;3760162133622;Dayang;Détox/ Draineur;DAYANG S buv draineur Fl/240ml;0.055;9.9;0.4;6;1
;;3760162132519;Dayang;Energie/ Vitalité;DAYANG Vitalité Sénior Cpr B/30;0.055;12.3;0.4;156;1
;;3760162133820;Dayang;Energie/ Vitalité;DAYANG BOOST Cpr B/20;0.055;8.5;0.4;1;1
;;3760162133837;Dayang;Energie/ Vitalité;DAYANG BOOST EFFERVESCENT Cpr B/20;0.055;9.9;0.4;24;1
;;3760162133851;Dayang;Energie/ Vitalité;DAYANG ENERGIE EFFERVESCENT Cpr B/20;0.055;9.9;0.4;24;1
;;3760162134001;Dayang;Energie/ Vitalité;DAYANG S buv shot énergie 7Doses;0.055;11.5;0.4;1;1
6002934;;3760162130706;Dayang;Energie/ Vitalité;DAYANG Multi-vit Minér Gins Rhodio Gél B/30;0.055;4.9;0.4;156;1
;;3760162133912;Dayang;Gemmothérapie;DAYANG GEMMOTHERAPIE Aubépine Bio S buv Fl/30ml;0.055;12.5;0.4;1;1
;;3760162133929;Dayang;Gemmothérapie;DAYANG GEMMOTHERAPIE Bouleau Bio S buv Fl/30ml;0.055;12.5;0.4;1;1
;;3760162133936;Dayang;Gemmothérapie;DAYANG GEMMOTHERAPIE Cassis Bio S buv Fl/30ml;0.055;12.5;0.4;1;1
;;3760162133943;Dayang;Gemmothérapie;DAYANG GEMMOTHERAPIE Figuier Bio S buv Fl/30ml;0.055;12.5;0.4;1;1
;;3760162133950;Dayang;Gemmothérapie;DAYANG GEMMOTHERAPIE Framboisier Bio S buv Fl/30ml;0.055;12.5;0.4;1;1
;;3760162133967;Dayang;Gemmothérapie;DAYANG GEMMOTHERAPIE Noyer Bio S buv Fl/30ml;0.055;12.5;0.4;1;1
;;3760162133974;Dayang;Gemmothérapie;DAYANG GEMMOTHERAPIE Romarin Bio S buv Fl/30ml;0.055;12.5;0.4;1;1
;;3760162133981;Dayang;Gemmothérapie;DAYANG GEMMOTHERAPIE Tilleul Bio S buv Fl/30ml;0.055;12.5;0.4;1;1
;;3760162132816;Dayang;Grossesse;DAYANG Cpr + capsule grossesse 3 mois B/90+90;0.055;25.5;0.4;36;1
;;3760162130447;Dayang;Huiles végétales/ Beurres/ Macérâts;DAYANG Huile végétale Ricin Bio Fl/50ml;0.2;9.5;0.4;6;1
;;3760162132953;Dayang;Huiles végétales/ Beurres/ Macérâts;DAYANG Huile végétale Abricot Bio Fl/50ml;0.2;9.9;0.4;6;1
;;3760162132984;Dayang;Huiles végétales/ Beurres/ Macérâts;DAYANG Beurre Coco Bio Pot/100g;0.2;10.5;0.4;12;1
;;3760162133578;Dayang;Huiles végétales/ Beurres/ Macérâts;DAYANG Gel d'Aloé Vera Bio Fl pompe/100ml;0.2;9.7;0.4;1;1
;;3760162133585;Dayang;Huiles végétales/ Beurres/ Macérâts;DAYANG Gel d'Aloé Vera Bio Fl pompe/250ml;0.2;15.5;0.4;45;1
;;3760162133684;Dayang;Huiles végétales/ Beurres/ Macérâts;DAYANG Beurre Karité Bio Pot/100g;0.2;10.5;0.4;12;1
;;3760162133691;Dayang;Huiles végétales/ Beurres/ Macérâts;DAYANG Huile végétale Rose musquée Bio Fl/50ml;0.2;14.9;0.4;1;1
;;3760162133707;Dayang;Huiles végétales/ Beurres/ Macérâts;DAYANG Huile végétale Nigelle Bio Fl/50ml;0.2;10.5;0.4;6;1
6259321;;3760162132175;Dayang;Huiles végétales/ Beurres/ Macérâts;DAYANG Hle végét Amande dce Bio Fl/50ml;0.2;9.2;0.4;6;1
6259322;;3760162132205;Dayang;Huiles végétales/ Beurres/ Macérâts;DAYANG Huile végétale Argan Bio Fl/50ml;0.2;16.7;0.4;12;1
6259323;;3760162132199;Dayang;Huiles végétales/ Beurres/ Macérâts;DAYANG Huile végétale Arnica Bio Fl/50ml;0.2;11.5;0.4;6;1
6259324;;3760162132151;Dayang;Huiles végétales/ Beurres/ Macérâts;DAYANG Huile végétale Jojoba Bio Fl/50ml;0.2;10.9;0.4;6;1
6259326;;3760162132168;Dayang;Huiles végétales/ Beurres/ Macérâts;DAYANG Huile végétale Calophylle Bio Fl/50ml;0.2;12.8;0.4;6;1
6259327;;3760162132182;Dayang;Huiles végétales/ Beurres/ Macérâts;DAYANG Huile végétale Macadamia Bio Fl/50ml;0.2;11.1;0.4;6;1
6348426;;3760162132960;Dayang;Huiles végétales/ Beurres/ Macérâts;DAYANG Huile végétale Avocat Bio Fl/50ml;0.2;9.5;0.4;6;1
6348427;;3760162132977;Dayang;Huiles végétales/ Beurres/ Macérâts;DAYANG Huile végétale Calendula Bio Fl/50ml;0.2;9.9;0.4;6;1
6349983;;3760162133028;Dayang;Huiles végétales/ Beurres/ Macérâts;DAYANG Huile végétale Millepertuis Bio Fl/50ml;0.2;10.5;0.4;6;1
;;3760162132540;Dayang;Immunité/ Défenses naturelles;DAYANG Défenses imm non Bio Cpr B/30;0.055;12.3;0.4;156;1
6002935;;3760162130690;Dayang;Immunité/ Défenses naturelles;DAYANG Extrait pép Pamplemousse S buv 100ml;0.055;8.9;0.4;40;1
6404028;;3760162133776;Dayang;Immunité/ Défenses naturelles;DAYANG DEFENSES NATURELLES Gél B/30;0.055;12.3;0.4;1;1
;;3760162133011;Dayang;Infusions & Thés;DAYANG INFUSION BIO Tis hiver 10Sach;0.055;2.5;0.4;20;1
4321497;3401543214973;3760162130515;Dayang;Infusions & Thés;DAYANG INFUS BIO Tis articul 20Sach/1,5g;0.055;3.7;0.4;12;1
4321505;3401543215055;3760162130492;Dayang;Infusions & Thés;DAYANG INFUS BIO Tis somm 20Sach/1,5g;0.055;3.7;0.4;12;1
4321528;3401543215284;3760162130607;Dayang;Infusions & Thés;DAYANG INFUS BIO Tis digestion 20Sach/1,5g;0.055;3.7;0.4;12;1
4321540;3401543215406;3760162130591;Dayang;Infusions & Thés;DAYANG INFUS BIO Tis minc 20Sach/1,5g;0.055;3.7;0.4;12;1
4391397;3401543913975;3760162130614;Dayang;Infusions & Thés;DAYANG INFUS BIO Tis transit 20Sach/1,5g;0.055;3.7;0.4;12;1
6262016;;3760162132311;Dayang;Infusions & Thés;DAYANG INFUS BIO Tis respiratoire 20Sach/1,5g;0.055;3.7;0.4;12;1
7647696;3401576476966;3398984218205;Dayang;Infusions & Thés;LILIANG Thé noir Tis 20Sach/2g;0.055;3.7;0.4;10;1
7647704;3401576477048;3398984218212;Dayang;Infusions & Thés;LILIANG Thé vert Tis 20Sach/2g;0.055;3.7;0.4;10;1
9502298;3401595022984;3760162130102;Dayang;Infusions & Thés;DAYANG INFUS BIO Tis allait 20Sach/1,5g;0.055;3.7;0.4;12;1
9502306;3401595023066;3760162130096;Dayang;Infusions & Thés;DAYANG INFUS BIO Tis jbes lég 20Sach/1,5g;0.055;3.7;0.4;12;1
9516136;3401595161362;3760162130119;Dayang;Infusions & Thés;DAYANG Verveine bio Tis 20Sach/1,5g;0.055;3.4;0.4;10;1
9516142;3401595161423;3760162130133;Dayang;Infusions & Thés;DAYANG Camomille bio Tis 20Sach/1,5g;0.055;3.4;0.4;18;1
9516159;3401595161591;3760162130157;Dayang;Infusions & Thés;DAYANG Fenouil bio Tis 20Sach/1,5g;0.055;3.4;0.4;10;1
9516165;3401595161652;3760162130164;Dayang;Infusions & Thés;DAYANG Romarin bio Tis 20Sach/1,5g;0.055;3.4;0.4;10;1
9516171;3401595161713;3760162130140;Dayang;Infusions & Thés;DAYANG Thym bio Tis 20Sach/1,5g;0.055;3.4;0.4;10;1
9516194;3401595161942;3760162130126;Dayang;Infusions & Thés;DAYANG Verveine Menthe bio Tis 20Sach/1,5g;0.055;3.4;0.4;10;1
9581464;3401595814640;3760162130225;Dayang;Infusions & Thés;DAYANG Tilleul bio Tis 20Sach/1,5g;0.055;3.4;0.4;10;1
9581470;3401595814701;3760162130201;Dayang;Infusions & Thés;DAYANG Vigne rouge bio Tis 20Sach/1,5g;0.055;3.4;0.4;10;1
9581487;3401595814879;3760162130188;Dayang;Infusions & Thés;DAYANG Anis vert bio Tis 20Sach/1,5g;0.055;3.4;0.4;1;1
9581493;3401595814930;3760162130195;Dayang;Infusions & Thés;DAYANG Oranger bio Tis 20Sach/1,5g;0.055;3.4;0.4;10;1
9790386;3401597903861;3760162130317;Dayang;Infusions & Thés;DAYANG INFUS BIO Tis hépat drain 20Sach/1,5g;0.055;3.7;0.4;12;1
;;3760162132472;Dayang;Levure de Riz rouge;DAYANG Levure de riz rouge 2,9 mg Gél B/90;0.055;14.9;0.4;144;1
;;3760162132489;Dayang;Levure de Riz rouge;DAYANG Levure riz rouge Q10 2,9mg Gél B/120;0.055;19.9;0.4;144;1
;;3760162133103;Dayang;Magnésium Dayang;DAYANG MICRONUTRI MG EXPERT Gél B/90;0.055;15.7;0.4;1;1
;;3760162133356;Dayang;Magnésium Dayang;DAYANG MAGNESIUM MARIN Vitamine B6 Cpr B/90;0.055;9.9;0.4;65;1
;;3760162133783;Dayang;Magnésium Dayang;DAYANG MAGNESIUM BISGLYCINATE Vitamine B6 Taurine Gél B/90;0.055;10.9;0.4;196;1
6486564;;3760162130669;Dayang;Magnésium Dayang;DAYANG MG MARIN Vit B6 Cpr B/30;0.055;3.9;0.4;156;1
;;3760162133509;Dayang;Oligoéléments/ Enzymes/ Vitamines;DAYANG Vitamine B12 Spray Fl/20ml;0.055;8.7;0.4;40;1
;;3760162133844;Dayang;Oligoéléments/ Enzymes/ Vitamines;DAYANG ENERGIE Cpr B/30;0.055;9.5;0.4;1;1
;;3760162133868;Dayang;Oligoéléments/ Enzymes/ Vitamines;DAYANG Multivitamines 100 % Cpr eff B/20;0.055;9.9;0.4;55;1
;;3760162133875;Dayang;Oligoéléments/ Enzymes/ Vitamines;DAYANG Multivitamines 100 % Gél B/30;0.055;7.5;0.4;1;1
5385134;;3760162130584;Dayang;Oligoéléments/ Enzymes/ Vitamines;DAYANG Chrome 250UG Gél B/30;0.055;6.9;0.4;156;1
5385140;;3760162130577;Dayang;Oligoéléments/ Enzymes/ Vitamines;DAYANG Sélénium ACE Gél B/30;0.055;6.9;0.4;156;1
6011067;;3760162130843;Dayang;Oligoéléments/ Enzymes/ Vitamines;DAYANG Coenzyme Q10 Gél B/30;0.055;8.7;0.4;156;1
6154574;;3760162131642;Dayang;Oligoéléments/ Enzymes/ Vitamines;DAYANG Cuivre Gél B/15;0.055;6.9;0.4;156;1
6154581;;3760162131635;Dayang;Oligoéléments/ Enzymes/ Vitamines;DAYANG Fer B9 B12 Gél B/15;0.055;6.9;0.4;156;1
6154590;;3760162131659;Dayang;Oligoéléments/ Enzymes/ Vitamines;DAYANG Zinc Gél B/30;0.055;6.9;0.4;156;1
;;3760162133653;Dayang;Oméga 3;DAYANG Oméga 3 Epax Caps B/90;0.055;21.8;0.4;1;1
9827149;3401598271495;3760162130324;Dayang;Oméga 3;DAYANG Oméga 3 EPA 180/DHA 120 Caps P/180;0.055;13.8;0.4;18;1
;;3760162131864;Dayang;Phytothérapie;DAYANG PHYTOTHERAPIE Bacopa Bio Gél B/30;0.055;12.9;0.4;1;1
;;3760162131871;Dayang;Phytothérapie;DAYANG PHYTOTHERAPIE Harpagophytum Bio Gél B/30;0.055;9.9;0.4;1;1
;;3760162131888;Dayang;Phytothérapie;DAYANG PHYTOTHERAPIE Valériane Bio Gél B/30;0.055;9.9;0.4;1;1
;;3760162131895;Dayang;Phytothérapie;DAYANG PHYTOTHERAPIE Vigne rouge Bio Gél B/30;0.055;9.9;0.4;1;1
;;3760162131901;Dayang;Phytothérapie;DAYANG PHYTOTHERAPIE Ginkgo biloba Bio Gél B/30;0.055;11.5;0.4;1;1
;;3760162131918;Dayang;Phytothérapie;DAYANG PHYTOTHERAPIE Cranberry Bio Gél B/30;0.055;13.5;0.4;1;1
;;3760162131925;Dayang;Phytothérapie;DAYANG PHYTOTHERAPIE Millepertuis Bio Gél B/30;0.055;9.9;0.4;1;1
;;3760162131956;Dayang;Phytothérapie;DAYANG PHYTOTHERAPIE Safran Gél B/30;0.055;14.9;0.4;1;1
;;3760162132212;Dayang;Phytothérapie;DAYANG PHYTOTHERAPIE Curcuma Bio Gél B/30;0.055;12.9;0.4;1;1
;;3760162132250;Dayang;Phytothérapie;DAYANG PHYTOTHERAPIE Rhodiola Gél B/30;0.055;14.9;0.4;1;1
;;3760162132274;Dayang;Phytothérapie;DAYANG PHYTOTHERAPIE Ail noir Bio Gél B/30;0.055;14.9;0.4;1;1
;;3760162132649;Dayang;Phytothérapie;DAYANG PHYTO Chardon marie Bio Gél B/30;0.055;9.3;0.4;1;1
;;3760162132700;Dayang;Phytothérapie;DAYANG PHYTOTHERAPIE Ail noir Bio Gél B/15;0.055;8.5;0.4;156;1
;;3760162133370;Dayang;Phytothérapie;DAYANG PHYTOTHERAPIE Rhodiole Safran Gél B/30;0.055;17.5;0.4;1;1
;;3760162133387;Dayang;Phytothérapie;DAYANG PHYTOTHERAPIE Eschscholtzia Valériane Bio Gél B/30;0.055;13.5;0.4;1;1
;;3760162133394;Dayang;Phytothérapie;DAYANG PHYTOTHERAPIE Cyprès Echinacée Gél B/30;0.055;11.5;0.4;1;1
;;3760162133424;Dayang;Phytothérapie;DAYANG PHYTOTHERAPIE Charbon végétal Bio Gél B/30;0.055;7.1;0.4;1;1
;;3760162133431;Dayang;Phytothérapie;DAYANG PHYTOTHERAPIE Levure de riz rouge Bio Gél B/30;0.055;7.8;0.4;1;1
;;3760162134018;Dayang;Phytothérapie;DAYANG Gél mémoire concentration B/60;0.055;16.3;0.4;1;1
;;3760162134209;Dayang;Phytothérapie;DAYANG PHYTOTHERAPIE Ashwagandha Gél B/60;0.055;12.6;0.4;1;1
6012252;;3760162130935;Dayang;Phytothérapie;DAYANG Desmodium Bio Gél B/15;0.055;6.9;0.4;156;1
6019508;;3760162131017;Dayang;Phytothérapie;DAYANG Artichaut Bio Gél B/15;0.055;6.9;0.4;156;1
6019509;;3760162131024;Dayang;Phytothérapie;DAYANG Radis noir Bio Gél B/15;0.055;5.9;0.4;156;1
6024626;;3760162131161;Dayang;Phytothérapie;DAYANG Curcuma Bio Gél B/15;0.055;7.5;0.4;156;1
6024628;;3760162131093;Dayang;Phytothérapie;DAYANG Safran Gél B/15;0.055;8.5;0.4;156;1
6024630;;3760162131086;Dayang;Phytothérapie;DAYANG Cassis Bio Gél B/15;0.055;8.7;0.4;156;1
6078938;;3760162131215;Dayang;Phytothérapie;DAYANG Valériane Bio Gél B/15;0.055;5.9;0.4;156;1
6078939;;3760162131185;Dayang;Phytothérapie;DAYANG Aubépine Bio Gél B/15;0.055;6.7;0.4;156;1
6078940;;3760162131192;Dayang;Phytothérapie;DAYANG Eschscholtzia Bio Gél B/15;0.055;6.9;0.4;120;1
6078941;;3760162131239;Dayang;Phytothérapie;DAYANG Harpagophytum Bio Gél B/15;0.055;5.9;0.4;156;1
6078942;;3760162131222;Dayang;Phytothérapie;DAYANG Millepertuis Bio Gél B/15;0.055;5.9;0.4;156;1
6078943;;3760162131208;Dayang;Phytothérapie;DAYANG Passiflore Bio Gél B/15;0.055;6.9;0.4;156;1
6086731;;3760162131390;Dayang;Phytothérapie;DAYANG Bacopa Bio Gél B/15;0.055;7.5;0.4;156;1
6086732;;3760162131314;Dayang;Phytothérapie;DAYANG Cranberry Bio Gél B/15;0.055;7.9;0.4;156;1
6086733;;3760162131260;Dayang;Phytothérapie;DAYANG Konjac Bio Gél B/42;0.055;8.7;0.4;156;1
6086739;;3760162131321;Dayang;Phytothérapie;DAYANG Marron d'inde Bio Gél B/15;0.055;8.8;0.4;156;1
6086743;;3760162131307;Dayang;Phytothérapie;DAYANG Busserole Gél B/15;0.055;7.1;0.4;120;1
6086744;;3760162131383;Dayang;Phytothérapie;DAYANG Gingko biloba Bio Gél B/15;0.055;6.9;0.4;156;1
6086747;;3760162131338;Dayang;Phytothérapie;DAYANG Vigne rouge Bio Gél B/15;0.055;5.9;0.4;156;1
6103032;;3760162131420;Dayang;Phytothérapie;DAYANG Echinacea Bio Gél B/15;0.055;7.3;0.4;156;1
6103033;;3760162131475;Dayang;Phytothérapie;DAYANG Fenugrec Bio Gél B/15;0.055;6.9;0.4;156;1
6103034;;3760162131468;Dayang;Phytothérapie;DAYANG Gelée royale Bio Gél B/15;0.055;7.9;0.4;156;1
6103035;;3760162131482;Dayang;Phytothérapie;DAYANG Gingembre Bio Gél B/15;0.055;6.9;0.4;120;1
6103036;;3760162131406;Dayang;Phytothérapie;DAYANG Ginseng Bio Gél B/15;0.055;7.9;0.4;156;1
6103040;;3760162131437;Dayang;Phytothérapie;DAYANG Thym bio Gél B/15;0.055;7.8;0.4;156;1
6106032;;3760162131536;Dayang;Phytothérapie;DAYANG Spiruline Bio Cpr B/120;0.055;9.9;0.4;84;1
6106037;;3760162131529;Dayang;Phytothérapie;DAYANG Olivier Bio Gél B/30;0.055;8.7;0.4;156;1
6136797;;3760162131550;Dayang;Phytothérapie;DAYANG Maca Bio Gél B/15;0.055;7.2;0.4;156;1
6234682;;3760162131796;Dayang;Phytothérapie;DAYANG Griffonia Gél B/15;0.055;6.3;0.4;156;1
6238713;;3760162131840;Dayang;Phytothérapie;DAYANG Rhodiola Gél B/15;0.055;8.5;0.4;156;1
6260578;;3760162132243;Dayang;Phytothérapie;DAYANG PHYTOTHERAPIE Passiflore Bio Gél B/30;0.055;11.5;0.4;1;1
6260584;;3760162132229;Dayang;Phytothérapie;DAYANG PHYTOTHERAPIE Aubépine Bio Gél B/30;0.055;11.7;0.4;1;1
6333747;;3760162132717;Dayang;Phytothérapie;DAYANG PHYTOTHERAPIE Piloselle Bio Gél B/45;0.055;8.4;0.4;1;1
;;3760162132915;Dayang;Probiotiques;DAYANG PROBIOTIQUES FLASH-BIOTE Gél B/4;0.055;7.6;0.4;215;1
;;3760162133608;Dayang;Probiotiques;DAYANG PROBIOTIQUES BABY-BIOTE S buv Fl cpte-gttes/8ml;0.055;11.9;0.4;1;1
6170874;;3760162131697;Dayang;Probiotiques;DAYANG MICROBIOTE I-BIOTE Gél B/30;0.055;13.8;0.4;95;1
6170875;;3760162131710;Dayang;Probiotiques;DAYANG MICROBIOTE G-BIOTE Gél B/30;0.055;13.8;0.4;95;1
6170876;;3760162131673;Dayang;Probiotiques;DAYANG MICROBIOTE D-BIOTE Gél B/30;0.055;13.8;0.4;95;1
6170877;;3760162131680;Dayang;Probiotiques;DAYANG MICROBIOTE J-BIOTE Pdr 14Sach;0.055;6.7;0.4;74;1
6170897;;3760162131703;Dayang;Probiotiques;DAYANG MICROBIOTE F-BIOTE Gél B/30;0.055;13.8;0.4;95;1
6287134;;3760162132458;Dayang;Probiotiques;DAYANG MICROBIOTE ATB-BIOTE Gél B/15;0.055;7.5;0.4;95;1
;;3760162132595;Dayang;Propolis;DAYANG Propolis Bio Gomme B/45;0.055;5.9;0.4;125;1
6019510;;3760162130973;Dayang;Propolis;DAYANG Propolis Bio Past suc B/20;0.055;5.9;0.4;156;1
6019511;;3760162130959;Dayang;Propolis;DAYANG Propolis Bio Sp Fl/125ml;0.055;8.9;0.4;32;1
6019513;;3760162130966;Dayang;Propolis;DAYANG Propolis Bio Spray bucc Fl/20ml;0.055;6.9;0.4;40;1
6166843;;3760162131666;Dayang;Solaire Dayang;DAYANG SOLAIRE Gél B/30;0.055;9.9;0.4;156;1
;;3760162132663;Dayang;Sommeil & Stress;DAYANG MICRONUTRI Mélatonine 1mg Gél B/30;0.055;6.5;0.4;1;1
;;3760162133097;Dayang;Sommeil & Stress;DAYANG Mélatonine Spray Fl/20ml;0.055;8.5;0.4;88;1
;;3760162133646;Dayang;Sommeil & Stress;DAYANG SOMMEIL LP Mélatonine 1,9 mg Cpr B/30;0.055;9.2;0.4;54;1
;;3760162134032;Dayang;Sommeil & Stress;DAYANG Spray stress flash Fl/20ml;0.055;8.2;0.4;88;1
;;3760162134056;Dayang;Sommeil & Stress;DAYANG Gél stress énergie B/60;0.055;14.9;0.4;1;1
;;3760162134063;Dayang;Sommeil & Stress;DAYANG Gél stress relaxation B/60;0.055;14.9;0.4;1;1
;;3760162134070;Dayang;Sommeil & Stress;DAYANG Gél stress sérénité B/60;0.055;14.9;0.4;1;1
6011069;;3760162130850;Dayang;Sommeil & Stress;DAYANG SOMMEIL Mélatonine 1mg Cpr B/14;0.055;4.9;0.4;156;1
6274063;;3760162132342;Dayang;Sommeil & Stress;DAYANG SOMMEIL Mélatonine 1,9 mg Cpr B/30;0.055;8.9;0.4;156;1
6287135;;3760162132465;Dayang;Sommeil & Stress;DAYANG Gél stress émotionnel B/30;0.055;14.9;0.4;156;1
;;3760162132601;Dayang;Sphère ORL / Gorge;DAYANG Neutra'Rub Cpr Bte/15;0.055;8.9;0.4;156;1
;;3760162133172;Dayang;Sphère ORL / Gorge;DAYANG Spray gorge Fl/15ml;0.055;6.9;0.4;24;1
;;3760162133479;Dayang;Sphère ORL / Gorge;DAYANG Past gorge B/20;0.055;5.9;0.4;1;1
6284671;;3760162130645;Dayang;Vision;DAYANG VISION Caps B/60;0.055;19.5;0.4;70;1
;;3760162132632;Dayang;Vitamine C/ Acérola;DAYANG Acérola 500 Cpr à croquer B/60;0.2;11.9;0.4;1;1
;;3760162133349;Dayang;Vitamine C/ Acérola;DAYANG Acérola 1000 Cpr à croquer B/90;0.055;16.9;0.4;1;1
;;3760162133530;Dayang;Vitamine C/ Acérola;DAYANG Vitamine C 1000 mg Cpr eff B/20;0.055;5.6;0.4;24;1
;;3760162133547;Dayang;Vitamine C/ Acérola;DAYANG Vitamine C 500 mg Cpr B/20;0.055;4.6;0.4;24;1
;;3760162133554;Dayang;Vitamine C/ Acérola;DAYANG Vitamine C 1000 mg Cpr B/20;0.055;4.7;0.4;24;1
;;3760162134094;Dayang;Vitamine C/ Acérola;DAYANG Multivitamines 100 % Gél B/60;0.055;11.9;0.4;1;1
6414901;;3760162133899;Dayang;Vitamine C/ Acérola;DAYANG Acérola 1000 Cpr à croquer fruits rouges T/12;0.055;3.3;0.4;1;1
9604521;3401596045210;3760162130232;Dayang;Vitamine C/ Acérola;DAYANG Acérola 1000 Cpr croq B/24;0.055;5.9;0.4;116;1
;;3760162133486;Dayang;Vitamine D3;DAYANG Vitamine D3 Lichen Spray Fl/20ml;0.055;11.5;0.4;1;1
;;3760162133592;Dayang;Vitamine D3;DAYANG Vitamine D3 + Zinc Gél B/120;0.055;7.8;0.4;1;1
628544;;3760162132304;Dayang;Vitamine D3;DAYANG Vitamine D3 S buv Fl cpte-gttes/20ml;0.055;9.5;0.4;264;1
;3400930139745;;Db Pharma;Non renseigné;BEVITINE 250 mg Cpr enr Plq/20;0.021;3.14;0.14;306;1
3159333;3400931593331;;Db Pharma;Non renseigné;FRUCTINES AU PICOSULFATE DE SODIUM 5 mg Cpr à sucer Plq/30;0.1;4.53;0.14;0;1
3219213;3400932192137;;Db Pharma;Non renseigné;CANTABILINE 400 mg Cpr Plq/30;0.1;5.71;0.14;0;1
3339880;3400933398804;;Db Pharma;Non renseigné;MIOREL 4 mg Gél Plq/24;0.1;5.4;0.14;80;1
;;3515450110294;Densmore;Non renseigné;GYN'OPK Pdr à diluer 30Sach;0.055;29;0.15;20;1
;;3515450110317;Densmore;Non renseigné;MYO'EXPERT Cpr à croquer Pilulier/60;0.055;14.5;0.15;15;1
;;3515450120057;Densmore;Non renseigné;MEMOPTIC + Cpr à visée ophtalmique B/90;0.055;53;0.15;50;1
;;3515450120408;Densmore;Non renseigné;GAMETIX M BIOTIC + Pdr sol buv 30Sach/4,5g;0.055;28.9;0.15;20;1
;;3515450121320;Densmore;Non renseigné;NEUROPTIC NAD Gél B/90;0.055;64;0.15;144;1
;;3515450123669;Densmore;Non renseigné;SUVEAL ADVANCE Caps B/60 1 mois;0.055;32;0.15;39;1
;;3515450123676;Densmore;Non renseigné;SUVEAL ADVANCE Caps B/180 3 mois;0.055;75;0.15;12;1
;;3515450125335;Densmore;Non renseigné;GAMETIX M A CROQUER Cpr à croquer Pilulier/60;0.055;25.7;0.15;15;1
;;3515450125359;Densmore;Non renseigné;GAMETIX F A CROQUER Cpr à croquer Pilulier/60;0.055;23.5;0.15;15;1
;;3515450127759;Densmore;Non renseigné;STERIBLEF Mousse nettoyante pour paupières Fl pompe/50ml;0.2;12.5;0.15;28;1
;;3770008240087;Densmore;Non renseigné;MATERNIX G GROSSESSE Caps B/90;0.055;26.13;0.15;24;1
;;3770008240094;Densmore;Non renseigné;MATERNIX G GROSSESSE Caps B/30;0.055;13;0.15;1;1
;;3770008240100;Densmore;Non renseigné;MATERNIX A ALLAITEMENT Caps B/30;0.055;12;0.15;1;1
;;3770008240117;Densmore;Non renseigné;RETINEAL Cpr B/30;0.055;19.18;0.15;1;1
;;3770008240162;Densmore;Non renseigné;ANGIODROP S opht Fl/15ml;0.2;7;0.15;36;1
;;3770008240186;Densmore;Non renseigné;EKTAGYN Gel vaginal T/30ml+7Canules;0.2;13.45;0.15;30;1
;;3770008240193;Densmore;Non renseigné;OSMODROP FREE S ophtalm Fl/10ml;0.2;10.76;0.15;36;1
;;3770008240209;Densmore;Non renseigné;ENDOMETIX Gél B/60;0.055;30;0.15;50;1
;;3770008240247;Densmore;Non renseigné;VIVAGYN VOIE ORALE Gél B/30;0.055;19.5;0.15;120;1
;;3770008240254;Densmore;Non renseigné;SUVEAL DUO Caps B/90;0.055;51.11;0.15;95;1
;;3770008240261;Densmore;Non renseigné;NEURODROP FREE S ophtalm Fl/10ml;0.2;17.76;0.15;1;1
;;3770008240278;Densmore;Non renseigné;FOLIC EXPERT 5-MTHF Cpr B/30;0.055;5.5;0.15;1;1
;;3770008240285;Densmore;Non renseigné;FOLIC EXPERT 5-MTHF Cpr B/90;0.055;15.35;0.15;1;1
;;3770008240704;Densmore;Non renseigné;SUVEGEL IONIC Caps vag B/10;0.2;13.06;0.15;1;1
;3401560099058;;Densmore;Non renseigné;VITRECOR Gél B/90;0.055;38;0.15;1;1
2019334;3401520193345;;Densmore;Non renseigné;SUVEAL DUO Cpr croq visée oc B/90;0.055;35;0.15;86;1
4124880;3401041248807;;Densmore;Non renseigné;STERIBLEF Ling stér hygiène oculaire B/14;0.2;9.5;0.15;69;1
4432162;3401544321625;;Densmore;Non renseigné;ALPHALARM Caps hydrat vis ocul B/60;0.055;27.5;0.15;0;1
4501420;3401045014200;4030571008309;Densmore;Non renseigné;VITADROP S opht Fl/10ml;0.2;6.9;0.08;96;1
5359409;3401553594096;;Densmore;Non renseigné;GAMETIX M Pdr sbuv 30Sach;0.055;25.7;0.15;30;1
6003704;3401060037048;;Densmore;Non renseigné;KERADROP S opht stér Fl/15ml;0.2;10.61;0.15;36;1
6111750;;3770008240049;Densmore;Non renseigné;REPADROP S ophtalm Fl/10ml;0.2;17.51;0.15;36;1
6209210;;3770008240124;Densmore;Non renseigné;SUVEAL DUO Caps B/180;0.055;88.2;0.15;12;1
6641065;3401566410659;;Densmore;Non renseigné;GAMETIX F Pdr inst 30Sach;0.055;25.7;0.15;30;1
8178476;3401581784766;;Densmore;Non renseigné;NAUSEFLASH Cpr B/30;0.055;9;0.15;1;1
9667266;3401596672669;;Densmore;Non renseigné;CICOLINE 500 Pdr sbuv 30Sach/3,5g;0.055;30.96;0.15;0;1
9833262;3401598332622;;Densmore;Non renseigné;SUVEAL DUO Caps B/30;0.055;18.62;0.15;225;1
9924705;3401599247055;;Densmore;Non renseigné;VITRECOR Gél B/30;0.055;16;0.15;86;1
;;0073950255004;Dentaid;Non renseigné;WATER-PIK WP160EU Hydropulseur flosser;0.2;107.63;0.32;4;1
;;0386270003812;Dexcom;Non renseigné;DEXCOM ONE+ récepteur B/1;0.055;40.22;0.04;1;1
;;0386270005120;Dexcom;Non renseigné;DEXCOM ONE+ Capteur B/1;0.055;20.85;0.04;40;1
;;8711736562589;Difrax;Difrax;DIFRAX Sucette Natural 20mois+ night;0.2;4.31;0.17;4;1
;;8711736556359;Difrax;Non renseigné;DIFRAX Sucette Natural 20mois+;0.2;4.2;0.17;4;1
;;3760419990152;Docteur B;Non renseigné;DOCTEUR B Vrac de coton 180u 8x10cm;0.2;2.19;0;12;1
;;3760419990909;Docteur B;Non renseigné;DOCTEUR B Mini Vaseline - format poche miel 7g;0.2;1.41;0;1;1
;;3760419990923;Docteur B;Non renseigné;DOCTEUR B - VASELINE 7G - CERISE;0.2;1.32;0;1;1
;;3760419990930;Docteur B;Non renseigné;DOCTEUR B Mini Vaseline - format poche vanille 7g;0.2;1.41;0;8;1
;;3760419991180;Docteur B;Non renseigné;LINGETTES POCKET BEBE DR B;0.2;0.83;0;15;1
;;3760419991227;Docteur B;Non renseigné;DOCTEUR B Test de Grossesse Digital 1 pc;0.2;3.47;0;1;1
;;3760419991258;Docteur B;Non renseigné;BRACELETS DE DETECTION GHB BOISSONS DR B;0.2;3.25;0;25;1
;;3760419991685;Docteur B;Non renseigné;DOCTEUR B TROUSSE DE SOINS BÉBÉ BLEUE;0.2;4.95;0;1;1
;;3760419992774;Docteur B;Non renseigné;Lunettes Eclipse Solaire Boite/50 Paires;0.2;60;0.5;40;1
;;3760419992927;Docteur B;Non renseigné;Tensiomètre bras DOCTEUR B;0.2;13.09;0;6;1
;;3770028314041;Docteur B;Non renseigné;Seringue lavage nasal DOCTEUR B Bte/2;0.2;0.99;0;48;1
;;3770028314683;Docteur B;Non renseigné;Test grossesse DOCTEUR B B/1;0.2;0.39;0;24;1
;;3770032469461;Docteur B;Non renseigné;Tensiomètre poignet DOCTEUR B;0.2;9.9;0;6;1
;;3770032469485;Docteur B;Non renseigné;THERMOMETRE DIGITAL FLEXIBLE DR B;0.2;1.32;0;24;1
;;3770032469492;Docteur B;Non renseigné;Oxymètre de pouls DOCTEUR B;0.2;8.25;0;6;1
;;3770032469522;Docteur B;Non renseigné;Trousse premier secours 28 pièces DOCTEUR B;0.2;4.95;0;12;1
;;3770032469645;Docteur B;Non renseigné;Pommade vaseline DOCTEUR B Pot 80g;0.2;1.76;0;16;1
;;3770032469911;Docteur B;Non renseigné;Seringue lavage nasal ourson DOCTEUR B Bte/2;0.2;2.07;0;24;1
;;3770034739104;Docteur B;Non renseigné;Test d'ovulation DOCTEUR B Bte/5;0.2;3.17;0;12;1
;;3770034739340;Docteur B;Non renseigné;EAU NETTOYANTE BEBE DOCTEUR 500 ML;0.2;3.14;0;12;1
;;3770034739364;Docteur B;Non renseigné;Therm frontal infrarouge DOCTEUR B;0.2;10.89;0;12;1
;;3770034739807;Docteur B;Non renseigné;Autotest Cystite Dr B B/3;0.2;3.08;0;400;1
;;3770034739821;Docteur B;Non renseigné;CHAMBRE INHALATION Dr B 0-18 MOIS;0.2;4.68;0;1;1
;;3770034739838;Docteur B;Non renseigné;CHAMBRE D'INHALATION Dr B PUR AIR 1-5 ANS;0.2;4.68;0;6;1
;;3770034739845;Docteur B;Non renseigné;CHAMBRE INHALATION Dr B AD ENF +6ANS;0.2;4.68;0;6;1
;;6939663985307;Docteur B;Non renseigné;Trod Angine Seejoy B/25 tests;0.2;20.63;0;32;1
;3760419990329;9990000010713;Docteur B;Non renseigné;Sac plastique Dr B XXL 45x20x70cm Cart/250;0.2;41.25;0;1;1
;3760419991654;3760419991654;Docteur B;Non renseigné;DOCTEUR B MA TROUSSSE DE SOINS BEBE ROSE;0.2;4.95;0;1;1
;3770032469393;9990000010711;Docteur B;Non renseigné;Sac plastique Dr B L 26x12x45cm Cart/1000;0.2;51.7;0;1;1
;3770032469409;9990000010710;Docteur B;Non renseigné;Sac plastique Dr B M 20x10x40cm Cart/1000;0.2;46.2;0;1;1
;3770032469416;9990000010709;Docteur B;Non renseigné;Sac plastique Dr B S16x8x28cm Cart/1000;0.2;40.7;0;1;1
;3770034739517;9990000010712;Docteur B;Non renseigné;Sac plastique Dr B XL 32x18x60cm Cart/1000;0.2;99;0;1;1
;9120107187433;9990000010708;Docteur B;Non renseigné;Rouleaux pour TPE Dr B 57MM;0.2;0.5;0;50;1
;;0190446664680;Donjoy (Enovis);Attelles de cheville;DONJOY FORTILAX Chevillère élastique T0;0.055;14.57;0;1;1
;;0190446664697;Donjoy (Enovis);Attelles de cheville;DONJOY FORTILAX Chevillère élastique T1;0.055;14.57;0;1;1
;;0190446664703;Donjoy (Enovis);Attelles de cheville;DONJOY FORTILAX Chevillère élastique T2;0.055;14.57;0;1;1
;;0190446664710;Donjoy (Enovis);Attelles de cheville;DONJOY FORTILAX Chevillère élastique T3;0.055;14.57;0;1;1
;;0190446664727;Donjoy (Enovis);Attelles de cheville;DONJOY FORTILAX Chevillère élastique T4;0.055;14.57;0;1;1
;;0190446664734;Donjoy (Enovis);Attelles de cheville;DONJOY FORTILAX Chevillère élastique T5;0.055;14.57;0;1;1
;;0190446664741;Donjoy (Enovis);Attelles de cheville;DONJOY FORTILAX Chevillère élastique T6;0.055;14.57;0;1;1
;;0190446664819;Donjoy (Enovis);Attelles de cheville;DONJOY STRAP CHEV Chevill ligament T0;0.055;22.79;0.31;1;1
;;0190446664826;Donjoy (Enovis);Attelles de cheville;DONJOY STRAP CHEV Chevill ligament T2;0.055;22.79;0.31;1;1
;;0190446664833;Donjoy (Enovis);Attelles de cheville;DONJOY STRAP CHEV Chevill ligament T3;0.055;22.79;0.31;1;1
;;0190446664840;Donjoy (Enovis);Attelles de cheville;DONJOY STRAP CHEV Chevill ligament T4;0.055;22.79;0.31;1;1
;;0190446664857;Donjoy (Enovis);Attelles de cheville;DONJOY STRAP CHEV Chevill ligament T5;0.055;22.79;0.31;1;1
;;0190446664864;Donjoy (Enovis);Attelles de cheville;DONJOY STRAP CHEV Chevill ligament T6;0.055;22.79;0.31;1;1
;;0190446664932;Donjoy (Enovis);Attelles de cheville;DONJOY STRAP CHEV Chevill ligament T1;0.055;22.79;0.31;1;1
;;0190446755180;Donjoy (Enovis);Attelles de cheville;FUSIOLIGHT II Ort chev stabil vert S;0.055;21.35;0.31;1;1
;;0190446764434;Donjoy (Enovis);Attelles de cheville;FUSIOLIGHT II Ort chev stabil gris M;0.055;21.35;0.31;1;1
;;0190446764441;Donjoy (Enovis);Attelles de cheville;FUSIOLIGHT II Ort chev stabil gris L;0.055;21.35;0.31;1;1
;;0888912000819;Donjoy (Enovis);Attelles de cheville;AIRCAST Att cheville universe;0.055;23.73;0;1;1
;;0190446295525;Donjoy (Enovis);Attelles de poignet / de pouce;RESPIFORM Att poignet gauche S;0.055;32.41;0.31;1;1
;;0190446295563;Donjoy (Enovis);Attelles de poignet / de pouce;RESPIFORM Att poignet droit S;0.055;32.41;0.31;1;1
;;0190446297949;Donjoy (Enovis);Attelles de poignet / de pouce;RESPIFORM Att poignet gauche XS;0.055;32.41;0.31;1;1
;;0190446297956;Donjoy (Enovis);Attelles de poignet / de pouce;RESPIFORM Att poignet gauche M;0.055;32.41;0.31;1;1
;;0190446297963;Donjoy (Enovis);Attelles de poignet / de pouce;RESPIFORM Att poignet gauche L;0.055;32.41;0.31;1;1
;;0190446297970;Donjoy (Enovis);Attelles de poignet / de pouce;RESPIFORM Att poignet gauche XL;0.055;32.41;0.31;1;1
;;0190446297987;Donjoy (Enovis);Attelles de poignet / de pouce;RESPIFORM Att poignet droit XS;0.055;32.41;0.31;1;1
;;0190446297994;Donjoy (Enovis);Attelles de poignet / de pouce;RESPIFORM Att poignet droit M;0.055;32.41;0.31;1;1
;;0190446298007;Donjoy (Enovis);Attelles de poignet / de pouce;RESPIFORM Att poignet droit L;0.055;32.41;0.31;1;1
;;0190446298014;Donjoy (Enovis);Attelles de poignet / de pouce;RESPIFORM Att poignet droit XL;0.055;32.41;0.31;1;1
;;0190446298120;Donjoy (Enovis);Attelles de poignet / de pouce;RESPIFORM PLUS Att poignet pouce gauche XS;0.055;35;0.31;1;1
;;0190446298137;Donjoy (Enovis);Attelles de poignet / de pouce;RESPIFORM PLUS Att poignet pouce gauche S;0.055;35;0.31;1;1
;;0190446298144;Donjoy (Enovis);Attelles de poignet / de pouce;RESPIFORM PLUS Att poignet pouce gauche M;0.055;35;0.31;1;1
;;0190446298151;Donjoy (Enovis);Attelles de poignet / de pouce;RESPIFORM PLUS Att poignet pouce gauche L;0.055;35;0.31;1;1
;;0190446298168;Donjoy (Enovis);Attelles de poignet / de pouce;RESPIFORM PLUS Att poignet pouce gauche XL;0.055;35;0.31;1;1
;;0190446298175;Donjoy (Enovis);Attelles de poignet / de pouce;RESPIFORM PLUS Att poignet pouce droit XS;0.055;35;0.31;1;1
;;0190446298182;Donjoy (Enovis);Attelles de poignet / de pouce;RESPIFORM PLUS Att poignet pouce droit S;0.055;35;0.31;1;1
;;0190446298199;Donjoy (Enovis);Attelles de poignet / de pouce;RESPIFORM PLUS Att poignet pouce droit M;0.055;35;0.31;1;1
;;0190446298205;Donjoy (Enovis);Attelles de poignet / de pouce;RESPIFORM PLUS Att poignet pouce droit L;0.055;35;0.31;1;1
;;0190446298212;Donjoy (Enovis);Attelles de poignet / de pouce;RESPIFORM PLUS Att poignet pouce droit XL;0.055;35;0.31;1;1
7929236;3401079292360;0888912010764;Donjoy (Enovis);Attelles de poignet / de pouce;DONJOY COMFORTFORM Att poignet droite M;0.055;24.25;0;1;1
7929242;3401079292421;0888912010771;Donjoy (Enovis);Attelles de poignet / de pouce;DONJOY COMFORTFORM Att poignet droite L;0.055;24.25;0;1;1
7929259;3401079292599;0888912447287;Donjoy (Enovis);Attelles de poignet / de pouce;DONJOY COMFORTFORM Att poignet droite XL;0.055;24.25;0;1;1
7929265;3401079292650;0888912447294;Donjoy (Enovis);Attelles de poignet / de pouce;DONJOY COMFORTFORM Att poignet gauche XS;0.055;24.25;0;1;1
7929271;3401079292711;0888912447300;Donjoy (Enovis);Attelles de poignet / de pouce;DONJOY COMFORTFORM Att poignet gauche S;0.055;24.25;0;1;1
7929288;3401079292889;0888912447317;Donjoy (Enovis);Attelles de poignet / de pouce;DONJOY COMFORTFORM Att poignet gauche M;0.055;24.25;0;1;1
7929294;3401079292940;0888912010788;Donjoy (Enovis);Attelles de poignet / de pouce;DONJOY COMFORTFORM Att poignet gauche L;0.055;24.25;0;1;1
7929302;3401079293022;0888912447324;Donjoy (Enovis);Attelles de poignet / de pouce;DONJOY COMFORTFORM Att poignet gauche XL;0.055;24.25;0;1;1
7929319;3401079293190;0888912446648;Donjoy (Enovis);Attelles de poignet / de pouce;DONJOY COMFORTFORM Att poig/pouce drte XS;0.055;27.93;0;1;1
7929325;3401079293251;0888912446655;Donjoy (Enovis);Attelles de poignet / de pouce;DONJOY COMFORTFORM Att poignet/pouce droite S;0.055;27.93;0;1;1
7929331;3401079293312;0888912446662;Donjoy (Enovis);Attelles de poignet / de pouce;DONJOY COMFORTFORM Att poignet/pouce droite M;0.055;27.93;0;1;1
7929348;3401079293480;0888912446679;Donjoy (Enovis);Attelles de poignet / de pouce;DONJOY COMFORTFORM Att poignet/pouce droite L;0.055;27.93;0;1;1
7929354;3401079293541;0888912446686;Donjoy (Enovis);Attelles de poignet / de pouce;DONJOY COMFORTFORM Att poig/pouce drte XL;0.055;27.93;0;1;1
7929360;3401079293602;0888912446693;Donjoy (Enovis);Attelles de poignet / de pouce;DONJOY COMFORTFORM Att poig/pouce gche XS;0.055;27.93;0;1;1
7929377;3401079293770;0888912446709;Donjoy (Enovis);Attelles de poignet / de pouce;DONJOY COMFORTFORM Att poignet/pouce gauche S;0.055;27.93;0;1;1
7929383;3401079293831;0888912010481;Donjoy (Enovis);Attelles de poignet / de pouce;DONJOY COMFORTFORM Att poignet/pouce gauche M;0.055;27.93;0;1;1
7929408;3401079294081;0888912446716;Donjoy (Enovis);Attelles de poignet / de pouce;DONJOY COMFORTFORM Att poignet/pouce gauche L;0.055;27.93;0;1;1
7929414;3401079294142;0888912446723;Donjoy (Enovis);Attelles de poignet / de pouce;DONJOY COMFORTFORM Att poig/pouce gche XL;0.055;27.93;0;1;1
;;0190446299561;Donjoy (Enovis);Ceintures lombaires;LOMBOSTRAP Ceinture sacro lombaire H26cm TS;0.055;44.38;0;1;1
;;0190446299578;Donjoy (Enovis);Ceintures lombaires;LOMBOSTRAP Ceinture sacro lombaire H26cm TM;0.055;44.38;0;1;1
;;0190446299585;Donjoy (Enovis);Ceintures lombaires;LOMBOSTRAP Ceinture sacro lombaire H26cm TL;0.055;44.38;0;1;1
;;0190446308188;Donjoy (Enovis);Ceintures lombaires;LOMBOSTRAP Ceinture sacro lombaire H21cm TS;0.055;41.65;0;1;1
;;0190446308201;Donjoy (Enovis);Ceintures lombaires;LOMBOSTRAP Ceinture sacro lombaire H21cm TM;0.055;41.65;0;1;1
;;0190446308218;Donjoy (Enovis);Ceintures lombaires;LOMBOSTRAP Ceinture sacro lombaire H21cm TL;0.055;41.65;0;1;1
;;0190446825197;Donjoy (Enovis);Ceintures lombaires;POROSTRAP 2.0 Ceinture lombaire H21cm taille XS 56-68 cm;0.055;44.95;0.31;1;1
;;0190446826262;Donjoy (Enovis);Ceintures lombaires;POROSTRAP 2.0 Ceinture lombaire H21cm taille S 68-82 cm;0.055;44.95;0.31;1;1
;;0190446826279;Donjoy (Enovis);Ceintures lombaires;POROSTRAP 2.0 Ceinture lombaire H21cm taille M 82-98 cm;0.055;44.95;0.31;1;1
;;0190446826286;Donjoy (Enovis);Ceintures lombaires;POROSTRAP 2.0 Ceinture lombaire H21cm taille L 98-116 cm;0.055;44.95;0.31;1;1
;;0190446826293;Donjoy (Enovis);Ceintures lombaires;POROSTRAP 2.0 Ceinture lombaire H21cm taille XL 116-136 cm;0.055;44.95;0.31;1;1
;;0190446826309;Donjoy (Enovis);Ceintures lombaires;POROSTRAP 2.0 Ceinture lombaire H21cm taille XXL 136-156 cm;0.055;44.95;0.31;1;1
;;0190446826316;Donjoy (Enovis);Ceintures lombaires;POROSTRAP 2.0 Ceinture lombaire H26cm taille S 68-82 cm;0.055;47.7;0.31;1;1
;;0190446826323;Donjoy (Enovis);Ceintures lombaires;POROSTRAP 2.0 Ceinture lombaire H26cm taille M 82-98 cm;0.055;47.7;0.31;1;1
;;0190446826330;Donjoy (Enovis);Ceintures lombaires;POROSTRAP 2.0 Ceinture lombaire H26cm taille L 98-116 cm;0.055;47.7;0.31;1;1
;;0190446826347;Donjoy (Enovis);Ceintures lombaires;POROSTRAP 2.0 Ceinture lombaire H26cm taille XL 116-136 cm;0.055;47.7;0.31;1;1
;;0190446826354;Donjoy (Enovis);Ceintures lombaires;POROSTRAP 2.0 Ceinture lombaire H26cm taille XXL 136-156 cm;0.055;47.7;0.31;1;1
;;0190446826361;Donjoy (Enovis);Ceintures lombaires;ACTISTRAP 2.0 Ceinture lombaire H21cm taille S 68-82 cm;0.055;44.95;0.31;1;1
;;0190446826378;Donjoy (Enovis);Ceintures lombaires;ACTISTRAP 2.0 Ceinture lombaire H21cm taille M 82-98 cm;0.055;44.95;0.31;1;1
;;0190446826385;Donjoy (Enovis);Ceintures lombaires;ACTISTRAP 2.0 Ceinture lombaire H21cm taille L 98-116 cm;0.055;44.95;0.31;1;1
;;0190446826392;Donjoy (Enovis);Ceintures lombaires;ACTISTRAP 2.0 Ceinture lombaire H21cm taille XL 116-136 cm;0.055;44.95;0.31;1;1
;;0190446826408;Donjoy (Enovis);Ceintures lombaires;ACTISTRAP 2.0 Ceinture lombaire H21cm taille XXL 136-156 cm;0.055;44.95;0.31;1;1
;;0190446826415;Donjoy (Enovis);Ceintures lombaires;ACTISTRAP 2.0 Ceinture lombaire H26cm taille S 68-82 cm;0.055;47.7;0.31;1;1
;;0190446826422;Donjoy (Enovis);Ceintures lombaires;ACTISTRAP 2.0 Ceinture lombaire H26cm taille M 82-98 cm;0.055;47.7;0.31;1;1
;;0190446826439;Donjoy (Enovis);Ceintures lombaires;ACTISTRAP 2.0 Ceinture lombaire H26cm taille L 98-116 cm;0.055;47.7;0.31;1;1
;;0190446826446;Donjoy (Enovis);Ceintures lombaires;ACTISTRAP 2.0 Ceinture lombaire H26cm taille XL 116-136 cm;0.055;47.7;0.31;1;1
;;0190446826453;Donjoy (Enovis);Ceintures lombaires;ACTISTRAP 2.0 Ceinture lombaire H26cm taille XXL 136-156 cm;0.055;47.7;0.31;1;1
9838288;3401098382882;0888912522182;Donjoy (Enovis);Colliers cervicaux;DONJOY ANATOM C1 Collier cerv péd bleu H6cm;0.055;5.64;0.31;0;1
9838294;3401098382943;0888912522069;Donjoy (Enovis);Colliers cervicaux;DONJOY ANATOM C1 Collier cerv bleu H7,5cmT0;0.055;5.64;0.31;0;1
9838302;3401098383025;0888912522083;Donjoy (Enovis);Colliers cervicaux;DONJOY ANATOM C1 Collier cerv bleu H7,5cmT1;0.055;5.64;0.31;0;1
9838319;3401098383193;0888912522106;Donjoy (Enovis);Colliers cervicaux;DONJOY ANATOM C1 Collier cerv bleu H7,5cmT2;0.055;5.64;0.31;0;1
9838325;3401098383254;0888912522120;Donjoy (Enovis);Colliers cervicaux;DONJOY ANATOM C1 Collier cerv bleu H7,5cmT3;0.055;5.64;0.31;0;1
9838331;3401098383315;0888912522144;Donjoy (Enovis);Colliers cervicaux;DONJOY ANATOM C1 Collier cerv bleu H7,5cmT4;0.055;5.64;0.31;0;1
9838348;3401098383483;0888912522168;Donjoy (Enovis);Colliers cervicaux;DONJOY ANATOM C1 Collier cerv bleu H7,5cmT5;0.055;5.64;0.31;0;1
9838354;3401098383544;0888912521949;Donjoy (Enovis);Colliers cervicaux;DONJOY ANATOM C1 Collier cerv bleu H9,5cmT0;0.055;5.64;0.31;0;1
9838360;3401098383605;0888912521963;Donjoy (Enovis);Colliers cervicaux;DONJOY ANATOM C1 Collier cerv bleu H9,5cmT1;0.055;5.64;0.31;0;1
9838377;3401098383773;0888912521987;Donjoy (Enovis);Colliers cervicaux;DONJOY ANATOM C1 Collier cerv bleu H9,5cmT2;0.055;5.64;0.31;0;1
9838383;3401098383834;0888912522007;Donjoy (Enovis);Colliers cervicaux;DONJOY ANATOM C1 Collier cerv bleu H9,5cmT3;0.055;5.64;0.31;0;1
9838408;3401098384084;0888912522021;Donjoy (Enovis);Colliers cervicaux;DONJOY ANATOM C1 Collier cerv bleu H9,5cm T4;0.055;5.64;0.31;0;1
9838414;3401098384145;0888912522045;Donjoy (Enovis);Colliers cervicaux;DONJOY ANATOM C1 Collier cerv bleu H9,5cmT5;0.055;5.64;0.31;0;1
6308259;3401563082590;0888912275699;Donjoy (Enovis);Epaule / coude;IMMO DONJOY Echarpe bras pédiatriq;0.2;16.55;0;0;1
7695270;3401076952700;0888912275644;Donjoy (Enovis);Epaule / coude;AXMED 225 Gilet immob ép XS;0.2;16.55;0;0;1
7696542;3401076965427;0888912275675;Donjoy (Enovis);Epaule / coude;AXMED 225 Gilet immob ép L;0.2;16.55;0;0;1
7696559;3401076965595;0888912275668;Donjoy (Enovis);Epaule / coude;AXMED 225 Gilet immob ép M;0.2;16.55;0;0;1
7696565;3401076965656;0888912275651;Donjoy (Enovis);Epaule / coude;AXMED 225 Gilet immob ép S;0.2;16.55;0;0;1
7745499;3401077454999;0888912275682;Donjoy (Enovis);Epaule / coude;AXMED 225 Gilet immob ép XL;0.2;16.55;0;0;1
;;0190446260776;Donjoy (Enovis);Genou;DONJOY IMMO AT4 Att gen post op pédiat H30cm;0.055;37.22;0;1;1
;;0190446260783;Donjoy (Enovis);Genou;DONJOY IMMO AT4 Att gen post op H40cm TS;0.055;37.22;0;1;1
;;0190446260790;Donjoy (Enovis);Genou;DONJOY IMMO AT4 Att gen post op H40cm TM;0.055;37.22;0;1;1
;;0190446260806;Donjoy (Enovis);Genou;DONJOY IMMO AT4 Att gen post op H40cm TL;0.055;37.22;0;1;1
;;0190446260813;Donjoy (Enovis);Genou;DONJOY IMMO AT4 Att gen post op H40cmTXL;0.055;37.22;0;1;1
;;0190446260868;Donjoy (Enovis);Genou;DONJOY IMMO AT4 Att gen post op H50cm TS;0.055;37.22;0;1;1
;;0190446260875;Donjoy (Enovis);Genou;DONJOY IMMO AT4 Att gen post op H50cm TM;0.055;37.22;0;1;1
;;0190446260882;Donjoy (Enovis);Genou;DONJOY IMMO AT4 Att gen post op H50cm TL;0.055;37.22;0;1;1
;;0190446260899;Donjoy (Enovis);Genou;DONJOY IMMO AT4 Att gen post op H50cmTXL;0.055;37.22;0;1;1
;;0190446260943;Donjoy (Enovis);Genou;DONJOY IMMO AT4 Att gen post op H60cm TS;0.055;37.22;0;1;1
;;0190446260950;Donjoy (Enovis);Genou;DONJOY IMMO AT4 Att gen post op H60cm TM;0.055;37.22;0;1;1
;;0190446260967;Donjoy (Enovis);Genou;DONJOY IMMO AT4 Att gen post op H60cm TL;0.055;37.22;0;1;1
;;0190446260974;Donjoy (Enovis);Genou;DONJOY IMMO AT4 Att gen post op H60cmTXL;0.055;37.22;0;1;1
;;0190446261025;Donjoy (Enovis);Genou;DONJOY IMMO AT4 3V Att gen péd;0.055;37.22;0;1;1
;;0190446261032;Donjoy (Enovis);Genou;DONJOY IMMO AT4 3V Att gen TS;0.055;37.22;0;1;1
;;0190446261049;Donjoy (Enovis);Genou;DONJOY IMMO AT4 3V Att gen TM;0.055;37.22;0;1;1
;;0190446261056;Donjoy (Enovis);Genou;DONJOY IMMO AT4 3V Att gen TL;0.055;37.22;0;1;1
;;0190446261063;Donjoy (Enovis);Genou;DONJOY IMMO AT4 3V Att gen TXL;0.055;37.22;0;1;1
;;0190446276036;Donjoy (Enovis);Genou;PLAYMAKER XPERT SLEEVE Att gen artic tub XS;0.055;76.7;0.31;1;1
;;0190446276043;Donjoy (Enovis);Genou;PLAYMAKER XPERT SLEEVE Att gen artic tub S;0.055;76.7;0.31;1;1
;;0190446276050;Donjoy (Enovis);Genou;PLAYMAKER XPERT SLEEVE Att gen artic tub M;0.055;76.7;0.31;1;1
;;0190446276067;Donjoy (Enovis);Genou;PLAYMAKER XPERT SLEEVE Att gen artic tub L;0.055;76.7;0.31;1;1
;;0190446276074;Donjoy (Enovis);Genou;PLAYMAKER XPERT SLEEVE Att gen artic tub XL;0.055;76.7;0.31;1;1
;;0190446276081;Donjoy (Enovis);Genou;PLAYMAKER XPERT SLEEVE Att gen artic tub XXL;0.055;76.7;0.31;1;1
;;0190446276098;Donjoy (Enovis);Genou;PLAYMAKER XPERT SLEEVE Att gen artic tub XXXL;0.055;76.7;0.31;1;1
;;0190446276104;Donjoy (Enovis);Genou;PLAYMAKER XPERT WRAP Att gen artic ouv XS;0.055;76.7;0.31;1;1
;;0190446276111;Donjoy (Enovis);Genou;PLAYMAKER XPERT WRAP Att gen artic ouv S;0.055;76.7;0.31;1;1
;;0190446276128;Donjoy (Enovis);Genou;PLAYMAKER XPERT WRAP Att gen artic ouv M;0.055;76.7;0.31;1;1
;;0190446276135;Donjoy (Enovis);Genou;PLAYMAKER XPERT WRAP Att gen artic ouv L;0.055;76.7;0.31;1;1
;;0190446276142;Donjoy (Enovis);Genou;PLAYMAKER XPERT WRAP Att gen artic ouv XL;0.055;76.7;0.31;1;1
;;0190446276159;Donjoy (Enovis);Genou;PLAYMAKER XPERT WRAP Att gen artic ouv XXL;0.055;76.7;0.31;1;1
;;0190446276166;Donjoy (Enovis);Genou;PLAYMAKER XPERT WRAP Att gen artic ouv XXXL;0.055;76.7;0.31;1;1
;;0190446664239;Donjoy (Enovis);Genou;DONJOY FORTILAX Genouillère contention T0;0.055;15.91;0;1;1
;;0190446664246;Donjoy (Enovis);Genou;DONJOY FORTILAX Genouillère contention T1;0.055;15.91;0;1;1
;;0190446664253;Donjoy (Enovis);Genou;DONJOY FORTILAX Genouillère contention T2;0.055;15.91;0;1;1
;;0190446664260;Donjoy (Enovis);Genou;DONJOY FORTILAX Genouillère contention T3;0.055;15.91;0;1;1
;;0190446664277;Donjoy (Enovis);Genou;DONJOY FORTILAX Genouillère contention T4;0.055;15.91;0;1;1
;;0190446664291;Donjoy (Enovis);Genou;DONJOY FORTILAX Genouillère contention T5;0.055;15.91;0;1;1
;;0190446664307;Donjoy (Enovis);Genou;DONJOY FORTILAX Genouillère contention T6;0.055;15.91;0;1;1
;;0190446664314;Donjoy (Enovis);Genou;DONJOY FORTILAX Genouillère contention T7;0.055;15.91;0;1;1
;;0190446664321;Donjoy (Enovis);Genou;DONJOY ROTULAX Genouill rotu ouv T1;0.055;30.42;0.31;1;1
;;0190446664338;Donjoy (Enovis);Genou;DONJOY ROTULAX Genouill rotu ouv T2;0.055;30.42;0.31;1;1
;;0190446664345;Donjoy (Enovis);Genou;DONJOY ROTULAX Genouill rotu ouv T3;0.055;30.42;0.31;1;1
;;0190446664352;Donjoy (Enovis);Genou;DONJOY ROTULAX Genouill rotu ouv T4;0.055;30.42;0.31;1;1
;;0190446664369;Donjoy (Enovis);Genou;DONJOY ROTULAX Genouill rotu ouv T5;0.055;30.42;0.31;1;1
;;0190446664376;Donjoy (Enovis);Genou;DONJOY ROTULAX Genouill rotu ouv T6;0.055;30.42;0.31;1;1
;;0190446664383;Donjoy (Enovis);Genou;DONJOY ROTULAX Genouill rotu ouv T7;0.055;30.42;0.31;1;1
;;0190446664611;Donjoy (Enovis);Genou;DONJOY GENULAX Genouillère élastique T1;0.055;70.25;0.31;1;1
;;0190446664628;Donjoy (Enovis);Genou;DONJOY GENULAX Genouillère élastique T2;0.055;70.25;0.31;1;1
;;0190446664635;Donjoy (Enovis);Genou;DONJOY GENULAX Genouillère élastique T3;0.055;70.25;0.31;1;1
;;0190446664642;Donjoy (Enovis);Genou;DONJOY GENULAX Genouillère élastique T4;0.055;70.25;0.31;1;1
;;0190446664659;Donjoy (Enovis);Genou;DONJOY GENULAX Genouillère élastique T5;0.055;70.25;0.31;1;1
;;0190446664666;Donjoy (Enovis);Genou;DONJOY GENULAX Genouillère élastique T6;0.055;70.25;0.31;1;1
;;0190446664673;Donjoy (Enovis);Genou;DONJOY GENULAX Genouillère élastique T7;0.055;70.25;0.31;1;1
4136771;3401041367713;0888912452229;Donjoy (Enovis);Genou;DONJOY IMMO Attelle post-opé gen S 40cm;0.055;31.26;0;0;1
4136788;3401041367881;0888912452236;Donjoy (Enovis);Genou;DONJOY IMMO Attelle post-opé gen M 50cm;0.055;31.26;0;0;1
4136794;3401041367942;0888912452243;Donjoy (Enovis);Genou;DONJOY IMMO Attelle post-opé gen L 60cm;0.055;31.26;0;0;1
4136802;3401041368024;0888912452250;Donjoy (Enovis);Genou;DONJOY IMMO Attelle post-opé gen XL 65cm;0.055;31.26;0;0;1
;;3282770389036;Ducray;Anacaps;ANACAPS EXPERT CURE Gél B/90;0.055;36.9;0.15;1;1
;;3282770398199;Ducray;Anacaps;ANAPHASE REACTIV Cr après-shampooing fortifiant anti-casse T/200ml;0.2;14;0.15;12;1
;;3282770203196;Ducray;Dexyane;DEXYANE Cr barrière isolante T/100ml;0.2;11;0.15;48;1
;;3282770394214;Ducray;Dexyane;DEXYANE MED Cr réparatrice apaisante T/30ml;0.2;10.1;0.15;72;1
2854663;3401528546631;3282770053029;Ducray;Dexyane;DEXYANE Gel nettoy surgras Fl ppe/400ml;0.2;14;0.15;1;1
6121401;;3282770203929;Ducray;Dexyane;DEXYANE Bme émollient Fl/400ml;0.2;17.1;0.15;12;1
;;3282770394139;Ducray;Dexyane Med;DEXYANE MED PALPEBRAL Cr T/15ml;0.2;14;0.15;72;1
;;3282770394276;Ducray;Dexyane Med;DEXYANE MED Cr réparatrice apaisante T/100ml;0.2;14.7;0.15;48;1
;;3282770390032;Ducray;Elution;ELUTION Shampooing doux équilibrant Fl/400ml;0.2;11.8;0.15;12;1
;;3282770390049;Ducray;Elution;ELUTION Shampooing doux équilibrant Fl/200ml;0.2;8.7;0.15;24;1
;;3282770148275;Ducray;Extra-doux;DUCRAY Shampooing extra doux Fl/400ml;0.2;8.8;0.15;12;1
;;3282770148282;Ducray;Extra-doux;DUCRAY Shampooing extra doux Fl pompe/400ml;0.2;9.1;0.15;12;1
;;3282770148305;Ducray;Extra-doux;DUCRAY Shampooing extra doux T/100ml;0.2;3.6;0.15;72;1
;;3282770389456;Ducray;Hidrosis;HIDROSIS CONTROL Emul anti-transp aiss 40ml;0.2;9.4;0.15;60;1
;;3282770401134;Ducray;Ictyane;ICTYANE HYDRA Cr légère T/40ml;0.2;15.2;0.15;1;1
2502642;;3282770206401;Ducray;Ictyane;ICTYANE Cr émolliente nutritive 2T/200ml;0.2;18.3;0.15;16;1
6010206;3401360102064;3282779370660;Ducray;Ictyane;ICTYANE Stick lèv sèch abim E/3g;0.2;4.1;0.15;12;1
6025415;3401360254152;3282770109252;Ducray;Ictyane;ICTYANE HYDRA UV SPF30 Cr légère T/40ml;0.2;16;0.15;1;1
6028828;3401360288287;3282770110067;Ducray;Ictyane;ICTYANE NUTRI Cr riche T/40ml;0.2;15.2;0.15;1;1
6106448;;3282770208849;Ducray;Ictyane;ICTYANE Pain surgras 100g;0.2;5.2;0.15;1;1
6106451;;3282770208818;Ducray;Ictyane;ICTYANE Cr de douche lavante T/200ml;0.2;8.2;0.15;1;1
6114679;;3282770203455;Ducray;Ictyane;ICTYANE Cr mains T/50ml;0.2;5.1;0.15;1;1
6121780;;3282770204278;Ducray;Ictyane;ICTYANE Cr émolliente nutritive Fl/400ml;0.2;18.3;0.15;1;1
6121782;;3282770204285;Ducray;Ictyane;ICTYANE Cr émolliente nutritive T/200ml;0.2;11.8;0.15;36;1
;;3282770392371;Ducray;Kelual;KELUAL DS Cr apaisante T/40ml;0.2;11.8;0.15;72;1
;;3282770392401;Ducray;Kelual;KELUAL DS Gel nettoyant anti-squames T/200ml;0.2;11.8;0.15;12;1
;;3282770396423;Ducray;Kelual;KELUAL SQUANORM Shampooing pellicules grasses Fl/200ml;0.2;11.3;0.15;24;1
;;3282770396508;Ducray;Kelual;KELUAL SQUANORM Shampooing pellicules sèches Fl/200ml;0.2;11.3;0.15;24;1
6089563;;3282770202274;Ducray;Kelual;KELUAL Emul kératoréduct croût lt Nourr 50ml;0.2;11.2;0.15;72;1
6234921;;3282770140453;Ducray;Kelual;KELUAL DS Shampooing Fl/100ml;0.2;11.8;0.15;24;1
6408080;;3282770400786;Ducray;Kelual;KELUAL DS Intensive Shampooing Fl/100ml;0.2;12.3;0.15;24;1
;;3282770141320;Ducray;Keracnyl;KERACNYL PP+ Cr T/30ml;0.2;12.8;0.15;72;1
;;3282770141351;Ducray;Keracnyl;KERACNYL Gel moussant T/200ml;0.2;9.3;0.15;12;1
;;3282770141382;Ducray;Keracnyl;KERACNYL Gel moussant Fl pompe/400ml;0.2;11.8;0.15;12;1
;;3282770141467;Ducray;Keracnyl;KERACNYL GLYCOLIC+ Cr T/30ml;0.2;12.9;0.15;72;1
;;3282770145175;Ducray;Keracnyl;KERACNYL UV Fluide anti-imperfections Fl/50ml;0.2;13.6;0.15;72;1
;;3282770146028;Ducray;Keracnyl;KERACNYL STOP BOUTON Cr T/10ml;0.2;9.7;0.15;1;1
;;3282770206821;Ducray;Keracnyl;KERACNYL MATIFIANT Cr T/30ml;0.2;12;0.15;1;1
;;3282770391251;Ducray;Keracnyl;KERACNYL REPAIR Cr visage T/50ml;0.2;13.6;0.15;1;1
;;3282770395716;Ducray;Keracnyl;KERACNYL REPAIR Bme lèvres T/15ml;0.2;7.9;0.15;1;1
;;3282770148435;Ducray;Kertyol;KERTYOL-P.S.O. Gel nettoyant Fl pompe/400ml;0.2;13.9;0.15;12;1
;;3282770148473;Ducray;Kertyol;KERTYOL-P.S.O. Shamp trait rééquil T/200ml;0.2;12.8;0.15;36;1
6006428;3401360064287;3282770075533;Ducray;Non renseigné;ANAPHASE+ Shamp cplt anti-chute T/200ml;0.2;10.8;0.15;24;1
6121403;;3282770203950;Ducray;Non renseigné;DEXYANE Cr émolliente Fl/400ml;0.2;17.1;0.15;12;1
6121404;;3282770203028;Ducray;Non renseigné;DEXYANE Huile lavante Fl/400ml;0.2;10.4;0.15;12;1
;;3282770397246;Ducray;Sabal;SABAL ARGEAL Shampooing quotidien sébo-absorbant Fl/200ml;0.2;11.7;0.15;12;1
;;3282770394948;Ducray;Sensinol;SENSINOL Shampooing Fl/200ml;0.2;11.3;0.15;24;1
2951679;3401329516796;3282770055078;Ducray;Sensinol;SENSINOL Hle lavante corps Fl/200ml;0.2;11.3;0.15;24;1
2951691;3401329516918;3282770055092;Ducray;Sensinol;SENSINOL Lait corps T/200ml;0.2;12.9;0.15;36;1
;;3282771001265;Ducray;Squanorm;KELUAL SQUANORM Lot rafraîchissante Fl/190ml;0.2;12.9;0.15;28;1
;;5000394176140;Duracell;Non renseigné;DURACELL PLUS AA Bte/8;0.2;9.68;0.5;12;1
;;5000394177031;Duracell;Non renseigné;DURACELL PLUS AAA Bte/16;0.2;18.96;0.5;10;1
2050580;;5000394203884;Duracell;Non renseigné;DURACELL Pile Li 3V 2016 B/2;0.2;3.48;0.5;10;1
7995026;;0000096077559;Duracell;Non renseigné;DURACELL 10 Pile audit Jaune Paq/6;0.2;6.94;0.5;10;1
7995032;;5000394167148;Duracell;Non renseigné;DURACELL 13 Pile audit Orange Paq/6;0.2;6.94;0.5;100;1
7995049;;0000096077573;Duracell;Non renseigné;DURACELL 312 Pile audit Marron Paq/6;0.2;6.94;0.5;100;1
9848430;;5000394203921;Duracell;Non renseigné;DURACELL Pile Li 3V 2032 B/2;0.2;3.48;0.5;10;1
;;3059944118590;Durex;Non renseigné;DUREX FEELING EXT Préserv lub rés Etui/12;0.055;12.41;0.37;72;1
;;3059944118613;Durex;Non renseigné;DUREX NUDE ORIGINAL Préservatif lubrifié B/10;0.055;16.57;0.37;1;1
;;3059944118873;Durex;Non renseigné;DUREX NUDE Préservatif lubrifié XL B/10;0.055;19.63;0.37;1;1
;;3059944118897;Durex;Non renseigné;DUREX CLASSIC JEANS Préservatif lubrifié étui/12;0.055;10.43;0.37;1;1
;;3059948001430;Durex;Non renseigné;DUREX PLAY Gel nat Fl/100ml;0.2;15.24;0.37;1;1
;;3059948001478;Durex;Non renseigné;DUREX ORGASM'INT Préserv B/10;0.055;19.81;0.37;1;1
;;3059948001911;Durex;Non renseigné;DUREX YOU AND ME Préservatif B/10;0.055;19.76;0.37;1;1
;;3059948002147;Durex;Non renseigné;DUREX Gel naturel extra sensitive T/100ml;0.2;15.24;0.37;72;1
;;3059948002154;Durex;Non renseigné;DUREX Gel naturel hydra + T/100ml;0.2;15.24;0.37;1;1
;;3059948002413;Durex;Non renseigné;DUREX PLAY Gel lubrif perfect gliss Fl/50ml;0.2;12.64;0.37;1;1
;;3059948002833;Durex;Non renseigné;DUREX NUDE Préserv lubrif sans latex B/2;0.055;2.35;0.37;1;1
;;3059948003014;Durex;Non renseigné;DUREX NUDE Préservatif lubrifié XL B/2;0.055;2.35;0.37;1;1
;;3059948003687;Durex;Non renseigné;DUREX Gel cherry T/100ml;0.2;14.73;0.37;1;1
;;3059948006237;Durex;Non renseigné;DUREX ESSENTIAL Préservatif lubrifié B/24;0.055;16.7;0.37;36;1
;;3059948007111;Durex;Non renseigné;DUREX SEXY FRAISE Préservatif B/12;0.055;16.32;0.37;1;1
;;3059948007142;Durex;Non renseigné;DUREX NUDE Préserv lubrif sans latex B/10;0.055;16.56;0.37;72;1
;;3059948007159;Durex;Non renseigné;DUREX PLEASURE ME Préservatif B/2;0.055;2.35;0.37;1;1
;;3059948010722;Durex;Non renseigné;DUREX CLASSIC JEANS Préservatif lubrifié étui/20;0.055;16;0.37;1;1
4328281;;5038483225400;Durex;Non renseigné;DUREX LOVE Préserv B/6;0.055;5.81;0.37;12;1
6129638;;3059948002178;Durex;Non renseigné;DUREX SENSILUBE Flde lubrif us intim 40ml;0.2;13.43;0.2;72;1
7680676;;5038483448083;Durex;Non renseigné;DUREX JEANS EASY-ON Préserv av rés Poch/3;0.055;2.35;0.37;288;1
7831678;3401578316789;5038483364345;Durex;Non renseigné;DUREX TOP PLAY Gel lubrif Sensitiv Fl/50ml;0.2;9.98;0.37;72;1
;;3518681009528;EA Pharma;Chondrosteo;CHONDROSTEO + FORT Cpr Pilulier/120;0.055;44.3;0.3;40;1
;;3518681010852;EA Pharma;Chondrosteo;CHONDROSTEO + Cpr B/90;0.055;28.2;0.3;1;1
;;3518681011781;EA Pharma;Chondrosteo;CHONDROSTEO + Cpr 3B/90;0.055;56.3;0.3;16;1
;;3760155217261;EA Pharma;Chondrosteo;CHONDROSTEO COLLAGENE Pdr Pot/280g;0.055;37.3;0.3;6;1
;;3760155218862;EA Pharma;Chondrosteo;CHONDROSTEO MAX TRIPLE ACTION Cpr B/60;0.055;27.5;0.3;1;1
6034939;;3518681007562;EA Pharma;Chondrosteo;CHONDROSTEO + Gel mass conf muscul T/100ml;0.2;14.2;0.3;45;1
;;3518681015161;EA Pharma;Duab;DUAB D-Mannose Pdr 7Sach;0.2;16.2;0.3;1;1
7311708;3401573117084;0487610160148;EA Pharma;Duab;DUAB Gél B/60;0.055;39.6;0.3;35;3
9768501;3401597685019;;EA Pharma;Duab;DUAB Gél tractus urinair B/20;0.055;17.4;0.3;1;3
;;3518681016632;EA Pharma;Eafit;EAFIT MINCEUR 360 BRULEUR EXTRA FORT Cpr B/60;0.055;41;0.3;1;1
4078097;;3518681006756;EA Pharma;Eafit;EAFIT TRIBULUS Cpr Pilul/90;0.055;32.8;0.3;24;1
4241350;3401542413506;3518681002260;EA Pharma;Eafit;EAFIT PURE CREATINE Gél B/90;0.055;27.2;0.3;12;1
6402969;3401564029693;3534190002010;EA Pharma;Foucaud;FOUCAUD Lot frict revital corp Fl verre/250ml;0.2;20.4;0.3;12;1
6517744;3401565177447;3534190004854;EA Pharma;Foucaud;FOUCAUD Lot frict revital corp Fl plast/200ml;0.2;12.2;0.3;12;1
;;3760155211542;EA Pharma;Granions;GRANIONS E VITAMINE D3 10µg Gél B/60;0.055;16.5;0.3;1;1
;;3760155211740;EA Pharma;Granions;GRANIONS S PROSTATE Gél B/40;0.055;35.2;0.3;1;1
;;3760155211979;EA Pharma;Granions;GRANIONS E AIL NOIR Gél B/60;0.055;31.9;0.3;1;1
;;3760155212303;EA Pharma;Granions;GRANIONS DE CHROME 250 mg Cpr B/60;0.055;20.4;0.3;1;1
;;3760155212426;EA Pharma;Granions;GRANIONS DE ZINC 15 mg Gél B/60;0.055;13.7;0.3;60;1
;;3760155212471;EA Pharma;Granions;GRANIONS MAGNESIUM Cpr Pilulier/60;0.055;25;0.3;1;1
;;3760155212495;EA Pharma;Granions;GRANIONS FER Gél Pilulier/60;0.055;23;0.3;1;1
;;3760155212525;EA Pharma;Granions;GRANIONS 23 VITAMINES Cpr Pilulier/90;0.055;29.8;0.3;1;1
;;3760155213485;EA Pharma;Granions;GRANIONS ZINC 15 mg Gél Pilulier/60;0.055;24.4;0.3;1;1
;;3760155213560;EA Pharma;Granions;GRANIONS DECONTRACTANT MUSCULAIRE Gel T/100ml;0.2;16.9;0.3;12;1
;;3760155214642;EA Pharma;Granions;GRANIONS VITAMINE C LIPOSOMALE Cpr B/60;0.055;24.4;0.3;1;1
;;3760155215557;EA Pharma;Granions;GRANIONS DECONTRACT MUSCUL Colla Mar Pdr 300g;0.055;39.6;0.3;6;1
;;3760155215670;EA Pharma;Granions;GRANIONS KID GUMMIES MULTIVIT Gom 60 PATROUIL;0.055;6.9;0;1;1
;;3760155215762;EA Pharma;Granions;GRANIONS BIOTINE 10 000 µg Cpr B/60;0.055;26.6;0.3;1;1
;;3760155215908;EA Pharma;Granions;GRANIONS PRO KERACYS CHEVEUX 4 EN 1 Cpr 3B/90;0.055;46.8;0.3;1;1
;;3760155216097;EA Pharma;Granions;GRANIONS VITAMIN SENIOR 1000mg Cpr eff B/30;0.055;15.2;0.3;1;1
;;3760155216103;EA Pharma;Granions;GRANIONS VITAMIN IMMUNITE 1000mg Cpr eff B/30;0.055;15.2;0.3;1;1
;;3760155216141;EA Pharma;Granions;GRANIONS COMPLEXE COL AH Q10 Cpr B/60;0.055;28;0.3;1;1
;;3760155216516;EA Pharma;Granions;GRANIONS DECONTRACT MUSCUL FORT Cpr B/20;0.055;11.8;0.3;46;1
;;3760155216585;EA Pharma;Granions;GRANIONS COLLAGENE TYPE I ET II Cpr Pilul/80;0.055;43.5;0.3;1;1
;;3760155216615;EA Pharma;Granions;GRANIONS PSYLLIUM 2000 mg Gél Pilulier/60;0.055;19.8;0.3;1;1
;;3760155216912;EA Pharma;Granions;GRANIONS STRESS Ashwagandha Cpr Pilulier/60;0.055;36;0.3;1;1
;;3760155217506;EA Pharma;Granions;GRANIONS GUMMIES MELATONINE 1,9mg Gom Fl/30;0.055;16.7;0.3;1;1
;;3760155217551;EA Pharma;Granions;GRANIONS MAGNESIUM MAX 360 mg Cpr B/90;0.055;26.8;0.3;1;1
;;3760155217780;EA Pharma;Granions;GRANIONS MAGNESIUM MARIN 360 mg Cpr Pot/180;0.055;24.6;0.3;1;1
;;3760155217797;EA Pharma;Granions;GRANIONS DOUBLE MAGNESIUM 360 mg Cpr Pot/180;0.055;32;0.3;1;1
;;3760155218022;EA Pharma;Granions;GRANIONS COLLAGENE + BEAUTE Pdr Pot/258g;0.055;44.4;0.3;6;1
;;3760155218138;EA Pharma;Granions;GRANIONS OMEGA 3 1000 mg Caps B/60;0.055;33;0.3;1;1
;;3760155218350;EA Pharma;Granions;GRANIONS COLLAGENE MULTI Type I-II-III-V-X Cpr B/60;0.055;34.6;0.3;1;1
;;3760155218442;EA Pharma;Granions;GRANIONS COLLAGENE BEAUTE Pdr citron 25 jours Pot/255g;0.055;41.2;0.3;1;1
;;3760155218565;EA Pharma;Granions;GRANIONS PRO KERACYS CHEVEUX Pdr Pot/200g;0.055;48;0.3;1;1
;;3760155218879;EA Pharma;Granions;GRANIONS SOMMEIL CHRONO 9 MIN Cpr B/30;0.055;17.6;0.3;1;1
;;3760155218893;EA Pharma;Granions;GRANIONS HYDRATATION Cpr fraise T/20;0.055;11.4;0.3;1;1
;;3760155218909;EA Pharma;Granions;GRANIONS HYDRATATION Cpr mangue passion T/20;0.055;11.4;0.3;1;1
;;3760155218916;EA Pharma;Granions;GRANIONS HYDRATATION Cpr citron T/20;0.055;11.4;0.3;1;1
;;3760155218923;EA Pharma;Granions;GRANIONS HYDRATATION Cpr pêche T/20;0.055;11.4;0.3;1;1
;;3760155218978;EA Pharma;Granions;GRANIONS COLLAGENE MARIN Cpr vanille B/180;0.055;36.6;0.3;1;1
;;3760155219074;EA Pharma;Granions;GRANIONS SHILAJIT 1000 mg Gél Pilulier/60;0.055;34.9;0.3;1;1
;;3760155219357;EA Pharma;Granions;GRANIONS MELATONINE 1,9 mg Cpr B/30;0.055;7.2;0.3;1;1
3046221;3400930462218;;EA Pharma;Granions;GRANIONS DE BISMUTH 2 mg/2 ml S buv 10Amp/2ml;0.1;7.3;0.3;150;1
3666722;3400936667228;;EA Pharma;Granions;GRANIONS DE LITHIUM 1 mg/2 ml S buv en ampoule 30Amp/2ml;0.1;13;0.3;60;3
3666739;3400936667396;;EA Pharma;Granions;GRANIONS DE SELENIUM 0,96 mg/2 ml S buv 30Amp/2ml;0.1;13;0.3;60;3
3666745;3400936667457;;EA Pharma;Granions;GRANIONS DE MAGNESIUM 3,82 mg/2 ml S buv 30Amp/2ml;0.1;13;0.3;60;3
3754604;3400937546041;;EA Pharma;Granions;GRANIONS DE CUIVRE 0,3 mg/2 ml S buv 30Amp/2ml;0.1;13;0.3;60;3
3943860;3400939438603;;EA Pharma;Granions;GRANIONS D'OR 0,2 mg/2 ml S buv 30Amp/2ml;0.1;13;0.3;60;1
3943877;3400939438771;;EA Pharma;Granions;GRANIONS DE SOUFRE 19,5 mg/2 ml S buv 30Amp/2ml;0.1;13;0.3;60;1
3943883;3400939438832;;EA Pharma;Granions;GRANIONS D'ARGENT 0,68 mg/2 ml S buv 30Amp/2ml;0.1;13;0.3;60;1
4504370;3401545043700;3760155210156;EA Pharma;Granions;GRANIONS D'IODE S buv 30A/2ml;0.055;13.3;0.3;0;1
5110006;3401551100060;3760155210446;EA Pharma;Granions;GRANIONS O DE CHROME 200µg S buv 30A/4ml;0.055;18.5;0.3;60;3
5110029;3401551100299;3760155210491;EA Pharma;Granions;GRANIONS E COENZYME Q10 Gél B/30;0.055;24.2;0.3;0;1
5110035;3401551100350;3760155210507;EA Pharma;Granions;GRANIONS E RESVERATROL Gél B/30;0.055;23.3;0.3;1;1
5110495;3401551104952;3760155210484;EA Pharma;Granions;GRANIONS E LEVURE DE RIZ ROUGE Gél B/30;0.055;20.7;0.3;0;1
5143394;3401551433946;3760155210538;EA Pharma;Granions;GRANIONS O DEC MUSC S buv 30Amp/2ml;0.055;13.8;0.3;60;3
5386257;3401553862577;3518681006473;EA Pharma;Granions;GRANIONS S VEINOMIX Cpr B/60;0.055;27.6;0.3;0;1
5437227;3401554372273;3760155210644;EA Pharma;Granions;GRANIONS S REDUCYS Gél B/30;0.055;19.1;0.3;0;1
5437233;3401554372334;3760155210637;EA Pharma;Granions;GRANIONS S SOMDOR+ Cpr B/30;0.055;17.4;0.3;0;1
5437256;3401554372563;3760155210682;EA Pharma;Granions;GRANIONS KID BIO APPETIT Sirop pomme Fl/125ml;0.055;12.7;0.3;24;1
5521087;;3760155210873;EA Pharma;Granions;GRANIONS S SOMDOR+ Mélatonine cp/15;0.055;10.4;0.3;0;1
6285386;;3760155210972;EA Pharma;Granions;GRANIONS E MELATONINE Gél B/60;0.055;13.7;0.3;0;1
7115640;3401571156405;3760155210200;EA Pharma;Granions;GRANIONS O FER S buv 30A/2ml;0.055;13.3;0.3;0;1
;;3760155215151;EA Pharma;Granions CBD;GRANIONS CBD Huile zen Roll-on/5ml;0.2;15.2;0.3;1;1
;;3760155215168;EA Pharma;Granions CBD;GRANIONS CBD Huile apaisante Roll-on/5ml;0.2;15.2;0.3;1;1
;;3760155215809;EA Pharma;Granions CBD;GRANIONS CBD Gel crème confort CBD T/75ml;0.2;18.1;0.3;1;1
;;3760155215854;EA Pharma;Granions CBD;GRANIONS CBD 30 % Huile Fl pipette/10ml;0.2;77.2;0.3;1;1
;;3760155216752;EA Pharma;Granions CBD;GRANIONS CBD Cpr sommeil B/30;0.055;30.6;0.3;1;1
;;3760155216769;EA Pharma;Granions CBD;GRANIONS CBD Cpr apais muscle articul B/30;0.055;30.6;0.3;1;1
;;3760155219265;EA Pharma;Granions Hydrop;GRANIONS HYDROP COLLAGENE Cpr eff framboise cassis T/18;0.055;11.4;0.3;1;1
;;3760155220100;EA Pharma;Granions Hydrop;GRANIONS HYDROP BOOST Cpr eff caféine citron T/20;0.055;11.4;0.3;1;1
;;3760155220605;EA Pharma;Granions Hydrop;GRANIONS HYDROP Cpr eff menthe citron T/20;0.055;11.4;0.3;1;1
;;3760155220636;EA Pharma;Granions Hydrop;GRANIONS HYDROP Cpr eff agrumes T/20;0.055;11.4;0.3;1;1
;;3665294000005;EA Pharma;Non renseigné;DUAB FORT Pdr sol buv 7Sach/3,14g;0.055;23.3;0.3;1;1
;;3760155211894;EA Pharma;Non renseigné;GRANIONS E DE COLLAGENE Cpr B/60;0.055;25.4;0.3;90;1
;;3760155211917;EA Pharma;Non renseigné;GRANIONS O DECONTRACTANT MUSCULAIRE Cpr B/60;0.055;19.7;0.3;80;1
;;3760155212617;EA Pharma;Non renseigné;RHINARGION Spray nasal Fl/20ml;0.2;8.6;0.3;1;1
3016591;3400930165911;;EA Pharma;Non renseigné;CALCIBRONAT 2 g Cpr eff T/20;0.1;13.3;0.3;40;1
3222876;3400932228768;;EA Pharma;Non renseigné;CALCIBRONAT 2 g Cpr eff T/60;0.1;34.5;0.3;15;1
3754596;3400937545969;;EA Pharma;Non renseigné;GRANIONS DE MANGANESE 0,1 mg/2 ml S buv en ampoule 30Amp/2ml;0.1;13;0.3;60;1
;;8056300620914;EG Labo;Bronchokod;BRONCHOKOD NATUREL Sirop toux sèche et grasse sans sucre Fl/120ml;0.2;6.68;0.37;36;1
;;8057592479624;EG Labo;Bronchokod;BRONCHOKOD NATUREL Sirop toux sèche et grasse Fl/100ml;0.2;6.68;0.37;1;1
;;8057592479631;EG Labo;Bronchokod;BRONCHOKOD NATUREL Sirop toux sèche et grasse enfant Fl/100ml;0.2;6.68;0.37;1;1
;;3615840000430;EG Labo;Duofilm;DUOFILMSTYLO Sol anti-cors 2ml;0.2;10.78;0.3;1;1
;;8720618589194;EG Labo;Duofilm;DUOFILM CRYO Kit traitement verrues par cryothérapie Fl/50ml+applicateur;0.2;16.68;0.3;48;1
3246374;3400932463749;3551593246377;EG Labo;Duofilm;DUOFILM S appl loc Fl/15ml;0.1;10.39;0.3;120;1
;;3615840000621;EG Labo;Eunova;EUNOVA Gomme immunité Pot/50;0.055;9.98;0.37;24;1
;;3615840000638;EG Labo;Eunova;EUNOVA Multi-vitamines Gomme Pot/60;0.055;9.98;0.37;24;1
3290642;3400932906420;3400932906420;EG Labo;Eurax;EURAX 10 % Cr T/40g;0.1;6.93;0.3;96;0
4000005;;3615840000058;EG Labo;Flexitol;FLEXITOL 10% Urée Bme répar main sèche T/56g;0.2;5.16;0.37;1;1
6021841;3401360218413;;EG Labo;Flexitol;FLEXITOL 10% Cr hydrat Urée PS T/85g;0.2;9.96;0.37;1;1
6021843;3401360218437;;EG Labo;Flexitol;FLEXITOL 25% Bme réparat Urée talon T/112g;0.2;13.56;0.37;42;1
6079443;;3615840000003;EG Labo;Flexitol;FLEXITOL 12% Urée Bme corne durillons T/56g;0.2;8.85;0.37;1;1
;;3615840000423;EG Labo;Mitosyl;MITOSYL Lingette à l'eau 5Sach/60;0.2;15.09;0.37;3;1
;;3615840000454;EG Labo;Mitosyl;MITOSYL NATUREL Cr change bébé T/75ml;0.2;7.73;0.37;50;1
;;3615840000461;EG Labo;Mitosyl;MITOSYL Lingette à l'eau Sach/60;0.2;3.64;0.37;16;1
;;3615840000478;EG Labo;Mitosyl;MITOSYL Lingette à l'eau 2Sach/60;0.2;6.87;0.37;8;1
;;3615840000591;EG Labo;Mitosyl;MITOSYL CHANGE Pom protectrice T/100g;0.2;9.98;0.37;56;1
;;3615840000607;EG Labo;Mitosyl;MITOSYL CHANGE Pom protectrice 2T/100g;0.2;18.96;0.37;28;1
;;3615840000645;EG Labo;Mitosyl;MITOSYL CREME HYDRATANTE FLACON DE 500ML;0.2;15.48;0.37;6;1
;;3615840000652;EG Labo;Mitosyl;MITOSYL EAU NETTOYANTE 500 ML;0.2;6.98;0.37;6;1
;;3615840000669;EG Labo;Mitosyl;MITOSYL HUILE LAVANTE 490 ML;0.2;11.15;0.37;6;1
;;3615840000676;EG Labo;Mitosyl;MITOSYL GEL LAVANT 500 ML;0.2;8.15;0.37;6;1
;;3664798029222;EG Labo;Mitosyl;MITOSYL CHANGE Pom protectrice T/65g;0.2;7.57;0.37;56;1
;;3615840000065;EG Labo;Non renseigné;MOVYMIA PEN Stylo inject cart/3ml B/1;0.055;40;0;1;1
;;3615840000102;EG Labo;Non renseigné;SERUM PHYSIOLOGIQUE CARE+ 40Unidoses/5ml;0.2;3.29;0.5;24;1
;;3615840000119;EG Labo;Non renseigné;CARE+ Eau de mer hyg du nez BB Spr/125ml;0.2;4.92;0.5;30;1
;;3615840000126;EG Labo;Non renseigné;CARE+ Eau de mer hygiène du nez Spray/125ml;0.2;4.67;0.5;30;1
;;6977404310001;EG Labo;Non renseigné;CARE+ Seringue lavage nasal B/2;0.2;3.72;0.5;100;1
;3400930020838;;EG Labo;Non renseigné;GINKGO EG LABO CONSEIL 40 mg Cpr pell Plq/90;0.1;11.69;0.55;1;1
;3400930036792;;EG Labo;Non renseigné;DEXPANTHENOL EG LABO CONSEIL 5 % Pom T/30g;0.021;4.45;0.55;88;1
;3400930091173;;EG Labo;Non renseigné;BRONCHOKOD 5% adultes S buv édul sac Fl/250ml;0.1;4.17;0.37;20;1
;3400930155509;;EG Labo;Non renseigné;LIERRE GRIMP EG LAB S buv ss sucre Fl/100ml;0.1;5.94;0.55;1;1
;3400930162163;;EG Labo;Non renseigné;IBUPROFENE EG 200 mg Cpr pell Plq/20;0.1;2.16;0.55;10;1
;3400930173008;;EG Labo;Non renseigné;ETIFOXINE EG 50 mg Gél Plq/60;0.1;12.12;0.5;49;1
;3400930182086;;EG Labo;Non renseigné;IBUPROFENE EG LABO CONSEIL 400 mg Cpr pell Plq/12;0.1;2.74;0.55;168;1
;3400930215128;;EG Labo;Non renseigné;CLOTRIMAZOLE EG LABO CONSEIL 1 % Cr T/20g;0.1;6.79;0.55;1;1
;3400930242155;;EG Labo;Non renseigné;XUVENIOL 500 mg Cpr pell Plq/60;0.1;8.09;0.3;1;1
;3400930256824;;EG Labo;Non renseigné;CHLORHEX EG LAB S a cut Fl/50ml;0.1;5.29;0.55;60;1
;3400930271643;;EG Labo;Non renseigné;GESTODENE/ETHINYLESTRADIOL EG LABO 75 µg/20 µg Cpr 3Plq/21;0.1;14.12;0.55;1;1
;3400930295458;;EG Labo;Non renseigné;GESTO/ETH EG LAB 60µg/15µg Cpr 3Plq/24 j+4 b;0.1;15.3;0.55;1;1
;3401060286095;3700343900193;EG Labo;Non renseigné;FLAMIGEL Gel plaies brûlures T/100g;0.2;8.41;0.3;1;1
2179753;3400921797534;;EG Labo;Non renseigné;PANTOPRAZOLE EG LABO CONSEIL 20 mg Cpr gastro-rés Plq/7;0.1;4.32;0.55;1;1
2179776;3400921797763;;EG Labo;Non renseigné;PANTOPRAZOLE EG LABO CONSEIL 20 mg Cpr gastro-rés Plq/14;0.1;7.58;0.55;132;1
2193463;3400921934632;;EG Labo;Non renseigné;ORLISTAT EG 120 mg Gél Plq/84;0.1;76.25;0.55;40;1
2225298;3400922252988;;EG Labo;Non renseigné;HEXETIDINE EG LABO CONSEIL 0,1 % S bain bouche Fl PET/200ml;0.1;5.23;0.55;20;1
2247319;3400922473192;;EG Labo;Non renseigné;ATOVAQUONE/PROGUANIL EG 250 mg/100 mg Cpr pell Plq/12;0.021;16.81;0.55;48;1
2767527;3400927675270;;EG Labo;Non renseigné;MEMANTINE EG 10 mg Cpr pell Plq/56;0.1;14.87;0.55;0;1
2767533;3400927675331;;EG Labo;Non renseigné;MEMANTINE EG 20 mg Cpr pell Plq/28;0.1;14.94;0.55;0;1
2794493;3400927944932;;EG Labo;Non renseigné;ESTERS ETHYLIQUES D'ACIDES OMEGA 3 EG LABO CONSEIL 1 g Caps molle Fl/28;0.1;22.09;0.55;84;1
3000542;3400930005422;;EG Labo;Non renseigné;DESOGESTREL/ETHINYLESTRADIOL EG 150 µg/20 µg Cpr Plq/3x21;0.1;14.12;0.55;1;1
3000565;3400930005651;;EG Labo;Non renseigné;DESOGESTREL/ETHINYLESTRADIOL EG 150 µg/30 µg Cpr Plq/3x21 (63);0.1;14.12;0.55;1;1
3003680;3400930036808;;EG Labo;Non renseigné;DEXPANTHENOL EG LABO CONSEIL 5 % Pom T/100g;0.021;7.37;0.55;48;1
3004377;3400930043776;;EG Labo;Non renseigné;DOXYLAMINE EG LABO 15 mg Cpr pell séc T/10;0.1;1.82;0.55;160;1
3011466;3400930114667;;EG Labo;Non renseigné;FINASTERIDE EG 1 mg Cpr pell Plq PVC/Alu/84;0.1;54.52;0.55;1;1
3017008;3400930170083;;EG Labo;Non renseigné;PARACETAMOL EG LABO CONSEIL 500 mg Cpr Plq/16;0.1;1.69;0.55;10;1
3042565;3400930425657;;EG Labo;Non renseigné;ANGI-SPRAY MAL DE GORGE CHLORHEXIDINE/LIDOCAÏNE Collutoire Fl/40ml;0.1;6.49;0.37;36;1
3102882;3400931028826;3400931028826;EG Labo;Non renseigné;SYNTHOL S appl cut Fl/225ml;0.1;8.49;0.25;30;1
3339756;3400933397562;;EG Labo;Non renseigné;KEAL 1 g Susp buv en sachet 30Sach/5ml;0.1;8.97;0.2;30;1
3488686;3400934886867;;EG Labo;Non renseigné;AMBROXOL EG LABO CONSEIL 30 mg Cpr séc Plq/30;0.1;3.6;0.55;0;1
3491524;3400934915246;;EG Labo;Non renseigné;ACICLOVIR EG 5 % Cr T/10g;0.1;5.3;0.55;312;1
3494882;3400934948824;;EG Labo;Non renseigné;KENDIX 5 % Cr herpès labial T/2g;0.1;5.46;0.55;10;1
3497194;3400934971945;;EG Labo;Non renseigné;PIRACETAM EG 800 mg Cpr pell séc Fl/45;0.1;6.63;0.55;80;1
3550250;3400935502506;;EG Labo;Non renseigné;BRONCHOKOD 2 % Sirop enfant Fl/125ml;0.1;3.15;0.37;30;1
3559239;3400935592392;;EG Labo;Non renseigné;DIOSMINE EG LABO CONSEIL 600 mg Cpr pell Plq/2x15 (30);0.1;6.77;0.55;180;1
3602567;3400936025677;;EG Labo;Non renseigné;THIOCOLCHICOSIDE EG 4 mg Cpr séc Plq/12;0.1;4.95;0.55;5;1
3612548;3400936125483;;EG Labo;Non renseigné;NORFLOXACINE EG 400 mg Cpr pell Plq/10;0.1;4.1;0.55;0;1
3619510;3400936195103;;EG Labo;Non renseigné;AMBROXOL EG LABO CONSEIL 0,6 % S buv Fl/150ml;0.1;4.59;0.55;30;1
3697332;3400936973329;;EG Labo;Non renseigné;PHLOROGLUCINOL EG 80 mg Cpr orodisp Plq/20;0.1;3.66;0.55;130;1
3708107;3400937081078;;EG Labo;Non renseigné;CETIRIZINE EG LABO CONSEIL 10 mg Cpr à sucer Plq/7;0.1;2.91;0.55;150;1
3756098;3400937560986;;EG Labo;Non renseigné;ACETYLCYSTEINE EG 200 mg Pdr sol buv en sachet-dose 20Sach/3g;0.1;4.26;0.55;72;1
3799707;3400937997072;;EG Labo;Non renseigné;TRIMETAZIDINE EG 35 mg Cpr pell LM Plq/60;0.1;10.26;0.55;120;1
3934507;3400939345079;;EG Labo;Non renseigné;DIACEREINE EG 50 mg Gél Plq/30;0.1;11.33;0.55;140;1
4166588;3400941665882;;EG Labo;Non renseigné;AMOROLFINE EG LABO CONSEIL 5 % V ongles médicamenteux Fl/2,5ml+30 spatules;0.1;17.54;0.55;75;1
4555290;3401045552900;3094904555299;EG Labo;Non renseigné;SYNTHOLKINÉ Patch chauff décontr S B/2;0.2;6.71;0.3;38;1
4939429;3400949394296;;EG Labo;Non renseigné;ACETYLCYS EG LAB ss suc 200mg Pd 18Sach/200mg;0.1;3.79;0.55;72;1
;3400930242971;;EG Labo;Rivastigmine EG;RIVASTIGMINE EG LABO 4,6 mg/24 h Patch transderm Sach/30;0.1;64.37;0.55;1;1
;3400930243015;;EG Labo;Rivastigmine EG;RIVASTIGMINE EG LABO 9,5 mg/24 h Patch transderm Sach/30;0.1;64.37;0.55;1;1
3802214;3400938022148;3400938022148;EG Labo;Synthol;SYNTHOL Gel T/75g;0.1;6.99;0.25;24;1
;;3615840000348;EG Labo;Syntholkine;SYNTHOLKINÉ Spray froid Fl/150ml;0.2;9.02;0.3;12;1
;;3615840000485;EG Labo;Syntholkine;SYNTHOLKINÉ Poch chaud fr réutilis B/1;0.2;6.49;0.3;6;1
;;3615840000539;EG Labo;Syntholkine;SYNTHOLKINÉ Gel de massage CBD T/50ml;0.2;10.35;0.3;142;1
2955157;;3094904501142;EG Labo;Syntholkine;SYNTHOLKINÉ Patch chauff décontr L B/4;0.2;13.18;0.3;8;1
2955163;;3094904501135;EG Labo;Syntholkine;SYNTHOLKINÉ Patch chauff décontr S B/4;0.2;10.62;0.3;24;1
9722114;3401097221144;3094904500053;EG Labo;Syntholkine;SYNTHOLKINÉ Patch chauff décontr L B/2;0.2;8.55;0.3;12;1
9753155;3401097531557;3094904500077;EG Labo;Syntholkine;SYNTHOLKINÉ Gel tension muscul Roll-on/50m;0.2;9.05;0.3;48;1
9929163;3401599291638;3094904500404;EG Labo;Syntholkine;SYNTHOLKINÉ Cr gel tension muscul chauff;0.2;8.24;0.3;48;1
;3400930207499;3400930207499;EG Labo;Tadalafil & Sildenafil EG;TADALAFIL EG LABO 5 mg Cpr pell Plq/28x1;0.021;14.56;0.55;168;1
;3400930207529;;EG Labo;Tadalafil & Sildenafil EG;TADALAFIL EG LABO 5 mg Cpr pell Plq/84x1;0.021;43.68;0.55;108;1
;3400930207543;;EG Labo;Tadalafil & Sildenafil EG;TADALAFIL EG LABO 10 mg Cpr pell séc Plq/4x1;0.021;8.69;0.55;1;1
;3400930207567;;EG Labo;Tadalafil & Sildenafil EG;TADALAFIL EG LABO 20 mg Cpr pell séc Plq/4x1;0.021;9.41;0.55;1;1
;3400930208335;3400930208335;EG Labo;Tadalafil & Sildenafil EG;TADALAFIL EG LABO 20 mg Cpr pell séc Plq/8x1;0.021;13.23;0.55;216;1
2183097;3400921830972;;EG Labo;Tadalafil & Sildenafil EG;SILDENAFIL EG 50 mg Cpr pell Plq/4;0.021;6.68;0.55;0;1
2183105;3400921831054;;EG Labo;Tadalafil & Sildenafil EG;SILDENAFIL EG 50 mg Cpr pell Plq/8;0.021;9.64;0.55;0;1
2183111;3400921831115;;EG Labo;Tadalafil & Sildenafil EG;SILDENAFIL EG 50 mg Cpr pell Plq/12;0.021;12.05;0.55;1;1
2183157;3400921831573;;EG Labo;Tadalafil & Sildenafil EG;SILDENAFIL EG 100 mg Cpr pell Plq/4;0.021;7.52;0.55;0;1
2183163;3400921831634;;EG Labo;Tadalafil & Sildenafil EG;SILDENAFIL EG 100 mg Cpr pell Plq/8;0.021;10.44;0.55;0;1
2183186;3400921831863;;EG Labo;Tadalafil & Sildenafil EG;SILDENAFIL EG 100 mg Cpr pell Plq/12;0.021;13.25;0.55;1;1
2790503;3400927905032;;EG Labo;Tadalafil & Sildenafil EG;SILDENAFIL EG 100 mg Cpr pell Plq/24;0.021;24.1;0.55;108;1
;;5420036974253;ELANCO;Adtab;ADTAB 450 mg Cpr à croquer chien 11-22kg B/3;0.2;34.64;0.2;192;1
6842214;;5420036974222;ELANCO;Adtab;ADTAB 56 mg Cpr à croquer chien 1,3-2,5kg Plq/3;0.2;24.15;0.2;192;1
6842378;;5420036974239;ELANCO;Adtab;ADTAB 112 mg Cpr à croquer chien >2,5-5,5kg Plq/3;0.2;26.3;0.2;192;1
6842390;;5420036974246;ELANCO;Adtab;ADTAB 225 mg Cpr à croquer chien >5,5-11kg Plq/3;0.2;29.56;0.2;192;1
6842450;;5420036974260;ELANCO;Adtab;ADTAB 900 mg Cpr à croquer chien >22-45kg Plq/3;0.2;40.02;0.2;192;1
;;5099299225985;ELANCO;AdvandPro Combo;ADVANPRO COMBO Spot-on Chats x3;0.2;13.8;0.2;1;1
;;5099299225992;ELANCO;AdvandPro Combo;ADVANPRO COMBO Spot-on Chats x6;0.2;22.63;0.2;1;1
2145518;;4007221036616;ELANCO;Advantage;ADVANTAGE 40 mg Solution pour spot-on lapin-chat moins 4kg 4Pipettes/0,4ml;0.2;17;0.2;100;1
2145524;;4007221036630;ELANCO;Advantage;ADVANTAGE 80 mg Solution pour spot-on lapin-chat plus 4kg 4Pipettes/0,8ml;0.2;18.05;0.2;100;1
2145530;;4007221036623;ELANCO;Advantage;ADVANTAGE 40 mg Solution pour spot-on lapin-chat moins 4kg 6Pipettes/0,4ml;0.2;23.26;0.2;100;1
2145547;;4007221036647;ELANCO;Advantage;ADVANTAGE 80 mg Solution pour spot-on lapin-chat plus 4kg 6Pipettes/0,8ml;0.2;24.42;0.2;100;1
6700014;;4007221048558;ELANCO;Advantix;ADVANTIX Solution pour spot-on très grand chien 40-60kg 4Pipettes/6ml;0.2;37.67;0.2;100;1
6782469;;4007221016830;ELANCO;Advantix;ADVANTIX Solution pour spot-on très petit chien 1,5-4kg 4Pipettes/0,4ml;0.2;22.15;0.2;100;1
6782512;;4007221016847;ELANCO;Advantix;ADVANTIX Solution pour spot-on petit chien 4-10kg 4Pipettes/1ml;0.2;24.5;0.2;100;1
6782529;;4007221021018;ELANCO;Advantix;ADVANTIX Solution pour spot-on petit chien 4-10kg 6Pipettes/1ml;0.2;31.19;0.2;100;1
6782564;;4007221016854;ELANCO;Advantix;ADVANTIX Solution pour spot-on chien moyen 10-25kg 4Pipettes/2,5ml;0.2;28.07;0.2;100;1
6782570;;4007221021001;ELANCO;Advantix;ADVANTIX Solution pour spot-on chien moyen 10-25kg 6Pipettes/2,5ml;0.2;36.21;0.2;100;1
6782618;;4007221016700;ELANCO;Advantix;ADVANTIX Solution pour spot-on grand chien 25-40kg 4Pipettes/4ml;0.2;33.54;0.2;100;1
6782624;;4007221020998;ELANCO;Advantix;ADVANTIX Solution pour spot-on grand chien 25-40kg 6Pipettes/4ml;0.2;43.24;0.2;100;1
6779846;;4007221016687;ELANCO;Advocate;ADVOCATE Solution pour spot-on petit chat moins de 4kg et furet 3Pip/0,4ml;0.2;22.88;0.2;100;1
6779869;;4007221016694;ELANCO;Advocate;ADVOCATE Solution pour spot-on grand chat >4-8kg 3Pip/0,8ml;0.2;23.2;0.2;100;1
6779881;;4007221016663;ELANCO;Advocate;ADVOCATE Solution pour spot-on petit chien moins de 4 kg 3Pip/0,4ml;0.2;24.39;0.2;100;1
6779906;;4007221016649;ELANCO;Advocate;ADVOCATE Solution pour spot-on chien moyen >4-10kg 3Pip/1ml;0.2;30.01;0.2;100;1
6779929;;4007221016656;ELANCO;Advocate;ADVOCATE Solution pour spot-on grand chien >10-25kg 3Pip/2,5ml;0.2;35.05;0.2;100;1
6779941;;4007221016670;ELANCO;Advocate;ADVOCATE Solution pour spot-on très grand chien >25-40kg 3Pip/4ml;0.2;45.38;0.2;100;1
;;4260354160386;ELANCO;Calmisto;CALMISTO DIFFUSEUR CHAT+RECHARGE 6ml;0.2;19.72;0.2;12;1
;;4260354160393;ELANCO;Calmisto;CALMISTO PHEROMONE APAISANTE CHAT MEMBRANE RECHARGE;0.2;30.76;0.2;1;1
;;4260354160409;ELANCO;Calmisto;CALMISTO phéromone anti stress Diffuseur chien B/1;0.2;19.72;0.2;1;1
;;4260354160416;ELANCO;Calmisto;CALMISTO phéromone anti stress Diffuseur recharge chien;0.2;30.76;0.2;1;1
;;4260354160423;ELANCO;Calmisto;CALMISTO PHEROMONE APAISANTE CHAT SPRAY DE 75ML;0.2;18.73;0.2;1;1
;;4260354160430;ELANCO;Calmisto;CALMISTO phéromone anti stress Spray chien Fl/75ml;0.2;18.73;0.2;12;1
6747415;;5420036915065;ELANCO;Capstar;CAPSTAR 11,4 mg Cpr chat Plq/6;0.2;16.99;0.2;570;1
6747421;;5420036940401;ELANCO;Capstar;CAPSTAR 11,4 mg Cpr petit chien Plq/6;0.2;16.99;0.2;570;1
8128870;;5420036914976;ELANCO;Capstar;CAPSTAR 57mg Cpr chien +11kg B/6;0.2;18.75;0.2;570;1
;;;ELANCO;Credelio;CREDELIO 12 mg Cpr à croquer chat 0,5-2kg B/3;0.2;22.9;0;1;1
;;;ELANCO;Credelio;CREDELIO 48 mg Cpr à croquer chat 2-8kg Bte/6;0.2;43.44;0;120;1
;;;ELANCO;Credelio;CREDELIO CHIEN 225mg Cpr croq 5,5-11kg B/3;0.2;22.98;0;18;1
;;5420036945352;ELANCO;Credelio;CREDELIO 56 mg Cpr à croquer chien 1,3-2,5kg 1Plq/3;0.2;18.77;0;1;1
;;5420036945475;ELANCO;Credelio;CREDELIO 225 mg Cpr à croquer chien >5,5-11kg 1Plq/3;0.2;22.98;0;18;1
6747579;;5420036982715;ELANCO;Credelio;CREDELIO 48 mg Cpr à croquer chat >2-8kg 1Plq/6;0.2;43.44;0;120;1
6747585;;5420036982692;ELANCO;Credelio;CREDELIO 12 mg Cpr à croquer chat 0,5-2kg 1Plq/3;0.2;22.9;0;1;1
6782699;;5420036922520;ELANCO;Fortekor;FORTEKOR 2,5 Cpr chat et chien 2Plq/14;0.2;19.64;0;180;1
2140739;;5420036927556;ELANCO;Milbemax;MILBEMAXTAB 16 mg/40 mg Cpr pell chat B/2;0.2;13.43;0.2;528;1
2140745;;5420036927891;ELANCO;Milbemax;MILBEMAXTAB 4 mg/10 mg Cpr pell chaton petit chat B/2;0.2;6.61;0.2;528;1
2140751;;5420036926382;ELANCO;Milbemax;MILBEMAXTAB 12,5 mg/125 mg Cpr chien Plq/2;0.2;14.29;0.2;528;1
2140768;;5420036926948;ELANCO;Milbemax;MILBEMAXTAB 2,5 mg/25 mg Cpr chiot petit chien Plq/2;0.2;4.76;0.2;528;1
6747042;;5420036939702;ELANCO;Milbemax;MILBEMAX CHEW 12,5 mg/125 mg Cpr à croquer chien Pl/2;0.2;15.42;0.2;528;1
6853608;;5420036960904;ELANCO;Octoprotect;OCTOPROTECT 1,25 g+0,56 g Collier médicamenteux chien jusqu'à 8 kg 38cm B/1;0.2;26.85;0.2;1;1
6853620;;5420036960928;ELANCO;Octoprotect;OCTOPROTECT 1,25 g+0,56 g Collier médicamenteux chat 38cm B/1;0.2;25.7;0.2;1;1
6853637;;5420036960911;ELANCO;Octoprotect;OCTOPROTECT 4,50 g+2,03 g Collier médicamenteux chien>8 kg 70cm B/1;0.2;31.11;0.2;1;1
2140969;;4007221035947;ELANCO;Seresto;SERESTO Collier médicamenteux chat B/1;0.2;33.19;0.2;36;1
2140975;;4007221035954;ELANCO;Seresto;SERESTO Collier médicamenteux petit chien B/1;0.2;34.71;0.2;36;1
2140981;;4007221035961;ELANCO;Seresto;SERESTO Collier médicamenteux grand chien B/1;0.2;40.19;0.2;36;1
;;;ELANCO;Surolan;SUROLAN Susp aur Fl/15ml;0.2;12.2;0.14;0;1
6823903;;5420036935971;ELANCO;Surolan;SUROLAN Susp p inst auriculaire Fl/15ml;0.2;12.2;0.14;0;1
;;5420036936268;ELANCO;Surosolve;SUROSOLVE S aur chien chat Fl/125ml;0.2;12.15;0;24;1
6423252;;5420036961239;ELANCO;Vetriderm;VETRIDERM 350ML;0.2;17.41;0.2;12;1
;;3770034034001;EVOM;Non renseigné;EVOM Booster antifatigue 60 gélules;0.055;29.1;0.28;1;1
;;3770034034018;EVOM;Non renseigné;EVOM Stress killer bonne humeur 20 sticks;0.055;29.1;0.28;1;1
6202259;3401562022597;;Eau Melisse Carmes;Boisson;EAU MELISSE CARMES Boisson Fl simple/5cl;0.2;5.86;0.1;12;1
6202265;3401562022658;;Eau Melisse Carmes;Boisson;EAU MELISSE CARMES Boisson Fl double/10cl;0.2;9.72;0.1;12;1
6202271;3401562022719;8012489541488;Eau Melisse Carmes;Boisson;EAU MELISSE CARMES Boisson Fl poche/4cl+2sucr;0.2;5.16;0.1;12;1
;;5015259009068;Efficare (Sea-band);Non renseigné;SEA-BAND Bracelet anti-nausées gris adulte B/2;0.2;9.57;0.18;12;1
;;5015259009075;Efficare (Sea-band);Non renseigné;SEA-BAND Bracelet anti-nausées noir adulte B/2;0.2;9.57;0.18;12;1
;;5015259009082;Efficare (Sea-band);Non renseigné;SEA-BAND Bracelet anti-nausées bleu enfant B/2;0.2;9.57;0.18;12;1
;;5015259009099;Efficare (Sea-band);Non renseigné;SEA-BAND Bracelet anti-nausées rose enfant B/2;0.2;9.57;0.18;12;1
;;3701172200096;Effik;Non renseigné;GELIOFIL PROTECT Gel vaginal avec canule 7T;0.2;15.79;0.1;32;1
;;3701172200140;Effik;Non renseigné;NATALBEN GROSSESSE ORO Pdr 28Sach;0.055;21.95;0.1;1;1
;;3701172200157;Effik;Non renseigné;NATALBEN MAMA Caps B/60;0.055;18.31;0.1;1;1
;;3701172200164;Effik;Non renseigné;NATALBEN GROSSESSE Caps B/90;0.055;30.84;0.1;46;1
;;3701172200171;Effik;Non renseigné;NATALBEN GROSSESSE Caps B/30;0.055;15.48;0.1;1;1
;;3701172200188;Effik;Non renseigné;NATALBEN PRECONCEPT Caps B/60;0.055;16.15;0.1;120;1
;3400930208380;;Effik;Non renseigné;CARIBAN 10 mg/10 mg Gél LM Plq/2x12;0.1;17.65;0.12;40;1
;3400930244128;;Effik;Non renseigné;CARIBAN 10mg/10mg Gél 4Plq/ PVC/PVDC/Alu/12;0.1;31.76;0.12;1;1
;3401060025052;;Effik;Non renseigné;POLYBACTUM Ov vaginal récid vaginose bact B/3;0.2;12.32;0.1;60;1
;3401060047139;;Effik;Non renseigné;POLYBACTUM Ov vaginal récid vaginose bact B/9;0.2;22.2;0.1;60;1
;3401060263942;;Effik;Non renseigné;AINARA Gel hydrat vaginal T/30g av applic;0.2;10.1;0.1;63;1
3589967;3400935899675;;Effik;Non renseigné;TRIAFEMI Cpr 3Plq/21;0.1;31.18;0.14;216;1
3690933;3400936909335;;Effik;Non renseigné;LOMEXIN 600 mg Caps molle vaginale Plq/2;0.021;9.47;0.14;0;1
3867633;3400938676334;;Effik;Non renseigné;LOMEXIN 2 % Cr T/30g;0.021;6.18;0.14;0;1
3972063;3400939720630;;Effik;Non renseigné;DESOBEL 150 µg/20 µg Cpr Plq/3x21 (63);0.1;12.41;0.14;0;1
3431278;3400934312786;;Elerte;Acticarbine;ACTICARBINE Cpr enr Fl/42;0.1;3.37;0.15;300;1
3431290;3400934312908;;Elerte;Acticarbine;ACTICARBINE Cpr enr Fl/84;0.1;4.65;0.15;200;1
;3400930194072;;Elerte;Coquelusedal;COQUELUSEDAL Suppos enfant plq/10 PVC/PE;0.1;3.31;0.15;200;1
3756046;3400937560467;;Elerte;Coquelusedal;COQUELUSEDAL Suppos nourrisson Plq/10;0.1;3.31;0.15;200;1
3839654;3400938396546;;Elerte;Coquelusedal;COQUELUSEDAL Suppos adultes Plq/2x5 (10);0.1;3.31;0.15;200;1
3063107;3400930631072;;Elerte;Fluisedal;FLUISEDAL Sirop Fl/125ml;0.1;3.59;0.15;60;1
3206096;3400932060962;;Elerte;Fluisedal;FLUISEDAL SANS PROMETHAZINE Sirop Fl/125ml;0.1;3.13;0.15;60;1
3277877;3400932778775;;Elerte;Fluisedal;FLUISEDAL Sirop Fl/250ml;0.1;4.66;0.15;30;1
3314779;3400933147792;;Elerte;Fluisedal;FLUISEDAL SANS PROMETHAZINE Sirop Fl/250ml;0.1;3.95;0.15;30;1
;;3770010885108;Elerte;Non renseigné;SIROPSEDAL S buv édulcoré au xylitol Fl/125ml;0.2;4.7;0.15;60;1
;;3770010885115;Elerte;Non renseigné;OROSEDAL Collutoire maux de gorge Spray/20ml;0.2;5.39;0.15;24;1
;;3770010885139;Elerte;Non renseigné;RHINOSEDAL Spray nasal Fl/20ml;0.2;4.96;0.15;24;1
;;3770010885054;Elerte;Taïdo;TAÏDO MENOACTIV Gél B/60;0.055;14.9;0.15;258;1
;;3770010885085;Elerte;Taïdo;TAIDO NAUSEA Gél B/60;0.055;10.9;0.15;258;1
;;3770010885153;Elerte;Taïdo;TAIDO FEMIFLOR Gél B/60;0.055;12.59;0.15;258;1
;;3770010885177;Elerte;Taïdo;TAIDO PREGNANCIA Caps molle B/60;0.055;15.97;0.15;1;1
6036054;;3664443170019;Elerte;Taïdo;TAIDO MENOA Gél B/60;0.055;14.9;0.15;32;1
6143485;3401561434858;;Elerte;Taïdo;TAÏDO Gel végét lubrif T/50g;0.2;8.6;0.15;55;1
;;3700171536922;Eloi Beauté;Non renseigné;CRYO-SPOONS - lot de 2 - EBCSP02ORR;0.2;50.76;0.7;1;1
;;6957138607295;Embecta (BD);Caresens;CARESENS Lancette stérile pour autopiqueur B/100;0.055;6.15;0.45;1;1
;;;Embecta (BD);Non renseigné;MICRO-FINE Seringue insuline 100 UI/ml Aig 8mmx30G B/100/0,3ml;0.055;25.85;0.25;1;1
;;0382900545011;Embecta (BD);Non renseigné;BD MICRO-FINE ULT Aig styl inj 5mmx31G B/7;0.2;3;0.15;20;1
;;0383017056230;Embecta (BD);Non renseigné;*MICRO-FINE PRO 320562 Aig st 4mmx32G B/100;0.055;13.77;0.25;1;1
;;0383017084134;Embecta (BD);Non renseigné;MICRO-FINE Seringue insuline 100 UI/ml Aig 12,7mmx29G B/100/1ml;0.055;25.85;0.25;5;1
;;0383017510732;Embecta (BD);Non renseigné;*MICRO-FINE ULTRA 325107 Aig inject 5mmx31G B/100;0.055;13.77;0.25;1;1
;;0383017510831;Embecta (BD);Non renseigné;*MICRO-FINE ULTRA 325108 Aig inject 8mmx31G B/100;0.055;13.77;0.25;1;1
;;0383017960537;Embecta (BD);Non renseigné;AUTOSHIELD DUO Aiguille pour stylo sécurisées 5mmx30G B/100;0.055;43;0.25;8;1
;3401078365232;0383017083939;Embecta (BD);Non renseigné;MICRO-FINE Seringue insuline 100 UI/ml Aig 8mmx30G B/100/0,3ml;0.055;25.85;0.25;1;1
2110448;3401021104482;0382903207923;Embecta (BD);Non renseigné;*BD MICRO-FINE 325108 ULT Aig styl 0,25x8 100;0.055;13.77;0.25;12;1
6626031;3401066260310;;Embecta (BD);Non renseigné;*BD MICRO-FINE 320207+ Aig styl 0,33x12,7 100;0.055;13.77;0.25;12;1
7864169;3401078641695;;Embecta (BD);Non renseigné;BD MICRO-FINE + Ser ins 100UI Aig 8mm 100/0,5;0.055;25.85;0.25;5;1
7864175;3401078641756;;Embecta (BD);Non renseigné;BD MICRO-FINE + Ser insu 100UI Aig 12,7 100/1;0.055;25.85;0.25;5;1
3330494;3400933304942;;Ethyx Pharmaceutical;Non renseigné;VEINAMITOL 3500mg/7ml S buv à diluer 10A/7ml;0.1;6.79;0.14;48;1
3364599;3400933645991;;Ethyx Pharmaceutical;Non renseigné;VEINAMITOL 3500 mg Pdr sol buv en sachet B/10;0.1;6.6;0.14;54;1
;;4005800210617;Eucerin - Elastoplast - Nobacter;Anti-Pigment;EUCERIN ANTI-PIGMENT Sérum duo Fl ppe/2x15ml;0.2;39.85;0.22;12;1
;;4005800213014;Eucerin - Elastoplast - Nobacter;Anti-Pigment;EUCERIN ANTI-PIGMENT Cr soin jour Fl ppe/50ml;0.2;27.45;0.22;12;1
;;4005800213052;Eucerin - Elastoplast - Nobacter;Anti-Pigment;EUCERIN ANTI-PIGMENT Cr soin nuit Fl ppe/50ml;0.2;27.45;0.22;12;1
;;4005800213113;Eucerin - Elastoplast - Nobacter;Anti-Pigment;EUCERIN ANTI-PIGMENT Cr correct taches T/5ml;0.2;17;0.22;12;1
6307417;;4005800303647;Eucerin - Elastoplast - Nobacter;Anti-Pigment;EUCERIN ANTI-PIGMENT ECLAT Sérum Fl/30ml;0.2;37.5;0.22;1;1
6307419;;4005800303678;Eucerin - Elastoplast - Nobacter;Anti-Pigment;EUCERIN ANTI-PIGMENT JOUR Cr soin medium 50ml;0.2;28.05;0.22;1;1
6320160;;4005800109096;Eucerin - Elastoplast - Nobacter;Anti-rougeurs;EUCERIN ANTIROUG Cr soin apais Fl air/50ml;0.2;17.05;0.22;12;1
6320177;;4005800109058;Eucerin - Elastoplast - Nobacter;Anti-rougeurs;EUCERIN ANTIROUG CORRECT SPF25 Cr Fl air/50ml;0.2;17.05;0.22;12;1
;;4005800220173;Eucerin - Elastoplast - Nobacter;Aquaphor;EUCERIN AQUAPHOR Bme répar cutanée 2T/10ml;0.2;7.3;0.22;24;1
;;4005800268748;Eucerin - Elastoplast - Nobacter;Aquaphor;EUCERIN AQUAPHOR Bme lèvres T/10ml;0.2;5.4;0.22;48;1
5166142;3401351661426;4005800019876;Eucerin - Elastoplast - Nobacter;Aquaphor;EUCERIN AQUAPHOR Bme répar cutanée T/40ml;0.2;8.65;0.22;12;1
6018869;;4005800167751;Eucerin - Elastoplast - Nobacter;Aquaphor;EUCERIN AQUAPHOR Bme répar cutanée T/198g;0.2;16.7;0.22;12;1
;;4005800280788;Eucerin - Elastoplast - Nobacter;Atopicontrol;EUCERIN ATOPICONTROL CORPS BAUME Bme T/200ml;0.2;15.4;0.22;12;1
;;4005900791047;Eucerin - Elastoplast - Nobacter;Atopicontrol;EUCERIN ATOPICONTROL CORPS BAUME Bme T/400ml;0.2;20.6;0.22;12;1
4137121;3401341371212;4005800078002;Eucerin - Elastoplast - Nobacter;Atopicontrol;ATOPICONTROL Cr calmante intensive T/40ml;0.2;9.1;0.22;12;1
4137138;3401341371380;4005800213861;Eucerin - Elastoplast - Nobacter;Atopicontrol;EUCERIN ATOPICONTROL Hle bain dche Fl/400ml;0.2;12.85;0.22;12;1
4137144;3401341371441;4005800350504;Eucerin - Elastoplast - Nobacter;Atopicontrol;ATOPICONTROL Cr vis calmante T/50ml;0.2;15;0.22;12;1
9960629;3401399606298;4005800024146;Eucerin - Elastoplast - Nobacter;Complete repair;EUCERIN COMPL REP 10% Urée Emollient 250ml;0.2;15.65;0.22;12;1
5170126;3401351701269;4005800036798;Eucerin - Elastoplast - Nobacter;Dermo capillaire;EUCERIN DERMO CAPILLAIRE Shamp calmant 250ml;0.2;10.15;0.22;12;1
;;4005800295003;Eucerin - Elastoplast - Nobacter;DermoPure;EUCERIN DERMOPURE Sérum triple action 40ml;0.2;14;0.22;12;1
;;4005800365423;Eucerin - Elastoplast - Nobacter;DermoPure;EUCERIN DERMOPURE CLINICAL HYDRA REPAIR Cr apaisante T/40ml;0.2;12.9;0.22;1;1
;;4005800365454;Eucerin - Elastoplast - Nobacter;DermoPure;EUCERIN DERMOPURE CLINICAL PEELING 10 Emuls soin de nuit rénovateur T/40ml;0.2;13.1;0.22;12;1
6077052;;4005800193026;Eucerin - Elastoplast - Nobacter;DermoPure;EUCERIN DERMOPURE K10 Emuls Fl pompe/40ml;0.2;13.1;0.22;12;1
6077080;;4005800192883;Eucerin - Elastoplast - Nobacter;DermoPure;EUCERIN DERMOPURE Gel nettoyant Fl/400ml;0.2;9.3;0.22;12;1
;;4005800150715;Eucerin - Elastoplast - Nobacter;Elastoplast;ELASTOPLAST PROTECT CORS Pans D22mm B/20;0.2;4.2;0.22;10;1
;;4005800187728;Eucerin - Elastoplast - Nobacter;Elastoplast;ELASTOPLAST KIDS DISNEY Pans r neiges 30x55mm ; 19x55mm B/20;0.2;5.75;0.22;10;1
;;4005800211393;Eucerin - Elastoplast - Nobacter;Elastoplast;ELASTOPLAST Spray pour les plaies Fl/50ml;0.2;4.5;0.22;10;1
;;4005800241161;Eucerin - Elastoplast - Nobacter;Elastoplast;ELASTOPLAST Pans pat patrouille 6 pans de 30x55mm et 14 pans de 19x55mm B;0.2;5.75;0.22;10;1
;;4005800258640;Eucerin - Elastoplast - Nobacter;Elastoplast;ELASTOPLAST Sol Alcool à 70° Fl/250ml;0.2;3.5;0.22;16;1
;;4005800258657;Eucerin - Elastoplast - Nobacter;Elastoplast;ELASTOPLAST Eau oxygénée Fl/250ml;0.2;3.15;0.22;16;1
;;4005800262579;Eucerin - Elastoplast - Nobacter;Elastoplast;ELASTOPLAST REDUCTEUR CICATRICES XL 30x146 mm B/21;0.2;41.85;0.22;5;1
;;4005800268090;Eucerin - Elastoplast - Nobacter;Elastoplast;ELASTOPLAST KIDS DISNEY Pans Marvel 6 pans de 30 x 55 mm et 14 pans de 19 x;0.2;5.75;0.22;10;1
;;4005800271601;Eucerin - Elastoplast - Nobacter;Elastoplast;ELASTOPLAST TISSU Pans découp 10x6cm;0.2;4.35;0.22;10;1
;;4005800271632;Eucerin - Elastoplast - Nobacter;Elastoplast;ELASTOPLAST UNIVERSEL TISSU Pans adhésif 2 tailles 30x72 mm ; 22x72 mm B/20;0.2;4.35;0.22;10;1
;;4005800271663;Eucerin - Elastoplast - Nobacter;Elastoplast;ELASTOPLAST Bde pans découp 10x6cm;0.2;4.35;0.22;10;1
;;4005800271694;Eucerin - Elastoplast - Nobacter;Elastoplast;ELASTOPLAST UNIV PLASTIQUE Pans adh 72x19 mm B/20;0.2;4.35;0.22;10;1
;;4005800271724;Eucerin - Elastoplast - Nobacter;Elastoplast;ELASTOPLAST Pans adh 19x72mm ; 30x72mm ; D23mm ; 50x72mm B/40;0.2;5.8;0.22;10;1
;;4005800271755;Eucerin - Elastoplast - Nobacter;Elastoplast;ELASTOPLAST SENSITIVE Pans à découper 10x6cm;0.2;5.65;0.22;10;1
;;4005800271786;Eucerin - Elastoplast - Nobacter;Elastoplast;ELASTOPLAST SENSITIVE Pans 2 formats 19x72mm ; 30x72mm B/20;0.2;5.65;0.22;10;1
;;4005800271816;Eucerin - Elastoplast - Nobacter;Elastoplast;ELASTOPLAST WATERPROOF Pans 6x10cm B/8;0.2;5.75;0.22;10;1
;;4005800281280;Eucerin - Elastoplast - Nobacter;Elastoplast;ELASTOPLAST EXTRA RESIST WATERPROOF Pans 76x26mm B/20;0.2;5.75;0.22;10;1
;;4005800286032;Eucerin - Elastoplast - Nobacter;Elastoplast;ELASTOPLAST MED Sparadrap classic 2,5cmx5m;0.2;3.5;0.22;10;1
;;4005800289163;Eucerin - Elastoplast - Nobacter;Elastoplast;ELASTOPLAST Bde RIG adhésive 2,5x10m 1;0.2;4.35;0.22;4;1
;;4005800289170;Eucerin - Elastoplast - Nobacter;Elastoplast;ELASTOPLAST RIG S Bde adh 3.8cm x 10m;0.2;7.65;0.22;4;1
;;4005800292194;Eucerin - Elastoplast - Nobacter;Elastoplast;ELASTOPLAST RIGID STRAP BLC 3,8cm x 10m;0.2;6.75;0.22;1;1
;;4005800296079;Eucerin - Elastoplast - Nobacter;Elastoplast;ELASTOPLAST WATERPROOF Pans 10x8cm B/5;0.2;3.5;0.22;10;1
;;4005800296086;Eucerin - Elastoplast - Nobacter;Elastoplast;ELASTOPLAST SENSIBLE Pans 10x8cm B/5;0.2;3.35;0.22;10;1
;;4005800324857;Eucerin - Elastoplast - Nobacter;Elastoplast;ELASTOPLAST MED SENSIBLE XL Pans enfant 6x7cm B/5;0.2;4.9;0.22;1;1
;;4005800330513;Eucerin - Elastoplast - Nobacter;Elastoplast;ELASTOPLAST SECOND SKIN Pans hydrocolloïde 3,6 x 7,3 cm B/6;0.2;6.1;0.22;10;1
;;4005800330520;Eucerin - Elastoplast - Nobacter;Elastoplast;ELASTOPLAST SECOND SKIN Pans hydrocolloïde XL 6 x 7 cm B/3;0.2;6.1;0.22;1;1
;;4005800344664;Eucerin - Elastoplast - Nobacter;Elastoplast;ELASTOPLAST Pans hydrocolloïde ampoule mix 58x20mm ; 58x34mm B/5;0.2;6.35;0.22;10;1
;;4005900833792;Eucerin - Elastoplast - Nobacter;Elastoplast;ELASTOPLAST SPECIAL MAINS Pans 5 tailles B/20;0.2;5.1;0.22;10;1
;;4005900914170;Eucerin - Elastoplast - Nobacter;Elastoplast;ELASTOPLAST Bde cohésive chair 7cmx3m;0.2;6.1;0.22;6;1
;;4005900914231;Eucerin - Elastoplast - Nobacter;Elastoplast;ELASTOPLAST Bde cohésive blanc 7cmx3m;0.2;6.1;0.22;6;1
;;4005900923042;Eucerin - Elastoplast - Nobacter;Elastoplast;ELASTOPLAST TISSU Pans découp 10x8cm;0.2;4.65;0.22;10;1
;;4005900923073;Eucerin - Elastoplast - Nobacter;Elastoplast;ELASTOPLAST Pans adh 4 tailles 72x50mm, 72x30mm, 72x19mm, 23mm D B/100;0.2;8.65;0.22;10;1
;;4005900994707;Eucerin - Elastoplast - Nobacter;Elastoplast;ELASTOPLAST Pans waterproof 65 x 25 mm B/40;0.2;6.85;0.22;10;1
;;4005900994714;Eucerin - Elastoplast - Nobacter;Elastoplast;ELASTOPLAST TISSU Pans adh XL 72 x 50 mm B/10;0.2;4.5;0.22;10;1
;;4005900994721;Eucerin - Elastoplast - Nobacter;Elastoplast;ELASTOPLAST Pans fléxible doigt 120x19mm B/16;0.2;4.8;0.22;10;1
;;4006000036915;Eucerin - Elastoplast - Nobacter;Elastoplast;ELASTO WATPXL CIC RAPPans B/8;0.2;8.15;0.22;10;1
;;4006000060484;Eucerin - Elastoplast - Nobacter;Elastoplast;ELASTOPLAST MED SENSIBLE XL Pans 6x7cm B/5;0.2;2.15;0.22;10;1
;;4006000107523;Eucerin - Elastoplast - Nobacter;Elastoplast;ELASTOPLAST KIDS DISNEY Pans Ariel 39x39mm ; 65x39mm B/20;0.2;5.7;0.22;10;1
;;4006000192963;Eucerin - Elastoplast - Nobacter;Elastoplast;ELASTOPLAST Pans liquide Spray/40ml;0.2;11.63;0.22;1;1
;;4006000193458;Eucerin - Elastoplast - Nobacter;Elastoplast;ELASTOPLAST Pans liquide Fl/10ml;0.2;12.75;0.22;10;1
;;4006000235578;Eucerin - Elastoplast - Nobacter;Elastoplast;ELASTOPLAST SECOND SKIN PROTECTION Pans hydrocolloïde doigt;0.2;7.95;0.22;10;1
4390481;;4006000143569;Eucerin - Elastoplast - Nobacter;Elastoplast;ELASTOPLAST Pans cors 6,8x 1,9 cm étui/8;0.2;5.9;0.22;10;1
4485810;;4005800055867;Eucerin - Elastoplast - Nobacter;Elastoplast;ELASTOPLAST Pans adh réduct cicat transp 6.8cm X 3.8cm B/21;0.2;32.8;0.22;10;1
4555203;;4005800019234;Eucerin - Elastoplast - Nobacter;Elastoplast;ELASTOPLAST Bde adh élast 3cmx2,5m;0.2;4.5;0.22;24;1
4555226;;4005800019302;Eucerin - Elastoplast - Nobacter;Elastoplast;ELASTOPLAST Bde adh élast 6cmx2,5m;0.2;6.55;0.22;18;1
4555232;;4005800019371;Eucerin - Elastoplast - Nobacter;Elastoplast;ELASTOPLAST Bde adh élast 8cmx2,5m;0.2;7.6;0.22;12;1
4555249;;4005800019432;Eucerin - Elastoplast - Nobacter;Elastoplast;ELASTOPLAST Bde adh élast 10cmx2,5m;0.2;9.35;0.22;9;1
6562845;3401565628451;4005800092534;Eucerin - Elastoplast - Nobacter;Elastoplast;ELASTOPLAST AQUAP 8 pans de 39x39 mm et 12 pans de 25x65 mm B/20;0.2;5.3;0.22;10;1
;;4005800294747;Eucerin - Elastoplast - Nobacter;Hyaluron-filler;EUCERIN HYALURON-FILLER +3x EFFECT Cr jour px sèche P;0.2;30.1;0.22;12;1
;;4005800294778;Eucerin - Elastoplast - Nobacter;Hyaluron-filler;EUCERIN HYALURON-FILLER +3x EFFECT Cr jour nor/mxt 50;0.2;30.1;0.22;12;1
;;4005800294808;Eucerin - Elastoplast - Nobacter;Hyaluron-filler;EUCERIN HYALURON-FILLER +3x EFFECT Soin Nuit P/50ml;0.2;30.1;0.22;12;1
;;4005800294945;Eucerin - Elastoplast - Nobacter;Hyaluron-filler;EUCERIN HYALURON-FILLER +3x EFFECT Cr jour tt px P/50;0.2;30.95;0.22;12;1
;;4005800313547;Eucerin - Elastoplast - Nobacter;Hyaluron-filler;EUCERIN HYALUR THIAMIDOL SPF15 Emul jour 50ml;0.2;35.9;0.22;12;1
;;4005800313578;Eucerin - Elastoplast - Nobacter;Hyaluron-filler;EUCERIN HYALUR THIALMIDOL Emul nuit P/50ml;0.2;35.9;0.22;1;1
;;4005800313639;Eucerin - Elastoplast - Nobacter;Hyaluron-filler;EUCERIN HYALUR THIAMIDOL SPF30 Emul jour 50ml;0.2;36.65;0.22;12;1
;;4005800342844;Eucerin - Elastoplast - Nobacter;Hyaluron-filler;EUCERIN HYALURON-FILLER Sérum épigénétique Fl pompe/30ml;0.2;40.9;0.22;1;1
6022137;;4005900354631;Eucerin - Elastoplast - Nobacter;Hyaluron-filler;EUCERIN HYALURON-FILLER RICHE Emul nuit 50ml;0.2;28.35;0.22;1;1
6022138;;4005900354594;Eucerin - Elastoplast - Nobacter;Hyaluron-filler;EUCERIN HYALURON-FILLER RICHE Emul jour 50ml;0.2;28.35;0.22;12;1
;;0000042438724;Eucerin - Elastoplast - Nobacter;Labello;LABELLO ORIGINAL Stick à lèvres 4,8g;0.2;3.1;0.22;12;1
;;0000042438731;Eucerin - Elastoplast - Nobacter;Labello;LABELLO ORIGINAL Stick à lèvres 2/4,8g;0.2;4.6;0.22;12;1
;;0000042438786;Eucerin - Elastoplast - Nobacter;Labello;LABELLO HYDRO CARE Stick à lèvres 4,8g;0.2;3.6;0.22;12;1
;;0000042438908;Eucerin - Elastoplast - Nobacter;Labello;LABELLO Protect + Duo stick 2*4,8 g;0.2;5.1;0.22;12;1
7385606;;4005900644084;Eucerin - Elastoplast - Nobacter;Nobacter;NOBACTER Gel ras Psens Aér/150ml;0.2;9.1;0.22;12;1
7385612;3401373856121;4005900644107;Eucerin - Elastoplast - Nobacter;Nobacter;NOBACTER Sav Psens E/100g;0.2;4.65;0.22;24;3
7885598;;4005900644077;Eucerin - Elastoplast - Nobacter;Nobacter;NOBACTER Msse ras Psens Aér/150ml;0.2;8.3;0.22;24;3
;;4005800220203;Eucerin - Elastoplast - Nobacter;Non renseigné;EUCERIN UREE 30% Cr T/75ml;0.2;11.9;0.22;24;1
;;4005800302824;Eucerin - Elastoplast - Nobacter;Non renseigné;EUCERIN P SENS Bme soin actif lèv St/4,8g;0.2;5.1;0.24;12;1
7593902;3401375939020;4006000061221;Eucerin - Elastoplast - Nobacter;Non renseigné;ATRIX Cr protect répar main T/100ml;0.2;4.55;0.22;12;1
9796727;3401397967278;4005800631191;Eucerin - Elastoplast - Nobacter;Non renseigné;EUCERIN P SENS pH5 Hle dche Fl ppe/1l;0.2;20.7;0.22;3;1
;;4005800355318;Eucerin - Elastoplast - Nobacter;PH5;EUCERIN pH5 Gel huile de douche Fl pompe/1l;0.2;12.75;0.22;3;1
;;4005800631221;Eucerin - Elastoplast - Nobacter;PH5;EUCERIN P SENS pH5 Hle dche Fl ppe/400ml;0.2;15.55;0.22;12;1
;;4005800238963;Eucerin - Elastoplast - Nobacter;Sun protection;EUCERIN SUN SENS PIGM CTR SPF50+ Cr vis 50ml;0.2;18.7;0.22;12;1
;;4005800320712;Eucerin - Elastoplast - Nobacter;Sun protection;EUCERIN SUN HYDRO PROTECT SPF50 Flde lég 50ml;0.2;17.4;0.22;1;1
;;4005800340703;Eucerin - Elastoplast - Nobacter;Sun protection;EUCERIN SUN SENS KIDS SPF50+ Gel cr sec 200ml;0.2;22.95;0.22;12;1
;;4005800357404;Eucerin - Elastoplast - Nobacter;Sun protection;EUCERIN SUN HYDRO PROTECT SPF 50+ Fluide ultra léger teinté Fl pompe/50ml;0.2;20.5;0.22;12;1
;;4005800361180;Eucerin - Elastoplast - Nobacter;Sun protection;EUCERIN SUN OIL CONTROL SPF50+ Gel crème toucher sec teinté Fl pompe/50ml;0.2;20.75;0.22;12;1
2944633;;4005800119361;Eucerin - Elastoplast - Nobacter;Sun protection;EUCERIN SUN TOUCHER SEC 50+ Gel cr vis 50ml;0.2;18.7;0.22;12;1
2949731;;4005800126253;Eucerin - Elastoplast - Nobacter;Sun protection;EUCERIN SUN TOUCHER SEC 50 Brume Aér/200ml;0.2;21.9;0.22;12;1
4200428;3401342004287;4005800065545;Eucerin - Elastoplast - Nobacter;Sun protection;EUCERIN SUN 50+ Cr PN/PS T/50ml;0.2;17.3;0.22;12;1
6004762;;4005800147388;Eucerin - Elastoplast - Nobacter;Sun protection;EUCERIN SUN FLUID ANTI-AGE 50 Cr vis Fl/50ml;0.2;20.65;0.22;12;1
6233561;;4005800376078;Eucerin - Elastoplast - Nobacter;Sun protection;EUCERIN SUN SENS SPF50+ Gel cr corps Fl/200ml;0.2;22.85;0.22;12;1
6264986;;4005800282317;Eucerin - Elastoplast - Nobacter;Sun protection;EUCERIN SUN SENS RELIEF AP SOL Cr gel T/200ml;0.2;16.45;0.22;12;1
6304478;;4005800300783;Eucerin - Elastoplast - Nobacter;Sun protection;EUCERIN SUN PIGMENT CONT SPF50+ Gel cr 50ml;0.2;19.25;0.22;12;1
9460571;3401394605715;4005800027932;Eucerin - Elastoplast - Nobacter;Sun protection;EUCERIN SUN 50+ Spray kids Fl/200ml;0.2;24;0.22;12;1
9487245;3401394872452;4005800030772;Eucerin - Elastoplast - Nobacter;Sun protection;EUCERIN SUN LEB 50 Gel cr T/150ml;0.2;21.05;0.22;24;1
9848795;3401598487957;4005800005558;Eucerin - Elastoplast - Nobacter;Sun protection;EUCERIN SUN 50 Flde transp Spr/200ml;0.2;23.05;0.22;12;1
6013050;;4005800109133;Eucerin - Elastoplast - Nobacter;Ultrasensible;EUCERIN ULTRASENSIBLE Cr soin apais PS 50ml;0.2;16.4;0.22;12;1
;;4005800346880;Eucerin - Elastoplast - Nobacter;UreaRepair;EUCERIN UREAREPAIR PLUS Gel lavant 5% Urée Fl pompe/400ml;0.2;12.1;0.22;12;1
;;4005800288296;Eucerin - Elastoplast - Nobacter;Urée;EUCERIN UREE PIEDS 10% Mousse Aéros/150ml;0.2;12.2;0.22;12;1
6302048;;4005900924599;Eucerin - Elastoplast - Nobacter;Urée;EUCERIN UREE CORPS 5% Emollient parf 400ml;0.2;17.35;0.22;12;1
7739926;3401377399266;4005800350443;Eucerin - Elastoplast - Nobacter;Urée;EUCERIN UREE 5% Cr vis T/50ml;0.2;14.7;0.22;12;1
7902415;3401379024159;4005800034329;Eucerin - Elastoplast - Nobacter;Urée;EUCERIN UREE 5% Cr mains T/75ml;0.2;8.2;0.22;12;1
7902421;3401379024210;4005800034428;Eucerin - Elastoplast - Nobacter;Urée;EUCERIN UREE 10% Cr pieds T/100ml;0.2;10.85;0.22;12;1
6077055;;4005900467294;Eucerin - Elastoplast - Nobacter;Volume-filler;EUCERIN HYALURON-FILLER+ VOLUME LIFT Emul PN/Mx 50ml;0.2;30.65;0.22;1;1
6077056;;4005900467416;Eucerin - Elastoplast - Nobacter;Volume-filler;EUCERIN HYALURON-FILLER+ VOLUME LIFT Emul PS 50ml;0.2;30.65;0.22;12;1
6077058;;4005900467379;Eucerin - Elastoplast - Nobacter;Volume-filler;EUCERIN HYALURON-FILLER+ VOLUME LIFT Emul yeux 15ml;0.2;23.6;0.22;1;1
;;3770028156016;Euromedis;Bonbons Rebelle;Bonbons Rebelle mango power sans sucre Sach/50g;0.055;2.37;0.35;25;1
;;3770028156344;Euromedis;Bonbons Rebelle;BONBONS REBELLE COCA-COLA SS SUCRE;0.2;2.37;0.35;12;1
;;3770028156351;Euromedis;Bonbons Rebelle;Bonbons Rebelle crazy bubble sans sucre Sach/50g;0.055;2.37;0.35;12;1
;;3770028156368;Euromedis;Bonbons Rebelle;BONBONS REBELLE OURSONS ACIDULE SS SUCRE;0.2;2.37;0.35;12;1
;;3770028156375;Euromedis;Bonbons Rebelle;Bonbons Rebelle oursons sans sucre Sach/50g;0.2;2.37;0.35;12;1
;;3770028156382;Euromedis;Bonbons Rebelle;BONBONS REBELLE COEURS PECHES;0.2;2.37;0.35;12;1
;;3389360012906;Euromedis;Gants de toilette;Gants de toilette Euromedis Molletonné blanc (15x23) / 50;0.2;2.16;0.58;15;1
;;3389360006042;Euromedis;Gants latex;Gant d'examen en latex EUROTEX sans poudre 240mm T 8/9 LARGE Bte/100;0.2;10.67;0.65;10;1
;;3389360006059;Euromedis;Gants latex;Gant d'examen en latex EUROTEX sans poudre 240mm T 7/8 MEDIUM Bte/100;0.2;10.67;0.65;10;1
;;3389360006066;Euromedis;Gants latex;Gant d'examen en latex EUROTEX sans poudre 240mm T 6/7 SMALL Bte/100;0.2;10.67;0.65;10;1
;;3389360011329;Euromedis;Gants nitrile;Gant d'examen nitrile BLEU SENSISKIN ss poudre 240mm T 6/7 SMALL Bte/100;0.2;7.5;0.65;10;1
;;3389360011336;Euromedis;Gants nitrile;Gant d'examen nitrile BLEU SENSISKIN ss poudre 240mm T 7/8 MÉDIUM Bte/100;0.2;7.5;0.65;10;1
;;3389360011343;Euromedis;Gants nitrile;Gant d'examen nitrile BLEU SENSISKIN ss poudre 240mm T 8/9 LARGE Bte/100;0.2;7.5;0.65;10;1
;;3389360009197;Euromedis;Gants vinyle;Gant d'examen vinyle EURONYL sans poudre 240mm T 6/7 SMALL Bte/100;0.2;5.07;0.65;10;1
;;3389360009203;Euromedis;Gants vinyle;Gant d'examen vinyle EURONYL sans poudre 240mm T 7/8 MÉDIUM Bte/100;0.2;5.07;0.65;10;1
;;3389360009210;Euromedis;Gants vinyle;Gant d'examen vinyle EURONYL sans poudre 240mm T 8/9 LARGE Bte/100;0.2;5.07;0.65;10;1
;3400930192757;;Exeltis Santé;Non renseigné;SLINDA 4 mg Cpr pell 3Plq/28;0.1;29.88;0.14;297;1
;3400930238202;;Exeltis Santé;Non renseigné;XONVEA 10 mg/10 mg Cpr gastro-rés Plq/20;0.1;17.47;0.16;1;1
;3400930238226;;Exeltis Santé;Non renseigné;XONVEA 10 mg/10 mg Cpr gastro-rés Plq/40;0.1;31.33;0.16;48;1
;3400930257296;;Exeltis Santé;Non renseigné;TRINARA Cp 3Plq/21 7blanc+7bleu clair+7bleu;0.1;24.1;0.12;1;1
;3400930273494;;Exeltis Santé;Non renseigné;XONVEA 20 mg/20 mg Cpr LM Plq/20;0.1;30.5;0.14;48;1
;3400930276693;;Exeltis Santé;Non renseigné;TRINARA CONTINU Cpr pell 3Plq/28;0.1;24.1;0.12;1;1
;;3760077790675;Exopharm;Non renseigné;EXOPHARM Goji Premium conventionnel 500g;0.055;11.8;0.25;24;1
;;3760077790873;Exopharm;Non renseigné;EXO'PROTECT 1200mg epp. bio* 50ml;0.055;7.8;0.25;0;1
;;3760077790934;Exopharm;Non renseigné;EXOPHARM Psyllium tégument blond bio* 250g;0.055;7.4;0.25;36;1
;;3760077791344;Exopharm;Non renseigné;Ashwagandha 100 % pure poudre de racine bio 250 g;0.055;8.4;0.25;1;1
;;3760077791351;Exopharm;Non renseigné;Curcuma 100 % pure poudre de racine bio 250 g;0.055;4.35;0.25;1;1
;;3760077791443;Exopharm;Non renseigné;EXOPHARM MATCHA 100% BIO SACH /200G;0.055;11.8;0.25;1;1
;;3760077791498;Exopharm;Non renseigné;Spiruline pure poudre riche en phycocyanines 250 g;0.055;11.8;0.25;1;1
4814171;3401548141717;3760077790514;Exopharm;Non renseigné;DEO'EXO Déod Cristal d'alun K Stick/120g;0.2;3.9;0.25;12;1
4846751;3401548467510;3760077790521;Exopharm;Non renseigné;DEO'EXO Déod Cristal d'alun K Stick/60g;0.2;2.8;0.25;12;1
;;3504105038700;Expanscience-Mustela;Change;MUSTELA BB ENF Ling nettoy compost parf 60;0.2;5.15;0.22;24;1
;;3504105041595;Expanscience-Mustela;Change;MUSTELA BB ENF Ling nettoy compost ss parf 60;0.2;5.15;0.22;24;1
4129630;;3504105025793;Expanscience-Mustela;Change;MUSTELA BB Cr change 1>2>3 T/50ml;0.2;5.69;0.22;48;1
4129653;;3504105025854;Expanscience-Mustela;Change;MUSTELA BB Cr change 1>2>3 T/100ml;0.2;8.32;0.22;36;1
5441890;3401354418904;3504105033071;Expanscience-Mustela;Change;MUSTELA BB Liniment dermo-protecteur Fl/400ml;0.2;9.93;0.22;12;1
6112403;;3504105033552;Expanscience-Mustela;Change;MUSTELA BB Liniment Fl pompe/750ml;0.2;11.66;0.18;12;1
;;8684771349968;Expanscience-Mustela;Hyalexo;HYALEXO CROSS Sol intra-articulaire 3% 1Ser préremplie/3ml;0.2;140;0.22;1;1
;;8684771349999;Expanscience-Mustela;Hyalexo;HYALEXO MONO Sol intra-articulaire 2,5 % 1Ser préremplie/3ml;0.2;84;0.22;1;1
6225879;;8806103500308;Expanscience-Mustela;Hyalexo;HYALEXO TRI S inj 1Ser préremplie/2ml;0.2;21.5;0.22;1;1
;;3504105035754;Expanscience-Mustela;Mustela Bio;MUSTELA BB ENF Gel lav dx avocat bio 500ml;0.2;11.97;0.22;24;1
;;3504105035853;Expanscience-Mustela;Mustela Bio;MUSTELA BB ENF Hle mass avocat bio Spr/100ml;0.2;12.39;0.22;24;1
;;3504105036409;Expanscience-Mustela;Mustela Bio;MUSTELA BB ENF Gel Arnica Calendula bio 100ml;0.2;10.19;0.22;24;1
;;3504105037963;Expanscience-Mustela;Mustela Bio;MUSTELA BB ENF Eau micell bio vis corp 400ml;0.2;10;0.22;24;1
;;3504105037987;Expanscience-Mustela;Mustela Bio;MUSTELA BB Cr change bio T/75ml;0.2;7.3;0.22;1;1
6220425;;3504105034351;Expanscience-Mustela;Mustela Bio;MUSTELA BB ENF Gel lav bio Fl ppe/400ml;0.2;10;0.22;24;1
6220426;;3504105034344;Expanscience-Mustela;Mustela Bio;MUSTELA BB Cr hydratante bio T/150ml;0.2;11.73;0.22;1;1
;;3504105034412;Expanscience-Mustela;Mustela Soin;MUSTELA BB ENF Cr soin croûte lait T/40ml;0.2;12.87;0.22;48;1
;;3504105036126;Expanscience-Mustela;Mustela Soin;MUSTELA BB ENF Shamp dx avocat Fl/200ml;0.2;6.8;0.18;24;1
;;3504105036133;Expanscience-Mustela;Mustela Soin;MUSTELA BB ENF Shamp dx avocat Fl/500ml;0.2;13.32;0.22;24;1
;;3504105037765;Expanscience-Mustela;Mustela Soin;MUSTELA Soin Anti-moustiques Fl ppe/100ml;0.2;9.46;0.22;24;1
;;3504105039813;Expanscience-Mustela;Mustela Soin;MUSTELA Shampooing douche solide B/75g;0.2;7.56;0.18;1;1
;;3504105043452;Expanscience-Mustela;Mustela Soin;MUSTELA BB ENF Shampoing nourrissant et démêlant 200ml;0.2;8.87;0.18;1;1
;;3504105044282;Expanscience-Mustela;Mustela Soin;MUSTELA Après shampoing nourrissant et démêlant T/200ml;0.2;10.56;0.18;1;1
;;3504105044558;Expanscience-Mustela;Mustela Soin;MUSTELA BEBE Trousse vanity les indispensables de bébé;0.2;30.96;0.18;4;1
;;3504105044602;Expanscience-Mustela;Mustela Soin;MUSTELA BB ENF Lait nourriss cold cr PS 200ml;0.2;10.8;0.18;1;1
;;3504105044855;Expanscience-Mustela;Mustela Soin;MUSTELA BB ENF Bme Universel Bio T/75ml;0.2;12.38;0.22;1;1
;;3504105045388;Expanscience-Mustela;Mustela Soin;MUSTELA BB ENF Lait de toilette ss rinçage Fl/200ml;0.2;6.28;0.18;24;1
;;3504105045418;Expanscience-Mustela;Mustela Soin;MUSTELA BEBE ENFANT Lait de toilette avocat bio 750ml;0.2;9.79;0.18;1;1
;;3504105033842;Expanscience-Mustela;Mustela Soins Vergetures & Maternité;MUSTELA MATERNITE Cr vergetures T/150ml;0.2;20.81;0.22;36;1
;;3504105033873;Expanscience-Mustela;Mustela Soins Vergetures & Maternité;MUSTELA MATERNITE Hle verget bio Fl/105ml;0.2;20;0.22;48;1
;;3504105033897;Expanscience-Mustela;Mustela Soins Vergetures & Maternité;MUSTELA MATERNITE Cr verget ss parf T/150ml;0.2;20.81;0.22;36;1
;;3504105035402;Expanscience-Mustela;Non renseigné;MUSTELA BB ENF Bain msse éveil Avocat 750ml;0.2;15.15;0.18;12;1
;;3504105035815;Expanscience-Mustela;Non renseigné;MUSTELA BB ENF Eau nettoy ss rinç avoc 300ml;0.2;5.88;0.18;24;1
;;3504105035822;Expanscience-Mustela;Non renseigné;MUSTELA BB ENF Eau nettoy ss rinç avoc 500ml;0.2;12.07;0.22;24;1
;;3504105035952;Expanscience-Mustela;Non renseigné;MUSTELA BB ENF Cr hydra bb vis avocat b 40ml;0.2;8.88;0.22;48;1
;;3504105036027;Expanscience-Mustela;Non renseigné;MUSTELA BB ENF Eau rafraîch coiff Spr/200ml;0.2;8.8;0.22;24;1
;;3504105036034;Expanscience-Mustela;Non renseigné;MUSTELA BB ENF Gel 2en1 nettoy avocat b 200ml;0.2;6.45;0.18;30;1
;;3504105036089;Expanscience-Mustela;Non renseigné;MUSTELA BB ENF Gel lav cire abeille 300ml;0.2;10.19;0.18;24;1
;;3504105045432;Expanscience-Mustela;Non renseigné;MUSTELA MUSTI Eau de senteur Vapo/50ml;0.2;16.31;0.22;1;1
6087671;;3504105031572;Expanscience-Mustela;Non renseigné;MUSTELA STELATOPIA Cr émoll vis T/40ml;0.2;9.67;0.18;1;1
6170531;;3504105033347;Expanscience-Mustela;Non renseigné;MUSTELA CICASTELA Cr réparatrice T/40ml;0.2;10.41;0.22;1;1
6170892;;3504105034290;Expanscience-Mustela;Non renseigné;MUSTELA BB ENF Hle lavante Fl ppe/500ml;0.2;9;0.18;24;1
6249650;;3504105045616;Expanscience-Mustela;Non renseigné;MUSTELA BB ENF Stick cold cr cire abeill 9,2g;0.2;7.23;0.18;24;1
6249652;;3504105036102;Expanscience-Mustela;Non renseigné;MUSTELA BB ENF Sav surgras cire abeille 100g;0.2;4.94;0.18;24;1
7575198;3401375751981;3504105034399;Expanscience-Mustela;Non renseigné;MUSTELA BB Shamp mousse Nour Diff/150ml;0.2;8.19;0.18;24;1
;;3504105037598;Expanscience-Mustela;Peaux atopiques;MUSTELA STELATOPIA INTENSE Cr T/30ml;0.2;13.17;0.22;1;1
;;3504105039844;Expanscience-Mustela;Peaux atopiques;MUSTELA STELATOPIA + Cr relip anti-grat 150ml;0.2;15.05;0.22;1;1
6170891;;3504105034306;Expanscience-Mustela;Peaux atopiques;MUSTELA STELATOPIA Hle lavante Fl ppe/500ml;0.2;12.23;0.22;24;1
;;3504105035921;Expanscience-Mustela;Peaux sèches;MUSTELA BB ENF Lait hydra bb corp avoc 500ml;0.2;25.15;0.22;24;1
;;3504105038724;Expanscience-Mustela;Peaux sèches;MUSTELA BB ENF Gel lav bio Eco rech/400ml;0.2;9.03;0.22;12;1
;;3504105044619;Expanscience-Mustela;Peaux sèches;MUSTELA CREME NOURRISSANTE COLD VISAGE;0.2;8.79;0.18;48;1
;;3504105045401;Expanscience-Mustela;Peaux sèches;MUSTELA BB ENF Lait toil avocat bio 500ml;0.2;10.35;0.22;24;1
;3400930072936;;Expanscience-Mustela;Piascledine;PIASCLEDINE 300 mg Gél Plq/90;0.1;58.24;0.22;36;1
3007292;3400930072929;;Expanscience-Mustela;Piascledine;PIASCLEDINE 300 mg Gél Plq/60;0.1;42.54;0.22;48;1
3594135;3400935941350;;Expanscience-Mustela;Piascledine;PIASCLEDINE 300 mg Gél Plq/30;0.1;22.54;0.22;108;1
;;3504105036751;Expanscience-Mustela;Solaires Mustela;MUSTELA SOLAIRE SPF50+ Spray sol famill 200ml;0.2;19.79;0.22;24;1
;;3504105036768;Expanscience-Mustela;Solaires Mustela;MUSTELA SOLAIRE SPF50+ Lait sol famille 40ml;0.2;12.25;0.22;48;1
;;3504105036775;Expanscience-Mustela;Solaires Mustela;MUSTELA SOLAIRE SPF50+ Lait sol famille 100ml;0.2;15.99;0.22;36;1
;;3504105037772;Expanscience-Mustela;Solaires Mustela;MUSTELA SOLAIRE SPF50 Stick solaire 9ml;0.2;9.93;0.22;24;1
;;3700211141871;FLEURANCE NATURE;Crèmes main;FLEURANCE NATURE Cr mains rose bio T/30ml;0.2;3.25;0.25;1;3
;;3700211141895;FLEURANCE NATURE;Crèmes main;FLEURANCE NATURE Cr mains amand dc bio T/30ml;0.2;3.25;0.25;1;3
;;3700211141901;FLEURANCE NATURE;Crèmes main;FLEURANCE NATURE Cr mains verveine tropical bio T/30ml;0.2;3.25;0.25;1;3
;;3700211141949;FLEURANCE NATURE;Crèmes main;FLEURANCE NATURE Cr mains jasmin bio T/30ml;0.2;3.25;0.25;1;3
;;3700211141956;FLEURANCE NATURE;Crèmes main;FLEURANCE NATURE Cr mains fl ceris bio T/30ml;0.2;3.25;0.25;1;3
;;3700211141963;FLEURANCE NATURE;Crèmes main;FLEURANCE NATURE Cr mains mandarin bio T/30ml;0.2;3.25;0.25;1;3
;;3700211142151;FLEURANCE NATURE;Crèmes main;FLEURANCE NATURE Cr mains fl tiaré bio T/30ml;0.2;3.25;0.25;1;3
;;3700211142168;FLEURANCE NATURE;Crèmes main;FLEURANCE NATURE Cr mains pivoine bio T/30ml;0.2;3.25;0.25;1;3
;;3700211142175;FLEURANCE NATURE;Crèmes main;FLEURANCE NATURE Cr mains vanille bio T/30ml;0.2;3.25;0.25;1;3
;;3700211105644;FLEURANCE NATURE;Non renseigné;FLEURANCE NATURE Sac ruban vert - diffusion huiles essentielles;0.2;12.8;0.25;1;1
;;3700211111102;FLEURANCE NATURE;Non renseigné;FLEURANCE NATURE Mincifine draineur;0.055;7.65;0.25;1;3
;;3700211111133;FLEURANCE NATURE;Non renseigné;FLEURANCE NATURE Mincifine detox;0.055;7.6;0.25;1;3
;;3700211111157;FLEURANCE NATURE;Non renseigné;FLEURANCE NATURE Curcuma harpagophytum prele;0.055;7.65;0.25;1;3
;;3700211111195;FLEURANCE NATURE;Non renseigné;FLEURANCE NATURE Vigne rouge hamamelis cypres bio;0.055;8.15;0.25;1;3
;;3700211111201;FLEURANCE NATURE;Non renseigné;FLEURANCE NATURE Passiflore - lavande - eschscholzia bio;0.055;7.65;0.25;1;3
;;3700211111454;FLEURANCE NATURE;Non renseigné;FLEURANCE NATURE Creme nutrition intense bio;0.2;10.15;0.25;1;3
;;3700211111546;FLEURANCE NATURE;Non renseigné;FLEURANCE Soin nuit regenerant a la gelee royale bio 50ML;0.2;12.85;0.25;1;3
;;3700211111638;FLEURANCE NATURE;Non renseigné;FLEURANCE NATURE BB creme anti-âge - teinte medium bio 40ML;0.2;9.2;0.25;1;3
;;3700211111645;FLEURANCE NATURE;Non renseigné;FLEURANCE NATURE Creme antirides regenerante a la gelee royale bio;0.2;12.3;0.25;1;3
;;3700211111652;FLEURANCE NATURE;Non renseigné;FLEURANCE NATURE Soin jour revitalisant a la gelee royale bio;0.2;12.85;0.25;1;3
;;3700211111669;FLEURANCE NATURE;Non renseigné;FLEURANCE NATURE Creme de jour anti-age a la gelee royale bio;0.2;10.05;0.25;1;3
;;3700211111706;FLEURANCE NATURE;Non renseigné;FLEURANCE CREME HYDRATANTE ALOE VERA 50ML;0.2;7.65;0.25;1;3
;;3700211111713;FLEURANCE NATURE;Non renseigné;FLEURANCE NATURE Soin contour des yeux bio;0.2;10.95;0.25;1;3
;;3700211111775;FLEURANCE NATURE;Non renseigné;FLEURANCE NATURE Soin genereux visage argan 50 ml;0.2;10.95;0.25;1;3
;;3700211111782;FLEURANCE NATURE;Non renseigné;FLEURANCE NATURE BB crème anti-age claire 40 ml;0.2;9.2;0.25;1;3
;;3700211111843;FLEURANCE NATURE;Non renseigné;FLEURANCE NATURE The vert bio;0.055;3.14;0.25;1;3
;;3700211111928;FLEURANCE NATURE;Non renseigné;FLEURANCE ELIXIR ROYAL SERUM PERFECTEUR ANTI RIDES BIO 30ML;0.2;17.75;0.25;1;3
;;3700211111966;FLEURANCE NATURE;Non renseigné;FLEURANCE NATURE Baume levres genereux a l'argan bio;0.2;4.9;0.25;1;3
;;3700211112024;FLEURANCE NATURE;Non renseigné;FLEURANCE CONTOUR DES YEUX ANTI RIDES GELEE ROYALE ACIDE HYALURONIQUE 15ML;0.2;15.9;0.25;1;3
;;3700211112031;FLEURANCE NATURE;Non renseigné;FLEURANCE CREME REDENSIFIANTE JOUR GELEE ROYALE 50ML;0.2;17.75;0.25;1;3
;;3700211112048;FLEURANCE NATURE;Non renseigné;FLEURANCE NATURE ELIXIR ROYAL CREME NUIT 50ML;0.2;17.75;0.25;1;3
;;3700211112055;FLEURANCE NATURE;Non renseigné;FLEURANCE NATURE Creme hydratante rose bio 50 ml;0.2;7.65;0.25;1;3
;;3700211112093;FLEURANCE NATURE;Non renseigné;FLEURANCE NATURE Serum hydratant a la rose bio;0.2;9.25;0.25;1;3
;;3700211112130;FLEURANCE NATURE;Non renseigné;FLEURANCE NATURE SERUM ANTIAGE ET FERMETE A LA GELEE ROYALE BIO 30ML;0.2;12.55;0.25;1;3
;;3700211112154;FLEURANCE NATURE;Non renseigné;FLEURANCE NATURE Creme ultra-riche jour au karite bio;0.2;10.85;0.25;1;3
;;3700211112161;FLEURANCE NATURE;Non renseigné;FLEURANCE NATURE Creme ultra-riche nuit au karite bio;0.2;10.85;0.25;1;3
;;3700211112314;FLEURANCE NATURE;Non renseigné;FLEURANCE NATURE Infusion articulations;0.055;3.5;0.25;1;3
;;3700211112338;FLEURANCE NATURE;Non renseigné;FLEURANCE INFUSION DETOX BTE 20;0.055;3.5;0.25;1;3
;;3700211112345;FLEURANCE NATURE;Non renseigné;FLEURANCE NATURE Infusion digestion;0.055;3.5;0.25;1;3
;;3700211112352;FLEURANCE NATURE;Non renseigné;FLEURANCE NATURE Infusion drainante;0.055;3.5;0.25;1;3
;;3700211112369;FLEURANCE NATURE;Non renseigné;FLEURANCE NATURE Infusion hiver;0.055;3.5;0.25;1;3
;;3700211112376;FLEURANCE NATURE;Non renseigné;FLEURANCE NATURE Infusion brule-graisses;0.055;3.5;0.25;1;3
;;3700211112383;FLEURANCE NATURE;Non renseigné;FLEURANCE NATURE Infusion circulation;0.055;3.5;0.25;1;3
;;3700211112390;FLEURANCE NATURE;Non renseigné;FLEURANCE NATURE Infusion de noel;0.055;3.5;0.25;1;3
;;3700211116244;FLEURANCE NATURE;Non renseigné;FLEURANCE NATURE COFFRET ROSE DELICATE;0.2;17.05;0.25;1;1
;;3700211116442;FLEURANCE NATURE;Non renseigné;FLEURANCE NATURE Sac ruban vert - duo aloe vera;0.2;9.6;0.25;1;1
;;3700211116855;FLEURANCE NATURE;Non renseigné;FLEURANCE NATURE Coffr karité visage et mains;0.2;13.35;0.25;1;1
;;3700211116862;FLEURANCE NATURE;Non renseigné;FLEURANCE COFFRET ELIXIR ROYAL;0.2;29;0.25;1;1
;;3700211121033;FLEURANCE NATURE;Non renseigné;FLEURANCE NATURE Deodorant citron - verveine bio;0.2;4.85;0.25;1;3
;;3700211121040;FLEURANCE NATURE;Non renseigné;FLEURANCE NATURE Deodorant eau delices verveine bergamote bio;0.2;4.85;0.25;1;3
;;3700211121187;FLEURANCE NATURE;Non renseigné;FLEURANCE NATURE PURYFITOUT BIO ECODETERGENT 1L;0.2;7.14;0.25;1;3
;;3700211121200;FLEURANCE NATURE;Non renseigné;FLEURANCE NATURE Puryfitout spray assainissant aux 31 he 100 ml;0.2;7.3;0.25;1;3
;;3700211121231;FLEURANCE NATURE;Non renseigné;FLEURANCE NATURE Puryfitout spray assainissant aux 31 he 200 ml;0.2;12.2;0.25;1;3
;;3700211131063;FLEURANCE NATURE;Non renseigné;FLEURANCE NATURE Ampoules gelee royale ginseng bio;0.055;9.1;0.25;1;3
;;3700211131179;FLEURANCE NATURE;Non renseigné;FLEURANCE NATURE GOMMAGE CORPS ARGAN TUBE 150ML;0.2;8.95;0.25;1;3
;;3700211131230;FLEURANCE NATURE;Non renseigné;FLEURANCE NATURE Gel douche parfume eau de coursiana 50 ml;0.2;2.45;0.25;1;3
;;3700211131247;FLEURANCE NATURE;Non renseigné;FLEURANCE GEL DOUCHE EAU DES DELICES AGRUMES 200 ML;0.2;5;0.25;1;3
;;3700211131254;FLEURANCE NATURE;Non renseigné;FLEURANCE NATURE Gel douche eau delices agrumes fleurs blanches bio 50 ml;0.2;2.45;0.25;1;3
;;3700211131261;FLEURANCE NATURE;Non renseigné;FLEURANCE NATURE Gel douche verveine bergamote 200 ml;0.2;5;0.25;1;3
;;3700211131278;FLEURANCE NATURE;Non renseigné;FLEURANCE NATURE Gel douche eau delices verveine bergamote bio 50 ml;0.2;2.45;0.25;1;3
;;3700211131285;FLEURANCE NATURE;Non renseigné;FLEURANCE GEL DOUCHE ROSE JASMIN 200 ML;0.2;5;0.25;1;3
;;3700211131292;FLEURANCE NATURE;Non renseigné;FLEURANCE NATURE Gel douche eau des délices rose & jasmin 50 ml;0.2;2.45;0.25;1;3
;;3700211131469;FLEURANCE NATURE;Non renseigné;FLEURANCE NATURE GELEE ROYALE ACEROLA BIO COMPRIME A CROQUER 15;0.055;7.35;0.25;1;3
;;3700211131537;FLEURANCE NATURE;Non renseigné;GELEE ROYALE 10 AMPOULES FLEURANCE NATURE;0.055;8;0.25;1;3
;;3700211131568;FLEURANCE NATURE;Non renseigné;FLEURANCE NATURE Gelee royale bio lyophilisee;0.055;9.5;0.25;1;3
;;3700211132091;FLEURANCE NATURE;Non renseigné;FLEURANCE NATURE Calendrier de l'avent « éclat magique »;0.2;52.1;0.25;1;1
;;3700211132107;FLEURANCE NATURE;Non renseigné;FLEURANCE NATURE Coffret calendrier de l'avent féerie bio;0.2;59.65;0.25;1;1
;;3700211132114;FLEURANCE NATURE;Non renseigné;FLEURANCE NATURE Calendrier de l'après « rêverie végétale »;0.2;27.7;0.25;1;1
;;3700211132406;FLEURANCE NATURE;Non renseigné;FLEURANCE NATURE Calendrier de l'avent « envolée fleurie »;0.2;41.59;0.25;1;1
;;3700211132855;FLEURANCE NATURE;Non renseigné;FLEURANCE NATURE Omega mémoire;0.055;10.45;0.25;1;3
;;3700211133111;FLEURANCE NATURE;Non renseigné;FLEURANCE NATURE Omega vision;0.055;10.55;0.25;1;3
;;3700211133159;FLEURANCE NATURE;Non renseigné;FLEURANCE NATURE Mincifine jour et nuit;0.055;8;0.25;1;3
;;3700211133197;FLEURANCE NATURE;Non renseigné;FLEURANCE NATURE Bourrache - onagre bio;0.055;8.6;0.25;1;3
;;3700211133241;FLEURANCE NATURE;Non renseigné;FLEURANCE NATURE Programme mincifine 3 en 1;0.055;17.75;0.25;1;3
;;3700211133289;FLEURANCE NATURE;Non renseigné;FLEURANCE NATURE Complexe solaire autobronzant;0.055;8.85;0.25;1;3
;;3700211133302;FLEURANCE NATURE;Non renseigné;FLEURANCE NATURE Harpagophytum prele bambou bio;0.055;6.85;0.25;1;3
;;3700211133326;FLEURANCE NATURE;Non renseigné;FLEURANCE NATURE Complexe anti-stress et sommeil;0.055;8.15;0.25;1;3
;;3700211133463;FLEURANCE NATURE;Non renseigné;FLEURANCE NATURE Charbon vegetal active;0.055;8.05;0.25;1;3
;;3700211133470;FLEURANCE NATURE;Non renseigné;FLEURANCE NATURE Huile pepins de courges;0.055;6.55;0.25;1;3
;;3700211133487;FLEURANCE NATURE;Non renseigné;FLEURANCE NATURE Levure de biere;0.055;5.75;0.25;1;3
;;3700211133494;FLEURANCE NATURE;Non renseigné;FLEURANCE NATURE Huile d'onagre;0.055;8.2;0.25;1;3
;;3700211133517;FLEURANCE NATURE;Non renseigné;FLEURANCE NATURE Ail noir plus;0.055;8;0.25;1;3
;;3700211133531;FLEURANCE NATURE;Non renseigné;FLEURANCE NATURE Complexe glycemie;0.055;9.8;0.25;1;3
;;3700211133548;FLEURANCE NATURE;Non renseigné;FLEURANCE NATURE Magnesium bisglycinate;0.055;9.5;0.25;1;3
;;3700211133555;FLEURANCE NATURE;Non renseigné;FLEURANCE NATURE Zinc bisglycinate;0.055;10.7;0.25;1;3
;;3700211141017;FLEURANCE NATURE;Non renseigné;FLEURANCE GOMMES HALEINE FRAICHE BIO 35G;0.055;4.05;0.25;1;3
;;3700211141024;FLEURANCE NATURE;Non renseigné;FLEURANCE GOMMES BIO ANTI STRESS 30G;0.055;4.05;0.25;1;3
;;3700211141031;FLEURANCE NATURE;Non renseigné;FLEURANCE NATURE GOMMES DIGESTION BIO;0.055;4.05;0.25;1;3
;;3700211141048;FLEURANCE NATURE;Non renseigné;FLEURANCE NATURE Mincifine gommes anti-fringales;0.055;6.7;0.25;1;3
;;3700211141079;FLEURANCE NATURE;Non renseigné;FLEURANCE NATURE Recharge gommes anti stress bio;0.055;3.35;0.25;1;3
;;3700211141116;FLEURANCE NATURE;Non renseigné;FLEURANCE NATURE Gummies vitalite;0.055;10.95;0.25;1;3
;;3700211141123;FLEURANCE NATURE;Non renseigné;FLEURANCE NATURE Gummies sommeil;0.055;10.95;0.25;1;3
;;3700211141130;FLEURANCE NATURE;Non renseigné;FLEURANCE NATURE Gummies cheveux et ongles;0.055;10.95;0.25;1;3
;;3700211141291;FLEURANCE NATURE;Non renseigné;FLEURANCE GOMMES BIO GORGE 35G;0.055;4.05;0.25;1;3
;;3700211141611;FLEURANCE NATURE;Non renseigné;FLEURANCE NATURE Flexonature baume harpagophytum;0.2;7.9;0.25;1;3
;;3700211141741;FLEURANCE NATURE;Non renseigné;FLEURANCE SOIN DES PIEDS HYDRA 75ML;0.2;6.3;0.25;1;3
;;3700211141765;FLEURANCE NATURE;Non renseigné;FLEURANCE NATURE SOIN CORRECTEUR ANTI-TACHES TBE 50ML;0.2;10.05;0.25;1;3
;;3700211141796;FLEURANCE NATURE;Non renseigné;FLEURANCE NATURE Hle argan 100% bio Fl/50ml;0.2;11.65;0.25;1;3
;;3700211141857;FLEURANCE NATURE;Non renseigné;FLEURANCE NATURE Gel fraîch jbe bio 150ml;0.2;8;0.25;1;3
;;3700211141918;FLEURANCE NATURE;Non renseigné;FLEURANCE NATURE Flexonature gel froid immediat bio;0.2;8.15;0.25;1;3
;;3700211142014;FLEURANCE NATURE;Non renseigné;FLEURANCE NATURE Roll on maux de tete;0.2;6.7;0.25;1;3
;;3700211142045;FLEURANCE NATURE;Non renseigné;FLEURANCE NATURE Gel aloe vera bio T/150ml;0.2;8;0.25;1;3
;;3700211142052;FLEURANCE NATURE;Non renseigné;FLEURANCE NATURE Gel aloe vera 96% bio 50 ml;0.2;3.9;0.25;1;3
;;3700211143332;FLEURANCE NATURE;Non renseigné;FLEURANCE Palette moyenne maquillage rechargeable;0.2;2.85;0.25;1;3
;;3700211145879;FLEURANCE NATURE;Non renseigné;FLEURANCE NATURE Coffr beauté royale corps;0.2;17.05;0.25;1;1
;;3700211145886;FLEURANCE NATURE;Non renseigné;FLEURANCE NATURE Gel fraîch jbe bio 2/150ml;0.2;16;0.25;1;3
;;3700211146036;FLEURANCE NATURE;Non renseigné;FLEURANCE NATURE Coffr mains beige instant douceur bio;0.2;10.35;0.25;1;3
;;3700211146432;FLEURANCE NATURE;Non renseigné;FLEURANCE NATURE Sac ruban vert - duo beauté mains et pieds gr;0.2;9.9;0.25;1;1
;;3700211146470;FLEURANCE NATURE;Non renseigné;FLEURANCE NATURE Gel aloe vera bio 2T/150ml;0.2;16;0.25;1;3
;;3700211146517;FLEURANCE NATURE;Non renseigné;FLEURANCE NATURE Coffret mains peche évasion florale bio;0.2;10.35;0.25;1;3
;;3700211151115;FLEURANCE NATURE;Non renseigné;FLEURANCE SHAMPOOING DOUX;0.2;2.55;0.25;1;3
;;3700211151122;FLEURANCE NATURE;Non renseigné;FLEURANCE NATURE Shampoing argan bio T/200 ml;0.2;5;0.25;1;3
;;3700211151146;FLEURANCE NATURE;Non renseigné;FLEURANCE NATURE Shampoing a l'argan 50ml;0.2;2.55;0.25;1;3
;;3700211151283;FLEURANCE NATURE;Non renseigné;FLEURANCE NATURE Shampoing a l'argan bio 500 ml;0.2;10;0.25;1;3
;;3700211151320;FLEURANCE NATURE;Non renseigné;FLEURANCE SHAMPOING SOLIDE CHEVEUX NORMAUX BIO 75G;0.2;5.25;0.25;1;3
;;3700211151337;FLEURANCE NATURE;Non renseigné;FLEURANCE NATURE Shampoing solide - cheveux secs;0.2;5.25;0.25;1;3
;;3700211151344;FLEURANCE NATURE;Non renseigné;FLEURANCE NATURE Shampoing solide - cheveux gras;0.2;5.25;0.25;1;3
;;3700211155298;FLEURANCE NATURE;Non renseigné;FLEURANCE NATURE SAC TRIO VOYAGE;0.2;7.5;0.25;1;1
;;3700211161015;FLEURANCE NATURE;Non renseigné;FLEURANCE TRANSIT NAT PRUNEAUX295G;0.055;4.5;0.25;1;3
;;3700211161022;FLEURANCE NATURE;Non renseigné;FLEURANCE NATURE Transit nature puree pruneaux rhubarbe bio;0.055;4.4;0.25;1;3
;;3700211161343;FLEURANCE NATURE;Non renseigné;FLEURANCE NATURE Eau flor bleuet bio 200ml;0.2;6.5;0.25;1;3
;;3700211161350;FLEURANCE NATURE;Non renseigné;FLEURANCE NATURE Eau flor rose bio 200ml;0.2;6.5;0.25;1;3
;;3700211161367;FLEURANCE NATURE;Non renseigné;FLEURANCE NATURE Eau flor f orang bio 200ml;0.2;6.5;0.25;1;3
;;3700211161473;FLEURANCE NATURE;Non renseigné;FLEURANCE NATURE Eau micellaire demaquillante au bleuet bio;0.2;8.95;0.25;1;3
;;3700211161497;FLEURANCE NATURE;Non renseigné;FLEURANCE NATURE Mousse nettoyante douce a l'aloe vera bio;0.2;9.1;0.25;1;3
;;3700211161534;FLEURANCE NATURE;Non renseigné;FLEURANCE LAIT DEMAQUILLANT GELEE ROYALE 200ML;0.2;8.3;0.25;1;3
;;3700211161602;FLEURANCE NATURE;Non renseigné;FLEURANCE NATURE Eau micellaire rose 50 ml;0.2;3.1;0.25;1;3
;;3700211161619;FLEURANCE NATURE;Non renseigné;FLEURANCE 1972 POUR HOMME EAU TOILETTE;0.2;21.25;0.25;1;3
;;3700211161626;FLEURANCE NATURE;Non renseigné;FLEURANCE NATURE Lait corps hydratant a la rose bio 50 ml;0.2;4.05;0.25;1;3
;;3700211161640;FLEURANCE NATURE;Non renseigné;FLEURANCE NATURE Eau micellaire demaquillante rose bio 400ml;0.2;8.95;0.25;1;3
;;3700211161695;FLEURANCE NATURE;Non renseigné;FLEURANCE NATURE Eau micellaire bleuet bio 50 ML;0.2;3.1;0.25;1;3
;;3700211161718;FLEURANCE NATURE;Non renseigné;FLEURANCE NATURE PURYFITOUT GEL HYDROALCOOLIQUE 80ML;0.2;2.5;0.25;1;3
;;3700211161725;FLEURANCE NATURE;Non renseigné;FLEURANCE NATURE Puryfitout gel hydroalcoolique 495 ml;0.2;7.25;0.25;1;3
;;3700211161756;FLEURANCE NATURE;Non renseigné;FLEURANCE NATURE L'eau de fleurance - eau de cologne;0.2;14.85;0.25;1;3
;;3700211165419;FLEURANCE NATURE;Non renseigné;FLORENCE NATURE COFFRET SENTEURS DE COURSIANA;0.2;21.55;0.25;1;1
;;3700211165983;FLEURANCE NATURE;Non renseigné;FLEURANCE NATURE Coffret eau des delices rose & jasmin bio;0.2;21.55;0.25;1;1
;;3700211165990;FLEURANCE NATURE;Non renseigné;FLEURANCE NATURE Sac ruban rose - trio hydratation rose;0.2;12.1;0.25;1;1
;;3700211170000;FLEURANCE NATURE;Non renseigné;FLEURANCE ROUGE A LEVRES PASSION 210;0.2;10.45;0.25;1;3
;;3700211170031;FLEURANCE NATURE;Non renseigné;FLEURANCE ROUGE A LEVRES BOIS DE ROSE 222;0.2;10.45;0.25;1;3
;;3700211170048;FLEURANCE NATURE;Non renseigné;FLEURANCE ROUGE A LEVRES ROUGE TENDRE 312;0.2;10.45;0.25;1;3
;;3700211170055;FLEURANCE NATURE;Non renseigné;FLEURANCE ROUGE A LEVRES ROSE POUDRE;0.2;10.45;0.25;1;3
;;3700211170147;FLEURANCE NATURE;Non renseigné;FLEURANCE MASCARA VOLUME;0.2;11.1;0.25;1;3
;;3700211170154;FLEURANCE NATURE;Non renseigné;FLEURANCE MASCARA LONGUEUR;0.2;11.1;0.25;1;3
;;3700211170161;FLEURANCE NATURE;Non renseigné;FLEURANCE NATURE Crayon yeux noir bio;0.2;5.75;0.25;1;3
;;3700211170178;FLEURANCE NATURE;Non renseigné;FLEURANCE CRAYON YEUX GRIS 02;0.2;5.75;0.25;1;3
;;3700211170185;FLEURANCE NATURE;Non renseigné;FLEURANCE CRAYON YEUX MARRON 03;0.2;5.75;0.25;1;3
;;3700211170192;FLEURANCE NATURE;Non renseigné;FLEURANCE CRAYON SOURCILS BRUN 01;0.2;6.55;0.25;1;3
;;3700211170208;FLEURANCE NATURE;Non renseigné;FLEURANCE CRAYON SOURCILS CHATAIN 02;0.2;6.55;0.25;1;3
;;3700211170215;FLEURANCE NATURE;Non renseigné;FLEURANCE CRAYON SOURCILS BLOND 03;0.2;6.55;0.25;1;3
;;3700211170239;FLEURANCE NATURE;Non renseigné;FLEURANCE CRAYONS A LEVRES FRAMBOISE;0.2;5.75;0.25;1;3
;;3700211170246;FLEURANCE NATURE;Non renseigné;FLEURANCE CRAYON LEVRES ROSE 03;0.2;5.75;0.25;1;3
;;3700211170253;FLEURANCE NATURE;Non renseigné;FLEURANCE NATURE POUDRE DE SOLEIL;0.2;12.55;0.25;1;3
;;3700211170314;FLEURANCE NATURE;Non renseigné;FLEURANCE ROUGE A LEVRES PECHE 331 3.5G;0.2;10.45;0.25;1;3
;;3700211170321;FLEURANCE NATURE;Non renseigné;FLEURANCE ROUGE A LEVRES NUDE 320;0.2;10.45;0.25;1;3
;;3700211170383;FLEURANCE NATURE;Non renseigné;FLEURANCE EYELINER NOIR INTENSE;0.2;8.85;0.25;1;3
;;3700211170437;FLEURANCE NATURE;Non renseigné;FLEURANCE OMBRE A PAUPIERES DORE CLAIR IRISE;0.2;4.95;0.25;1;3
;;3700211170444;FLEURANCE NATURE;Non renseigné;FLEURANCE NATURE Ombre a paupieres beige clair mat 110;0.2;4.95;0.25;1;3
;;3700211170451;FLEURANCE NATURE;Non renseigné;FLEURANCE NATURE Ombre a paupieres cuivre irise 220;0.2;4.95;0.25;1;3
;;3700211170468;FLEURANCE NATURE;Non renseigné;FLEURANCE NATURE Ombre a paupieres taupe irise 240;0.2;4.95;0.25;1;3
;;3700211170499;FLEURANCE NATURE;Non renseigné;FLEURANCE OMBRE A PAUPIERES SABLE ROSE IRISE;0.2;4.95;0.25;1;3
;;3700211171052;FLEURANCE NATURE;Non renseigné;FLEURANCE NATURE Gommage nutrition eclat bio;0.2;6.85;0.25;1;3
;;3700211171069;FLEURANCE NATURE;Non renseigné;FLEURANCE NATURE Masque nutrition eclat bio;0.2;8.45;0.25;1;3
;;3700211171144;FLEURANCE NATURE;Non renseigné;FLEURANCE NATURE Concentre circulation bio;0.055;8.15;0.25;1;3
;;3700211171205;FLEURANCE NATURE;Non renseigné;FLEURANCE NATURE Silice organique;0.055;11.1;0.25;1;3
;;3700211171250;FLEURANCE NATURE;Non renseigné;FLEURANCE NATURE Concentre detox bio;0.055;8.15;0.25;1;3
;;3700211181068;FLEURANCE NATURE;Non renseigné;FLEURANCE NATURE Gommes respiratoires;0.055;4.05;0.25;1;3
;;3700211181235;FLEURANCE NATURE;Non renseigné;FLEURANCE EAU MICELLAIRE DEMAQUILLANTE BLEUET;0.2;6.3;0.25;1;3
;;3700211181259;FLEURANCE NATURE;Non renseigné;FLEURANCE NATURE Spray nasal;0.2;6.45;0.25;1;3
;;3700211181303;FLEURANCE NATURE;Non renseigné;FLEURANCE NATURE Propolis - echinacee - thym;0.055;8.15;0.25;1;3
;;3700211181327;FLEURANCE NATURE;Non renseigné;FLEURANCE NATURE Lait corps nutri-regenerant;0.2;8.85;0.25;1;3
;;3700211181402;FLEURANCE NATURE;Non renseigné;FLEURANCE NATURE Gel douche neutre bio 500 ml;0.2;8.55;0.25;1;3
;;3700211181525;FLEURANCE NATURE;Non renseigné;FLEURANCE NATURE TRANSIT NATURE BARRE X3;0.055;5.2;0.25;1;3
;;3700211181570;FLEURANCE NATURE;Non renseigné;FLEURANCE NATURE Eau micellaire demaquillante rose bio 200 ml;0.2;6.3;0.25;1;3
;;3700211181815;FLEURANCE NATURE;Non renseigné;FLEURANCE NATURE Bme Chinois bio Pot/30ml;0.2;7.65;0.25;1;3
;;3700211185516;FLEURANCE NATURE;Non renseigné;FLEURANCE SAC TRIO GELS DOUCHE FORMAT VOYAGE;0.2;6;0.25;1;1
;;3700211188173;FLEURANCE NATURE;Non renseigné;FLEURANCE NATURE Radis noir artichaut bio ampoules;0.055;6.7;0.25;1;3
;;3700211190008;FLEURANCE NATURE;Non renseigné;FLEURANCE NATURE Pinceau ombreur;0.2;5.75;0.25;1;3
;;3700211190015;FLEURANCE NATURE;Non renseigné;FLEURANCE PINCEAU KABUKI;0.2;10.45;0.25;1;3
;;3700211190022;FLEURANCE NATURE;Non renseigné;FLEURANCE NATURE Pinceau fard a joues;0.2;7.35;0.25;1;3
;;3700211191104;FLEURANCE NATURE;Non renseigné;FLEURANCE NATURE Gummies immunite;0.055;10.95;0.25;1;3
;;3700211191111;FLEURANCE NATURE;Non renseigné;FLEURANCE NATURE Fluide solaire spf 30;0.2;16.45;0.25;1;3
;;3700211191128;FLEURANCE NATURE;Non renseigné;FLEURANCE FLUIDE SOLAIRE SPF 50 100 ML;0.2;17.1;0.25;1;3
;;3700211191227;FLEURANCE NATURE;Non renseigné;FLEURANCE NATURE Savon lait d'anesse neutre bio;0.2;3.9;0.25;1;3
;;3700211191234;FLEURANCE NATURE;Non renseigné;FLEURANCE NATURE Savon lait d'anesse rose bio;0.2;3.9;0.25;1;3
;;3700211191241;FLEURANCE NATURE;Non renseigné;FLEURANCE NATURE Savon lait anesse lavande bio;0.2;3.9;0.25;1;3
;;3700211191258;FLEURANCE NATURE;Non renseigné;FLEURANCE NATURE Savon lait d'anesse verveine bio 100 g;0.2;3.9;0.25;1;3
;;3700211191265;FLEURANCE NATURE;Non renseigné;FLEURANCE NATURE Dentifrice propolis - menthe bio;0.2;4.05;0.25;1;3
;;3700211191364;FLEURANCE NATURE;Non renseigné;FLEURANCE NATURE Savon lait d'anesse patchouli bio;0.2;3.9;0.25;1;3
;;3700211192286;FLEURANCE NATURE;Non renseigné;FLEURANCE NATURE Complexe vision;0.055;8.15;0.25;1;3
;;3700211192361;FLEURANCE NATURE;Non renseigné;FLEURANCE NATURE Magnesium - B6;0.055;4.95;0.25;1;3
;;3700211192385;FLEURANCE NATURE;Non renseigné;FLEURANCE NATURE Ail olivier aubepine bio;0.055;7.8;0.25;1;3
;;3700211192460;FLEURANCE NATURE;Non renseigné;FLEURANCE NATURE A-C- E Sélénium Zinc;0.055;5.9;0.25;1;3
;;3700211192606;FLEURANCE NATURE;Non renseigné;FLEURANCE NATURE Valeriane - aubepine - passiflore bio;0.055;8.15;0.25;1;3
;;3700211192767;FLEURANCE NATURE;Non renseigné;FLEURANCE NATURE Vitamin'nature acerola bio;0.055;6.4;0.25;1;3
;;3700211192835;FLEURANCE NATURE;Non renseigné;FLEURANCE NATURE Vitamineraux boost;0.055;6.3;0.25;1;3
;;3700211192897;FLEURANCE NATURE;Non renseigné;FLEURANCE NATURE Capital feminite;0.055;9.25;0.25;1;3
;;3700211192910;FLEURANCE NATURE;Non renseigné;FLEURANCE NATURE Probioboost vitamineraux defenses;0.055;8.2;0.25;1;3
;;3700211193061;FLEURANCE NATURE;Non renseigné;FLEURANCE NATURE Mincifine capture graisses bio;0.055;8.15;0.25;1;3
;;3700211193108;FLEURANCE NATURE;Non renseigné;FLEURANCE NATURE Magnesium marin - B6;0.055;6.7;0.25;1;3
;;3700211193153;FLEURANCE NATURE;Non renseigné;FLEURANCE NATURE Curcuma plus bio;0.055;6.7;0.25;1;3
;;3700211193177;FLEURANCE NATURE;Non renseigné;FLEURANCE NATURE Prosta 50+;0.055;9.9;0.25;1;3
;;3700211193207;FLEURANCE NATURE;Non renseigné;FLEURANCE NATURE Puissance+;0.2;9.25;0.25;1;3
;;3700211193214;FLEURANCE NATURE;Non renseigné;FLEURANCE NATURE Cranberry flash bio;0.055;6.3;0.25;1;3
;;3700211193245;FLEURANCE NATURE;Non renseigné;FLEURANCE NATURE SAFRANPLUS 15 CPS;0.055;7.25;0.25;1;3
;;3700211193269;FLEURANCE NATURE;Non renseigné;FLEURANCE NATURE Mincifine bruleur de graisses bio;0.055;8.45;0.25;1;3
;;3700211193276;FLEURANCE NATURE;Non renseigné;FLEURANCE NATURE Sauge plus;0.055;6.7;0.25;1;3
;;3700211193337;FLEURANCE NATURE;Non renseigné;FLEURANCE NATURE Radis noir artichaut bio comprimés;0.055;6.7;0.25;1;3
;;3700211193344;FLEURANCE NATURE;Non renseigné;FLEURANCE NATURE Ginkgo biloba plus;0.055;7.5;0.25;1;3
;;3700211193351;FLEURANCE NATURE;Non renseigné;FLEURANCE NATURE PROBIOBOOST CONFORT GASTRIQUE;0.2;7.1;0.25;1;3
;;3700211193375;FLEURANCE NATURE;Non renseigné;FLEURANCE NATURE Magnesium - rhodiola;0.055;8;0.25;1;3
;;3700211193399;FLEURANCE NATURE;Non renseigné;FLEURANCE NATURE Eschscholzia plus;0.055;7.65;0.25;1;3
;;3700211193405;FLEURANCE NATURE;Non renseigné;FLEURANCE NATURE Echinacee plus bio;0.055;6.7;0.25;1;3
;;3700211193412;FLEURANCE NATURE;Non renseigné;FLEURANCE NATURE Calcium - D3 - K2;0.055;7.5;0.25;1;3
;;3700211193436;FLEURANCE NATURE;Non renseigné;FLEURANCE NATURE CURCUMA ASHWAGANDHA BTE DE 15 CPS;0.055;6.7;0.25;1;3
;;3700211193481;FLEURANCE NATURE;Non renseigné;FLEURANCE NATURE Collagene marin;0.055;9;0.25;1;3
;;3700211193498;FLEURANCE NATURE;Non renseigné;FLEURANCE NATURE Reducramp;0.055;7.25;0.25;1;3
;;3700211193504;FLEURANCE NATURE;Non renseigné;FLEURANCE NATURE Chardon marie plus;0.055;8.85;0.25;1;3
;;3700211193528;FLEURANCE NATURE;Non renseigné;FLEURANCE NATURE Bardane - ortie;0.055;8.05;0.25;1;3
;;3700211193542;FLEURANCE NATURE;Non renseigné;FLEURANCE NATURE Mincifine ventre plat;0.055;8.15;0.25;1;3
;;3700211193566;FLEURANCE NATURE;Non renseigné;FLEURANCE NATURE Complexe articulations fort;0.055;9.9;0.25;1;3
;;3700211193771;FLEURANCE NATURE;Non renseigné;FLEURANCE NATURE Myrtille bio;0.055;7.9;0.25;1;3
;;3700211193788;FLEURANCE NATURE;Non renseigné;FLEURANCE NATURE SPIRULINE 120 CPS;0.055;12.95;0.25;1;3
;;3700211193795;FLEURANCE NATURE;Non renseigné;FLEURANCE NATURE Harpagophytum bio equitable;0.055;8.05;0.25;1;3
;;3700211193825;FLEURANCE NATURE;Non renseigné;FLEURANCE NATURE Cranberry bio;0.055;10.3;0.25;1;3
;;3700211195515;FLEURANCE NATURE;Non renseigné;FLEURANCE NATURE Coffret 5 savons au lait d'anesse bio;0.2;14.85;0.25;1;3
;;9990000010656;FLEURANCE NATURE;Non renseigné;FLEURANCE NATURE Presentoir plein de comptoir circulation - 59908;0.055;97.8;0.25;1;1
;;9990000010662;FLEURANCE NATURE;Non renseigné;FLEURANCE NATURE Presentoir 12 complexe solaire autobronzant - 24725;0.055;106.2;0.25;1;1
;;9990000010664;FLEURANCE NATURE;Non renseigné;FLEURANCE NATURE Presentoir plein 12 gel jambes legeres - 24714;0.2;96;0.25;1;1
;;9990000010666;FLEURANCE NATURE;Non renseigné;FLEURANCE NATURE Presentoir plein 12 gel aloe vera - 24705;0.2;96;0.25;1;1
;;9990000010672;FLEURANCE NATURE;Non renseigné;FLEURANCE NATURE Presentoir de comptoir plein 12 shampoings solides - 25546;0.2;63;0.25;1;1
;;9990000010673;FLEURANCE NATURE;Non renseigné;FLEURANCE NATURE Presentoir plein 15 savon d'anesse - 29561;0.2;58.5;0.25;1;1
;;9990000010676;FLEURANCE NATURE;Non renseigné;FLEURANCE NATURE Presentoir plein de comptoir gelee royale - 21734;0.2;177.35;0.25;1;1
;;9990000010679;FLEURANCE NATURE;Non renseigné;FLEURANCE NATURE Presentoir plein 20 anti-moustiques - 26629;0.2;163;0.25;1;1
;;9990000010680;FLEURANCE NATURE;Non renseigné;FLEURANCE NATURE Presentoir plein 12 fluides solaires - 30508;0.2;201.3;0.25;1;1
;;9990000010689;FLEURANCE NATURE;Non renseigné;FLEURANCE NATURE Presentoir plein 15 sprays assainissants 100 ml - 52700;0.2;109.5;0.25;1;1
;;8435025949812;Feet Pad;Feet;FEET PAD Coussinet gel métatarsien Taille unique;0.2;6.4;0.33;1;1
2945443;3401029454435;8435025908369;Feet Pad;Feet;FEET PAD Cousnet gel orteil droit TS;0.2;9.49;0.33;1;1
2945489;3401029454893;8435025908352;Feet Pad;Feet;FEET PAD Cousnet gel orteil droit TM;0.2;9.49;0.33;1;1
2945495;3401029454954;8435025908345;Feet Pad;Feet;FEET PAD Cousnet gel orteil droit TL;0.2;9.49;0.33;1;1
6116198;3401561161983;8435025907911;Feet Pad;Feet;FEET PAD Protect plantair TS B/2;0.2;19.54;0.33;0;1
6116212;3401561162126;8435025907904;Feet Pad;Feet;FEET PAD Protect plantair TL B/2;0.2;19.54;0.33;0;1
6116229;3401561162294;8435025907607;Feet Pad;Feet;FEET PAD Talont ins cent T1 La paire;0.2;20.83;0.33;0;1
6116241;3401561162416;8435025907614;Feet Pad;Feet;FEET PAD Talont ins cent T2 La paire;0.2;20.83;0.33;1;1
6116258;3401561162584;8435025907690;Feet Pad;Feet;FEET PAD Talont ins cent T3 La paire;0.2;20.83;0.33;0;1
6116287;3401561162874;8435025907447;Feet Pad;Feet;FEET PAD Semelle T1 La paire;0.2;25.66;0.33;0;1
6116293;3401561162935;8435025907454;Feet Pad;Feet;FEET PAD Semelle T2 La paire;0.2;25.66;0.33;0;1
6116318;3401561163185;8435025907461;Feet Pad;Feet;FEET PAD Semelle T3 La paire;0.2;25.66;0.33;0;1
6116324;3401561163246;8435025907584;Feet Pad;Feet;FEET PAD Semelle T4 La paire;0.2;25.66;0.33;0;1
6116330;3401561163307;8435025907591;Feet Pad;Feet;FEET PAD Semelle T5 La paire;0.2;25.66;0.33;0;1
6116347;3401561163475;8435025907881;Feet Pad;Feet;FEET PAD HALLUS V Protect oignons/cors TS B/1;0.2;14.39;0.33;0;1
6116353;3401561163536;8435025907874;Feet Pad;Feet;FEET PAD HALLUS V Protect oignons/cors TL B/1;0.2;14.39;0.33;0;1
6117246;3401561172460;8435025907867;Feet Pad;Feet;FEET PAD HALLUS V Ecar-ort TS B/2;0.2;11.67;0.33;0;1
6117252;3401561172521;8435025907850;Feet Pad;Feet;FEET PAD HALLUS V Ecar-ort TM B/2;0.2;11.67;0.33;0;1
6117298;3401561172989;8435025908550;Feet Pad;Feet;FEET PAD HALLUS V Prot av écart oignon TU B/1;0.2;13.59;0.33;0;1
6133647;3401561336473;8435025907942;Feet Pad;Feet;FEET PAD Dgtier protect orteils/doigts TS;0.2;8.6;0.33;0;1
6138076;3401561380766;8435025907935;Feet Pad;Feet;FEET PAD Dgtier protect orteils/doigts TM;0.2;8.6;0.33;0;1
6138952;3401161389527;8435025907928;Feet Pad;Feet;FEET PAD Dgtier protect orteils/doigts TL;0.2;8.6;0.33;0;1
6140245;3401561402451;8435025907997;Feet Pad;Feet;FEET PAD Tube protect orteils/doigts TXS;0.2;12.7;0.33;0;1
6140251;3401561402512;8435025907980;Feet Pad;Feet;FEET PAD Tube protect orteils/doigts TS;0.2;12.7;0.33;1;1
6140268;3401561402680;8435025907966;Feet Pad;Feet;FEET PAD Tube protect orteils/doigts TM;0.2;12.7;0.33;1;1
6142238;3401561422381;8435025907959;Feet Pad;Feet;FEET PAD Tube protect orteils/doigts TL;0.2;12.7;0.33;0;1
6435012;3401564350124;8435025907706;Feet Pad;Feet;FEET PAD Talont ins lat T1 La paire;0.2;20.83;0.33;0;1
6469376;3401564693764;8435025907713;Feet Pad;Feet;FEET PAD Talont ins lat T2 La paire;0.2;20.83;0.33;0;1
6469525;3401564695256;8435025907720;Feet Pad;Feet;FEET PAD Talont ins lat T3 La paire;0.2;20.83;0.33;0;1
;;8435025907843;Feet Pad;Non renseigné;FEET PAD ECARTEUR DE DOIGTS TAILLE L;0.2;11.67;0.33;0;1
2945526;3401029455265;8435025908444;Feet Pad;Non renseigné;FEET PAD Cousnet gel orteil gauche TM;0.2;9.49;0.33;1;1
2945584;3401029455845;8435025908079;Feet Pad;Non renseigné;FEET PAD Talont T1;0.2;14.38;0.33;1;1
2945590;3401029455906;8435025908086;Feet Pad;Non renseigné;FEET PAD Talont T2;0.2;14.38;0.33;1;1
2945615;3401029456156;8435025908093;Feet Pad;Non renseigné;FEET PAD Talont T3;0.2;14.38;0.33;1;1
6004995;3401060049959;8435025912151;Feet Pad;Non renseigné;FEET PAD HALLUS V Correct nocturne drt TM;0.055;15.61;0.33;1;1
6004997;3401060049973;8435025912144;Feet Pad;Non renseigné;FEET PAD HALLUS V Correct nocturne drt TS;0.055;15.61;0.33;1;1
6005002;3401060050023;8435025912182;Feet Pad;Non renseigné;FEET PAD HALLUS V Correct nocturne gche TM;0.055;15.61;0.33;1;1
;;8033661807987;Fidia Pharma;Non renseigné;HYALO4 SILVERSPRAY Susp Fl/50ml;0.2;19;0.35;1;1
;;8033661808021;Fidia Pharma;Non renseigné;HYALO4 CARE CREAM PLUS Cr T/25g;0.2;19;0.47;1;1
;;8033661808038;Fidia Pharma;Non renseigné;HYALO4 CARE START Pom T/30g;0.2;15;0.17;1;1
;;8033661808175;Fidia Pharma;Non renseigné;HYALO4 CARE CREAM 100G;0.2;15;0.43;1;1
2065831;3401020658313;3401020658313;Fidia Pharma;Non renseigné;EFFIDIA Cr Acide hyaluronique T/100g;0.2;5.99;0.08;40;1
3356571;3400933565718;;Fidia Pharma;Non renseigné;HYALGAN 20mg/2ml S inj ser prér Ser/2ml;0.1;44.45;0.12;140;1
7799905;3401077999056;;Fidia Pharma;Non renseigné;EFFIDIA Compr im Ac hyalu 10x10cm B/10;0.2;17.98;0.27;0;1
;;0721688729976;French Pharma;Non renseigné;SERUM PHYSIOLOGIQUE BOUTEILLE 500ML;0.2;3.5;0.4;20;1
;;3700725031705;French Pharma;Non renseigné;ALL PHARM Seringue lavage nasal B/2;0.2;3;0.5;561;1
;;3760419990121;French Pharma;Non renseigné;Seringue aspiration nasale CHAT Bte/2;0.2;4;0.5;240;1
;;3760419990138;French Pharma;Non renseigné;Seringue aspiration nasale ARC EN CIEL Bte/2;0.2;4;0.5;240;1
;;3770026589038;French Pharma;Non renseigné;Seringue aspiration nasale POUSSIN French Pharma Bte/2;0.2;4;0.5;294;1
;;3770026589045;French Pharma;Non renseigné;Seringue aspiration nasale LAPIN French Pharma Bte/2;0.2;4;0.5;294;1
;;3770026589052;French Pharma;Non renseigné;Seringue aspiration nasale GRENOUILLE French Pharma Bte/2;0.2;4;0.5;280;1
;;3770026589069;French Pharma;Non renseigné;Seringue aspiration nasale OURS French Pharma Bte/2;0.2;4;0.5;294;1
;;3770026589632;French Pharma;Non renseigné;Seringue aspiration nasale LICORNE French Pharma Bte/2;0.2;4;0.5;266;1
;;8718951762428;Gaba;Colgate;COLGATE MAX WHITE PURPLE Dentifrice T/75ml;0.2;5.03;0;1;1
3540079;3400935400796;;Gaba;Dentex;DENTEX S bain bouche Fl/300ml;0.1;8.95;0.25;6;1
3584993;3400935849939;;Gaba;Duraphat;DURAPHAT 500 mg/100 g Pâte dentifrice T/51g;0.1;10.4;0.25;6;1
;;8718951160545;Gaba;Elmex;ELMEX ANTI-CARIES S dent Fl/400ml+coleret;0.2;7.25;0.25;12;1
;;8718951197855;Gaba;Elmex;ELMEX SENSITIVE Pâte dentifrice 2T/12ml;0.2;4.3;0.25;12;1
;;8718951293861;Gaba;Elmex;ELMEX ANTI-CARIES Pâte dentifrice T/100ml;0.2;6.95;0.25;12;1
;;8718951304864;Gaba;Elmex;ELMEX Kit dentaire enfants;0.2;9.95;0.25;6;1
;;8718951383449;Gaba;Elmex;ELMEX BEBE Dentifrice 0-2ans T/50ml;0.2;3.9;0.25;12;1
;;8718951411388;Gaba;Elmex;ELMEX ENFANT Dentifrice 3-6ans T/50ml;0.2;3.9;0.27;12;1
;;8718951442153;Gaba;Elmex;ELMEX Bâtonnet interdentaire 3x32;0.2;5.6;0.25;36;1
;;8718951472884;Gaba;Elmex;ELMEX Dentifrice Opti Email 2/75ml;0.2;14.1;0.25;12;1
;;8718951522992;Gaba;Elmex;ELMEX ANTI-CARIES PROFESS Pâte dtf jun 2/75ml;0.2;10.6;0.32;12;1
;;8718951568136;Gaba;Elmex;ELMEX Brossette inter-dentaire 0,6mm B/8;0.2;6.45;0.25;6;1
;;8718951568181;Gaba;Elmex;ELMEX Brossette inter-dentaire 0,7mm B/8;0.2;6.45;0.25;1;1
;;8718951568235;Gaba;Elmex;ELMEX Brossette inter-dentaire 0,9mm B/8;0.2;6.45;0.25;1;1
;;8718951568297;Gaba;Elmex;ELMEX Brossette inter-dentaire 1,1mm B/8;0.2;6.45;0.25;1;1
;;8718951570443;Gaba;Elmex;ELMEX OPTI-EMAIL Pâte dtf blanch T/75ml;0.2;7.1;0.25;12;1
;;8718951584174;Gaba;Elmex;ELMEX OPTI-EMAIL Pâte dtf blanch 2T/75ml;0.2;14.2;0.25;12;1
;;8718951597914;Gaba;Elmex;ELMEX SENSITIVE SOIN CPLET Pâte dtf 2T/75ml;0.2;12.95;0.25;12;1
;;8718951597945;Gaba;Elmex;ELMEX ANTI-CARIES SOIN CPLET Pâte dtf 2T/75ml;0.2;11.8;0.25;12;1
;;8718951650763;Gaba;Elmex;ELMEX SENSITIVE PROFESSIONAL Pâte dentifrice soin gencives T/75ml;0.2;7.1;0.25;12;1
;;8718951652064;Gaba;Elmex;ELMEX SENSITIVE PROFESSIONAL Pâte dentifrice 3T/75ml;0.2;18.25;0.25;1;1
;;8718951667006;Gaba;Elmex;ELMEX PROFESSIONAL PRECISION Brosse dents interdentaire B/2;0.2;11.2;0.25;1;1
;;8718951668126;Gaba;Elmex;ELMEX ANTI-CARIES PROFESSIONAL Pâte dentifrice 2T/100ml;0.2;14.75;0.32;12;1
;;8718951714496;Gaba;Elmex;ELMEX PROFESSIONAL PRECISION SENSITIVE Brosse dents extra souple duo;0.2;11.2;0.25;1;1
;;8718951715103;Gaba;Elmex;ELMEX Brosse dents protection carie junior 6/12ans pack duo;0.2;8.4;0.25;10;1
;;8718951715165;Gaba;Elmex;ELMEX SENSITIVE PROFESSIONAL Brosse dents extra souple;0.2;5.1;0.25;1;1
;;8718951715400;Gaba;Elmex;ELMEX Brosse dents junior 6-12ans;0.2;4.2;0.25;12;1
;;8718951715431;Gaba;Elmex;ELMEX ANTI-CARIES Brosse à dents souple tête standard;0.2;4.8;0.25;1;1
;;8718951715462;Gaba;Elmex;ELMEX ANTI-CARIES Brosse dents medium;0.2;4.8;0.25;1;1
;;8718951715493;Gaba;Elmex;ELMEX NETTOYAGE INTENSE Brosse dents medium;0.2;5.75;0.25;1;1
;;8718951718739;Gaba;Elmex;ELMEX Brosse dents débutant 0-3ans + dentifrice 12ml;0.2;3.6;0.25;1;1
;;8718951718852;Gaba;Elmex;ELMEX Brosse dents débutant 0-3ans duo;0.2;7.2;0.32;10;1
;;8718951719156;Gaba;Elmex;ELMEX Brosse dents enfant 3/6ans duo;0.2;7.2;0.25;1;1
;;8718951745087;Gaba;Elmex;ELMEX ANTI-CARIES PROFESSIONAL Pâte dentifrice junior T/75ml;0.2;5.3;0.25;12;1
;;8718951748934;Gaba;Elmex;ELMEX ANTI-CARIES PROFESSIONAL Pâte dentifrice junior 2/75ml;0.2;10.6;0.25;12;1
;;8718951760080;Gaba;Elmex;ELMEX ANTI-CARIES PROFESSIONAL COLOR CHANGING Pâte dentifrice T/75ml;0.2;5.3;0.25;1;1
;;8718951764651;Gaba;Elmex;ELMEX SENSITIVE PROFESSIONAL Pâte dentifrice soin gencives blancheur T/75ml;0.2;7.4;0.25;12;1
;;8718951771901;Gaba;Elmex;ELMEX SENS PROFES Pâte dtf soin gc bl 2T/75ml;0.2;14.8;0.25;1;1
;;8718951775077;Gaba;Elmex;ELMEX ANTI-CARIES PROFESSIONAL COLOR CHANGING Pâte dentifrice 2T/75ml;0.2;10.6;0.25;1;1
2581426;;8718951058446;Gaba;Elmex;ELMEX ANTI-CARIES PROFESS Pâte dtf 2T/75ml;0.2;11.4;0.32;12;1
4070925;3401540709250;8714789834740;Gaba;Elmex;ELMEX SENSITIVE PROFESSIONAL S dent Fl/400ml;0.2;7.95;0.25;12;1
4087274;3401540872749;8714789871806;Gaba;Elmex;ELMEX JUNIOR S dent 6-12ans Fl/400ml;0.2;6.8;0.25;12;1
4093731;;8718951143098;Gaba;Elmex;ELMEX Fil dent ciré 50m Blist/1;0.2;5.6;0.25;6;1
4313173;3401543131737;4007965507403;Gaba;Elmex;ELMEX Dentif jun T/75ml;0.2;4.95;0.25;12;1
6427120;;8718951718821;Gaba;Elmex;ELMEX Brosse dents enfant 3/6ans SOLO;0.2;3.6;0.25;12;1
6449876;;8718951093560;Gaba;Elmex;ELMEX SENSITIVE PROFESSIONAL Pte dtf 2/75ml;0.2;12.5;0.32;24;1
7226670;3401572266707;8714789940120;Gaba;Elmex;ELMEX ANTI-CARIES SS MENT Pâte dtf homéo 75ml;0.2;5.65;0.25;12;1
7717712;3401577177121;7610108015580;Gaba;Elmex;ELMEX ANTI-CARIES Pâte dtf 2T/12ml;0.2;4.3;0.25;8;1
7717764;3401577177640;7610108052639;Gaba;Elmex;ELMEX Set dent de voyage;0.2;7.45;0.25;12;1
9939003;3401599390034;8714789665139;Gaba;Elmex;ELMEX NETTOYAGE INT Pâte dtf anti-tach T/50ml;0.2;6.6;0.25;12;1
9939121;3401599391215;8718951044562;Gaba;Elmex;ELMEX OPTI-EMAIL PRO Pâte dtf T/75ml;0.2;7.05;0.25;12;1
;;8718951129238;Gaba;Meridol;MERIDOL PAROD EXP Pâte dtf 2T/75ml;0.2;13.4;0.25;12;1
;;8718951412378;Gaba;Meridol;MERIDOL HALEINE SURE Dentifrice T/75ml;0.2;6.25;0.25;12;1
;;8718951454675;Gaba;Meridol;MERIDOL SOIN CPLET SENSIBILITE Dentif 2T/75ml;0.2;13;0.25;24;1
;;8718951477445;Gaba;Meridol;MERIDOL SOIN CPLET SENSIBILITE Dentif T/75ml;0.2;6.5;0.25;12;1
;;8718951482838;Gaba;Meridol;MERIDOL SOIN COMPLET Bain bouche Fl/400ml;0.2;7.55;0.25;12;1
;;8718951560307;Gaba;Meridol;MERIDOL PROT GENCIVE Pâte dtf blanch T/75ml;0.2;6.5;0.25;12;1
;;8718951560802;Gaba;Meridol;MERIDOL PARODONT EXPERT Bain bouche Fl/400ml;0.2;7.95;0.25;6;1
;;8718951704022;Gaba;Meridol;MERIDOL Brosse dents confort des gencives;0.2;5.7;0.25;1;1
;;8718951714434;Gaba;Meridol;MERIDOL Brosse dents protection gencive+sensibilité souple;0.2;5.7;0.25;12;1
;;8718951715288;Gaba;Meridol;MERIDOL Brosse dents gencive fragile souple duo;0.2;11.4;0.25;1;1
;;8718951715349;Gaba;Meridol;MERIDOL PARODONT EXPERT Brosse dents extra souple;0.2;5.7;0.25;1;1
;;8718951715370;Gaba;Meridol;MERIDOL Brosse dents chirurgicale extra souple;0.2;5.7;0.25;1;1
;;8718951715622;Gaba;Meridol;MERIDOL PARODONT EXPERT Brosse dents extra souple duo;0.2;11.4;0.25;1;1
;;8718951776128;Gaba;Meridol;MERIDOL EXPRESS ACTION Dentifrice T/75ml;0.2;6.5;0.25;1;1
4076767;;7610108059973;Gaba;Meridol;MERIDOL Fil dent 40m Blist/1;0.2;5.6;0.25;6;1
6423240;;8718951715257;Gaba;Meridol;MERIDOL Brosse dents gencive fragile medium;0.2;5.7;0.25;12;1
9527878;3401595278787;7610108044573;Gaba;Meridol;MERIDOL HALITOSIS Bain bch Fl/400ml;0.2;7.95;0.25;12;1
;;8718951128781;Gaba;Non renseigné;ELMEX SENSITIVE PROFESS Pâte dtf T/20ml;0.2;2.05;0.25;12;1
;;8718951273184;Gaba;Non renseigné;ELMEX SENSITIVE Pâte dentifrice 2T/75ml;0.2;12.2;0.25;6;1
;;8718951281776;Gaba;Non renseigné;ELMEX SENSITIVE Pâte dentifrice T/100ml;0.2;8.3;0.25;12;1
;;8718951412880;Gaba;Non renseigné;ELMEX ENFANT Dentifrice 3-6ans 2T/50ml;0.2;7.8;0.32;24;1
9723533;;8718951032996;Gaba;Non renseigné;ELMEX PROTECTION EMAIL S dent Fl/400ml;0.2;7.8;0.25;12;1
;;8718951117136;Gaba;top 20;MERIDOL PAROD EXP Pâte dtf T/75ml;0.2;6.7;0.27;12;1
;;8718951160224;Gaba;top 20;ELMEX SENSITIVE S dent Fl/400ml+colerette;0.2;7.35;0.25;12;1
2537916;3401525379164;4007965507335;Gaba;top 20;ELMEX ANTI-CARIES Pâte dentifrice 2T/75ml;0.2;10.55;0.25;24;1
2545152;3401525451525;4007965460104;Gaba;top 20;MERIDOL Pâte dtf anti-plaque 2T/75ml;0.2;12.2;0.32;6;1
2578660;;8718951093607;Gaba;top 20;ELMEX SENSITIVE BLANCHEUR Pâte dtf 2/75ml;0.2;13;0.32;6;1
2628694;3401526286942;8714789707419;Gaba;top 20;ELMEX JUNIOR Dentif 7-12ans 2T/75ml;0.2;9.9;0.25;24;1
5130859;3401051308591;8714789754451;Gaba;top 20;ELMEX SENSITIVE PROFESSIONAL Pâte dtf T/75ml;0.2;6.25;0.27;12;1
5185263;3401551852631;8714789806013;Gaba;top 20;ELMEX SENSITIVE PROFESS BLANCH Pâte dtf 75ml;0.2;6.5;0.27;12;1
6001837;;8718951031203;Gaba;top 20;ELMEX ANTI-CARIES PROFESS Pâte dtf jun T/75m;0.2;5.3;0.27;48;1
7434983;3401574349835;4007965460005;Gaba;top 20;MERIDOL Pâte dtf anti-plaque T/75ml;0.2;6.1;0.27;12;1
7435008;3401574350084;7610108052707;Gaba;top 20;MERIDOL S b bche ss alc Fl/400ml;0.2;7.3;0.27;12;1
8177850;;8718951031241;Gaba;top 20;ELMEX ANTI-CARIES PROFESS Pâte dtf T/75ml;0.2;5.7;0.27;12;1
4031345;3401040313452;7612076396470;Galderma;Actinica;ACTINICA Lot photoprotect Fl dos/80ml;0.2;19.4;0.25;48;1
;;3499320009546;Galderma;Cetaphil;CETAPHIL Pain visage et corps B/127g;0.2;6.1;0.25;12;1
;;3499320013161;Galderma;Cetaphil;CETAPHIL Lot nettoy hte tol Fl/200ml;0.2;10.2;0.25;28;1
;;3499320013178;Galderma;Cetaphil;CETAPHIL Cr hydratante visage et corps T/100g;0.2;8.5;0.25;1;1
;;3499320014113;Galderma;Cetaphil;CETAPHIL Lot nettoy hte tol Fl ppe/470ml;0.2;13.9;0.25;12;1
3545800;3400935458001;;Galderma;Curaspot;CURASPOTAQUA 5 % Gel T/100g;0.1;16.8;0.25;36;3
;;3499320015516;Galderma;Daylong;DAYLONG KIDS SPF 50+ 150ML;0.2;17.7;0.25;10;1
;;7612076448278;Galderma;Daylong;DAYLONG EXTREME SPF50+ Lait solaire T/100ml;0.2;15.1;0.25;30;1
4788338;3401347883382;7612076448254;Galderma;Daylong;DAYLONG EXTREME SPF50+ Lot sol T/50ml;0.2;10.4;0.25;36;1
5413592;3401354135924;7612076116153;Galderma;Daylong;DAYLONG EXTREME SPF50+ Lot sol T/200ml;0.2;19.9;0.25;36;1
3007201;3400930072011;;Galderma;Locerylpro;LOCERYLPRO 5 % V ongles médicamenteux Fl/2,5ml+spatule+30 limes+lingettes;0.1;19.5;0.25;75;3
;3400930024119;;Galderma;Non renseigné;SOOLANTRA 10 mg/g Cr T/30g;0.1;30.57;0.16;63;1
;3400930081136;;Galderma;Non renseigné;EPIDUO 0,3 %/2,5 % Gel Récip multid/30g;0.1;23.88;0.16;48;1
2761111;3400927611117;;Galderma;Non renseigné;EPIDUO 0,1 %/2,5 % Gel Récip multid/30g;0.1;22.2;0.18;48;1
2761128;3400927611285;;Galderma;Non renseigné;EPIDUO 0,1 %/2,5 % Gel Recip multid/45 g;0.1;29.98;0.18;48;1
;3400930234051;;Gedeon Richter;Non renseigné;DROVELIS 3 mg/14,2 mg Cpr pell 1Plq/28;0.1;11.14;0.14;1;1
;3400930234068;;Gedeon Richter;Non renseigné;DROVELIS 3 mg/14,2 mg Cpr pell 3Plq/28 (84);0.1;33.43;0.14;1;1
3605146;3400936051461;;Gedeon Richter;Non renseigné;EVRA 203 µg/24 h + 33,9 µg/24 h Disp tr 3Sach;0.1;10.69;0.14;0;1
3605152;3400936051522;;Gedeon Richter;Non renseigné;EVRA 203 µg/24 h + 33,9 µg/24 h Disp tr 9Sach;0.1;32.07;0.14;132;1
3695014;3400936950146;;Gedeon Richter;Non renseigné;BELARA 0,03 mg/2 mg Cpr pell Plq/3x21 (63);0.1;28.49;0.14;0;1
;;3760361590004;Gestprotec;Non renseigné;Masque FFP2 Made in France Bte/40;0.2;21;0.5;1;1
;;3770016799058;Gestprotec;Non renseigné;GESTPROTEC Sol 0,9 % sérum physiologique Nacl Bouteille/500ml;0.2;3.8;0.5;1;1
;;3770016799966;Gestprotec;Non renseigné;GESTPROTEC Sol 0,9 % sérum physiologique Nacl Bouteille/1l;0.2;4.78;0.5;12;1
;;3322541067869;Gibaud - Innothera;Non renseigné;GIBAUD CONSEIL Chevillère bleue T5;0.2;18.81;0;1;1
3340647;3400933406479;;Gifrer Barbezat;Alcool;ALCOOL MODIFIE GIFRER 70 % S appl cut Fl plast/125ml;0.021;2.68;0.45;24;1
3340653;3400933406530;;Gifrer Barbezat;Alcool;ALCOOL MODIFIE GIFRER 70 % S appl cut Fl plast/250ml;0.021;3.75;0.45;24;1
;;3701129000816;Gifrer Barbezat;Gifrer;GIFRER Creme SOS fesses rouges 2T/100ml;0.2;15.39;0.45;6;1
;;3701129001196;Gifrer Barbezat;Gifrer;TALC DE VENISE GIFRER Pdr B pdreuse/100g;0.2;5.04;0.45;20;1
;;3701129001219;Gifrer Barbezat;Gifrer;GIFRER BB GEL LAVANT 400ML;0.2;7.17;0.45;6;1
3368350;3400933683504;;Gifrer Barbezat;Gifrer;AMUKINE 0,06 % S appl cut Fl PE/250ml;0.021;8.38;0.45;24;1
6018865;3401560188653;;Gifrer Barbezat;Gifrer;GIFRER Mche-BB aspirat + 4 embouts offerts;0.2;9.75;0.5;12;1
6414346;3401564143467;;Gifrer Barbezat;Gifrer;GIFRER Bme allait T/40ml;0.2;12.09;0.45;0;1
7827228;3401578272283;;Gifrer Barbezat;Gifrer;VASELINE GIFRER Pom T/90g;0.2;4.35;0.45;72;1
9750613;3401597506130;;Gifrer Barbezat;Gifrer;GIFRER Tis allait 20Sach;0.055;7.7;0.45;30;1
;;3701129001097;Gifrer Barbezat;Liniment;LINIMENT OLEO-CALCAIRE GIFRER Liniment Fl/100ml;0.2;4.67;0.45;12;1
;;3701129001103;Gifrer Barbezat;Liniment;LINIMENT OLEO-CALCAIRE GIFRER Liniment Fl/400ml;0.2;9.08;0.45;12;1
;;3701129000366;Gifrer Barbezat;Non renseigné;BICARE GIFRER + Dentif blanchiss charbon 75ml;0.2;6.25;0.45;24;1
;;3701129001080;Gifrer Barbezat;Non renseigné;BICARE PLUS GIFRER DENTIFRICE GENCIVES SENSIBLES 75ML;0.2;6.25;0.45;1;1
;;3701129001110;Gifrer Barbezat;Non renseigné;BICARE PLUS GIFRER POUDRE FRAICHEUR MENTHE VERTE 60G;0.2;7.2;0.45;24;1
2852109;3401528521096;;Gifrer Barbezat;Non renseigné;GIFRER Bme pectoral BB T/40ml;0.2;10.64;0.45;30;1
3129510;3400931295105;;Gifrer Barbezat;Non renseigné;HUILE DE PARAFFINE GIFRER S buv Fl/250ml;0.1;7.21;0.45;12;1
3129527;3400931295273;;Gifrer Barbezat;Non renseigné;HUILE DE PARAFFINE GIFRER S buv Fl/500ml;0.1;11.4;0.45;10;1
3336284;3400933362843;;Gifrer Barbezat;Non renseigné;EAU OXYGENEE GIFRER 10 vol S appl cut Fl plast/250ml;0.021;4.24;0.45;24;1
3407707;3400934077074;;Gifrer Barbezat;Non renseigné;EAU OXYGENEE GIFRER 10 vol S appl cut Fl plast/125ml;0.021;3.45;0.45;24;1
3597458;3400935974587;;Gifrer Barbezat;Non renseigné;DOSISEPTINE 0,05 % S appl cut en récipient unidose 10Unid/5ml;0.1;6.52;0.45;24;1
6006584;3401360065840;;Gifrer Barbezat;Non renseigné;BICARE GIFRER + Dentif T/75ml;0.2;5.84;0.45;24;1
6018866;3401360188662;;Gifrer Barbezat;Non renseigné;GIFRER Gel à l'Arnica BB T/40ml;0.2;9.76;0.45;1;1
6108856;3401561088563;;Gifrer Barbezat;Non renseigné;BICARB SOD GIFRER Pdr or B/250g;0.055;3.07;0.45;20;1
7827234;3401578272344;;Gifrer Barbezat;Non renseigné;VASELINE GIFRER Pom T/50g;0.2;3.63;0.45;90;1
8134964;3401381349646;3401381349646;Gifrer Barbezat;Non renseigné;GIFRER Ling BB à l'huile d'olive Bio Paq/70;0.2;7.17;0.45;24;1
4132997;3401041329971;3401041329971;Gifrer Barbezat;Physiologica;PHYSIOLOGICA Spray hypertonique Eau mer 100ml;0.2;6.72;0.45;24;1
4293364;3401042933641;;Gifrer Barbezat;Physiologica;SERUM PHYSIOLOGIQUE PHYSIOLOGICA BB petit Enf 40/5ml;0.2;7.04;0.74;24;1
6564867;3401565648671;3401565648671;Gifrer Barbezat;Physiologica;SERUM PHYSIOLOGIQUE PHYSIOLOGICA BB petit Enf 30/5ml;0.2;5.41;0.74;24;1
9992807;3401099928072;;Gifrer Barbezat;Physiologica;PHYSIOLOGICA SEPTINASAL S nas 20Unid/5ml;0.2;7.12;0.5;20;1
3236542;3400932365425;;Gifrer Barbezat;Suppositoires;SUPPOSITOIRE A LA GLYCERINE GIFRER Suppos enfants 2Plq/5 (10);0.1;2.78;0.45;130;1
3391544;3400933915445;;Gifrer Barbezat;Suppositoires;SUPPOSITOIRE A LA GLYCERINE GIFRER Suppos nourrissons 2Plq/5 (10);0.1;2.4;0.45;130;1
3392704;3400933927042;;Gifrer Barbezat;Suppositoires;SUPPOSITOIRE A LA GLYCERINE GIFRER Suppos adultes 10Sach;0.1;2.86;0.45;130;1
8164675;;3518646060717;Gilbert;A-cerumen;A-CERUMEN S aur form color Spr/40ml;0.2;8.36;0.32;12;6
8164698;;3518646060724;Gilbert;A-cerumen;A-CERUMEN S aur form color 10Unid/2ml;0.2;7.05;0.32;1;6
;;3518646213007;Gilbert;Bactidose;BACTIDOSE Gel hydroalcool ss parf 300ml;0.2;5.9;0.32;6;1
;;3518646213205;Gilbert;Bactidose;BACTIDOSE Gel hydroalcool ss parf Fl/1l;0.2;15.03;0.32;6;1
6002522;;3518646213014;Gilbert;Bactidose;BACTIDOSE Gel hydroalcoolique ss parf 75ml;0.2;2.67;0.32;12;1
;;3518646125331;Gilbert;Bébé;PHYSIOLAC 1 Lait pdre B/800g;0.055;29.29;0.45;6;1
;;3518646125348;Gilbert;Bébé;PHYSIOLAC 2 Lait pdre B/800g;0.055;23.1;0.45;6;1
;;3518646267086;Gilbert;Bébé;PHYSIODOSE Mche-BB aspirat +3filtres;0.2;8.41;0.32;1;1
;;3518646267376;Gilbert;Bébé;PHYSIODOSE Sol sérum physiologique 30Unidoses/10ml PE végétal;0.2;5.75;0.63;12;1
;;5099514001486;Gilbert;Bébé;WATERWIPES Lingette biodégradable bébé 3Paquets/60;0.2;12.73;0.32;3;1
;;5099514002742;Gilbert;Bébé;WATERWIPES Lingette on the go Paquet/10;0.2;2.11;0.32;30;1
;;5099514200186;Gilbert;Bébé;WATERWIPES Ling nettoy BB B/60;0.2;5.67;0.32;12;1
4465517;3401244655174;3518646025662;Gilbert;Bébé;PHYSIOSALT Pdr sbuv réhydrat 10Sach/10g;0.055;7.72;0.2;0;1
6010195;;3518646124181;Gilbert;Bébé;PHYSIOLAC BIO 3 C Bisglyc Fer Lait pdr B/800g;0.055;30.43;0.33;6;1
6026348;;3518646066931;Gilbert;Bébé;PHYSIODOSE Filtre + embout B/20 + 2;0.2;8.87;0.32;0;1
6027348;;3518646124051;Gilbert;Bébé;PHYSIOLAC CEREALES BIO Far B/200g;0.055;8.1;0.45;7;1
6035399;;3518646123634;Gilbert;Bébé;PHYSIOLAC AR BIO 1 Lait pdr B/800g;0.055;40.8;0.45;6;1
6035494;;3518646123641;Gilbert;Bébé;PHYSIOLAC AR BIO 2 Lait pdr B/800g;0.055;38.59;0.45;6;1
6212178;;3518646124518;Gilbert;Bébé;PHYSIOLAC CEREALES BIO Farine fruits B/200g;0.055;6.46;0.45;7;1
6214927;;3518646124099;Gilbert;Bébé;PHYSIOLAC CEREALES BIO Farine vanille B/200g;0.055;8.1;0.45;7;1
7421259;3401574212597;3265660001133;Gilbert;Cotocouche;COTOCOUCHE Cche 2âge Paq/30;0.2;10.62;0.45;6;1
7421265;3401574212658;3265660001034;Gilbert;Cotocouche;COTOCOUCHE Cche 1âge Paq/30;0.2;9.44;0.45;8;1
7213615;;3518646122248;Gilbert;Elle Test;TEST DE GROSSESSE ELLE-TEST B/1;0.2;5;0.45;216;1
6117335;3401561173351;3518646126406;Gilbert;Gilbert Trousse de Secours;GILBERT Trousse de secours essentielle;0.2;13.83;0.32;0;1
;;3616826532419;Gilbert;Hei Poa;HEI POA PUR MONOI Huile tiaré Fl/100ml;0.2;12.7;0.4;6;1
2025228;3401020252283;3518646266638;Gilbert;Labo Gilbert;PHYSIODOSE SERUM PHYSIOLOGIQUE 40Unid/5ml;0.2;4.66;0.64;24;1
2025352;;3518646126642;Gilbert;Labo Gilbert;GLYCERINE GILBERT Sol Fl/60ml;0.2;3.41;0.32;12;1
2025406;;3518646126611;Gilbert;Labo Gilbert;VASELINE GILBERT Pom T/50ml;0.2;2.41;0.32;12;1
2192920;3400921929201;;Gilbert;Labo Gilbert;DOLODENT S gingivale Fl pompe/27g;0.1;9.79;0.36;96;1
3005767;3400930057674;;Gilbert;Labo Gilbert;SUPPOSITOIRE A LA GLYCERINE GILBERT Suppos enfants Plq/10;0.1;2.29;0.32;1;1
3005768;3400930057681;;Gilbert;Labo Gilbert;SUPPOSITOIRE A LA GLYCERINE GILBERT Suppos adultes Plq/10;0.1;2.3;0.32;1;1
3005770;3400930057704;;Gilbert;Labo Gilbert;SUPPOSITOIRE A LA GLYCERINE GILBERT Suppos nourrissons Plq/10;0.1;2.28;0.32;1;1
3186525;3400931865254;;Gilbert;Labo Gilbert;ALCOOL A USAGE MEDICAL GILBERT 2,5 ml Compr imprégnée Sach/12;0.021;5.56;0.32;0;1
3315891;3400933158910;;Gilbert;Labo Gilbert;ALCOOL A USAGE MEDICAL GILBERT S appl loc Fl/250ml;0.021;2.3;0.32;12;1
3316005;3400933160050;;Gilbert;Labo Gilbert;EAU OXYGENEE GILBERT 10 vol S appl loc en flacon Fl/120ml;0.021;2.68;0.32;12;1
3316011;3400933160111;;Gilbert;Labo Gilbert;EAU OXYGENEE GILBERT 10 vol S appl loc en flacon Fl/250ml;0.021;3.19;0.32;12;1
3324499;3400933244996;;Gilbert;Labo Gilbert;HUILE DE PARAFFINE GILBERT S buv Fl/500ml;0.021;11.17;0.32;6;1
3338969;3400933389697;;Gilbert;Labo Gilbert;HUILE DE PARAFFINE GILBERT S buv Fl/250ml;0.021;6.42;0.32;6;1
3376585;3400933765859;;Gilbert;Labo Gilbert;EOSINE AQUEUSE GILBERT 2 % S appl loc 10unid/2ml;0.021;2.84;0.32;12;1
3432332;3400934323324;;Gilbert;Labo Gilbert;ALCOOL A USAGE MEDICAL GILBERT S appl loc Fl/500ml;0.021;3.46;0.32;12;1
3455698;3400934556982;;Gilbert;Labo Gilbert;SUPPOSITOIRE A LA GLYCERINE GILBERT Suppos adultes Sach/25;0.1;2.16;0.32;24;1
3455706;3400934557064;;Gilbert;Labo Gilbert;SUPPOSITOIRE A LA GLYCERINE GILBERT Suppos adultes Sach/50;0.1;3.72;0.32;1;1
3455712;3400934557125;;Gilbert;Labo Gilbert;SUPPOSITOIRE A LA GLYCERINE GILBERT Suppos adultes Sach/100;0.1;7.14;0.32;1;1
3615759;3400936157590;;Gilbert;Labo Gilbert;EAU OXYGENEE GILBERT 10 vol S appl cut en récipient unidose 10Unid/10ml;0.021;3.93;0.32;12;1
3917733;3400939177335;;Gilbert;Labo Gilbert;CHLORHEXIDINE AQUEUSE STERILE GILBERT 0,2 % S appl cut 10Unid/5ml;0.021;4.38;0.32;12;1
4132342;;3518646126284;Gilbert;Labo Gilbert;GILBERT Couv survie;0.2;6.63;0.32;0;1
4184511;3400941845116;;Gilbert;Labo Gilbert;ALCOOL A USAGE MEDICAL GILBERT S appl loc Fl/125ml;0.021;1.96;0.32;12;1
6026773;;3518646067938;Gilbert;Labo Gilbert;BICARBONATE SODIUM GILBERT Pdr B/250g;0.2;3.05;0.32;12;1
6117418;3401561174181;3518646126468;Gilbert;Labo Gilbert;GILBERT Pans découp 10x6cm B/10;0.2;3.61;0.32;1;1
6117513;3401561175133;3518646126482;Gilbert;Labo Gilbert;GILBERT Pans étanche 19x72mm ; 25x72mm B/20;0.2;3.51;0.32;1;1
6552999;3401365529996;3518646067877;Gilbert;Labo Gilbert;EAU OXYGENEE GILBERT 20vol S ext Fl/125ml;0.2;3.87;0.32;12;1
6553007;3401365530077;3518646067884;Gilbert;Labo Gilbert;EAU OXYGENEE GILBERT 20vol S ext Fl/250ml;0.2;4.84;0.32;12;1
6553013;3401365530138;3518646067891;Gilbert;Labo Gilbert;EAU OXYGENEE GILBERT 30vol S ext Fl/125ml;0.2;4.52;0.32;12;1
6553036;3401365530367;3518646067907;Gilbert;Labo Gilbert;EAU OXYGENEE GILBERT 30vol S ext Fl/250ml;0.2;5.27;0.32;12;1
6553071;3401365530718;3518646126598;Gilbert;Labo Gilbert;TALC DE VENISE GILBERT Talc douc Fl pdr/100g;0.2;3.86;0.32;6;1
6573748;3401365737483;3518646126635;Gilbert;Labo Gilbert;HLE AMANDE DOUCE GILBERT Hle Fl/60ml;0.2;4.41;0.32;12;1
7172046;3401371720462;3518646067686;Gilbert;Labo Gilbert;COLD CREAM GILBERT Cr T/50ml;0.2;4.85;0.32;12;1
7189360;3401071893602;3518646127458;Gilbert;Labo Gilbert;GILBERT Sol anti-adhés Fl/125ml;0.2;5.4;0.32;12;1
7213992;3401572139926;3518646090844;Gilbert;Labo Gilbert;ALCOOL MODIFIE GILBERT 70% S a loc Bid/1l;0.2;6.65;0.32;12;1
7218392;3401372183921;3518646067365;Gilbert;Labo Gilbert;SOD GILBERT BICAR Pdr Fl/75g;0.2;4.23;0.32;0;1
7470401;3401574704016;3518646126628;Gilbert;Labo Gilbert;VASELINE GILBERT Pom T/100ml;0.2;3.4;0.32;12;1
;;3273816023380;Gilbert;Laino;LAINO NATUREL Déod Pierre Alun 75g;0.2;11.99;0.4;12;1
;;3273816029771;Gilbert;Laino;LAINO PLAISIRS PARF Gel dche 3en1 agrume b 20;0.2;6.19;0.4;12;1
;;3273816029795;Gilbert;Laino;LAINO PLAISIRS PARF Gel dche 3en1 thé vert b;0.2;6.19;0.4;12;1
;;3518646026874;Gilbert;Laino;LAINO Stick soin des lèvres cerise 4g;0.2;3.7;0.4;1;1
;;3616826020077;Gilbert;Laino;LAINO Stick soin des lèvres Pro intense 4g;0.2;3.33;0.4;12;1
;;3616826020527;Gilbert;Laino;LAINO Stick soin des lèvres amande 4g;0.2;3.7;0.4;1;1
;;3616826020558;Gilbert;Laino;LAINO Eau de Rose Fl/250ml;0.2;5.29;0.4;1;1
;;3616826020565;Gilbert;Laino;LAINO Eau florale de Bleuet Fl/250ml;0.2;6.2;0.4;1;1
;;3616826020862;Gilbert;Laino;LAINO TRADITION Sav liq de Marseille Fl/300ml;0.2;6.14;0.4;6;1
;;3616826021203;Gilbert;Laino;LAINO Gel douche 3 en 1 monoï T/200ml;0.2;6.19;0.4;1;1
;;3616826024433;Gilbert;Laino;LAINO TRADITION Sav de Marseille Etui/150g;0.2;4.34;0.4;12;1
;;3616826026086;Gilbert;Laino;LAINO Cr mains Pro intense T/50ml;0.2;4.55;0.4;12;1
6027381;;3518646026744;Gilbert;Laino;LAINO PLAISIRS PARF Gel dche pulp pêche 200ml;0.2;6.19;0.4;12;1
6080258;;3518646028335;Gilbert;Laino;LAINO Stick soin des lèvres framboise 4g;0.2;3.7;0.4;12;1
6080262;;3518646028359;Gilbert;Laino;LAINO Stick soin des lèvres cassis 4g;0.2;3.7;0.4;12;1
6080263;;3518646028328;Gilbert;Laino;LAINO Stick soin des lèvres grenadine 4g;0.2;3.7;0.4;12;1
6080265;;3518646028366;Gilbert;Laino;LAINO Stick soin des lèvres vanille 4g;0.2;3.7;0.4;12;1
6080268;;3518646028373;Gilbert;Laino;LAINO Stick soin des lèvres pomme 4g;0.2;3.7;0.4;12;1
;;3273818841623;Gilbert;Le Comptoir du Bain;LE COMPTOIR BAIN Sav solide Alep 150g;0.2;5.84;0.4;6;1
;;3616828844558;Gilbert;Le Comptoir du Bain;LE COMPTOIR DU BAIN Sav liq de marseille monoï Fl pompe/1l;0.2;7.12;0.4;1;1
;;3518646672392;Gilbert;Marimer;MARIMER S nas hygiène nasale 2Sprays/100ml;0.2;8.68;0.32;1;1
6021641;;3518646671395;Gilbert;Marimer;MARIMER S nas nez bouché rhume Spr/100ml;0.2;5.74;0.32;0;1
6021658;;3518646671388;Gilbert;Marimer;MARIMER S nas hyg nasale Spr/100ml;0.2;4.82;0.32;12;1
;;3273816860121;Gilbert;Neutraderm;NEUTRADERM Gel dche surgras dermo 100ml;0.2;3.39;0.4;12;1
;;3273816860138;Gilbert;Neutraderm;NEUTRADERM Gel dche surgras dermo 200ml;0.2;4.9;0.4;12;1
;;3273816860152;Gilbert;Neutraderm;NEUTRADERM Gel dche surgras dermo 1l;0.2;11.02;0.4;12;1
;;3616826860840;Gilbert;Neutraderm;NEUTRADERM Shamp extra dx dermo-resp Fl/500ml;0.2;8.88;0.4;12;1
6037841;;3273816860145;Gilbert;Neutraderm;NEUTRADERM Gel dche surgras dermo 500ml;0.2;7.01;0.4;12;1
;;3616826860901;Gilbert;Neutraderm Baby;NEUTRADERM BABY Liniment bio Fl pompe/1l;0.2;12.36;0.32;1;1
;;3616826860918;Gilbert;Neutraderm Baby;NEUTRADERM BABY Liniment bio Fl pompe/480ml;0.2;7.71;0.32;1;1
;;3616826860932;Gilbert;Neutraderm Baby;NEUTRADERM BABY Liniment bio Fl/480ml;0.2;6.98;0.32;1;1
;;3518646217142;Gilbert;Non renseigné;SEPTIMYL 0,5% Sol Chlorhexidine Spray/100ml;0.2;4.76;0.32;12;1
;3400930238776;;Gilbert;Non renseigné;RHINEA S buv en récipient unidose 30unid/1ml;0.1;12.98;0.32;1;1
6080260;;3518646028342;Gilbert;Non renseigné;LAINO Stick soin des lèvres fraise 4g;0.2;3.7;0.4;12;1
;;3518646041921;Gilbert;Parasidose;PARASIDOSE Gel apais ap piqûre Roll-on/15ml;0.2;6.2;0.32;12;1
;;3518646042775;Gilbert;Parasidose;PARASIDOSE Spray répuls zone tropic Fl/100ml;0.2;10.47;0.32;1;1
;;3518646043208;Gilbert;Parasidose;PARASIDOSE Peigne anti-poux dents cannelées;0.2;4.7;0.32;12;1
4684604;3401546846041;3273818833420;Gilbert;Respir;RESPIR Spray nasal décongest Fl/20ml;0.2;8.29;0.45;0;1
6213035;;3518648834095;Gilbert;Respir;RESPIR Bme pectoral bébé bio T/50ml;0.2;9.12;0.45;12;1
6035558;;3518646217159;Gilbert;Septimyl;SEPTIMYL 0,5% Sol Chlorhex 10Unid/5ml;0.2;4.93;0.32;12;1
;;3770035140008;Grimberg;Actirhino;ACTIRHINO IMMUNITE Past B/30;0.055;10.25;0.2;1;1
;;3770035140022;Grimberg;Actirhino;ACTIRHINO MAUX DE GORGE INTENSES Spray buccal Fl/30ml;0.2;5.5;0.2;1;1
;;3770035140046;Grimberg;Actirhino;ACTIRHINO RHINITE ALLERGIQUE Spray nasal Fl/15ml;0.2;6.6;0.2;1;1
3281643;3400932816439;;Grimberg;Actisoufre;ACTISOUFRE 4 mg/50 mg par 10 ml Susp buv/nas 30Amp/10ml;0.1;7.88;0.2;12;6
3516715;3400935167156;;Grimberg;Actisoufre;ACTISOUFRE S p pulv bucc/nas en fl pressurisé Fl press/100ml;0.1;6.78;0.2;20;6
4453342;3401044533429;;Grimberg;Aequasyal;AEQUASYAL Spray bucc Fl/40ml;0.2;6.33;0.05;36;1
;3400930246580;;Grimberg;Carbosylane;CARBOSYLANE Gél Plq/30doses;0.1;5.79;0.2;100;6
3272443;3400932724437;;Grimberg;Carbosylane;CARBOSYLANE Gél 4Plq/12+12;0.1;7.28;0.2;80;6
;3400930192252;;Grimberg;Non renseigné;AURICULARUM Pdre/solv p susp auric Fl+Amp solv/10ml;0.1;4.77;0.05;196;1
;3400930277638;;Grimberg;Non renseigné;MOXYDAR Susp buv en sachet 16Sach/20ml;0.1;5.46;0.2;30;6
3421274;3400934212741;3400993421274;Grimberg;Prospan;PROSPAN Sirop édulcoré au sorbitol sans sucre Fl/100ml;0.1;3.93;0.2;40;6
;;3518646674501;Grimberg;Rhinovita;RHINOVITA Pom nez sec et irrité T/17g;0.2;6.41;0.2;120;6
3173959;3400931739593;;Grimberg;Solacy;SOLACY Gél adulte 3Plq/15 (45);0.1;5.89;0.2;231;6
3337154;3400933371548;;Grimberg;Solacy;SOLACY Cpr p susp buv pédiatrique Plq/60;0.1;5.89;0.2;231;6
3557223;3400935572233;;Grimberg;Solacy;SOLACY Gél adulte 6plq/15 (90);0.1;10.01;0.2;150;6
3236909;3400932369096;;Grimberg;Spasmag;SPASMAG Gél 5Plq/12 (60);0.021;4.56;0.2;100;6
3292635;3400932926350;;Grimberg;Spasmag;SPASMAG S buv en ampoule 30Amp/5ml;0.021;5.04;0.2;15;6
;;7630019900157;Gum;Accessoires et Soins spécifiques;GUM TRAVLER 1312 Brossette inter-dentaire de voyage 0,6mm B/6;0.2;6.7;0.15;144;1
;;7630019900164;Gum;Accessoires et Soins spécifiques;GUM TRAVLER 1314 Brossette inter-dentaire de voyage 0,8mm B/6;0.2;6.7;0.15;6;1
;;7630019900171;Gum;Accessoires et Soins spécifiques;GUM TRAVLER 1412 Brossette inter-dentaire de voyage 0,9mm B/6;0.2;6.7;0.15;144;1
;;7630019900188;Gum;Accessoires et Soins spécifiques;GUM TRAVLER 1414 Brossette inter-dentaire de voyage 1.1mm B/6;0.2;6.7;0.15;144;1
;;7630019900195;Gum;Accessoires et Soins spécifiques;GUM TRAVLER 1512 Brossette inter-dentaire de voyage 1,2mm B/6;0.2;6.7;0.15;144;1
;;7630019900201;Gum;Accessoires et Soins spécifiques;A. GUM TRAVLER 1514 Brossette inter-dentaire de voyage 1,3mm B/6;0.2;6.7;0.15;144;1
;;7630019900218;Gum;Accessoires et Soins spécifiques;GUM TRAVLER 1612 Brossette inter-dentaire de voyage 1,4mm B/6;0.2;6.7;0.15;1;1
;;7630019900225;Gum;Accessoires et Soins spécifiques;GUM TRAVLER 1614 Brossette inter-dentaire de voyage 1,6mm B/6;0.2;6.7;0.15;144;1
;;7630019900232;Gum;Accessoires et Soins spécifiques;A. GUM TRAVLER 1618 Brossette inter-dentaire de voyage 2mm B/6;0.2;6.7;0.15;0;1
;;7630019902755;Gum;Accessoires et Soins spécifiques;A. GUM SOFT PICKS ORIG Pte spl flr inter M 50;0.2;4.7;0.15;6;1
;;7630019902762;Gum;Accessoires et Soins spécifiques;A. GUM SOFT PICKS ORIG Pte spl flr int M 100;0.2;7.2;0.15;1;1
;;7630019902779;Gum;Accessoires et Soins spécifiques;A. GUM SOFT PICKS ORIG Pte spl flr interd lge 50;0.2;4.7;0.15;6;1
;;7630019903622;Gum;Accessoires et Soins spécifiques;A.GUM 670 Soft Picks Comfort Flex Cool Mint Médium 40 Unités;0.2;5.4;0.15;6;1
;;7630019904704;Gum;Accessoires et Soins spécifiques;A. 2014 Brsstt BIDIRECTION;0.2;5.6;0.15;12;1
;;7630019904711;Gum;Accessoires et Soins spécifiques;A. 2714 Brsstt BIDIRECTION;0.2;5.6;0.15;12;1
;;7630019905244;Gum;Accessoires et Soins spécifiques;A. GUM 669 Soft Picks FL Pointe S interd mint B/40;0.2;5.4;0.15;6;1
;;7630019905275;Gum;Accessoires et Soins spécifiques;GUM SOFT PICKS COMFORT FLEX Pointe médium interdentaire B/80;0.2;8.1;0.15;1;1
;;7630019905824;Gum;Accessoires et Soins spécifiques;A.GUM SOFT PICKS PRO Pointe interdentaire small B/30;0.2;5.9;0.15;6;1
;;7630019905855;Gum;Accessoires et Soins spécifiques;A.GUM SOFT PICK PRO Pointe interden M B/30;0.2;5.9;0.15;144;1
;;7630019905862;Gum;Accessoires et Soins spécifiques;A.GUM SOFT PICK PRO Pointe interden M B/60;0.2;8.85;0.15;1;1
;;7630019905879;Gum;Accessoires et Soins spécifiques;GUM SOFT PICK PRO Pointe interden lge B/30;0.2;5.9;0.15;1;1
2067422;;7630019900928;Gum;Accessoires et Soins spécifiques;A.GUM ACCESS FLOSS Fil dent prédécoupé B/50;0.2;6.05;0.15;72;1
4356886;;7630019903387;Gum;Accessoires et Soins spécifiques;A. 2314 PROXABRUSH Brossett i-d co m Blist/6;0.2;5.6;0.15;12;1
4356892;;7630019903394;Gum;Accessoires et Soins spécifiques;A. PROXABRUSH 2614 Brossett i-dt c f Blist/6;0.2;5.6;0.15;12;1
4507345;;7630019903370;Gum;Accessoires et Soins spécifiques;A. 2114 PROXABRUSH Brsset in-dent ultra mi;0.2;5.6;0.15;12;1
6243710;;7630019903080;Gum;Accessoires et Soins spécifiques;A.GUM TRAVLER Brossett int-dent 2.6mm B/4;0.2;4.3;0.15;1;1
6642923;;0070942507233;Gum;Accessoires et Soins spécifiques;A. BUTLER 723 Cire orthodon;0.2;5.2;0.15;144;1
7177523;;0070942011556;Gum;Accessoires et Soins spécifiques;A. BUTLER 1155 Fil dent weave ciré;0.2;5.1;0.15;144;1
7891657;;0070942302401;Gum;Accessoires et Soins spécifiques;A. BUTLER 2030 Fil dent expanding floss;0.2;5.1;0.15;144;1
7925310;;0070942302777;Gum;Accessoires et Soins spécifiques;A. BUTLER 760 Gum Gratte langue dble action;0.2;4.8;0.15;6;1
8277600;;7630019902205;Gum;Accessoires et Soins spécifiques;A. GUM AFTACLEAR Gel aphtes lés bucc T/10ml;0.2;7;0.15;96;1
;;3700439100070;Gum;Dentifices, Bains de bouche, Brosses à dents;GUM Trousse voyage bio prévention quotidienne;0.2;6.8;0.25;40;1
;;7630019904070;Gum;Dentifices, Bains de bouche, Brosses à dents;B.GUM Dentifrice bio T/75ml;0.2;6.1;0.2;36;1
;;7630019904421;Gum;Dentifices, Bains de bouche, Brosses à dents;B. GUM JUNIOR Dentifrice 7-12ans or 2T/50ml;0.2;5.85;0.2;1;1
;;7630019904735;Gum;Dentifices, Bains de bouche, Brosses à dents;B. SONIC SENSITIVE 4101 B à d;0.2;14.9;0.2;24;1
;;7630019904742;Gum;Dentifices, Bains de bouche, Brosses à dents;B. RECHARGE SONIC SENSITIVE 4111;0.2;7.7;0.2;24;1
;;7630019904759;Gum;Dentifices, Bains de bouche, Brosses à dents;GUM Dentifrice bio 2T/75ml;0.2;9.15;0.2;16;1
;;7630019904780;Gum;Dentifices, Bains de bouche, Brosses à dents;B. SONIC DAILY NOIRE 4100MBK2 Bàd;0.2;14.9;0.2;24;1
;;7630019904797;Gum;Dentifices, Bains de bouche, Brosses à dents;B.RECHARGES SONIC DAILY BLANCHE 4110MWH2;0.2;7.7;0.2;24;1
;;7630019904803;Gum;Dentifices, Bains de bouche, Brosses à dents;B.RECHARGES SONIC DAILY NOIRE 4110MBK2;0.2;7.7;0.2;24;1
;;7630019905183;Gum;Dentifices, Bains de bouche, Brosses à dents;GUM PRO SENSITIVE Brosse dents ultra-souple;0.2;4.2;0.2;12;1
;;7630019905206;Gum;Dentifices, Bains de bouche, Brosses à dents;GUM PRO SENSITIVE Br dents ultspl Duo Pack;0.2;6.3;0.2;72;1
;;7630019905732;Gum;Dentifices, Bains de bouche, Brosses à dents;B.GUM BIO Bain bouche Fl/300ml;0.2;6.65;0.2;12;1
;;7630019906388;Gum;Dentifices, Bains de bouche, Brosses à dents;GUM KIDS Gel dentifrice 3ans+ T/50ml;0.2;3.9;0.2;36;1
;;7630019906395;Gum;Dentifices, Bains de bouche, Brosses à dents;GUM KIDS Gel dentifrice 3ans+ 2T/50ml;0.2;5.85;0.2;18;1
;;7630019907132;Gum;Dentifices, Bains de bouche, Brosses à dents;B. GUM EASY CLEAN Brosse dents;0.2;3;0.2;120;1
;;7630019907286;Gum;Dentifices, Bains de bouche, Brosses à dents;B.GUM DENT ORIGINAL WHITE 1745 PROT ANTI TACHES;0.2;5;0.2;36;1
;;7630019907347;Gum;Dentifices, Bains de bouche, Brosses à dents;B.GUM ORIGINAL WHITE PATE PROTECTION ANTI-TACHES 2T/75ML;0.2;7.5;0.2;12;1
;;7630019907385;Gum;Dentifices, Bains de bouche, Brosses à dents;B.GUM SONIC ORTHO SOFT RECHARGE BROSSE A DENT B/2;0.2;9;0.2;1;1
;;7630019907392;Gum;Dentifices, Bains de bouche, Brosses à dents;B.GUM SONIC ORTHO SOFT BROSSE A DENTS REF 4102;0.2;17.7;0.2;4;1
2018889;;7630019901444;Gum;Dentifices, Bains de bouche, Brosses à dents;B. GUM TECHN PRO 525 Br dents sple /1;0.2;4.2;0.2;12;1
2018895;;7630019901468;Gum;Dentifices, Bains de bouche, Brosses à dents;B. GUM TECHN PRO 528 Br dents méd /1;0.2;4.2;0.2;12;1
2503161;;7630019902847;Gum;Dentifices, Bains de bouche, Brosses à dents;B.GUM ACTIVITAL Gel dtf prév 2T/75ml;0.2;7.5;0.2;18;1
2564439;;7630019902250;Gum;Dentifices, Bains de bouche, Brosses à dents;GUM TECHN PRO 1525 Br dents sple B/2;0.2;6.3;0.2;72;1
2571770;;0070942901536;Gum;Dentifices, Bains de bouche, Brosses à dents;GUM TRAVEL Kit voy;0.2;6.5;0.2;12;1
2591175;;7630019902267;Gum;Dentifices, Bains de bouche, Brosses à dents;GUM TECHN PRO 1528 Br dents méd B/2;0.2;6.3;0.2;72;1
2608763;;3401526087631;Gum;Dentifices, Bains de bouche, Brosses à dents;Lot/2 - GUM PAROEX Gel dtf 2T/75ml;0.2;7.8;0.2;18;1
4818335;;0070942124485;Gum;Dentifices, Bains de bouche, Brosses à dents;B. GUM ACTIVITAL 581 Br dents sple;0.2;3.8;0.2;12;1
4818341;;0070942124492;Gum;Dentifices, Bains de bouche, Brosses à dents;B. GUM ACTIVITAL 583 Br dents méd;0.2;3.8;0.2;12;1
6014060;;7630019902472;Gum;Dentifices, Bains de bouche, Brosses à dents;B. 6050 GUM ACTIVITAL Gel dtf prév T/75ml;0.2;5;0.2;36;1
6015263;;7630019902564;Gum;Dentifices, Bains de bouche, Brosses à dents;B. GUM JUNIOR 902 Br dents 7-9ans;0.2;3.6;0.2;12;1
6224278;;0070942003117;Gum;Dentifices, Bains de bouche, Brosses à dents;B. BUTLER 311 Br dents 3 rangs Ad/Enf;0.2;4.45;0.2;12;1
6322644;;0070942004077;Gum;Dentifices, Bains de bouche, Brosses à dents;B. BUTLER 407 Br dents 4 rangs p têt Ad;0.2;4.45;0.2;12;1
6381820;;7630019907163;Gum;Dentifices, Bains de bouche, Brosses à dents;GUM 1755 GINGIDEX 0,06% Gel dentifrice gencives maintenance T/75ml;0.2;5.2;0.2;36;1
6642739;;0070942004091;Gum;Dentifices, Bains de bouche, Brosses à dents;B. BUTLER 409 Br dents comp 4rg Ad;0.2;5.2;0.2;0;1
7028616;;0070942501255;Gum;Dentifices, Bains de bouche, Brosses à dents;B.BUTLER 125 brosse orthodon ambulatoire;0.2;4.6;0.2;0;1
7074993;;0070942502016;Gum;Dentifices, Bains de bouche, Brosses à dents;B.BUTLER 201 Br prothèse dent;0.2;5.25;0.2;96;1
7208436;;3401572084363;Gum;Dentifices, Bains de bouche, Brosses à dents;B. GUM PAROEX 1770 Gel dtf T/75ml;0.2;5.2;0.2;36;1
7247241;;0070942501248;Gum;Dentifices, Bains de bouche, Brosses à dents;B. 124 Br dents orthodon;0.2;4.6;0.2;120;1
9524733;3401595247332;0070942304047;Gum;Dentifices, Bains de bouche, Brosses à dents;B.GUM GINGIDEX 0,12% Bain bch ss alc 300ml go;0.2;5.4;0.2;12;1
9524762;3401595247622;0070942304030;Gum;Dentifices, Bains de bouche, Brosses à dents;B.GUM GINGIDEX S b bche ss alc Fl/300ml;0.2;5.4;0.2;12;1
9689658;3401596896584;0070942304160;Gum;Dentifices, Bains de bouche, Brosses à dents;GUM JUNIOR Dentif 6ans+ fraise T/50ml;0.2;3.9;0.2;36;1
9689664;3401596896645;0070942125505;Gum;Dentifices, Bains de bouche, Brosses à dents;B. GUM ACTIVITAL 585 Br dents souple ult comp;0.2;3.8;0.2;12;1
9930574;3401599305748;0070942304795;Gum;Dentifices, Bains de bouche, Brosses à dents;B. GUM ORTHO 3080 Gel dtf T/75ml;0.2;5.2;0.2;36;1
2630320;3401526303205;;Gum;Kit de Voyage;A.GUM Trousse orthodontie;0.2;6.8;0.25;40;1
9711777;3401597117770;;Gum;Kit de Voyage;GUM Trsse voy genc frag;0.2;6.8;0.25;40;1
9711783;3401597117831;;Gum;Kit de Voyage;GUM Trsse voy blanch;0.2;6.8;0.25;40;1
9711808;3401597118081;;Gum;Kit de Voyage;GUM Trsse voy dent sens;0.2;6.8;0.25;40;1
;;7630019904681;Gum;Non renseigné;A. 1699 Brsset Travler MULTI B/10;0.2;5.4;0.15;144;1
;;7630019904773;Gum;Non renseigné;B. SONIC DAILY BLANCHE 4100MWH2 Bàd;0.2;14.9;0.2;24;1
2611825;3401526118250;;Gum;Non renseigné;B. GUM PAROEX 1770 Gel dtf 3T/75ml;0.2;10.4;0.2;12;1
6088410;;7630019902984;Gum;Non renseigné;B.GUM 6070 SENSIVITAL + Dentifrice T/75ml;0.2;5;0.2;36;1
6088412;;7630019903011;Gum;Non renseigné;B.GUM 6081 SENSIVITAL + Bain bouche Fl/300ml;0.2;5.4;0.2;12;1
6301636;;7630019901727;Gum;Non renseigné;A. GUM HYDRAL Gel humect bouche sèche T/50ml;0.2;6.2;0.15;24;1
7456594;;0070942508247;Gum;Non renseigné;A. BUTLER Cpr rév plaq 824 B/12;0.2;4.7;0.15;6;1
9930580;3401599305809;0070942304801;Gum;Non renseigné;B.GUM ORTHO Bain bch ss alc Fl/300ml;0.2;5.4;0.2;12;1
;;3700763507392;H&H Biostime;Biostime;BIOSTIME AR2 Lait pdr bio 6-12 mois B/800g;0.055;35.19;0.3;6;1
;;3700763508535;H&H Biostime;Biostime;BIOSTIME 1 Lait pdre chèvre 0-6 mois B/800g;0.055;39.63;0.3;6;1
;;3700763508542;H&H Biostime;Biostime;BIOSTIME 2 Lait pdre chèvre 6-12 mois B/800g;0.055;39.78;0.3;6;1
;;3700763508559;H&H Biostime;Biostime;BIOSTIME 3 Lait pdre chèvre 10-36 mois B/800g;0.055;39.78;0.3;6;1
6091490;;3700763535692;H&H Biostime;Biostime;BIOSTIME 1 Lait pdre bio 1er âge B/800g;0.055;31.55;0.3;6;1
6091514;;3700763535722;H&H Biostime;Biostime;BIOSTIME AR 1 Lait pdre bio 0-6 mois B/800g;0.055;35.12;0.3;6;1
6091494;;3700763535708;H&H Biostime;Non renseigné;BIOSTIME 2 Lait pdre bio 2ème âge B/800g;0.055;31.17;0.3;6;1
6091504;;3700763535715;H&H Biostime;Non renseigné;BIOSTIME 3 Lait pdre bio 3ème âge B/800g;0.055;26.74;0.3;6;1
;3400930063057;;H2 Pharma;Non renseigné;POTASSIUM H2 PHARMA 25 mg/ml Sirop Fl/200ml;0.021;5.87;0.14;20;1
;;3443550000088;H2O PHARM;Non renseigné;SAMPAR PRESENTOIR DE 30 MASQUES HYDRAFUSE COLLAGENE 4H;0.2;177;0.39;1;1
;;3760424430001;H2O PHARM;Non renseigné;SERINGUE POUR IRRIGATION NASALE LOT DE 2;0.2;1.99;0.47;1;1
;;3760424430018;H2O PHARM;Non renseigné;SERINGUE POUR IRRIGATION NASALE GRENOUILLE LOT DE 2;0.2;2.29;0.37;1;1
;;3760424430025;H2O PHARM;Non renseigné;SERINGUE POUR IRRIGATION NASALE LAPIN LOT DE 2;0.2;2.29;0.37;1;1
;;3760424430032;H2O PHARM;Non renseigné;SERINGUE POUR IRRIGATION NASALE OURSON LOT DE 2;0.2;2.29;0.37;1;1
;;3760424430049;H2O PHARM;Non renseigné;SERINGUE POUR IRRIGATION NASALE POUSSIN LOT DE 2;0.2;2.29;0.37;1;1
;;3760424430056;H2O PHARM;Non renseigné;AXYNOV OXYMETRE DE POULS;0.2;10.99;0.29;1;1
;;3760424430100;H2O PHARM;Non renseigné;THERMOMETRE DIGITAL FLEXIBLE BLEU;0.2;1.39;0.23;1;1
;;3760424430131;H2O PHARM;Non renseigné;THERMOMETRE DIGITAL FLEXIBLE ROSE;0.2;1.39;0.23;1;1
;;3760424430186;H2O PHARM;Non renseigné;THERMOMETRE DIGITAL ENFANT PANDA;0.2;1.99;0.19;1;1
;;3760424430209;H2O PHARM;Non renseigné;THERMOMETRE DIGITAL ENFANT OURSON;0.2;1.99;0.19;1;1
;;3760424430223;H2O PHARM;Non renseigné;INHALATEUR PLASTIQUE BLANC;0.2;3.99;0.25;1;1
;;3760424430254;H2O PHARM;Non renseigné;INHALATEUR PLASTIQUE BLEU;0.2;4.2;0.2;1;1
;;3760424430292;H2O PHARM;Non renseigné;CUILLERE SILICONE BEBE BLEU;0.2;2.39;0.18;1;1
;;3760424430308;H2O PHARM;Non renseigné;CUILLERE SILICONE BEBE ROSE;0.2;2.39;0.18;1;1
;;3760424430315;H2O PHARM;Non renseigné;BOITE DOSEUSE LAIT BLEU;0.2;3.29;0.16;1;1
;;3760424430322;H2O PHARM;Non renseigné;BOITE DOSEUSE LAIT ROSE;0.2;3.29;0.16;1;1
;;3760424430339;H2O PHARM;Non renseigné;TETINE FRUIT BEBE BLEU;0.2;2.39;0.16;1;1
;;3760424430346;H2O PHARM;Non renseigné;TETINE FRUIT BEBE ROSE;0.2;2.39;0.16;1;1
;;3760424430384;H2O PHARM;Non renseigné;ECRASE ET COUPE MEDICAMENT;0.2;2.39;0.15;1;1
;;3760424430391;H2O PHARM;Non renseigné;TETINE MEDICAMENT BEBE BLEU;0.2;2.39;0.16;1;1
;;3760424430407;H2O PHARM;Non renseigné;TETINE MEDICAMENT BEBE ROSE;0.2;2.39;0.16;1;1
;;3760424430452;H2O PHARM;Non renseigné;Pilulier hebdomadaire 28 jours (BS0097HQ);0.2;3.59;0.14;1;1
;;3760424430537;H2O PHARM;Non renseigné;Pilulier hebdomadaire de 7 jours (BS0093J) BLEU;0.2;1.19;0.12;1;1
;;3760424430803;H2O PHARM;Non renseigné;TEST D'OVULATION X3;0.2;2.79;0.34;1;1
;;3760424430810;H2O PHARM;Non renseigné;TEST D'OVULATION X5;0.2;3.79;0.3;1;1
;;3760424430827;H2O PHARM;Non renseigné;BRUMISATEUR 200 ML ROSE;0.2;2.49;0.18;1;1
;;3760424430841;H2O PHARM;Non renseigné;BRUMISATEUR 200ML VERT;0.2;2.49;0.18;1;1
;;3760424430902;H2O PHARM;Non renseigné;PISTOLET DE MASSAGE;0.2;13.99;0.22;1;1
;;3760424430919;H2O PHARM;Non renseigné;Pilulier hebdomadaire de 7 jours (BS0093J) ROSE;0.2;1.19;0.12;1;1
3323152;3400933231521;;Haleon France (GSK);Advil;ADVIL 200 mg Cpr enr Plq/3x10 (30);0.1;4.8;0.24;168;1
3816297;3400938162974;;Haleon France (GSK);Advil;ADVILCAPS 200 mg Caps molle Plq/16;0.1;4.27;0.24;168;1
3817115;3400938171150;;Haleon France (GSK);Advil;ADVIL 400 mg Cpr enr Plq/14;0.1;5.14;0.24;280;6
3828662;3400938286625;;Haleon France (GSK);Advil;ADVILCAPS 400 mg Caps molle Plaq/14;0.1;6.17;0.24;168;6
3365788;3400933657888;;Haleon France (GSK);Autres OTC;PURSENNIDE 20 mg Cpr enr 1Plq/20;0.1;6.14;0.25;120;6
;;3094901304319;Haleon France (GSK);Bucco-dentaire;SENSODYNE PRECIS Br dents souple;0.2;3.53;0.28;12;1
;;3094905556882;Haleon France (GSK);Bucco-dentaire;PARODONTAX GENCIVES+SENSIBILITE Dentif 2T/75;0.2;11.94;0.28;12;1
;;3094905565228;Haleon France (GSK);Bucco-dentaire;PARODONTAX REPARATION ACTIVE GENCIVES Dentifrice 2T/75ml;0.2;11.89;0.28;12;1
;;5054563015648;Haleon France (GSK);Bucco-dentaire;PARODONTAX Dentif fraîch intense 2T/75ml;0.2;10.77;0.28;12;1
;;5054563019707;Haleon France (GSK);Bucco-dentaire;POLIDENT Cr adhés protect genc T/40g;0.2;5.71;0.28;24;1
;;5054563022455;Haleon France (GSK);Bucco-dentaire;SENSODYNE PROTECTION COMP Pâte dtf 2T/75ml;0.2;9.2;0.28;12;6
;;5054563022493;Haleon France (GSK);Bucco-dentaire;SENSODYNE PROTECTION COMP Pâte dtf T/75ml;0.2;5.41;0.28;12;6
;;5054563022530;Haleon France (GSK);Bucco-dentaire;POLIDENT Cr adhés fix forte T/40g;0.2;5.46;0.28;24;3
;;5054563022578;Haleon France (GSK);Bucco-dentaire;POLIDENT TOTAL ACTION Cr adhés app dent T/40g;0.2;5.71;0.28;24;1
;;5054563041555;Haleon France (GSK);Bucco-dentaire;PARODONTAX COMPLETE PROTECTION Dentif T/75ml;0.2;6.58;0.28;12;6
;;5054563042675;Haleon France (GSK);Bucco-dentaire;PARODONTAX COMPLETE PROTECTION Dentif 2T/75ml;0.2;11.83;0.28;12;6
;;5054563061706;Haleon France (GSK);Bucco-dentaire;POLIDENT MAXIMUM CONTROLE Cr adhésive T/70g;0.2;9.17;0.28;24;1
;;5054563073693;Haleon France (GSK);Bucco-dentaire;PARODONTAX HERBAL SENSATION Dentif 2T/75ml;0.2;10.77;0.28;12;1
;;5054563157041;Haleon France (GSK);Bucco-dentaire;PARODONTAX REPAR ACTIVE Dentif T/75ml;0.2;6.61;0.28;12;1
;;5054563211361;Haleon France (GSK);Bucco-dentaire;SENSODYNE PROFESSIONAL REPARATEUR Pâte dentifrice éclat blancheur T/75ml;0.2;7.11;0.28;12;1
;;5054563211712;Haleon France (GSK);Bucco-dentaire;SENSODYNE PROFESSIONAL REPARATEUR Pâte dentifrice nettoyage intense T/75ml;0.2;7.11;0.28;12;1
;;5054563213662;Haleon France (GSK);Bucco-dentaire;PARODONTAX RENFORCE ET PROTEGE Dentifrice menthe fraîche T/75ml;0.2;6.64;0.28;12;1
;;5054563230195;Haleon France (GSK);Bucco-dentaire;PARODONTAX RENFORCE ET PROTEGE Bain bouche menthe fraîche Fl/500ml;0.2;7.16;0.28;8;1
;;5054563240316;Haleon France (GSK);Bucco-dentaire;PARODONTAX RENFORCE ET PROTEGE Dentifrice menthe fraîche 2T/75ml;0.2;11.94;0.28;12;1
;;5054563256003;Haleon France (GSK);Bucco-dentaire;SENSODYNE EXP REPAR PROT Pâte dtf ment T/75ml;0.2;6.04;0.28;12;1
;;5054563256058;Haleon France (GSK);Bucco-dentaire;SENSODYNE EXP REPAR PROT Pâte dtf ment 2/75ml;0.2;10.27;0.28;12;1
;;5054563256379;Haleon France (GSK);Bucco-dentaire;SENSODYNE EXP SENS PROT Pâte dtf ment T/75ml;0.2;6.04;0.28;12;1
;;5054563256423;Haleon France (GSK);Bucco-dentaire;SENSODYNE EXP SENS PROT Pâte dtf ment 2T/75ml;0.2;10.27;0.28;12;1
;;5054563256478;Haleon France (GSK);Bucco-dentaire;SENSODYNE EXPERT PROTECT RAPIDE ACTION Pâte dentifrice 2T/75ml;0.2;10.27;0.28;12;1
;;5054563256522;Haleon France (GSK);Bucco-dentaire;SENSODYNE EXPERT PROTECT RAPIDE ACTION Pâte dentifrice T/75ml;0.2;6.04;0.28;12;1
;;5054563258724;Haleon France (GSK);Bucco-dentaire;SENSODYNE PRO EMAIL ENF Dentif fraise T/50ml;0.2;3.82;0.28;12;1
;;5054563281036;Haleon France (GSK);Bucco-dentaire;POLIDENT NETT ORTHODONTIQ CPR 36;0.2;4.91;0.28;24;1
;;5054563281234;Haleon France (GSK);Bucco-dentaire;POLIDENT NETTOYANT TOTAL ACTION X66;0.2;7.83;0.28;24;1
;;5054563281289;Haleon France (GSK);Bucco-dentaire;POLIDENT NETTOYANT QUOT MENTHE FRAICHE 66CPS;0.2;7.83;0.28;24;1
;;5054563948724;Haleon France (GSK);Bucco-dentaire;PARODONTAX CPLETE Bain bch Fl/500ml;0.2;7.16;0.28;8;1
;;5054563948960;Haleon France (GSK);Bucco-dentaire;SENSODYNE JUNIOR PRO-EMAIL Dentifrice menthe T/50ml;0.2;3.82;0.28;12;1
2564959;3401325649597;3094904500909;Haleon France (GSK);Bucco-dentaire;PARODONTAX Gel cr dentif 2T/75ml;0.2;10.77;0.28;12;1
2592571;3401325925714;3094904756986;Haleon France (GSK);Bucco-dentaire;SENSODYNE PRO Pâte dtf Classic dt sens2T/75ml;0.2;9.2;0.28;12;1
4242148;3401342421480;3094904242144;Haleon France (GSK);Bucco-dentaire;PARODONTAX Bain bch quot Fl/500ml;0.2;6.95;0.28;8;1
4793859;3401347938594;3094904757235;Haleon France (GSK);Bucco-dentaire;PARODONTAX Pâte ging 2T/75ml;0.2;10.46;0.28;12;6
6005300;3401560053005;3094904500893;Haleon France (GSK);Bucco-dentaire;PARODONTAX BLANCHEUR Pâte gin T/75ml;0.2;6.18;0.28;12;6
6320355;;3094904501173;Haleon France (GSK);Bucco-dentaire;PARODONTAX BLANCHEUR Pâte gin 2T/75ml;0.2;10.67;0.28;12;6
6417735;3401364177358;3094906417731;Haleon France (GSK);Bucco-dentaire;SENSODYNE PRO Pâte dtf Classic dt sens T/75ml;0.2;5.41;0.28;12;1
6933465;;3094904501166;Haleon France (GSK);Bucco-dentaire;PARODONTAX Dentif fraîch intense T/75ml;0.2;6.24;0.28;12;6
7024104;3401070241046;3094907024105;Haleon France (GSK);Bucco-dentaire;COREGA ULTRA Pdr adhés Fl/40ml;0.2;7.88;0.28;144;1
7248950;3401372489504;3094907248952;Haleon France (GSK);Bucco-dentaire;PARODONTAX Pâte gin T/75ml;0.2;6.18;0.28;12;6
7614981;3401376149817;3094907614986;Haleon France (GSK);Bucco-dentaire;PARODONTAX Gel cr dtf T/75ml;0.2;6.24;0.28;12;1
;3401560300048;;Haleon France (GSK);Centrum;CENTRUM MEN 50 + Cpr B/30;0.055;15.65;0.25;96;1
2764983;3400927649837;;Haleon France (GSK);Nexium;NEXIUM CONTROL 20 mg Cpr gastro-rés Plq/7;0.1;10;0.25;240;6
2765008;3400927650086;;Haleon France (GSK);Nexium;NEXIUM CONTROL 20 mg Cpr gastro-rés Plq/14;0.1;16.91;0.25;200;5
;;5054563104823;Haleon France (GSK);Non renseigné;SERUM PHYSIOLOGIQUE PRORHINEL 30Unidoses/5ml;0.2;4;0.3;30;1
3723012;3400937230124;;Haleon France (GSK);Non renseigné;VOLTARENSPE 1 % Gel T/100g;0.1;11.3;0.24;36;6
3918394;3400939183947;;Haleon France (GSK);Non renseigné;ADARTREL 0,25 mg Cpr pell Plaq/12;0.1;1.69;0.14;0;1
3918402;3400939184029;;Haleon France (GSK);Non renseigné;ADARTREL 0,50 mg Cpr pell Plaq/28;0.1;6.21;0.14;0;1
;;3094905532558;Haleon France (GSK);Prorhinel;PRORHINEL Spray nasal enfant-adulte 2Fl/100ml;0.2;11.28;0.32;12;1
;;3094905532596;Haleon France (GSK);Prorhinel;PRORHINEL Spray nasal Nourr jeune Enf 2/100ml;0.2;11.28;0.32;12;1
;3401597356544;;Haleon France (GSK);Prorhinel;PRORHINEL S nas Ad jet tonique Spr/100ml;0.2;8.41;0.32;24;1
2034629;3401020346296;3401020346296;Haleon France (GSK);Prorhinel;PRORHINEL Embt nas jet sple B/10;0.2;6.77;0.32;30;1
2052478;3401520524781;;Haleon France (GSK);Prorhinel;PRORHINEL Embt nas jet B/20;0.2;12.7;0.32;18;5
3496763;3400934967634;;Haleon France (GSK);Prorhinel;PRORHINEL S nas rhume 20Amp/5ml;0.1;5.86;0.32;21;1
4365230;3401043652305;;Haleon France (GSK);Prorhinel;PRORHINEL S nas Enf Ad Spr/100ml;0.2;7.71;0.32;24;1
4366034;3401043660348;;Haleon France (GSK);Prorhinel;PRORHINEL S nas Nourr jeune Enf Spr/100ml;0.2;7.71;0.32;24;6
4857387;3401048573872;;Haleon France (GSK);Prorhinel;PRORHINEL Mche-BB ergonomique cplt;0.2;9.72;0.32;60;5
5206864;3401052068647;;Haleon France (GSK);Prorhinel;PRORHINEL EXTRA EUCALYPTUS S nas décong 20ml;0.2;9.37;0.32;24;6
8175667;3401081756676;;Haleon France (GSK);Prorhinel;PRORHINEL S nas Enf-Ad Aloé Véra Spr/100ml;0.2;7.63;0.32;24;1
3405128;3400934051289;3400934051289;Haleon France (GSK);Skin & Bien-être;ACTIVIR 5 % Cr T pompe /2g;0.1;9.49;0.25;72;6
3457349;3400934573491;3400934573491;Haleon France (GSK);Skin & Bien-être;ACTIVIR 5 % Cr T/2g;0.1;4.81;0.25;72;6
3585768;3400935857682;;Haleon France (GSK);Skin & Bien-être;DERMOFENAC 0,5 % Cr démangeaison T/15g;0.1;6.09;0.25;234;1
;;5054563932792;Haleon France (GSK);Voltanatura;VOLTANATURA Gel mass à base de plantes T/100m;0.2;13.56;0.24;36;3
;;5054563932839;Haleon France (GSK);Voltanatura;VOLTANATURA Gel mass à base de plantes T/50ml;0.2;8.32;0.24;36;3
;3400930148051;;Haleon France (GSK);Voltarenactigo;VOLTARENACTIGO 1 % Gel 1T applic lamin/75g;0.1;10.5;0.24;36;1
;3400930231760;;Haleon France (GSK);Voltarenactigo;VOLTARENSPE 2 % Gel T/50g;0.1;10.24;0.24;42;1
;3400930287316;;Haleon France (GSK);Voltarenactigo;VOLTARENACTIGO 140 mg Emplâtre médic Sach/5;0.1;13.73;0.24;22;5
;3400930287323;;Haleon France (GSK);Voltarenactigo;VOLTARENACTIGO 140 mg Emplâtre médic Sach/7;0.1;17.36;0.24;22;5
2740758;3400927407581;;Haleon France (GSK);Voltarenactigo;VOLTARENACTIGO INTENSE 2 % Gel T/30g;0.1;7.38;0.24;50;5
2800779;3400928007797;;Haleon France (GSK);Voltarenactigo;VOLTARENACTIGO 1 % Gel 1T lamin/100g;0.1;10.69;0.24;36;6
3723035;3400937230353;;Haleon France (GSK);Voltarenactigo;VOLTARENACTIGO 1 % Gel 1T lamin/60g;0.1;7.7;0.24;42;6
;;4052199316253;Hartmann;Confiance;CONFIANCE MOBILE Slip absorbant jetable 8G L Sach/14;0.2;38.55;0.48;4;1
;;4052199502915;Hartmann;Confiance;CONFIANCE RECTA Prot ana absp 5G droit Sac/28;0.2;16.42;0.48;4;1
;;4052199503943;Hartmann;Confiance;CONFIANCE ELASTIC Chge cpl anat 9G TL Sac/14;0.2;22.91;0.48;4;1
;;4052199504407;Hartmann;Confiance;CONFIANCE ELASTIC Chge cpl anat 10G TM Sac/14;0.2;22.13;0.48;4;1
;;4052199504469;Hartmann;Confiance;CONFIANCE ELASTIC Chg cpl anat 10G TXL Sac/14;0.2;32.69;0.48;4;1
;;4052199505701;Hartmann;Confiance;CONFIANCE Alèze niveau 6 Sach/30;0.2;18.3;0.48;4;1
;;4052199507101;Hartmann;Confiance;CONFIANCE Alèze niveau 8 Sach/30;0.2;23.89;0.48;4;1
;;4052199581743;Hartmann;Confiance;CONFIANCE MEN Slip absorbant jetable absorption 5 Gouttes medium étui/8;0.2;12.84;0.48;4;1
;;4052199603155;Hartmann;Confiance;CONFIANCE SECURE Prot ana absor 8G Sach/32;0.2;47.77;0.48;4;1
;;4052199664309;Hartmann;Confiance;CONFIANCE LADY Protection anatomique incontinence 1 goutte Paq/28;0.2;6.38;0.48;8;1
;;4052199664347;Hartmann;Confiance;CONFIANCE LADY Protect ana incont 2G Sac/12;0.2;6.24;0.48;16;1
;;4052199664385;Hartmann;Confiance;CONFIANCE LADY Protect ana incont 4G Sac/14;0.2;8.99;0.48;12;1
;;4052199664422;Hartmann;Confiance;CONFIANCE LADY Protect ana incont 5G Sac/14;0.2;12.12;0.48;12;1
;;4052199664507;Hartmann;Confiance;CONFIANCE MEN Protection anatomique absorption 2 Gouttes B/14;0.2;11.86;0.48;8;1
;;4052199664583;Hartmann;Confiance;CONFIANCE MEN Protection anatomique absorption 4 Gouttes Paq/14;0.2;11.76;0.48;8;1
;;4052199664620;Hartmann;Confiance;CONFIANCE MEN Protection anatomique absorption 5 Gouttes Paq/14;0.2;13.35;0.48;8;1
;;4052199692289;Hartmann;Confiance;CONFIANCE LADY ABSORPTION 3G;0.2;7.29;0.48;12;1
6036390;;4052199316314;Hartmann;Confiance;CONFIANCE MOBILE Slip absorb jetab 10G M S/14;0.2;39.4;0.48;3;1
6036391;;4052199316345;Hartmann;Confiance;CONFIANCE MOBILE Slip absorb jetab 10G L S/14;0.2;42.68;0.48;4;1
6036392;;4052199277271;Hartmann;Confiance;CONFIANCE MOBILE Slip absorb jetab 10G XL /14;0.2;48.47;0.48;4;1
6093620;;4052199277769;Hartmann;Confiance;CONFIANCE LADY Slip absorp 5G M Sach/8;0.2;14.91;0.48;8;1
6235780;;4052199504438;Hartmann;Confiance;CONFIANCE ELASTIC Chge cpl anat 10G TL Sac/14;0.2;26.25;0.48;4;1
6437778;3401564377787;4052199316284;Hartmann;Confiance;CONFIANCE MOBILE Slip absor jet nuit TXL S/14;0.2;43.81;0.48;4;1
6437790;3401564377909;4052199316109;Hartmann;Confiance;CONFIANCE MOBILE Slip absorb jetab TM Sach/14;0.2;30.97;0.48;3;1
6437815;3401564378159;4052199316161;Hartmann;Confiance;CONFIANCE MOBILE Slip absorb jetab TXL S/14;0.2;38.32;0.48;4;1
6437838;3401564378388;4052199316130;Hartmann;Confiance;CONFIANCE MOBILE Slip absorb jetab TL Sach/14;0.2;33.53;0.48;4;1
6437844;3401564378449;4052199316222;Hartmann;Confiance;CONFIANCE MOBILE Slip absorb jet nuit TM S/14;0.2;35.61;0.48;3;1
6437850;3401564378500;4052199210063;Hartmann;Confiance;CONFIANCE MOBILE Slip absorb jet nuit TS S/14;0.2;34.31;0.48;6;1
7440363;3401074403631;4049500967655;Hartmann;Cosmopor E;COSMOPOR E STERIL Pans adh str+comp 5x7,2cm 10;0.2;2.3;0.45;21;1
;;4046871010829;Hartmann;Dermaplast;DERMAPLAST BRULUR Pans imperm 4.3X6.8cm B/8;0.2;4;0.36;80;1
;;4046871010867;Hartmann;Dermaplast;DERMAPLAST ERAFLURES Pans 4,5x6,5cm B/4;0.2;3.47;0.36;160;1
;;4046871010904;Hartmann;Dermaplast;DERMAPLAST AMPOULES Pans 3 tailles 18x48mm ; 45x70mm B/6;0.2;3.47;0.36;60;1
;;4052199535111;Hartmann;Dermaplast;DERMAPLAST SOFT Pans 40x120mm B/250;0.2;4.49;0.36;60;1
;;4052199613277;Hartmann;Dermaplast;DERMAPLAST COMF Pans adh préd 2 tailles 19x72mm ; 25x72mm B/20;0.2;2.27;0.36;200;1
;;4052199613314;Hartmann;Dermaplast;DERMAPLAST SOFT SILICONE Pans 2 tailles 25x72mm ; 40x60mm B/8;0.2;3.14;0.36;200;1
;;4052199613338;Hartmann;Dermaplast;DERMAPLAST KIDS Pans adhésif 2 tailles 16x57mm ; 19x72mm B/20;0.2;2.27;0.36;200;1
;;4052199613352;Hartmann;Dermaplast;DERMAPLAST AQUA Pans adh préd 3 tailles 25x72mm ; 30x40mm ; 40x60mm B/20;0.2;2.27;0.36;200;1
;;4052199613390;Hartmann;Dermaplast;DERMAPLAST FLEXIBLE Pans adhésif 6x10cm B/10;0.2;2.27;0.36;200;1
7693153;;8428012300598;Hartmann;Extensa Plus;EXTENSA PLUS Bde adh élast blanc 6cmx2,5m;0.2;5.03;0.3;18;1
6004059;;4052199242668;Hartmann;Hydroclean;HYDROCLEAN ADVANC Pans ir-abs diam 4cm B/10;0.2;17.09;0.04;6;1
6216828;;4052199300986;Hartmann;Hydroclean;HYDROCLEAN ADV CAV Pans ir-abs diam 4cm B/10;0.2;17.09;0.04;6;1
7359738;;4049500998680;Hartmann;Medicomp;MEDICOMP Compr st n tiss 40g 7,5x7,5 10Sach/2;0.2;0.84;0.05;28;1
7564473;;4049500998741;Hartmann;Medicomp;MEDICOMP Compr st n tiss 40g 7,5x7,5 50Sach/2;0.2;2.84;0.05;12;1
7564496;;4049500998765;Hartmann;Medicomp;MEDICOMP Compr st n tiss 40g 10x10cm 50Sach/2;0.2;3.83;0.05;12;1
;;3261480000738;Hartmann;Mediset;MEDISET POST-OP Set pans gde plai ote-agr B/3;0.2;8.93;0.23;6;1
;;3261480001186;Hartmann;Mediset;MEDISET Set pansement mèchage B/1;0.2;6.65;0.13;4;1
;;3261480001544;Hartmann;Mediset;MEDISET Set pos perf vein frag ou SC;0.2;8.74;0.13;10;1
;;3261480001698;Hartmann;Mediset;MEDISET PERFUSION Set pose IV périph;0.2;8.74;0.13;10;1
;;3261480002565;Hartmann;Mediset;MEDISET POST-OP Set pans grandes plaies B/3;0.2;8.45;0.23;6;1
;;3261480002596;Hartmann;Mediset;MEDISET POST-OP Set pans moyennes plaies B/3;0.2;6.62;0.23;12;1
;;3261480002626;Hartmann;Mediset;MEDISET POST-OP Set pans petites plaies B/3;0.2;5.45;0.23;12;1
;;3261480004644;Hartmann;Mediset;MEDISET Set std plaies chronq +2ciseaux B/5;0.2;6.65;0.13;12;1
6161282;3401161612823;3261480002411;Hartmann;Mediset;MEDISET Set déters plaies chroniqu B/5;0.2;6.65;0.13;12;1
6234937;;3261480000677;Hartmann;Mediset;MEDISET Set sondage urinaire;0.055;3.72;0.13;12;1
;;4052199298955;Hartmann;Non renseigné;VEROVAL DUO CONTR tensiomètre bras large;0.2;79.71;0.45;4;1
4234551;;4049500970952;Hartmann;Non renseigné;COSMOPOR E STERIL Pans adh st+co 5x7,2cm B/50;0.2;3.29;0.1;20;1
7440392;;4049500967693;Hartmann;Non renseigné;COSMOPOR E STERIL Pans adh str+comp 8x10cm 10;0.2;4.54;0.45;21;1
7440417;;4049500967730;Hartmann;Non renseigné;COSMOPOR E STERIL Pans adh str+comp 10x20cm B/10;0.2;11.07;0.45;20;1
7440446;;4049500967778;Hartmann;Non renseigné;OMNIFIX ELASTIC Bde adh ext 10cmx10m;0.2;5.84;0.05;36;1
7639188;;4049500208918;Hartmann;Non renseigné;OMNIFIX ELASTIC Bde adh ext 10cmx5m;0.2;3.74;0.05;36;1
7644798;;4049500209014;Hartmann;Non renseigné;COSMOPOR E STERIL Pans adh str+comp 9x15cm 10;0.2;8.68;0.45;20;1
7219380;;4049500562102;Hartmann;Omnipor;OMNIPOR PLUS Sparad micropor 2,5cmx9,2m;0.2;1.1;0.05;40;1
;;4052199674773;Hartmann;Peha Haft;PEHA HAFT Bde cohésive sans latex 6cmx4m étui/1;0.2;1.56;0.45;20;1
;;4052199674810;Hartmann;Peha Haft;PEHA HAFT Bde cohésive sans latex 8cmx4m étui/1;0.2;1.66;0.45;20;1
;;4052199674858;Hartmann;Peha Haft;PEHA HAFT Bde cohésive sans latex 10cmx4m étui/1;0.2;1.77;0.45;20;1
;;4052199579504;Hartmann;Resposorb;RESPOSORB SILI BO Pan abs imp 12,5x12,5cm B10;0.2;22.32;0.2;6;1
;;4052199579542;Hartmann;Resposorb;RESPOSORB SILI BO Pans abs impte 10x10cm B/10;0.2;14.75;0.2;6;1
;;4052199580142;Hartmann;Resposorb;RESPOSORB SILI BO Pans abs impte 16x26cm B/10;0.2;53.85;0.2;6;1
;;4052199604909;Hartmann;Resposorb;RESPOSORB SILICONE Pans super absorbant 20x25cm Etui/10;0.2;60.67;0.2;6;1
;;4052199630533;Hartmann;Resposorb;RESPOSORB SILI BO Pan abs imp 17,5x17,5cm B10;0.2;41.64;0.2;6;1
7117484;3401571174843;4052199014708;Hartmann;Resposorb;RESPOSORB SUPER Pans sup abs 20x40cm B/10;0.2;76.77;0.2;5;1
7118259;3401171182590;4052199014678;Hartmann;Resposorb;RESPOSORB SUPER Pans sup abs 20x25cm B/10;0.2;60.67;0.2;6;1
7121770;3401571217700;4052199014586;Hartmann;Resposorb;RESPOSORB SUPER Pans sup abs 10x10cm B/10;0.2;14.9;0.2;6;1
7127927;3401571279272;4052199014616;Hartmann;Resposorb;RESPOSORB SUPER Pans sup abs 10x20cm B/10;0.2;28.91;0.2;6;1
7127956;3401571279562;4052199014647;Hartmann;Resposorb;RESPOSORB SUPER Pans sup abs 15x20cm B/10;0.2;42.06;0.2;6;1
;;4052199737669;Hartmann;Sterilux;STERILUX Bde crêpe coton 10cmx4m sous cello;0.2;1.34;0.05;1;1
;;8023546900032;Hartmann;Sterilux;STERILUX PADS BIO Rectang coton 8x10cm B/160;0.2;4.2;0.43;24;1
4465575;;4052199518442;Hartmann;Sterilux;STERILUX Bde extens 10cmx4m ss cello;0.2;0.58;0.45;240;1
4465598;;4052199518428;Hartmann;Sterilux;STERILUX Bde extens 7cmx4m ss cello;0.2;0.45;0.45;40;1
4465606;;4052199524771;Hartmann;Sterilux;STERILUX Bde extens 5cmx4m ss cello;0.2;0.31;0.45;40;1
6277294;;4046871010171;Hartmann;Sterilux;STERILUX PADS Rectangle coton hygiène B/200;0.2;4.4;0.43;18;1
6559659;;4049500967013;Hartmann;Sterilux;STERILUX Cot déma carré Sach/45;0.2;2.38;0.3;30;1
7174140;;4049500967037;Hartmann;Sterilux;STERILUX Disq démaq Sach/70;0.2;1.96;0.3;30;1
7627512;;4052199712543;Hartmann;Sterilux;STERILUX ES Compr gaze stéri 7,5x7,5 10Sach/2;0.2;0.86;0.05;60;1
7627587;;4052199712383;Hartmann;Sterilux;STERILUX ES Compr gaze stéri 10x10cm 50Sach/2;0.2;3.94;0.05;24;1
7858795;;4052199512341;Hartmann;Sterilux;STERILUX ES Compr ns 13fils 8ép 5x5cm 100;0.2;0.97;0.05;30;1
2154983;;4052199217765;Hartmann;Thermoval;THERMOVAL STAND Therm électron;0.2;3.97;0.45;48;1
4682172;3401546821727;4052199218243;Hartmann;Thermoval;THERMOVAL RAPID FLEX Therm élec wat blc;0.2;6.82;0.45;48;1
7881274;3401578812748;4052199217925;Hartmann;Thermoval;THERMOVAL RAPID Therm élec u-r blc;0.2;5.89;0.45;48;1
8143650;;4052199227788;Hartmann;Valaclean;VALACLEAN SOFT Gant toil thermosoudé B/50;0.2;4.87;0.1;20;1
9922423;;4052199014753;Hartmann;Valaclean;VALACLEAN SOFT Gant toil jetabl soudé B/50;0.2;2.69;0.1;24;1
6123754;;4710953423097;Hartmann;Veroval / Tensoval;VEROVAL COMPACT Tensiomètre électro poignet;0.2;25.22;0.45;8;1
9254220;;6970229250422;Hartmann;Veroval / Tensoval;VEROVAL COMPACT Tensiomètre électro bras;0.2;36.6;0.45;16;1
7039086;;4049500413008;Hartmann;Zetuvit;ZETUVIT Pans absorb stér 10x10cm B/10;0.2;2.77;0.05;6;1
7039092;;4049500413015;Hartmann;Zetuvit;ZETUVIT Pans absorb stér 10x20cm B/10;0.2;5.27;0.05;6;1
7039100;;4049500413022;Hartmann;Zetuvit;ZETUVIT Pans absorb stér 15x20cm B/10;0.2;7.56;0.05;6;1
7039117;;4049500243728;Hartmann;Zetuvit;ZETUVIT Pans absorb stér 20x25cm B/10;0.2;12.13;0.05;6;1
9629805;3401096298055;4049500736374;Hartmann;hydrotac;HYDROTAC COMFORT Pans hyd hydrogel 8x8cm B/10;0.2;9.29;0.04;6;1
9968393;3401099683933;4049500833615;Hartmann;hydrotac;HYDROTAC COMFORT Pans hydrocl 10x20cm B/10;0.2;28.62;0.04;6;1
9968418;3401099684183;4049500833585;Hartmann;hydrotac;HYDROTAC COMFORT Pans hydrocl 6,5x10cm B/10;0.2;9.29;0.04;6;1
;;3286010067814;Havea ( Laudavie - Nutrisanté);Laudavie;CALMOSINE PROBIOTIQUE IMMUNITE S buv Fl/9ml;0.055;15.43;0.25;1;1
;;3286010067821;Havea ( Laudavie - Nutrisanté);Laudavie;CALMOSINE PROBIOTIQUE COLIQUES S buv Fl/9ml;0.055;14.39;0.25;1;1
;;3286010117069;Havea ( Laudavie - Nutrisanté);Laudavie;CALMOSINE POST PARTUM ALLAITEMENT Gél B/60;0.055;21.9;0.25;6;1
;;3286010125019;Havea ( Laudavie - Nutrisanté);Laudavie;CALMOSINE BEBE DIG + S buv Fl pompe/30ml;0.055;15.9;0.25;12;1
;;3664391000000;Havea ( Laudavie - Nutrisanté);Laudavie;CALMOSINE ALLAIT Boisson 14d/10ml;0.055;16.21;0.25;12;1
4091034;;3664391000116;Havea ( Laudavie - Nutrisanté);Laudavie;CALMOSINE DIGEST Boisson apais ext plte 100ml;0.055;13.58;0.28;24;3
4091040;;3664391000123;Havea ( Laudavie - Nutrisanté);Laudavie;CALMOSINE DIGEST Boisson apais ext plte 12d;0.055;13.58;0.25;12;3
6246630;;3664391000109;Havea ( Laudavie - Nutrisanté);Laudavie;CALMOSINE SOMM BIO Boisson relax ext plte 14d;0.055;16.05;0.25;12;1
;;3286010089526;Havea ( Laudavie - Nutrisanté);Non renseigné;CALMOSINE MICROBIOTIQUE TRANSIT Pdr 20Sach;0.055;15.43;0.25;6;1
6286338;;3664391000208;Havea ( Laudavie - Nutrisanté);Non renseigné;CALMOSINE Gelée apais pouss dent bio 15ml;0.2;11.29;0.25;144;1
4271693;3401542716935;3515484271695;Havea ( Laudavie - Nutrisanté);Nutrisanté;MANHAE Caps ménopause B/30;0.055;22.5;0.25;36;1
4271701;3401542717017;3515484271701;Havea ( Laudavie - Nutrisanté);Nutrisanté;MANHAE Caps ménopause B/60;0.055;36;0.25;24;1
6154812;;3515450053188;Havea ( Laudavie - Nutrisanté);Nutrisanté;MANHAE INTIMA EQUILIBRE Gél B/30;0.055;21.99;0.25;12;1
9935689;3401599356894;3515450011249;Havea ( Laudavie - Nutrisanté);Nutrisanté;MANHAE Caps ménopause B/90;0.055;52.4;0.25;24;1
;;5010724000328;Hero Mighty;Non renseigné;HERO MIGHTY PATCH ORIGINAL Patch nuit B/24;0.2;7.38;0.28;24;1
;;5010724000434;Hero Mighty;Non renseigné;HERO MIGHTY PATCH INVISIBLE+ Patch jour B/24;0.2;8.05;0.28;24;1
;;5010724000496;Hero Mighty;Non renseigné;HERO MIGHTY PATCH ORIGINAL Patch nuit XL B/10;0.2;11.53;0.28;1;1
;;5010724000526;Hero Mighty;Non renseigné;HERO MIGHTY PATCH DUO Patch B/6jour+6nuit;0.2;5.13;0.28;24;1
;;5010724003145;Hero Mighty;Non renseigné;HERO MIGHTY PATCH Patch nez B/10;0.2;13.74;0.28;24;1
;;3664490000086;Horus Pharma;Non renseigné;NEOVIS TOTAL MULT S opht lubr inst oc Fl/15ml;0.2;9.82;0.14;306;1
;;3664490000338;Horus Pharma;Non renseigné;CAMOLID Solution Camomil 15d/5ml;0.2;8.28;0.23;24;1
;;3664490002004;Horus Pharma;Non renseigné;NATUROPHTA NEURO Cpr B/30;0.055;18.38;0.23;1;1
;;3664490002257;Horus Pharma;Non renseigné;NATUROPHTA NEURO Cpr B/90;0.055;53.2;0.3;1;1
;;3664490007252;Horus Pharma;Non renseigné;ILAST SUNPROTECT SPF50 Stick solaire contour des yeux et visage 15g;0.2;10;0.23;1;1
;;3664490010252;Horus Pharma;Non renseigné;NATUROPHTA MACULA Caps B/60;0.055;29.19;0.23;1;1
;;3664490040259;Horus Pharma;Non renseigné;ILAST Lingette nettoyante stérile B/20;0.2;11.07;0.23;48;1
;;4028694001413;Horus Pharma;Non renseigné;VISMED GEL MULTI S ocul stér lubrif Fl/15ml;0.2;9.71;0.14;160;1
;;8032668873001;Horus Pharma;Non renseigné;HYDRAMED NIGHT SENSITIVE Pom opht lubrifiante T/5g;0.2;4.04;0.04;1;1
;3401060210120;;Horus Pharma;Non renseigné;NEOVIS TOTAL S opht lubr inst oc 30unid/0,4ml;0.2;9.35;0.11;48;1
2012817;3401520128170;3664490022507;Horus Pharma;Non renseigné;ODM 5 S opht oedèmes cornéens Fl/10ml;0.2;9.41;0.14;240;1
2120688;3401521206884;;Horus Pharma;Non renseigné;MACULA-Z Caps visée oc B/120;0.055;60.48;0.3;84;1
3113437;3400931134374;;Horus Pharma;Non renseigné;VITAMINE B12 HORUS PHARMA 0,5 POUR MILLE Collyre en sol Fl/5ml;0.1;4.88;0.23;0;1
3672987;3400936729872;;Horus Pharma;Non renseigné;VIT B12 HORUS PH 0,05% Collyr s 20unid/0,4ml;0.1;6.65;0.23;55;1
3695310;3400936953109;;Horus Pharma;Non renseigné;CORAZED 1 % Cr T/15g;0.1;5.94;0.14;156;1
4404438;3401044044383;;Horus Pharma;Non renseigné;REGARD S lent sple multifonction Fl/60ml;0.2;4.27;0.23;30;1
4668031;3401546680317;;Horus Pharma;Non renseigné;MACULA-Z Caps visée oc B/30;0.055;20.04;0.23;118;1
5402714;3401054027147;;Horus Pharma;Non renseigné;REGARD S lent sple multifonction 3Fl/355ml;0.2;27.72;0.23;8;1
6042767;;4028694001468;Horus Pharma;Non renseigné;VISMED MULTI S ocul stér lubrif Fl/15ml;0.2;9.82;0.14;160;1
7493603;3401074936030;4028694000133;Horus Pharma;Non renseigné;VISMED S ocul stér lubrif 20Unid/0,3ml;0.2;6.71;0.14;66;1
7913040;3401079130402;;Horus Pharma;Non renseigné;REGARD S lent sple multifonction Fl/355ml;0.2;11.25;0.23;24;1
7993145;3401079931450;4028694000188;Horus Pharma;Non renseigné;VISMED Gel opht stér lubrif 20Unidoses/0,45ml;0.2;8.94;0.14;66;1
9607749;3401096077490;;Horus Pharma;Non renseigné;ILAST CARE Cr paupière cont yeux Fl air/30ml;0.2;19.11;0.23;50;1
9607755;3401096077551;;Horus Pharma;Non renseigné;ILAST HYDRACLEAN Gel paupière Fl air/50ml;0.2;13.88;0.23;50;1
9961190;3401599611900;8717964602004;Horus Pharma;Non renseigné;MACULA-Z ORO Cpr orod B/60;0.055;24.05;0.23;0;1
;;3760304100000;Hydratis;Non renseigné;HYDRATIS Past effervescente fruits des bois T/20;0.055;9;0.25;8;1
;;3760304100017;Hydratis;Non renseigné;HYDRATIS Past effervescente cirton fleurs de sureau T/20;0.055;9;0.25;8;1
;;3760304100024;Hydratis;Non renseigné;HYDRATIS Past effervescente pêche T/20;0.055;9;0.25;8;1
;;3760304100291;Hydratis;Non renseigné;HYDRATIS Past effervescente citronnelle ging T/20;0.055;9;0.25;8;1
;;3760304100369;Hydratis;Non renseigné;HYDRATIS Past effervescente cirton fleurs de sureau T/20 Pack de 8;0.055;72;0.25;1;1
;;3760304100376;Hydratis;Non renseigné;HYDRATIS Past effervescente fruits des bois T/20 Pack de 8;0.055;72;0.25;6;1
;;3760304100383;Hydratis;Non renseigné;HYDRATIS Past effervescente pêche T/20 Pack de 8;0.055;72;0.25;6;1
;;3760304100390;Hydratis;Non renseigné;HYDRATIS Past effervescente citronnelle ging T/20 Pack de 8;0.055;72;0.25;1;1
;;3760304100819;Hydratis;Non renseigné;HYDRATIS Past effervescente noix de coco T/20;0.055;9;0.25;8;1
;;3760304100857;Hydratis;Non renseigné;HYDRATIS Past effervescente noix de coco T/20 Pack de 8;0.055;72;0.25;1;1
;;3760304100949;Hydratis;Non renseigné;HYDRATIS Past effervescente miel citron T/20;0.055;9;0.25;8;1
;;3760304101021;Hydratis;Non renseigné;HYDRATIS Past effervescente pastèque T/20;0.055;9;0.25;8;1
;;3760304101038;Hydratis;Non renseigné;HYDRATIS Past effervescente pastèque T/20 Pack de 8;0.055;72;0.25;1;1
;;3760304101120;Hydratis;Non renseigné;HYDRATIS Past effervescente neutre T/20;0.055;9;0.25;8;1
;;3760304101137;Hydratis;Non renseigné;HYDRATIS Past effervescente neutre T/20 Pack de 8;0.055;72;0.25;1;1
;;3760304101465;Hydratis;Non renseigné;HYDRATIS Past effervescente ananas T/20;0.055;9;0.25;8;1
;;3760304101472;Hydratis;Non renseigné;HYDRATIS Past effervescente ananas T/20 Pack de 8;0.055;72;0.25;1;1
;;3760304101625;Hydratis;Non renseigné;HYDRATIS Past effervescente kiwi T/20;0.055;9;0.25;8;1
;;3760304101656;Hydratis;Non renseigné;HYDRATIS Past effervescente kiwi T/20 Pack de 8;0.055;72;0.25;1;1
;;3760304101977;Hydratis;Non renseigné;HYDRATIS SUMMER Past effervescente pêche, gingembre, ananas T/10 Pack de 3;0.055;13.47;0.25;1;1
;3400930281178;;Ibsa - Genevrier;Chondrosulf;CHONDROSULF 800 mg Cpr Plq/30;0.1;24.9;0.2;27;1
;3400930281185;;Ibsa - Genevrier;Chondrosulf;CHONDROSULF 800 mg Cpr Plq/90;0.1;62.8;0.2;40;1
3359173;3400933591731;;Ibsa - Genevrier;Chondrosulf;CHONDROSULF 400 mg Gél Plq/84;0.1;26.2;0.2;60;6
;;3700640501833;Ibsa - Genevrier;Flect'Expert;FLECT'EXPERT Patch chaud B/5;0.2;12.45;0.2;44;1
2772132;3400927721328;;Ibsa - Genevrier;Flector;FLECTOR EFFIGEL 1 % Gel T/60g;0.1;6.05;0.2;98;6
2772155;3400927721557;;Ibsa - Genevrier;Flector;FLECTOR EFFIGEL 1 % Gel Fl/50g;0.1;7.05;0.2;56;6
3782233;3400937822336;;Ibsa - Genevrier;Flector;FLECTOR TISSUGEL EP 1 % Emplâtre médicamenteux B/5;0.1;14.25;0.2;44;6
3782256;3400937822565;;Ibsa - Genevrier;Flector;FLECTOR TISSUGEL EP 1 % Emplâtre médicamenteux B/10;0.1;25.45;0.2;36;6
4325957;3401043259573;;Ibsa - Genevrier;Ialuset;IALUSET Cr Ac hyalu Fl press/100g;0.2;5.99;0;42;1
7631235;3401076312351;;Ibsa - Genevrier;Ialuset;IALUSET Cr traitement des ulcères T/100g;0.2;5.99;0;49;1
7934869;3401079348692;;Ibsa - Genevrier;Ialuset;IALUSET PLUS Cr traitement des ulcères T/100g;0.2;11.9;0;49;1
;3400930277416;;Ibsa - Genevrier;Non renseigné;PROGIRON 25 mg S inj en seringue préremplie 7Ser/1,112ml;0.1;54.3;0;72;1
3049478;3400930494783;;Ibsa - Genevrier;Non renseigné;HEXAQUINE Cpr enr B/18;0.1;7.94;0.12;300;1
;;3700640501314;Ibsa - Genevrier;Orilyse;ORILYSE Goutte auriculaire Fl/20mL;0.2;5.35;0.2;100;1
;;8033638958100;Ibsa - Genevrier;Sinogel;SINOGEL S inj Ser préremp/3ml+Aig;0.2;106.51;0.1;1;1
;;8033638956939;Ibsa - Genevrier;Sinovial;SINOVIAL HIGH LOW S inj 3,2 % Ser prér/2ml;0.2;107.12;0.1;1;1
;;8033638956991;Ibsa - Genevrier;Sinovial;SINOVIAL ONE S inj 2% Ser/2,5ml;0.2;54.12;0.1;60;1
;3401060297220;8033638957011;Ibsa - Genevrier;Sinovial;SINOVIAL S inj Ser/2ml+Aig;0.2;19.4;0.1;1;1
9474751;3401094747517;8033638957004;Ibsa - Genevrier;Sinovial;SINOVIAL S inj 3Ser préremplies+aiguilles/2ml;0.2;53.96;0.1;24;1
;;3700225610301;Ineldea - URIACH France;Fisiocrem;FISIOCREM CREAM ACTIVE Cr T/200ml;0.2;19.92;0.1;1;1
;;3700225610318;Ineldea - URIACH France;Fisiocrem;FISIOCREM ACTIVE Patch B/4;0.2;14.1;0.1;1;1
;;4260018094903;Ineldea - URIACH France;Fisiocrem;FISIOCREM CREAM ACTIVE Cr T/60ml;0.2;7.12;0.1;1;1
;;8429603000521;Ineldea - URIACH France;Fisiocrem;FISIOCREM ACTIVE ICE Spray Fl/150ml;0.2;11.25;0.1;1;1
;;3700225640780;Ineldea - URIACH France;Ineldéa Santé Naturelle;MAFLORIL-10M Gél soutient flore intest B/30;0.055;23.6;0.1;1;1
;;3700225640834;Ineldea - URIACH France;Ineldéa Santé Naturelle;METABOSLIM Gél spécial graisse abdo 50+ E/90;0.055;21.7;0.1;1;1
;;3700225640889;Ineldea - URIACH France;Ineldéa Santé Naturelle;MAFLORIL ATB Gél soutien flore intest B/10;0.055;12.9;0.1;1;1
;;3700225641053;Ineldea - URIACH France;Ineldéa Santé Naturelle;MAFLORIL INTIMA Gél soutien flore vag B/30;0.055;25.7;0.1;1;1
;;3700225641114;Ineldea - URIACH France;Ineldéa Santé Naturelle;MAGNEFOR Gél équilibre nerveux B/90;0.055;15.9;0.1;1;1
;;3700225641138;Ineldea - URIACH France;Ineldéa Santé Naturelle;MENOGYNE Gél pré-ménopause ménopause B/60;0.055;26.6;0.1;58;1
;;3700225641206;Ineldea - URIACH France;Ineldéa Santé Naturelle;SOMNIL Gél sommeil naturel réparateur B/30;0.055;11.5;0.1;1;1
;;3700225641237;Ineldea - URIACH France;Ineldéa Santé Naturelle;SOMNIL Mélat flash Spray subling end hor 20ml;0.055;11.6;0.1;1;1
;;3700225641268;Ineldea - URIACH France;Ineldéa Santé Naturelle;TRANSIREGUL Gél régul transit int B/45;0.055;12.9;0.1;1;1
;;3700225641282;Ineldea - URIACH France;Ineldéa Santé Naturelle;SUPLEOX Gél antioxyd prot cellul B/30;0.055;20.4;0.1;1;1
;;3700225641398;Ineldea - URIACH France;Ineldéa Santé Naturelle;ALLERBIOL Gél conf voies respir B/60;0.055;25;0.1;1;1
;;3700225641428;Ineldea - URIACH France;Ineldéa Santé Naturelle;ARTROBIOL Gel confort articulaire et musculaire T/100ml;0.2;10.6;0.1;1;1
6270036;;3700225641077;Ineldea - URIACH France;Ineldéa Santé Naturelle;SUPLEFER Gél supplémentation en Fer B/30;0.055;16.7;0.1;1;1
6274774;;3700225641121;Ineldea - URIACH France;Ineldéa Santé Naturelle;OMEGABIOL Gél équil cardio-vascul B/90;0.055;20.9;0.1;1;1
6326722;;3700225641367;Ineldea - URIACH France;Ineldéa Santé Naturelle;FERTILIA CONCEPTION F Pdr fertil fémin B/30;0.055;30.6;0.1;8;1
6326723;;3700225641374;Ineldea - URIACH France;Ineldéa Santé Naturelle;FERTILIA CONCEPTION H Pdr fertil mascul B/30;0.055;30.6;0.1;14;1
6326724;;3700225641381;Ineldea - URIACH France;Ineldéa Santé Naturelle;ENDOMELIA Gél confort menstruel B/60;0.055;28;0.1;1;1
6326726;;3700225641350;Ineldea - URIACH France;Ineldéa Santé Naturelle;FERTILIA GROSSESSE Gél supplémentation B/90;0.055;29.9;0.1;1;1
8163865;;3700225640674;Ineldea - URIACH France;Ineldéa Santé Naturelle;SILIBIOL SILICIUM S buv protect cellul 500ml;0.055;22.9;0.1;12;1
8164066;;3700225640605;Ineldea - URIACH France;Ineldéa Santé Naturelle;HEPATOBIL Gél détoxif foie Pilul/90;0.055;21;0.1;1;1
8164356;;3700225640643;Ineldea - URIACH France;Ineldéa Santé Naturelle;CYSTINIL Gél conf urin élimin Pilulr/90;0.055;26.6;0.1;1;1
8164600;;3700225640735;Ineldea - URIACH France;Ineldéa Santé Naturelle;ARTROBIOL PLUS Gél conf articul mobilit B/120;0.055;21.5;0.1;48;1
;;3700225641411;Ineldea - URIACH France;Non renseigné;CYSTINIL FLASH Pdr confort urinaire 10Sticks;0.055;12.9;0.1;1;1
;;3700225641442;Ineldea - URIACH France;Non renseigné;IMMUNO BOOST Gél défenses immunitaires B/30;0.055;14.2;0.1;1;1
2610139;3401526101399;3700225604218;Ineldea - URIACH France;Non renseigné;GUARANA SHOT S buv Monodose/25ml;0.055;33.9;0.1;6;1
;;3700225603341;Ineldea - URIACH France;Olioseptil;OLIOSEPTIL Past gorge larynx miel citron B/24;0.055;8.9;0.1;1;1
;;3700225603402;Ineldea - URIACH France;Olioseptil;OLIOSEPTIL Caps Hle ess à respirer B/15;0.2;7.9;0.1;1;1
;;3700225603709;Ineldea - URIACH France;Olioseptil;OLIOSEPTIL Hle ess après piqûres Roll-on/5ml;0.2;8.6;0.1;1;1
;;3700225603778;Ineldea - URIACH France;Olioseptil;OLIOSEPTIL Gél sérénité B/30;0.055;17.5;0.1;1;1
;;3700225603785;Ineldea - URIACH France;Olioseptil;OLIOSEPTIL REPAR'ACTIV Cr triple action T/50ml;0.2;9.5;0.1;1;1
2105453;3401521054539;3700225603310;Ineldea - URIACH France;Olioseptil;OLIOSEPTIL Spray nasal Fl/20ml;0.2;7.8;0.1;0;1
2105660;3401521056601;3700225603327;Ineldea - URIACH France;Olioseptil;OLIOSEPTIL Spray gorge larynx Fl/20ml;0.2;7.6;0.1;0;1
4394444;3401543944443;3700225600357;Ineldea - URIACH France;Olioseptil;OLIOSEPTIL Sp gorge larynx bio Fl/125ml;0.055;9.7;0.1;35;1
6344028;;3700225603723;Ineldea - URIACH France;Olioseptil;OLIOSEPTIL Spray sérénité Fl/20ml;0.2;10;0.1;1;1
7824218;3401578242187;3700225600326;Ineldea - URIACH France;Olioseptil;OLIOSEPTIL Gél voies urinaires B/15;0.055;8.9;0.1;0;1
7824224;3401578242248;3700225600319;Ineldea - URIACH France;Olioseptil;OLIOSEPTIL Gél bronches B/15;0.055;8.9;0.1;48;1
7824230;3401578242309;3700225600302;Ineldea - URIACH France;Olioseptil;OLIOSEPTIL Gél nez gorge B/15;0.055;8.9;0.1;48;1
7897909;3401578979090;3700225600333;Ineldea - URIACH France;Olioseptil;OLIOSEPTIL Gél sinus B/15;0.055;8.9;0.1;48;1
7936696;3401579366967;3700225600340;Ineldea - URIACH France;Olioseptil;OLIOSEPTIL Gél gastro-intestin B/15;0.055;8.9;0.1;48;1
;;3700225602283;Ineldea - URIACH France;Pediakid;PEDIAKID GUMMIES Gom ours Pil/60;0.055;9.45;0.1;24;1
;;3700225602306;Ineldea - URIACH France;Pediakid;PEDIAKID BEBE GAZ Pdr à diluer 12St;0.055;9.05;0.1;54;1
;;3700225602313;Ineldea - URIACH France;Pediakid;PEDIAKID Gom ourson vit C cerise Pilul/60;0.055;9.45;0.1;24;1
;;3700225602320;Ineldea - URIACH France;Pediakid;PEDIAKID Gom ourson immun framboise Pilul/60;0.055;9.45;0.1;24;1
;;3700225602337;Ineldea - URIACH France;Pediakid;PEDIAKID Gom ourson oméga 3 citron Pilul/60;0.055;9.45;0.1;24;1
;;3700225602481;Ineldea - URIACH France;Pediakid;PEDIAKID Gom ourson Vit D3 fraise Pilul/60;0.055;9.45;0.1;24;1
;;3700225602504;Ineldea - URIACH France;Pediakid;PEDIAKID Gel de soin premières dents T/15ml;0.2;8.4;0.1;56;1
;;3700225602511;Ineldea - URIACH France;Pediakid;PEDIAKID MAL DES TRANSPORTS Liquide 10Sticks;0.055;8.9;0.1;32;1
;;3700225602580;Ineldea - URIACH France;Pediakid;PEDIAKID TOUX SECHE GRASSE Sp citron Fl/125ml;0.2;9;0.1;35;1
;;3700225602610;Ineldea - URIACH France;Pediakid;PEDIAKID PHYTOVERMILE Sirop Fl/125ml;0.055;9.5;0.1;35;1
;;3700225602641;Ineldea - URIACH France;Pediakid;PEDIAKIDS OTI-PROTECT Spray aur Fl/30ml;0.2;10.5;0.1;35;1
;;3700225602696;Ineldea - URIACH France;Pediakid;PEDIAKID DIAREA Pdr 7Sach/1,5g;0.055;11.25;0.1;24;1
;;3700225602702;Ineldea - URIACH France;Pediakid;PEDIAKID COLICILLUS BEBE L.Reuteri+ S buv 8ml;0.055;11.25;0.1;48;1
;;3700225602719;Ineldea - URIACH France;Pediakid;PEDIAKID Gom ourson p'tit biotic pomme 60;0.055;9.45;0.1;24;1
;;3700225602733;Ineldea - URIACH France;Pediakid;PEDIAKID Gomme ourson sommeil Pilulier/60;0.055;9.45;0.1;24;1
;;3700225602740;Ineldea - URIACH France;Pediakid;PEDIAKID Bme pectoral T/40ml;0.2;7.9;0.1;30;1
;;3700225602788;Ineldea - URIACH France;Pediakid;PEDIAKID Spray nasal Fl/20ml;0.2;9.4;0.1;1;1
;;3700225602795;Ineldea - URIACH France;Pediakid;PEDIAKID P'TIT ECZEDERM Duo - 10 sachets + 40ml;0.2;20.75;0.1;1;1
2051510;3401520515109;3700225602214;Ineldea - URIACH France;Pediakid;PEDIAKID IMMUNO-FORT Sp myrtille Fl/125ml;0.055;9.5;0.1;35;1
4394390;3401543943903;3700225600289;Ineldea - URIACH France;Pediakid;PEDIAKID FER + VIT B Sp banane Enf Fl/125ml;0.055;9.5;0.1;35;1
4394409;3401543944092;3700225600296;Ineldea - URIACH France;Pediakid;PEDIAKID MAL TRANSP Sp menth ch Enf Fl/125ml;0.055;9.5;0.1;35;1
4507664;3401545076647;3700225602030;Ineldea - URIACH France;Pediakid;PEDIAKID BOUCLIER INSECT Sol répuls Spr/100ml;0.2;8.55;0.1;35;1
4543803;3401545438032;3700225602023;Ineldea - URIACH France;Pediakid;PEDIAKID NEZ GORGE Sp miel cit Enf Fl/125ml;0.055;9.5;0.1;35;1
5354547;3401553545470;3700225602184;Ineldea - URIACH France;Pediakid;PEDIAKID VITAMINE D3 S buv Fl c-gtt/20ml;0.055;8.95;0.1;80;1
7824247;3401578242477;3700225600203;Ineldea - URIACH France;Pediakid;PEDIAKID APPETIT-TONUS Sp framb Enf Fl/125ml;0.055;9.5;0.1;35;1
7824253;3401578242538;3700225600210;Ineldea - URIACH France;Pediakid;PEDIAKID SOMMEIL Sp ceris Enf Fl/125ml;0.055;9.5;0.1;35;1
7824276;3401578242767;3700225600227;Ineldea - URIACH France;Pediakid;PEDIAKID NERVOSITE Sp cassis Enf Fl/125ml;0.055;9.5;0.1;35;1
7897915;3401578979151;3700225600241;Ineldea - URIACH France;Pediakid;PEDIAKID TRANSIT DOUX Sp pomme Enf Fl/125ml;0.055;9.5;0.1;35;1
7936710;3401579367100;3700225600258;Ineldea - URIACH France;Pediakid;PEDIAKID 22 VIT OLIGO-E Sp abric or Enf 125ml;0.055;9.5;0.1;35;1
7993530;3401579935309;3700225600265;Ineldea - URIACH France;Pediakid;PEDIAKID OMEGA 3 Sp framb Enf Fl/125ml;0.055;9.5;0.1;35;1
;;3700225606182;Ineldea - URIACH France;STC;HYDRA + Past effervescente fruits rouges T/20;0.055;11.2;0.1;1;1
;;3700225606298;Ineldea - URIACH France;STC;STC NUTRITION Collagen duo Pdr Pot/230g;0.055;36.85;0.1;1;1
;;3700225606366;Ineldea - URIACH France;STC;HYDRA + Past effervescente noix de coco T/20;0.055;11.2;0.1;1;1
;;3700225606373;Ineldea - URIACH France;STC;HYDRA + Past effervescente pêche T/20;0.055;11.2;0.1;1;1
;;3700225600876;Ineldea - URIACH France;Vitamin'22;VITAMIN'22 IMMUNITE Cpr B/30;0.055;13.9;0.1;1;1
;;3700225600906;Ineldea - URIACH France;Vitamin'22;VITAMIN'22 Gomme immunité cerise B/60;0.055;16.8;0.1;1;1
;;3700225600913;Ineldea - URIACH France;Vitamin'22;VITAMIN'22 Gomme Multivitaminée orange B/60;0.055;14.9;0.1;1;1
;;3700225601040;Ineldea - URIACH France;Vitamin'22;VITAMIN'22 IMMUNITE Spray Fl/20ml;0.055;11;0.1;1;1
2105499;3401521054997;3700225600814;Ineldea - URIACH France;Vitamin'22;VITAMIN'22 CAFEINE + Pdr orod 14St/2,3g;0.055;9.5;0.1;0;1
4121605;;3700225600807;Ineldea - URIACH France;Vitamin'22;INELDEA Acérola 1000 Cpr croq cerise B/24;0.055;7.65;0.1;0;1
9950453;3401599504530;3700225600784;Ineldea - URIACH France;Vitamin'22;VITAMIN'22 SPECIFIC FEMME Gél B/60;0.055;12.4;0.1;35;1
3372699;3400933726997;;Innotech International;Non renseigné;DIOVENOR 600 mg Cpr pell Plq/2x15 (30);0.1;8.88;0.14;120;1
;;3701063802620;Innovatouch Cosmetic;Non renseigné;INNOVATOUCH COSM Hle pure Ricin Fl/100ml;0.2;6.8;0.35;48;1
;;3701063802934;Innovatouch Cosmetic;Non renseigné;INNOVATOUCH COSM Dentif Charbon T/75ml;0.2;7.25;0.35;72;1
;;3701063807298;Innovatouch Cosmetic;Non renseigné;INNOVATOUCH COSMETIC Sav lait d'ânesse 100g;0.2;4.35;0.35;75;1
;;3701063807304;Innovatouch Cosmetic;Non renseigné;INNOVATOUCH COSMETIC Sav lait de chèvre 100g;0.2;4.35;0.35;75;1
;;3760169128164;Innovatouch Cosmetic;Non renseigné;INNOVATOUCH COSME Gel aloé ver 99% T/200ml;0.2;8.89;0.35;12;1
;;3770010380009;Jolly Jatel;Non renseigné;CANOLSLIM Cpr B/60;0.055;10.69;0.2;1;1
;;3770010380092;Jolly Jatel;Non renseigné;PASSIFLORINE sans sucre S buv Fl/125ml;0.055;7.1;0.2;30;1
2162988;3400921629880;;Jolly Jatel;Non renseigné;RHINOTROPHYL S pulv nas Fl/12ml;0.1;5.28;0.2;310;1
3745781;3400937457811;;Jolly Jatel;Non renseigné;SPASMINE Cpr enr 6Plq/10 (60);0.1;7.59;0.2;162;1
;;3665979000009;Jouvence;Non renseigné;JOUVENCE S buv Fl/250ml;0.055;13;0.18;8;1
;;3665979000016;Jouvence;Non renseigné;JOUVENCE Gél confort & tonic B/60;0.055;12.65;0.18;8;1
;;3665979000023;Jouvence;Non renseigné;JOUVENCE Gelée ultra fresh jbe lég 150ml Nouv;0.2;13;0.18;8;1
;;3665979000146;Jouvence;Non renseigné;JOUVENCE CIRCUL JAMBES LEGERES Gelée T/60ml;0.2;8;0.18;8;1
;;3665979000153;Jouvence;Non renseigné;JOUVENCE CIRCUL JAMBES LEGERES Gelée 2T/150ml;0.2;19.4;0.18;8;1
;3400930213063;;Jouvence;Non renseigné;JOUVENCE DE L'ABBE SOURY Cpr pell Plq/60;0.1;11;0.18;8;1
;3400930213087;;Jouvence;Non renseigné;JOUVENCE DE L'ABBE SOURY Cpr pell Plq/120;0.1;16;0.18;8;1
3063219;3400930632192;;Juvise Pharmaceuticals;Non renseigné;LUMIRELAX 500 mg Cpr B/20;0.1;8.68;0.14;200;1
2666051;3400926660512;;KENVUE (J&J Santé et Beauté);Alostil;ALOSTIL 5 % Mousse p appl cut en fl pressurisé 3Fl/60g;0.1;92.75;0.4;30;1
3192282;3400931922827;;KENVUE (J&J Santé et Beauté);Biafine;BIAFINE Emuls pour application cutanée T/93g;0.1;6.62;0.2;60;1
3285701;3400932857012;;KENVUE (J&J Santé et Beauté);Biafine;BIAFINE Emuls pour application cutanée T/186g;0.1;8.72;0.2;30;1
3783209;3400937832090;;KENVUE (J&J Santé et Beauté);Biafine;BIAFINEACT Emuls pour application cutanée T/139,5g;0.1;7.57;0.2;24;1
;;3574661255927;KENVUE (J&J Santé et Beauté);Cicabiafine;CICABIAFINE Bme multi-répar T/50ml;0.2;8.82;0.2;98;1
;;3574661257365;KENVUE (J&J Santé et Beauté);Cicabiafine;CICABIAFINE Cr pied sec antifendill T/100ml;0.2;7.4;0.2;6;1
;;3574661277493;KENVUE (J&J Santé et Beauté);Cicabiafine;CICABIAFINE Cr pied sec antifendill 2T/100ml;0.2;11.1;0.2;10;1
;;3574661569871;KENVUE (J&J Santé et Beauté);Cicabiafine;CICABIAFINE Bme hydrat corp PTS 2Bt ppe/400ml;0.2;27.59;0.2;6;1
4220885;3401342208852;3574660450743;KENVUE (J&J Santé et Beauté);Cicabiafine;CICABIAFINE Lait hydrat corp PS T/200ml;0.2;12.91;0.2;6;1
4220891;3401342208913;3574660450729;KENVUE (J&J Santé et Beauté);Cicabiafine;CICABIAFINE Bme hyd int crev main pied T/50ml;0.2;8.37;0.2;98;1
9514048;3401395140482;3574660504279;KENVUE (J&J Santé et Beauté);Cicabiafine;CICABIAFINE Cr hydrat anti-irrit T/200ml;0.2;15.29;0.2;6;1
9514054;3401395140543;3574660504293;KENVUE (J&J Santé et Beauté);Cicabiafine;CICABIAFINE Cr mains répar intense T/75ml;0.2;7.57;0.2;6;1
9514060;3401595140602;3574660502510;KENVUE (J&J Santé et Beauté);Cicabiafine;CICABIAFINE Bme hydrat corp PTS Bt ppe/400ml;0.2;19.24;0.2;12;1
9671552;3401596715526;3574660572254;KENVUE (J&J Santé et Beauté);Cicabiafine;CICABIAFINE Lait hydrat corp PS Bt ppe/400ml;0.2;16.42;0.2;12;1
3547325;3400935473257;;KENVUE (J&J Santé et Beauté);Hextril;HEXTRIL 0,1 % Bain bouche Fl/400ml;0.1;9.14;0.2;12;1
3597056;3400935970565;;KENVUE (J&J Santé et Beauté);Hextril;HEXTRIL 0,1 % S bain bouche menthe Fl/200ml;0.1;6.1;0.2;12;1
3597062;3400935970626;;KENVUE (J&J Santé et Beauté);Hextril;HEXTRIL 0,1 % S bain bouche menthe Fl/400ml;0.1;9.14;0.2;12;1
2180101;3400921801019;;KENVUE (J&J Santé et Beauté);Imodium;IMODIUMLIQUICAPS 2 mg Caps molle Plq/12;0.1;6.96;0.2;180;1
3666679;3400936666795;;KENVUE (J&J Santé et Beauté);Imodium;IMODIUMLINGUAL 2 mg Lyophilisat oral Plq/12;0.1;6.93;0.2;144;1
3788224;3400937882248;;KENVUE (J&J Santé et Beauté);Imodium;IMODIUMDUO Cpr Plq/12;0.1;7.4;0.2;64;1
3857190;3400938571905;;KENVUE (J&J Santé et Beauté);Imodium;IMODIUMCAPS 2 mg Gél B/12;0.1;4.05;0.2;96;1
3323407;3400933234072;3574660550498;KENVUE (J&J Santé et Beauté);Lansoyl;LANSOYL 78,23 g % Gel oral sans sucre en pot Pot/215g;0.1;8.32;0.2;24;1
3544485;3400935444851;;KENVUE (J&J Santé et Beauté);Lansoyl;LANSOYL Gel oral en récipient unidose framboise B/10;0.021;8.28;0.2;28;1
;;3574661658148;KENVUE (J&J Santé et Beauté);Listerine;LISTERINE PROFESS Bain bch trait genciv 500ml;0.2;6.64;0.2;6;1
;;3574661806525;KENVUE (J&J Santé et Beauté);Listerine;LISTERINE BLANCH Bain bch goût+lég Fl/500ml;0.2;6.64;0.2;12;1
;;3574661810898;KENVUE (J&J Santé et Beauté);Listerine;LISTERINE PROTECT DENT GENC Bain bch Fl/250ml;0.2;3.98;0.2;12;1
;;3574661811321;KENVUE (J&J Santé et Beauté);Listerine;LISTERINE FRAICHEUR Bain bch goût+léger 500ml;0.2;5.47;0.2;12;1
;;3574661811352;KENVUE (J&J Santé et Beauté);Listerine;LISTERINE TOTAL CARE Bain bch goût+lég 500ml;0.2;6.03;0.2;12;1
;;3574661811376;KENVUE (J&J Santé et Beauté);Listerine;LISTERINE PROTECT DENT GENC Bain bch Fl/500ml;0.2;6.03;0.2;12;1
;;3574661811383;KENVUE (J&J Santé et Beauté);Listerine;LISTERINE PROTECT DENT GENC Bain bch+lég500ml;0.2;6.03;0.2;12;1
;;3574661811406;KENVUE (J&J Santé et Beauté);Listerine;LISTERINE NATURALS Bain bch prot genciv 500ml;0.2;6.03;0.2;12;1
6440088;3401564400881;3574661811314;KENVUE (J&J Santé et Beauté);Listerine;LISTERINE FRAICHEUR INTENSE Bain bch Fl/500ml;0.2;5.47;0.2;12;1
3496875;3400934968754;;KENVUE (J&J Santé et Beauté);Microlax;MICROLAX SORB S rect unidose 4Unid-can/5ml;0.021;5.6;0.2;72;1
3496881;3400934968815;;KENVUE (J&J Santé et Beauté);Microlax;MICROLAX SORB S rect unidose 12Unid-can/5ml;0.021;11.13;0.2;36;1
3544545;3400935445452;;KENVUE (J&J Santé et Beauté);Microlax;MICROLAX BB SORB S rect unid 4Réc-unid/3ml;0.021;5.98;0.2;72;1
;;3574661140537;KENVUE (J&J Santé et Beauté);Neutrogena;NEUTROGENA Cr mains hydrat conf 2T/75ml;0.2;14.25;0.2;60;1
;;3574661255873;KENVUE (J&J Santé et Beauté);Neutrogena;NEUTROGENA Cr pieds rép int T/50ml;0.2;9.74;0.2;98;1
6117727;;3574661177274;KENVUE (J&J Santé et Beauté);Neutrogena;NEUTROGENA Cr mains Hyd&Conf T/75ml;0.2;7.92;0.2;24;1
6546697;3401365466970;4012273123009;KENVUE (J&J Santé et Beauté);Neutrogena;NEUTROGENA Cr mains parf T/50ml;0.2;7.13;0.2;24;1
7476214;3401374762148;3574660085563;KENVUE (J&J Santé et Beauté);Neutrogena;NEUTROGENA Lèvres Stick/4,8g;0.2;5.63;0.2;432;1
7684177;3401376841773;8002110383709;KENVUE (J&J Santé et Beauté);Neutrogena;NEUTROGENA Cr mains non parf T/50ml;0.2;7.13;0.2;24;1
7832330;3401578323305;3574660183832;KENVUE (J&J Santé et Beauté);Neutrogena;NEUTROGENA Cr pieds t secs abîm T/150ml;0.2;13.28;0.2;6;1
7842794;3401378427944;3574660362879;KENVUE (J&J Santé et Beauté);Neutrogena;NEUTROGENA Cr mains parf 2T/50ml;0.2;12.83;0.2;36;1
9728246;;3574660602708;KENVUE (J&J Santé et Beauté);Neutrogena;NEUTROGENA Stick lèv 3E/4,8g;0.2;11.26;0.2;166;1
9728252;;3574660602999;KENVUE (J&J Santé et Beauté);Neutrogena;NEUTROGENA Cr mains non parf 2T/50ml;0.2;12.83;0.2;60;1
;;3574661450599;KENVUE (J&J Santé et Beauté);Neutrogena T/Gel;NEUTROGENA T GEL Shamp pellicul sèches 250ml;0.2;12.23;0.2;24;1
7435907;3401574359070;3574660008579;KENVUE (J&J Santé et Beauté);Neutrogena T/Gel;NEUTROGENA T GEL FORT Shamp antipell Fl/250ml;0.2;15.83;0.2;24;1
;3400930249437;;KENVUE (J&J Santé et Beauté);Nicorette;NICORETTESPRAY 1 mg/dose S pulv bucc Fl/13,2ml+puce;0.1;22.62;0.2;36;1
3654966;3400936549661;;KENVUE (J&J Santé et Beauté);Nicorette;NICORETTE 2 mg Gom à mâcher médic sans sucre menthe fraîche Plq/30;0.021;7.45;0.2;48;1
3655049;3400936550490;;KENVUE (J&J Santé et Beauté);Nicorette;NICORETTE 4 mg Gom à mâcher médic sans sucre menthe fraîche Plq/30;0.021;7.76;0.2;48;1
3709621;3400937096218;;KENVUE (J&J Santé et Beauté);Nicorette;NICORETTE 2 mg Gom à mâcher médic sans sucre menthe glaciale Plq/30;0.021;7.45;0.2;48;1
3709762;3400937097628;;KENVUE (J&J Santé et Beauté);Nicorette;NICORETTE 4 mg Gom à mâcher médic sans sucre menthe glaciale Plq/30;0.021;7.76;0.2;48;1
3709897;3400937098977;;KENVUE (J&J Santé et Beauté);Nicorette;NICORETTE 2 mg Gom à mâcher médic sans sucre fruits Plq/30;0.021;7.45;0.2;48;1
3763098;3400937630986;;KENVUE (J&J Santé et Beauté);Nicorette;NICORETTE 2 mg Gom à mâcher médic sans sucre édulcorée au sorbitol Plq/30;0.021;7.45;0.2;72;1
3049604;3400930496046;;KENVUE (J&J Santé et Beauté);Non renseigné;HEXTRIL 0,1 % Bain bouche Fl/200ml;0.1;6.1;0.2;24;1
3057035;3400930570357;3574660550924;KENVUE (J&J Santé et Beauté);Non renseigné;LANSOYL Gel oral en pot framboise Pot/225g;0.1;8.32;0.2;24;1
;3400930167069;;KENVUE (J&J Santé et Beauté);Rhinofebral;RHINOFEBRAL J N Pdr sbuv sac 12Sach/5g(8j+4n);0.1;7.16;0.2;60;1
;3400930210628;3574661570617;KENVUE (J&J Santé et Beauté);Rhinofebral;RHINOFEBRAL Pdr sol buv sans sucre édulcoré à l'aspartam 8Sach;0.1;6.05;0.2;60;1
3230077;3400932300778;;KENVUE (J&J Santé et Beauté);Titanoreine;TITANOREINE Suppo B/12;0.1;7.03;0.2;160;1
3237240;3400932372409;;KENVUE (J&J Santé et Beauté);Titanoreine;TITANOREINE lidocaïne 2 % Cr T/20g;0.1;5.23;0.2;200;1
3476849;3400934768491;;KENVUE (J&J Santé et Beauté);Titanoreine;TITANOREINE Cr T/40g;0.1;8.48;0.2;144;1
;;3838989647148;KRKA France;Anthelmin;ANTHELMIN XL Cpr séc chien B/2;0.2;11.55;0.4;6;1
;;3838989647155;KRKA France;Anthelmin;ANTHELMIN F Cpr séc chien B/2;0.2;5.67;0.4;120;1
;;3838989724856;KRKA France;Anthelmin;ANTHELMIN Cpr pell chat B/2;0.2;4.7;0.4;144;1
;;8470005893563;KRKA France;Ataxxa;ATAXXA CHIEN -4KG 200MG/40MG 3X0.4ML;0.2;13.23;0.4;12;1
;;8470005893693;KRKA France;Ataxxa;ATAXXA 500mg/100mg Spon chien 4-10kg 4Pip/1ml;0.2;14.46;0.4;12;1
3015880;3400930158807;;KRKA France;Doxylamine KRKA;DOXYLAMINE KRKA 15 mg Cpr pell séc Plq/10;0.1;1.4;0;160;1
;;3838989640019;KRKA France;Fyperix;FYPERIX 50mg Spot-on Ct 3Pipettes/0,50ml;0.2;7.23;0.4;50;1
;;3838989640033;KRKA France;Fyperix;FYPERIX 268mg Spot-on Ch 20-40kg 3Pip/2,68ml;0.2;12.23;0.4;1;1
;;3838989640057;KRKA France;Fyperix;FYPERIX 134mg Spot-on Ch 10-20kg 3Pip/1,34ml;0.2;9.92;0.4;1;1
;;3838989640071;KRKA France;Fyperix;FYPERIX 67mg Spot-on Ch 2-10kg 3Pipett/0,67ml;0.2;8.82;0.4;1;1
;;3838989640095;KRKA France;Fyperix;FYPERIX 402mg Spot-on chien +40kg 3Pip/4,02ml;0.2;14.91;0.4;1;1
;;3838989682125;KRKA France;Fyperix;FYPERIX COMBO 134/120,6mg Spot-on Ch moy 3Pip;0.2;11.96;0.4;50;1
;;3838989682132;KRKA France;Fyperix;FYPERIX COMBO 134/120,6mg Spot-on Ch moy 6Pip;0.2;22.12;0.4;1;1
;;3838989682149;KRKA France;Fyperix;FYPERIX COMBO 50/60mg Spot-on chat fur 3Pip;0.2;9.94;0.4;50;1
;;3838989682156;KRKA France;Fyperix;FYPERIX COMBO 50/60mg Spot-on chat fur 6Pip;0.2;16.5;0.4;36;1
;;3838989682163;KRKA France;Fyperix;FYPERIX COMBO 268/241,2mg Spot-on gd Ch 3Pip;0.2;14.55;0.4;50;1
;;3838989682187;KRKA France;Fyperix;FYPERIX COMBO 67/60,3mg Spot-on petit ch 3Pip;0.2;10.39;0.4;50;1
;;3838989682200;KRKA France;Fyperix;FYPERIX COMBO 402/361,8mg Spot-on t g Ch 3Pip;0.2;16.04;0.4;1;1
;;3838989683931;KRKA France;Milprazin;MILPRAZIN 2,5 mg/25 mg Cpr chiot B/2;0.2;3.6;0.4;144;1
;;3838989683948;KRKA France;Milprazin;MILPRAZIN 12,5 mg/125 mg Cpr chien B/2;0.2;7;0.4;128;1
;;3838989683955;KRKA France;Milprazin;MILPRAZIN 4 mg/10 mg Cpr chaton B/2;0.2;3.6;0.4;1;1
;;3838989683962;KRKA France;Milprazin;MILPRAZIN 16 mg/40 mg Cpr chat B/2;0.2;7;0.4;128;1
;3400930089651;;KRKA France;Tadalafil KRKA;TADALAFIL KRKA 5 mg Cpr pell séc Plq/28;0.021;34.98;0.93;80;1
;3400930089750;;KRKA France;Tadalafil KRKA;TADALAFIL KRKA 20 mg Cpr pell séc Plq/4;0.021;20.99;0.93;1;1
;3400930089804;;KRKA France;Tadalafil KRKA;TADALAFIL KRKA 20 mg Cpr pell séc Plq/28;0.021;129.98;0.93;90;1
;3400930202210;;KRKA France;Tadalafil KRKA;TADALAFIL KRKA 5 mg Cpr pell séc B/84;0.021;104.96;0.93;32;1
3008969;3400930089699;;KRKA France;Tadalafil KRKA;TADALAFIL KRKA 10 mg Cpr pell Plq/4;0.021;20.99;0.93;1;1
3008977;3400930089774;;KRKA France;Tadalafil KRKA;TADALAFIL KRKA 20 mg Cpr pell séc Plq/8;0.021;39.98;0.93;240;1
2664508;3400926645083;;KRKA France;Vizarsin;VIZARSIN 25 mg Cpr pell Plq/4x1;0.021;10.5;0.88;0;1
2664514;3400926645144;;KRKA France;Vizarsin;VIZARSIN 25 mg Cpr pell Plq/8x1;0.021;16.19;0.88;0;1
2664543;3400926645434;;KRKA France;Vizarsin;VIZARSIN 50 mg Cpr pell Plq/4x1;0.021;10.5;0.88;0;1
2664566;3400926645663;;KRKA France;Vizarsin;VIZARSIN 50 mg Cpr pell Plq/8x1;0.021;16.19;0.88;0;1
2664572;3400926645724;;KRKA France;Vizarsin;VIZARSIN 50 mg Cpr pell Plq/12x1;0.021;21.05;0.88;0;1
2664595;3400926645953;;KRKA France;Vizarsin;VIZARSIN 100 mg Cpr pell Plq/4x1;0.021;10.5;0.88;0;1
2664603;3400926646035;;KRKA France;Vizarsin;VIZARSIN 100 mg Cpr pell Plq/8x1;0.021;19.15;0.88;0;1
2664626;3400926646264;;KRKA France;Vizarsin;VIZARSIN 100 mg Cpr pell Plq/12x1;0.021;25.16;0.88;0;1
2664715;3400926647155;;KRKA France;Vizarsin;VIZARSIN 50 mg Cpr orodisp Plq/8x1;0.021;29.54;0.88;0;1
2664767;3400926647674;;KRKA France;Vizarsin;VIZARSIN 100 mg Cpr orodisp Plq/8x1;0.021;32.71;0.88;0;1
;3400930158920;;Karo Pharma;Lamisilate;LAMISILATE 1% Cr T(LDPE/alu)/7.5g;0.1;7.29;0.2;100;1
3770684;3400937706841;;Karo Pharma;Lamisilate;LAMISILATE MONODOSE 1% S appl cut T/4g;0.1;14.72;0.2;40;6
;;7311620015309;Karo Pharma;Lutsine Eryplast;LUTSINE ERYPLAST Pâte à l'eau érythème fessier 2T/75g;0.2;10.48;0.15;24;1
;;7350087736327;Karo Pharma;Lutsine Eryplast;LUTSINE ERYPLAST Pâte à l'eau érythème fessier T/75g;0.2;6.99;0.15;25;1
;;7350087736334;Karo Pharma;Lutsine Eryplast;LUTSINE ERYPLAST Pâte à l'eau érythème fessier T/200g;0.2;14.41;0.15;12;1
;;7350087738826;Karo Pharma;Lutsine Eryplast;LUTSINE ERYPLAST CALM Mousse Fl pompe/100ml;0.2;9.5;0.15;12;1
;;7350087738833;Karo Pharma;Lutsine Eryplast;LUTSINE ERYPLAST CICA Cr réparatrice T/100ml;0.2;8;0.15;8;1
;3400930276679;;Karo Pharma;Non renseigné;PEVISONE Cr T/15g;0.1;10.48;0.14;1;1
;;4260344391325;Kijimea;Non renseigné;KIJIMEA COLON IRRITABLE PRO Gél B/10;0.055;13.94;0.1;72;1
;;4260344391332;Kijimea;Non renseigné;KIJIMEA COLON IRRITABLE PRO Gél B/30;0.055;25.33;0.1;54;1
;;4260344391349;Kijimea;Non renseigné;KIJIMEA COLON IRRITABLE PRO Gél B/90;0.055;65.67;0.1;24;1
;;4260344391400;Kijimea;Non renseigné;KIJIMEA K53 ADVANCE Gél B/28;0.055;18.04;0.1;1;1
;;4260344391417;Kijimea;Non renseigné;KIJIMEA K53 ADVANCE Gél B/56;0.055;33.39;0.1;1;1
;;4260344391424;Kijimea;Non renseigné;KIJIMEA K53 ADVANCE Gél B/84;0.055;48.24;0.1;1;1
;;4260344394111;Kijimea;Non renseigné;KIJIMEA FLORACARE Gél B/28;0.055;18.04;0.1;1;1
;;4260344394128;Kijimea;Non renseigné;KIJIMEA FLORACARE Gél B/56;0.055;33.39;0.1;1;1
;;4260344394135;Kijimea;Non renseigné;KIJIMEA FLORACARE Gél B/84;0.055;48.24;0.1;1;1
2502793;;3282770207361;Klorane;Dépilatoires;KLORANE DERMO PRO Cr dépilat 2T/150ml;0.2;20;0.15;18;1
5150595;3401351505959;3282779398060;Klorane;Dépilatoires;KLORANE DERMO PRO Cr dépil zone sens T/75ml;0.2;9;0.15;36;1
5201890;3401352018908;3282779417051;Klorane;Dépilatoires;KLORANE DERMO PRO Cire dépil froide jbe 6Bdes;0.2;10;0.15;0;1
5201909;3401352019097;3282779417075;Klorane;Dépilatoires;KLORANE DERMO PRO Cire dépil froide vis 6Bdes;0.2;7.8;0.15;0;1
6168379;;3282770207378;Klorane;Dépilatoires;KLORANE DERMO PRO Cr dépilat T/150ml;0.2;10.6;0.15;36;1
6121802;;3282770204209;Klorane;Non renseigné;KLORANE BLEUET Lot démaquillant yeux Fl/100ml;0.2;7.2;0.15;63;1
;;3282770207996;Klorane;Soins Bleuet;KLORANE BLEUET Cr d'eau T/30ml;0.2;12.51;0.15;1;1
;;3282770390292;Klorane;Soins Bleuet;KLORANE BLEUET Eau micellaire 3en1 Bio 400ml;0.2;12.1;0.15;12;1
;;3282770396843;Klorane;Soins Bleuet;KLORANE BLEUET Patch lissant défatigant 2 patchs;0.2;3.7;0.15;20;1
;;3282770140934;Klorane;Soins Capillaires;KLORANE CAPILL Shamp nutrition Mangue 200ml;0.2;7.1;0.15;24;1
;;3282770140941;Klorane;Soins Capillaires;KLORANE CAPILL Shamp nutrition Mangue 400ml;0.2;10.1;0.15;24;1
;;3282770140972;Klorane;Soins Capillaires;KLORANE CAPILL Bme nutrition Mangue T/200ml;0.2;10.3;0.15;12;1
;;3282770140996;Klorane;Soins Capillaires;KLORANE CAPILL Masque nutrition Mangue 150ml;0.2;16.6;0.15;1;1
;;3282770141030;Klorane;Soins Capillaires;KLORANE CAPILL Hle nutrition Mangue Spr/100ml;0.2;11.9;0.15;1;1
;;3282770141917;Klorane;Soins Capillaires;KLORANE CAPILL Shamp séborégul Ortie Fl/200ml;0.2;7.1;0.15;24;1
;;3282770143522;Klorane;Soins Capillaires;KLORANE CAPILLAIRE Bme Grenade T/200ml;0.2;10.3;0.15;12;1
;;3282770143560;Klorane;Soins Capillaires;KLORANE CAPILL Shamp Grenade Fl/200ml;0.2;7.1;0.15;24;1
;;3282770144864;Klorane;Soins Capillaires;KLORANE CAPILL Shamp detox Menthe Fl/200ml;0.2;7.1;0.15;24;1
;;3282770145069;Klorane;Soins Capillaires;KLORANE CAPILL Shamp Pivoine Bio Fl/200ml;0.2;7.1;0.15;24;1
;;3282770145236;Klorane;Soins Capillaires;KLORANE CAPILL Shamp Centaurée Fl/200ml;0.2;7.1;0.15;24;1
;;3282770145250;Klorane;Soins Capillaires;KLORANE CAPILL Shamp Centaurée Fl/400ml;0.2;10.1;0.15;24;1
;;3282770147292;Klorane;Soins Capillaires;KLORANE CAPILL Shamp Lin Bio Fl/200ml;0.2;7.1;0.15;24;1
;;3282770147308;Klorane;Soins Capillaires;KLORANE CAPILL Shamp Lin Bio Fl/400ml;0.2;10.1;0.15;24;1
;;3282770149272;Klorane;Soins Capillaires;KLORANE CAPILL Shamp Camomille Bio Fl/200ml;0.2;7.1;0.15;24;1
;;3282770149289;Klorane;Soins Capillaires;KLORANE CAPILL Shamp Camomille Bio Fl/400ml;0.2;10.1;0.15;24;1
;;3282770149319;Klorane;Soins Capillaires;KLORANE CAPILL Bme Camom ap/shamp T/200ml;0.2;10.3;0.15;12;1
;;3282770149333;Klorane;Soins Capillaires;KLORANE CAPILL Spray Camomille Bio Fl/100ml;0.2;11.9;0.15;1;1
;;3282770149609;Klorane;Soins Capillaires;KLORANE CAPILLAIRE Shampooing Cédrat Fl/400ml;0.2;10.1;0.15;24;1
;;3282770149616;Klorane;Soins Capillaires;KLORANE CAPILLAIRE Shampooing Cédrat Fl/200ml;0.2;7.1;0.15;24;1
;;3282770150438;Klorane;Soins Capillaires;KLORANE CAPILLAIRE Shampooing Amande Fl/200ml;0.2;7.1;0.15;24;1
;;3282770150445;Klorane;Soins Capillaires;KLORANE CAPILLAIRE Shampooing Amande Fl/400ml;0.2;10.1;0.15;24;1
;;3282770150513;Klorane;Soins Capillaires;KLORANE CAPILL Shamp Tamanu Bio Monoï 200ml;0.2;7.1;0.15;1;1
;;3282770150537;Klorane;Soins Capillaires;KLORANE CAPILL Bme Tamanu Bio Monoï T/200ml;0.2;10.3;0.15;12;1
;;3282770200904;Klorane;Soins Capillaires;KLORANE CAPILL Shp sec ext dx Av Rotopdre/50g;0.2;8.1;0.15;110;1
;;3282770390759;Klorane;Soins Capillaires;KLORANE CAPILL Shamp sec Av Céram Spr/150ml;0.2;8.2;0.15;24;1
;;3282770390766;Klorane;Soins Capillaires;KLORANE CAPILL Shp sec ext dx Av Cé C Br 150m;0.2;8.2;0.15;24;1
;;3282770394528;Klorane;Soins Capillaires;KLORANE CAPILLAIRE Shampooing Figuier de Barbarie Fl/200ml;0.2;7.1;0.15;1;1
;;3282770394535;Klorane;Soins Capillaires;KLORANE CAPILLAIRE Shampooing Figuier de Barbarie Fl/400ml;0.2;10.1;0.15;1;1
;;3282770394580;Klorane;Soins Capillaires;KLORANE CAPILLAIRE Bme Figuier de Barbarie T/200ml;0.2;10.3;0.15;12;1
;;3282770396362;Klorane;Soins Capillaires;KLORANE CAPILL Shamp sec Ortie+Vit E 150ml;0.2;8.2;0.15;1;1
;;3282770396416;Klorane;Soins Capillaires;KLORANE CAPILL Shamp sec t Ortie+Vit E 150ml;0.2;8.2;0.15;24;1
;;3282770397598;Klorane;Soins Capillaires;KLORANE CAPILLAIRE Bme après-shampooing Quinine T/200ml;0.2;10.7;0.15;12;1
;;3282770397635;Klorane;Soins Capillaires;KLORANE CAPILLAIRE Sérum Quinine Fl pompe/100ml;0.2;32.8;0.15;1;1
;;3282770399363;Klorane;Soins Capillaires;KLORANE CAPILLAIRE Shampooing réparation Cupuaçu Bio Fl/400ml;0.2;10.1;0.15;1;1
;;3282770399387;Klorane;Soins Capillaires;KLORANE CAPILLAIRE Bme après-shampooing réparation Cupuaçu Bio T/200ml;0.2;10.3;0.15;12;1
;;3282770399394;Klorane;Soins Capillaires;KLORANE CAPILLAIRE Sérum soin Cupuaçu Fl pompe/100ml;0.2;12.1;0.15;1;1
;;3282770400311;Klorane;Soins Capillaires;KLORANE CAPILLAIRE Shampooing Galanga antipelliculaire Fl/400ml;0.2;10.6;0.15;24;1
;;3282770400328;Klorane;Soins Capillaires;KLORANE CAPILLAIRE Shampooing Galanga antipelliculaire Fl/200ml;0.2;7.4;0.15;1;1
;;3282771001098;Klorane;Soins Capillaires;KLORANE CAPILL Shp sec volume Lin Spr/150ml;0.2;8.2;0.15;24;1
;;3282771001142;Klorane;Soins Capillaires;KLORANE CAPILLAIRE Cr de jour nutrition Mangue T/100ml;0.2;10.2;0.15;1;1
6240880;;3282770141252;Klorane;Soins Capillaires;KLORANE CAPILL Shamp force Quin Edelw 200ml;0.2;7.4;0.15;24;1
6240881;;3282770141283;Klorane;Soins Capillaires;KLORANE CAPILL Shamp force Quin Edelw 400ml;0.2;10.6;0.15;24;1
6240884;;3282770141931;Klorane;Soins Capillaires;KLORANE CAPILL Shamp séborégul Ortie Fl/400ml;0.2;10.1;0.15;24;1
6253714;;3282770143577;Klorane;Soins Capillaires;KLORANE CAPILL Shamp Grenade Fl/400ml;0.2;10.1;0.15;24;1
6256819;;3282770144871;Klorane;Soins Capillaires;KLORANE CAPILL Shamp detox Menthe Fl/400ml;0.2;10.1;0.15;1;1
6257739;;3282770145311;Klorane;Soins Capillaires;KLORANE CAPILLAIRE Bme Avoine Bio T/200ml;0.2;9.3;0.15;12;1
6257742;;3282770145373;Klorane;Soins Capillaires;KLORANE CAPILL Shamp Avoine Bio Fl/400ml;0.2;9.2;0.15;24;1
6257743;;3282770145366;Klorane;Soins Capillaires;KLORANE CAPILL Shamp Avoine Bio Fl/200ml;0.2;6.2;0.15;24;1
6267165;;3282770147469;Klorane;Soins Capillaires;KLORANE CAPILLAIRE Bme Lin Bio T/200ml;0.2;10.3;0.15;12;1
6275077;;3282770145076;Klorane;Soins Capillaires;KLORANE CAPILL Shamp Pivoine Bio Fl/400ml;0.2;10.1;0.15;24;1
6275081;;3282770145700;Klorane;Soins Capillaires;KLORANE CAPILLAIRE Bme Pivoine Bio Fl/200ml;0.2;10.3;0.15;12;1
6275083;;3282770147797;Klorane;Soins Capillaires;KLORANE CAPILL Sérum SOS Pivoine Bio 100ml;0.2;12.1;0.15;36;1
4680150;3401346801509;3282779182423;Klorane;Soins corps;KLORANE DERMO PRO Déod à l'Althéa Spr/125ml;0.2;8.9;0.15;0;1
;;3282770391107;Klorane;Soins du Bébé;KLORANE BEBE BIO Cr hydratante T/200ml;0.2;11;0.15;12;1
;;3282770399745;Klorane;Soins du Bébé;KLORANE BEBE Eau nettoyante Fl pompe/750ml;0.2;10.2;0.15;12;1
;;3282770399752;Klorane;Soins du Bébé;KLORANE BEBE Eau nettoyante Fl/400ml;0.2;8;0.15;12;1
;;3282770400045;Klorane;Soins du Bébé;KLORANE BEBE Pdr de toilette protectrice Pdreuse/75g;0.2;6.9;0.15;1;1
;;3282770401431;Klorane;Soins du Bébé;KLORANE BEBE Lingette à l'eau visage Sach/25;0.2;3.95;0.15;1;1
2502005;;3282770209587;Klorane;Soins du Bébé;KLORANE BB Gel lav dx corps chev 2Fl/500ml;0.2;10.95;0.15;6;1
6035289;;3282770112313;Klorane;Soins du Bébé;KLORANE BB Eau parf ss alc Vapo/50ml;0.2;14;0.15;40;1
6043672;;3282770105001;Klorane;Soins du Bébé;KLORANE BEBE Lingette nettoyante douce B/70;0.2;3.85;0.15;12;1
6043780;;3282770104943;Klorane;Soins du Bébé;KLORANE BB Gel lav dx corps chev Fl ppe/500ml;0.2;7.3;0.15;12;1
6044008;;3282770104882;Klorane;Soins du Bébé;KLORANE BEBE Eau fraîche parfumée Spray/500ml;0.2;9.6;0.15;12;1
6044009;;3282770206418;Klorane;Soins du Bébé;KLORANE BEBE Shampooing doux démêlant T/200ml;0.2;6.7;0.15;12;1
6044013;;3282770104769;Klorane;Soins du Bébé;KLORANE BEBE Lait de toilette Fl pompe/500ml;0.2;8.3;0.15;12;1
6044014;;3282770104752;Klorane;Soins du Bébé;KLORANE BEBE Lait de toilette Fl pompe/750ml;0.2;9.4;0.15;12;1
6044841;;3282770104936;Klorane;Soins du Bébé;KLORANE BB Gel lav dx corps chev T/200ml;0.2;5.4;0.15;12;1
;3400930311929;;Kreussler Pharma;Non renseigné;AETOXISCLEROL 1 % (20 mg/2 ml) S inj 2Amp/2ml;0.1;20.12;0.06;1;1
;3400930311936;;Kreussler Pharma;Non renseigné;AETOXISCLEROL 0,5 % (10 mg/2 ml) Sol inj en ampoule IV 2Amp/2ml;0.1;11.66;0.06;176;1
;3400930311950;;Kreussler Pharma;Non renseigné;AETOXISCLEROL 2 % (40 mg/2 ml) Sol inj en ampoule IV 2Amp/2ml;0.1;21.21;0.06;1;1
;3400930311967;;Kreussler Pharma;Non renseigné;AETOXISCLEROL 3 % (60 mg/2 ml) Sol inj en ampoule IV 2Amp/2ml;0.1;22.31;0.06;1;1
;3400930311974;;Kreussler Pharma;Non renseigné;AETOXISCLEROL 0,25 % (5 mg/2 ml) Sol inj en ampoule IV 2Amp/2ml;0.1;11.37;0.06;1;1
2688265;3400926882655;;Kreussler Pharma;Non renseigné;FIBROVEIN 0,5 % S inj 5Amp/2ml;0.1;23.7;0.06;1;1
2688325;3400926883256;;Kreussler Pharma;Non renseigné;FIBROVEIN 1 % S inj 5Amp/2ml;0.1;28.5;0.06;1;1
2688360;3400926883607;;Kreussler Pharma;Non renseigné;FIBROVEIN 3 % S inj 5Amp/2ml;0.1;43.5;0.06;1;1
4987552;3400949875528;;Kreussler Pharma;Non renseigné;DYNEXANGIVAL 1% Cr buccale T/10g;0.1;5.63;0.25;0;1
;;3288111982881;LACTALIS NUTRITION SANTÉ;Apurna;APURNA Pdr p boiss hydrat citron B/500g;0.055;17;0.3;1;1
;;3288111982911;LACTALIS NUTRITION SANTÉ;Apurna;APURNA Pdr p boiss lgue dist citron B/500g;0.055;19.66;0.3;12;1
;;3288111982959;LACTALIS NUTRITION SANTÉ;Apurna;APURNA WHEY PROT Pdr vanille Doypack/720g;0.055;26.62;0.3;4;1
;;3288112086502;LACTALIS NUTRITION SANTÉ;Apurna;APURNA ISOLAT WHEY NATIVE Pdr chocolat B/720g;0.055;39.33;0.3;4;1
;;3288112086724;LACTALIS NUTRITION SANTÉ;Apurna;APURNA Pdr p boiss récupération citron B/400g;0.055;19;0.3;1;1
;;3288112086731;LACTALIS NUTRITION SANTÉ;Apurna;APURNA Pdr p boiss récupération orange B/400g;0.055;19;0.3;1;1
;;3551102354197;LACTALIS NUTRITION SANTÉ;Apurna;APURNA Barre hyperpro crunchy caramel 45g;0.055;2.52;0.3;120;1
;;3551102354203;LACTALIS NUTRITION SANTÉ;Apurna;APURNA Barre hyperpro crunchy choco nois 45g;0.055;2.52;0.3;20;1
;;3551100164279;LACTALIS NUTRITION SANTÉ;Delical;DELICAL RIZ AU LAIT Nutrim vanille 4P/200g;0.055;8.49;0.35;4;1
;;3551100164286;LACTALIS NUTRITION SANTÉ;Delical;DELICAL RIZ AU LAIT Nutrim caramel 4P/200g;0.055;8.49;0.35;4;1
;;3551101034366;LACTALIS NUTRITION SANTÉ;Delical;DELICAL BOISS HPHC CT Nutrim vanille 4/200ml;0.055;12.33;0.35;6;1
;;3551101034373;LACTALIS NUTRITION SANTÉ;Delical;DELICAL BOISS HPHC CT Nutrim fraise 4/200ml;0.055;12.33;0.35;6;1
;;3551101034380;LACTALIS NUTRITION SANTÉ;Delical;DELICAL BOISS HPHC CT Nutrim café 4/200ml;0.055;12.33;0.35;6;1
;;3551101423382;LACTALIS NUTRITION SANTÉ;Delical;DELICAL CR HPHC SS SUC Nutrim cacao 4P/200g;0.055;10.81;0.35;4;1
;;3551101423405;LACTALIS NUTRITION SANTÉ;Delical;DELICAL CR HPHC SS SUC Nutrim café 4P/200g;0.055;10.81;0.35;4;1
;;3551101424389;LACTALIS NUTRITION SANTÉ;Delical;DELICAL PUREE HP HC Nutrim céle pdt cr 4/200g;0.055;10.33;0.35;6;1
;;3551101424396;LACTALIS NUTRITION SANTÉ;Delical;DELICAL PUREE HP HC Nutrim broco cr 4/200g;0.055;10.33;0.35;6;1
;;3551101424402;LACTALIS NUTRITION SANTÉ;Delical;DELICAL PUREE HP HC Nutrim petit pois 4/200g;0.055;10.33;0.35;6;1
;;3551101424457;LACTALIS NUTRITION SANTÉ;Delical;DELICAL SOUPE HP HC Nutrim poireaux pdt 4;0.055;10.33;0.35;6;1
;;3551101424471;LACTALIS NUTRITION SANTÉ;Delical;DELICAL SOUPE HP HC Nutrim lég soleil 4;0.055;10.33;0.35;6;1
;;3551101425652;LACTALIS NUTRITION SANTÉ;Delical;DELICAL NUTRA'CAKE Biscuit framboise 3/135g;0.055;3.97;0;12;1
;;3551101425669;LACTALIS NUTRITION SANTÉ;Delical;DELICAL NUTRA'CAKE Biscuit pruneau 3Sach/135g;0.055;3.97;0;12;1
;;3551101425676;LACTALIS NUTRITION SANTÉ;Delical;DELICAL NUTRA'CAKE Biscuit chocolat 3/135g;0.055;3.97;0;12;1
;;3551101429858;LACTALIS NUTRITION SANTÉ;Delical;DELICAL BOISS HPHC CT Nutrim noisette 4/200ml;0.055;12.33;0.35;6;1
;;3551101429865;LACTALIS NUTRITION SANTÉ;Delical;DELICAL BOISS HPHC CT Nutrim caramel 4/200ml;0.055;12.33;0.35;6;1
;;3551101429872;LACTALIS NUTRITION SANTÉ;Delical;DELICAL BOISS HPHC CT Nutrim pêch abr 4/200ml;0.055;12.33;0.35;6;1
;;3551101429889;LACTALIS NUTRITION SANTÉ;Delical;DELICAL BOISS HPHC CT Nutrim chocolat 4/200ml;0.055;12.33;0.35;6;1
;;3551101429933;LACTALIS NUTRITION SANTÉ;Delical;DELICAL BOISS HPHC LA Nutrim caramel 4/200ml;0.055;10.16;0.35;6;1
;;3551101429940;LACTALIS NUTRITION SANTÉ;Delical;DELICAL BOISS HPHC LA Nutrim frt rge 4/200ml;0.055;10.16;0.35;6;1
;;3551101429957;LACTALIS NUTRITION SANTÉ;Delical;DELICAL BOISS HPHC LA Nutrim pêch abr 4/200ml;0.055;10.16;0.35;6;1
;;3551101429964;LACTALIS NUTRITION SANTÉ;Delical;DELICAL BOISS HPHC LA Nutrim fraise 4/200ml;0.055;10.16;0.35;6;1
;;3551101429988;LACTALIS NUTRITION SANTÉ;Delical;DELICAL BOISS HPHC LA Nutrim vanille 4/200ml;0.055;10.16;0.35;6;1
;;3551101429995;LACTALIS NUTRITION SANTÉ;Delical;DELICAL BOISS HPHC LA Nutrim chocolat 4/200ml;0.055;10.16;0.35;6;1
;;3551101430007;LACTALIS NUTRITION SANTÉ;Delical;DELICAL BOISS HPHC LA Nutrim café 4/200ml;0.055;10.16;0.35;6;1
;;3551101430236;LACTALIS NUTRITION SANTÉ;Delical;DELICAL CR DESS SS LACT Nutrim vanille 4/200g;0.055;10.64;0.35;4;1
;;3551101430274;LACTALIS NUTRITION SANTÉ;Delical;DELICAL CR DESS SS LACT Nutrim caramel 4/200g;0.055;10.64;0.35;4;1
;;3551101886644;LACTALIS NUTRITION SANTÉ;Delical;DELICAL LE BRASSE HPHC Nutrim nature 4/200g;0.055;10.64;0.35;4;1
;;3551101886651;LACTALIS NUTRITION SANTÉ;Delical;DELICAL LE BRASSE HPHC Nutrim vanille 4/200g;0.055;10.64;0.35;4;1
;;3551101886668;LACTALIS NUTRITION SANTÉ;Delical;DELICAL LE BRASSE HPHC Nutrim fraise 4/200g;0.055;10.64;0.35;4;1
;;3551101886675;LACTALIS NUTRITION SANTÉ;Delical;DELICAL LE BRASSE HPHC Nutrim citron 4/200g;0.055;10.64;0.35;4;1
;;3551101886682;LACTALIS NUTRITION SANTÉ;Delical;DELICAL LE BRASSE HPHC Nutrim pêche 4/200g;0.055;10.64;0.35;4;1
;;3551101886699;LACTALIS NUTRITION SANTÉ;Delical;DELICAL LE BRASSE HPHC Nutrim cerise 4/200g;0.055;10.64;0.35;4;1
;;3551101887153;LACTALIS NUTRITION SANTÉ;Delical;DELICAL BOISSON SANS SUCRES HP HC Nutriment vanille 4Bouteilles/200ml;0.055;10.16;0.35;6;1
;;3551101887160;LACTALIS NUTRITION SANTÉ;Delical;DELICAL BOISSON SANS SUCRES HP HC Nutriment café 4Bouteilles/200ml;0.055;10.16;0.35;6;1
;;3551101887177;LACTALIS NUTRITION SANTÉ;Delical;DELICAL BOISSON SANS SUCRES HP HC Nutriment fraise 4Bouteilles/200ml;0.055;10.16;0.35;6;1
;;3551102086609;LACTALIS NUTRITION SANTÉ;Delical;GELODIET Pdr épaississante B/225g;0.055;10.07;0.35;12;1
;;3551102149618;LACTALIS NUTRITION SANTÉ;Delical;DELICAL Pdr de protéines neutre B/400g;0.055;19.05;0.35;6;1
;;3551102182714;LACTALIS NUTRITION SANTÉ;Delical;DELICAL CREME DESSERT HP HC LA FLORIDINE Nutriment caramel 4Pots/200g;0.055;10.64;0.35;4;1
;;3551102354623;LACTALIS NUTRITION SANTÉ;Delical;DELICAL BOISSON FRUITEE Nutriment saveur orange 4Briques/200ml;0.055;8.98;0.35;6;1
;;3551102354630;LACTALIS NUTRITION SANTÉ;Delical;DELICAL BOISSON FRUITEE Nutriment saveur raisin 4Briques/200ml;0.055;8.98;0.35;6;1
;;3551102354647;LACTALIS NUTRITION SANTÉ;Delical;DELICAL BOISSON FRUITEE Nutriment saveur pomme 4Briques/200ml;0.055;8.98;0.35;6;1
;;3551102354661;LACTALIS NUTRITION SANTÉ;Delical;DELICAL BOISSON FRUITEE Nutriment saveur ananas 4Briques/200ml;0.055;8.98;0.35;6;1
;;3551102354722;LACTALIS NUTRITION SANTÉ;Delical;DELICAL FRUITEE SS SUC Nutrim sav oran4/200ml;0.055;8.98;0.35;6;1
;;3551102354739;LACTALIS NUTRITION SANTÉ;Delical;DELICAL FRUITEE SS SUC Nutrim sav frts4/200ml;0.055;8.98;0.35;6;1
5162977;;3551100417276;LACTALIS NUTRITION SANTÉ;Delical;DELICAL NUTRA'POTE Nutrim pomm 4/200g;0.055;9.32;0.35;4;1
5163020;;3551100417306;LACTALIS NUTRITION SANTÉ;Delical;DELICAL NUTRA'POTE Nutrim pomm banane 4/200g;0.055;9.32;0.35;4;1
6276596;;3551101034663;LACTALIS NUTRITION SANTÉ;Delical;DELICAL CR HP HC FLORID Nutrim vanille 4/200g;0.055;10.64;0.35;4;1
6276597;;3551101034670;LACTALIS NUTRITION SANTÉ;Delical;DELICAL CR HP HC FLORID Nutrim choco 4/200g;0.055;10.64;0.35;4;1
6276600;;3551101034694;LACTALIS NUTRITION SANTÉ;Delical;DELICAL CR HP HC FLORID Nutrim café 4/200g;0.055;10.64;0.35;4;1
6276601;;3551101034717;LACTALIS NUTRITION SANTÉ;Delical;DELICAL CR HP HC FLORID Nutrim praliné 4/200g;0.055;10.64;0.35;4;1
6276605;;3551101034700;LACTALIS NUTRITION SANTÉ;Delical;DELICAL CR HP HC FLORID Nutrim fraise 4/200g;0.055;10.64;0.35;4;1
6276606;;3551101034687;LACTALIS NUTRITION SANTÉ;Delical;DELICAL CR HP HC FLORID Nutrim abricot 4/200g;0.055;10.64;0.35;4;1
;;3551101423375;LACTALIS NUTRITION SANTÉ;Non renseigné;DELICAL CR HPHC SS SUC Nutrim vanille 4P/200g;0.055;10.81;0.35;4;1
;;3551101423399;LACTALIS NUTRITION SANTÉ;Non renseigné;DELICAL CR HPHC SS SUC Nutrim fraise 4P/200g;0.055;10.81;0.35;4;1
;;3551102354821;LACTALIS NUTRITION SANTÉ;Non renseigné;FIBRELINE TRANSIT 250GR;0.055;15.49;0.35;12;1
;;3551100418082;LACTALIS NUTRITION SANTÉ;Picot;PICOT 1ER DESSERT SS LAIT Cr cacao 4P/100g;0.055;5.47;0.35;6;1
;;3551100418099;LACTALIS NUTRITION SANTÉ;Picot;PICOT 1ER DESSERT SS LAIT Cr fraise 4P/100g;0.055;5.47;0.35;6;1
;;3551100418105;LACTALIS NUTRITION SANTÉ;Picot;PICOT 1ER DESSERT SS LAIT Cr abricot 4P/100g;0.055;5.47;0.35;6;1
;;3551100418112;LACTALIS NUTRITION SANTÉ;Picot;PICOT 1ER DESSERT SS LAIT Cr banane 4P/100g;0.055;5.47;0.35;6;1
;;3551101360489;LACTALIS NUTRITION SANTÉ;Picot;PICOLITE Pdr sol buv réhydrat 10Sach/18g;0.055;6.31;0.35;12;1
;;3551101360496;LACTALIS NUTRITION SANTÉ;Picot;PICOT MAGIC MIX Pdr épaiss Enf 3 ans Ad 300g;0.055;17.12;0.35;12;1
;;3551101545350;LACTALIS NUTRITION SANTÉ;Picot;PICOT STANDARD 2 Lait pdre B/800g;0.055;22.93;0.35;6;1
;;3551101545367;LACTALIS NUTRITION SANTÉ;Picot;PICOT CROISSANCE Lait pdre B/800g;0.055;16.91;0.35;6;1
;;3551101545374;LACTALIS NUTRITION SANTÉ;Picot;PICOT BIO 1 Lait pdre B/800g;0.055;31.08;0.35;6;1
;;3551101545381;LACTALIS NUTRITION SANTÉ;Picot;PICOT BIO 2 Lait pdre B/800g;0.055;29.67;0.35;6;1
;;3551101545398;LACTALIS NUTRITION SANTÉ;Picot;PICOT BIO 3 Lait pdre B/800g;0.055;26.83;0.35;6;1
;;3551101547576;LACTALIS NUTRITION SANTÉ;Picot;PICOT AR 1 Lait pdre B/800g;0.055;33.28;0.35;6;1
;;3551101547705;LACTALIS NUTRITION SANTÉ;Picot;PICOT AR 2 Lait pdre B/800g;0.055;31.87;0.35;6;1
;;3551101547910;LACTALIS NUTRITION SANTÉ;Picot;PICOT BEBE GOURMAND 1 Lait pdre B/800g;0.055;30.16;0.35;6;1
;;3551101547927;LACTALIS NUTRITION SANTÉ;Picot;PICOT BEBE GOURMAND 2 Lait pdre B/800g;0.055;28.24;0.25;6;1
;;3551101547934;LACTALIS NUTRITION SANTÉ;Picot;PICOT PICOGEST 1 Lait pdre B/800g;0.055;28.24;0.35;6;1
;;3551102149946;LACTALIS NUTRITION SANTÉ;Picot;PEPTI JUNIOR CASEINE AR Pdr B/400g;0.055;20.46;0.15;12;1
;;3551102150331;LACTALIS NUTRITION SANTÉ;Picot;PICOT MAGIC MIX Pdr épaississante dès la naissance 0-3 ans B/350g;0.055;17.69;0.35;12;1
4658357;3401546583571;3551100751189;LACTALIS NUTRITION SANTÉ;Picot;PICOT PEPTI-JUNIOR Boudoir B/150g;0.055;5.2;0.35;12;1
6002869;;3551100266652;LACTALIS NUTRITION SANTÉ;Picot;PICOT Boudoir vanille mes 1ers B/24;0.055;4.29;0.35;12;1
4703046;3401547030463;3700288600097;LCA Pharmaceutical;HYALINE;HYALINE S opht lubrif 28Unid/2ml;0.2;7.21;0.14;40;1
7748463;3401577484632;3700288600042;LCA Pharmaceutical;PHYLARM;PHYLARM 0,9% S ocul irrig 16Unid/10ml;0.2;5.2;0.14;40;1
7748492;3401577484922;3700288600066;LCA Pharmaceutical;PHYLARM;PHYLARM 0,9% S ocul irrig 28Unid/2ml;0.2;5.95;0.14;40;1
;;3701414501325;LESCUYER;Non renseigné;LESCUYER LIMICOL CHOLESTEROL Cpr B/90;0.055;38.5;0.22;1;1
;;3337875546409;La Roche Posay;Anthelios;*ANTHELIOS SPF50+ Gel cr avec parf T ppe/50ml;0.2;16.15;0.19;63;1
;;3337875546430;La Roche Posay;Anthelios;*ANTHELIOS 50+ UVMUNE 400 Oil Control Gel Crème Sans Parfum T/50ml;0.2;16.15;0.19;24;1
;;3337875706841;La Roche Posay;Anthelios;*ANTHELIOS SPF30 Flde invis avec parf Fl/50ml;0.2;15.5;0.19;72;1
;;3337875761031;La Roche Posay;Anthelios;*ANTHELIOS AGE CORRECT SPF50 Cr T/50ml;0.2;24.3;0.19;60;1
;;3337875761123;La Roche Posay;Anthelios;*ANTHELIOS SPF50+ Lait hydrat T Eco/250ml;0.2;20.35;0.19;24;1
;;3337875847292;La Roche Posay;Anthelios;*ANTHELIOS OIL CTROL LA R P SPF50 Flde 50ml;0.2;15.45;0.19;24;1
;;3337875847353;La Roche Posay;Anthelios;*ANTHELIOS LA R P SPF50+ Lait hyd corps 75ml;0.2;14.8;0.19;1;1
;;3337875886024;La Roche Posay;Anthelios;*ANTHELIOS POST-UV LA R P Bme T/200ml;0.2;14.6;0.19;1;1
;;3337875886055;La Roche Posay;Anthelios;*ANTHELIOS DERMO-PED LA R P SPF50+ Spray 200ml;0.2;20.6;0.19;36;1
;;3337875886307;La Roche Posay;Anthelios;*ANTHELIOS DERMO-PED LA R P SPF50+ Flde 50ml;0.2;16.7;0.19;1;1
;;3337875888851;La Roche Posay;Anthelios;*ANTHEL DERMO-PED LA R P SPF50+ Lait hy 250ml;0.2;21.2;0.19;1;1
;;3337875888899;La Roche Posay;Anthelios;*ANTHEL DERMO-PED LA R P SPF50+ Lait hy 75ml;0.2;15.9;0.19;83;1
;;3337875905459;La Roche Posay;Anthelios;*ANTHELIOS POST-UV LA R P Bme Fl ppe/400ml;0.2;18.65;0.19;1;1
;;3337875917407;La Roche Posay;Anthelios;*ANTHELIOS UVMUNE 400 LA ROCHE POSAY SPF 50+ Fluide anti-taches Fl/50ml;0.2;18.45;0.19;24;1
;;3337875917810;La Roche Posay;Anthelios;*ANTHELIOS UVAIR LA ROCHE POSAY SPF50+ Cr T/40ml;0.2;17.15;0.19;1;1
;;3337875917872;La Roche Posay;Anthelios;*ANTHELIOS UVMUNE 400 LA ROCHE POSAY SPF50+ Lait corps & visage Fl/150ml;0.2;18.25;0.19;1;1
;;3337875932264;La Roche Posay;Anthelios;*ANTHELIOS UVAIR LA ROCHE POSAY SPF50+ Fluide teinté médium Fl/50ml;0.2;19;0.19;1;1
;;3337875932301;La Roche Posay;Anthelios;*ANTHELIOS UVAIR LA ROCHE POSAY SPF50+ Fluide teinté light Fl/50ml;0.2;19;0.19;1;1
;;3337875932349;La Roche Posay;Anthelios;*ANTHELIOS UVAIR LA ROCHE POSAY SPF50+ Cr Fl/50ml;0.2;18;0.19;1;1
;;3337875932387;La Roche Posay;Anthelios;*ANTHELIOS UVAIR LA ROCHE POSAY SPF50+ Fluide teinté deep Fl/50ml;0.2;19;0.19;1;1
;;3337875940399;La Roche Posay;Anthelios;*ANTHELIOS UVSPORT LA ROCHE POSAY SPF50+ Stick 10g;0.2;15.8;0.19;1;1
;;3337875940412;La Roche Posay;Anthelios;*ANTHELIOS UVAIR LA ROCHE POSAY SPF50+ Stick 10g;0.2;13.8;0.19;18;1
;;3337875945141;La Roche Posay;Anthelios;*ANTHELIOS UVAIR LA ROCHE POSAY SPF30 Brume vitaminée Spray/200ml;0.2;20;0.19;1;1
6021767;;3337875549530;La Roche Posay;Anthelios;*ANTHELIOS XL SPF50+ Brume invis T/75ml;0.2;17.35;0.19;6;1
6139673;;3337872419904;La Roche Posay;Anthelios;*ANTHELIOS DERMO-PEDIAT SPF50+ Lait BB Fl/50m;0.2;16.55;0.19;78;1
6139696;;3337872420153;La Roche Posay;Anthelios;*ANTHELIOS XL SPF50+ Brume invis corps 200ml;0.2;20.45;0.19;6;1
6222550;;3337875696821;La Roche Posay;Anthelios;*ANTHELIOS SPF30 Spray invisible Fl/200ml;0.2;19;0.19;36;1
6222551;;3337875696838;La Roche Posay;Anthelios;*ANTHELIOS XL SPF50+ Spray invis av parf 200ml;0.2;19;0.19;36;1
6292939;;3337875797719;La Roche Posay;Anthelios;*ANTHELIOS UVMUNE LA R P SPF50+ Cr s parf 50m;0.2;15.45;0.19;24;1
6292942;;3337875797641;La Roche Posay;Anthelios;*ANTHELIOS UVMUNE LA R P SPF50+ Flde tein 50m;0.2;15.5;0.19;24;1
6293000;;3337875797665;La Roche Posay;Anthelios;*ANTHELIOS UVMUNE LA R P SPF50+ Cr parf 50ml;0.2;15.45;0.19;63;1
6293125;;3337875797467;La Roche Posay;Anthelios;*ANTHELIOS OIL CORRECT LA R P SPF50 Cr 50ml;0.2;21.5;0.19;1;1
6293198;;3337875797689;La Roche Posay;Anthelios;*ANTHELIOS UVMUNE LA R P SPF50+ Cr teint 50ml;0.2;15.45;0.19;63;1
6297233;;3337875797580;La Roche Posay;Anthelios;*ANTHELIOS UVMUNE LA R P SPF50+ Flde par 50ml;0.2;15.5;0.19;24;1
6297234;;3337875797597;La Roche Posay;Anthelios;*ANTHELIOS UVMUNE LA R P SPF50+ Flde s pa 50m;0.2;15.5;0.19;24;1
6305292;;3337875799348;La Roche Posay;Anthelios;*ANTHELIOS LA R P SPF50+ Spray famil Fl/300ml;0.2;24.05;0.19;1;1
;;3337875735742;La Roche Posay;Cicaplast;*CICASPRAY Spray Fl/100ml;0.2;10.5;0.17;48;1
;;3337875766326;La Roche Posay;Cicaplast;*CICAPLAST Cr mains T/100ml;0.2;9.25;0.17;60;1
;;3337875816779;La Roche Posay;Cicaplast;*CICAPLAST LA R P Bme B5+ réparat apais T/15ml;0.2;5.05;0.17;120;1
;;3337875816809;La Roche Posay;Cicaplast;*CICAPLAST LA R P Bme B5+ réparat apais T/40m;0.2;7.5;0.17;90;1
;;3337875816847;La Roche Posay;Cicaplast;*CICAPLAST LA R P Bme B5+ réparat apais 100ml;0.2;13.4;0.17;24;1
;;3337875837804;La Roche Posay;Cicaplast;*CICAPLAST VISAGE LA R P Sérum rép Fl air/30ml;0.2;29.75;0.17;36;1
;;3337875876940;La Roche Posay;Cicaplast;*CICAPLAST LRP SPF50+ Bme B5 réparateur apaisant T/40ml;0.2;12.5;0.17;24;1
;;3337875916332;La Roche Posay;Cicaplast;*CICAPLAST LAV B5 LA R P Gel assain apai 100ml;0.2;9.05;0.17;12;1
6018703;;3337875548519;La Roche Posay;Cicaplast;*CICAPLAST LAVANT B5 Gel Fl/200ml;0.2;10.3;0.17;24;1
6036199;;3337875586269;La Roche Posay;Cicaplast;*CICAPLAST Gel B5 T/40ml;0.2;8.2;0.17;24;1
6075849;3401560758498;0000030106659;La Roche Posay;Cicaplast;*CICAPLAST Cr lèv T/7,5ml;0.2;5.95;0.17;240;1
6120455;3401561204550;3337872414145;La Roche Posay;Cicaplast;*CICAPLAST Cr mains T/50ml;0.2;6.7;0.17;90;1
6197593;3401361975933;3433422404403;La Roche Posay;Eau thermale;LA R-P Eau thermale Aér/300ml;0.2;9.35;0.13;6;1
7018888;3401370188881;3433422404397;La Roche Posay;Eau thermale;LA R-P Eau thermale Aér/150ml;0.2;6.55;0.13;6;1
;;3337875708289;La Roche Posay;Effaclar;*EFFACLAR Gel Micro-peeling Fl pompe/400ml;0.2;13.5;0.17;24;1
;;3337875722827;La Roche Posay;Effaclar;*EFFACLAR Sérum Fl cpte-gttes/30ml;0.2;25.5;0.17;24;1
;;3337875777759;La Roche Posay;Effaclar;*EFFACLAR H ISO-BIOME LA R P Cr lavante 200ml;0.2;12.15;0.17;36;1
;;3337875777773;La Roche Posay;Effaclar;*EFFACLAR H ISO-BIOME LA R P Cr lavante 400ml;0.2;16.95;0.17;12;1
;;3337875777797;La Roche Posay;Effaclar;*EFFACLAR H ISO-BIOME LA ROCHE POSAY Cr T/40m;0.2;11.65;0.17;24;1
;;3337875863377;La Roche Posay;Effaclar;*EFFACLAR DUO + M LA ROCHE POSAY Cr T/40ml;0.2;13.4;0.17;24;1
;;3337875894333;La Roche Posay;Effaclar;*EFFACLAR Pain dermatologique B/65g;0.2;10.45;0.17;36;1
;;3337875909273;La Roche Posay;Effaclar;*EFFACLAR DUO + M LA ROCHE POSAY Cr foncée T/40ml;0.2;14.85;0.17;1;1
;;3337875909280;La Roche Posay;Effaclar;*EFFACLAR DUO + M LA ROCHE POSAY Cr medium T/40ml;0.2;14.85;0.17;1;1
;;3337875909303;La Roche Posay;Effaclar;*EFFACLAR DUO + M LA ROCHE POSAY Cr light T/40ml;0.2;14.85;0.17;1;1
;;3337875920742;La Roche Posay;Effaclar;*EFFACLAR AZ LA ROCHE POSAY Cr T/40ml;0.2;24.1;0.17;1;1
;;3337875924887;La Roche Posay;Effaclar;*EFFACLAR DUO + M LA ROCHE POSAY Patch anti-boutons B/22;0.2;10.4;0.17;24;1
4888850;3401348888508;3337872411083;La Roche Posay;Effaclar;*EFFACLAR Gel mouss purif T/200ml;0.2;9.2;0.17;12;1
6017439;;3337875533317;La Roche Posay;Effaclar;*EFFACLAR Masque T/100ml;0.2;12.4;0.17;60;1
6025353;;3337875549493;La Roche Posay;Effaclar;*EFFACLAR DUO + SPF30 Cr soin anti-imperf 40m;0.2;14.45;0.17;81;1
6087268;;3337875613491;La Roche Posay;Effaclar;*EFFACLAR K+ Cr soin rénov PG T/40ml;0.2;15;0.17;24;1
7930133;3401379301335;3337875609593;La Roche Posay;Effaclar;*EFFACLAR AI Gel imperf cutanées T/15ml;0.2;9.7;0.17;120;1
9460513;3401594605133;3337872413025;La Roche Posay;Effaclar;*EFFACLAR MAT Cr hydrat matif T/40ml;0.2;11.45;0.17;90;1
9514841;;3433422408357;La Roche Posay;Effaclar;*EFFACLAR Eau micellaire purif Fl/200ml;0.2;8.7;0.17;24;1
9585255;;3433422408159;La Roche Posay;Effaclar;*EFFACLAR Lot astring Fl/200ml;0.2;11.55;0.17;24;1
9601675;3401396016755;3337872411991;La Roche Posay;Effaclar;*EFFACLAR Gel mouss purif Fl ppe/400ml;0.2;11.95;0.17;12;1
9728217;3401397282173;3337872412516;La Roche Posay;Effaclar;*EFFACLAR Eau micellaire purif Fl/400ml;0.2;11.85;0.17;24;1
;;3337875760201;La Roche Posay;Hyalu B5;HYALU B5 AQUAGEL SPF30 Gel T/50ml;0.2;26.9;0.13;1;1
;;3337875920582;La Roche Posay;Hyalu B5;HYALU B5 SURACTIVE LA ROCHE POSAY Sérum Fl pipette/30ml;0.2;30.55;0.13;24;1
;;3337875920667;La Roche Posay;Hyalu B5;HYALU B5 SURACTIVE LA ROCHE POSAY SPF30 Cr Pot/50ml;0.2;29.9;0.13;1;1
;;3337875920698;La Roche Posay;Hyalu B5;HYALU B5 SURACTIVE LA ROCHE POSAY Cr Pot/50ml;0.2;28.9;0.13;1;1
;;3337875920728;La Roche Posay;Hyalu B5;HYALU B5 LA ROCHE POSAY Gel en eau T/40ml;0.2;20.9;0.13;1;1
;;3337875922029;La Roche Posay;Hyalu B5;HYALU B5 SURACTIVE LA ROCHE POSAY Cr Recharge/50ml;0.2;24.9;0.13;1;1
6036117;;3337875583589;La Roche Posay;Hyalu B5;HYALU B5 Cr soin T/40ml;0.2;25.1;0.13;1;1
;;3337872412646;La Roche Posay;Hydraphase;HYDRAPHASE HA YEUX Cr T/15ml;0.2;12.35;0.13;1;1
;;3337875794091;La Roche Posay;Hydraphase;HYDRAPHASE BB CR LA R P Cr teint claire 40ml;0.2;17.8;0.13;1;1
;;3337875794107;La Roche Posay;Hydraphase;HYDRAPHASE BB CR LA R P Cr teint medium 40ml;0.2;17.8;0.13;1;1
;;3337875846097;La Roche Posay;Hydraphase;HYDRAPHASE HA UV RICHE LA R P SPF25 Cr 50ml;0.2;17.55;0.13;1;1
;;3337875846110;La Roche Posay;Hydraphase;HYDRAPHASE HA UV LEGERE LA R P SPF25 Cr 50ml;0.2;17.55;0.13;1;1
;;3337875941143;La Roche Posay;Hydraphase;HYDRAPHASE HA RICHE T/40ml;0.2;12.65;0.13;1;1
;;3337875941150;La Roche Posay;Hydraphase;HYDRAPHASE HA LEGERE T/40ml;0.2;12.65;0.13;1;1
;;3337875911184;La Roche Posay;Kerium;KERIUM DS LA ROCHE POSAY Shampooing antipelliculaire intensif Fl/200ml;0.2;14.1;0.13;12;1
4313055;;3433422407299;La Roche Posay;Kerium;KERIUM ANTIPELL MICRO-EXFO Shamp gel CG 200ml;0.2;12.45;0.13;12;1
6034388;3401560343885;3337872414282;La Roche Posay;Kerium;KERIUM DOUX Shamp gel Fl ppe/400ml;0.2;10.85;0.13;6;1
;;3337875551250;La Roche Posay;Lipikar;*LIPIKAR Gel surgras Fl ppe/750ml;0.2;15.45;0.17;6;1
;;3337875763790;La Roche Posay;Lipikar;*LIPIKAR AP + M Bme T Eco Responsable/200ml;0.2;15.05;0.17;36;1
;;3337875905466;La Roche Posay;Lipikar;*LIPIKAR AP + Huile de douche lavante Fl pompe/1l;0.2;18.6;0.17;6;1
;;3337875905480;La Roche Posay;Lipikar;*LIPIKAR LA ROCHE POSAY Gel lavant Fl pompe/1l;0.2;11.35;0.17;6;1
;;3337875905497;La Roche Posay;Lipikar;*LIPIKAR SURGRAS LA R P Cr lav anti-dess 400ml;0.2;11.4;0.17;6;1
;;3337875905510;La Roche Posay;Lipikar;*LIPIKAR LA ROCHE POSAY Gel lavant Eco-recharge/400ml;0.2;7.05;0.17;6;1
;;3337875930048;La Roche Posay;Lipikar;*LIPIKAR AP + MAX Bme T/200ml;0.2;15.55;0.17;1;1
;;3337875930116;La Roche Posay;Lipikar;*LIPIKAR BAUME AP MAX 75ML;0.2;7.7;0.17;1;1
;;3337875930239;La Roche Posay;Lipikar;*LIPIKAR AP + MAX LA ROCHE POSAY Bme Fl pompe/400ml;0.2;21.1;0.17;12;1
;;3337875930307;La Roche Posay;Lipikar;*LIPIKAR CREME AP + M Cr T/200ml;0.2;15.05;0.17;36;1
;;3337875930338;La Roche Posay;Lipikar;*LIPIKAR CREME AP + M Cr Fl pompe/400ml;0.2;20.1;0.17;12;1
;;3337875943901;La Roche Posay;Lipikar;*LIPIKAR SYNDET AP+ Cr lavante Eco-rech/400ml;0.2;12.05;0.17;6;1
4368820;3401343688202;3433422408586;La Roche Posay;Lipikar;*LIPIKAR Sav liq surgras PS/PTS T/400ml;0.2;12.6;0.17;24;1
6015275;;3337875537308;La Roche Posay;Lipikar;*LIPIKAR SYNDET AP+ Gel cr nettoy T/200ml;0.2;9.25;0.17;36;1
6015276;;3337875537315;La Roche Posay;Lipikar;*LIPIKAR SYNDET AP+ Gel cr nettoy Fl pp/400ml;0.2;13.35;0.17;12;1
6021801;;3337875552127;La Roche Posay;Lipikar;*LIPIKAR Lait relipid corp dessèch 48H 400ml;0.2;15.35;0.17;24;1
6067726;;3337872418785;La Roche Posay;Lipikar;*LIPIKAR Gel lavant T/400ml;0.2;7.8;0.17;24;1
6113300;;3337875656764;La Roche Posay;Lipikar;*LIPIKAR Huile Lavante Fl pompe/400ml;0.2;14.3;0.17;24;1
6292611;;3337875771214;La Roche Posay;Lipikar;LIPIKAR ECZEMA MED Cr T/30ml;0.2;14.38;0.13;24;1
9759620;3401397596201;3337872412684;La Roche Posay;Lipikar;*LIPIKAR XERAND Cr prot mains T/50ml;0.2;5.6;0.17;95;1
;;3337875685818;La Roche Posay;Lipikar Urea;ISO UREA Lait lissant 5+ Fl pompe/400ml;0.2;19;0.13;24;1
;;3337875852333;La Roche Posay;Lipikar Urea;LIPIKAR UREA LA ROCHE POSAY 10% Lait lissant T/200ml;0.2;16.15;0.13;1;1
;;3337875909792;La Roche Posay;Lipikar Urea;LIPIKAR UREA LA ROCHE POSAY 30 % Gel T/50ml;0.2;11.35;0.13;1;1
;;3337872413735;La Roche Posay;Non renseigné;PURE VITAMIN C YEUX Cr T/15ml;0.2;21.2;0.13;1;1
;;3337875694469;La Roche Posay;Non renseigné;RETINOL B3 Sérum Fl pompe/30ml;0.2;30.75;0.13;24;1
;;3337875852302;La Roche Posay;Non renseigné;LIPIKAR UREA LA ROCHE POSAY 10% Lait lissant Fl pompe/400ml;0.2;20.7;0.13;12;1
;;3337875890069;La Roche Posay;Non renseigné;MELA 3 LA R P Gel micropeeling Fl/200ml;0.2;16.8;0.13;1;1
;;3337875923613;La Roche Posay;Non renseigné;PURE VITAMIN C10 LA ROCHE POSAY Gel nettoyant éclat Fl/200ml;0.2;15.8;0.13;1;1
4685756;3401346857568;3337872410321;La Roche Posay;Non renseigné;LA R-P Lot apais physio Fl/200ml;0.2;12.6;0.13;24;1
6081712;;3337875613668;La Roche Posay;Non renseigné;HYALU B5 YEUX Cr T/15ml;0.2;20.95;0.13;1;1
6359080;;3337875890021;La Roche Posay;Non renseigné;MELA 3 LA ROCHE POSAY Sérum Fl pipette/30ml;0.2;34.15;0.13;24;1
7061045;3401370610450;3433422406599;La Roche Posay;Non renseigné;TOLERIANE Flde dermo nettoy Fl/200ml;0.2;9.2;0.13;36;1
7148875;;3433422406728;La Roche Posay;Non renseigné;SEROZINC Sol adouciss Spr/150ml;0.2;9.2;0.13;6;1
7545062;;3433422401907;La Roche Posay;Non renseigné;RESPECTISSIME Lot démaq waterp yeux Fl/125ml;0.2;12.95;0.13;45;1
7797088;3401377970885;3433422404533;La Roche Posay;Non renseigné;LIPIKAR Pain surgras PS/PTS 150g;0.2;5.1;0.13;48;1
9631920;3401396319207;3337872412141;La Roche Posay;Non renseigné;LA R-P Déod physio 24H Aér/150ml;0.2;8.5;0.13;6;1
9631937;3401396319375;3337872412158;La Roche Posay;Non renseigné;LA R-P Déod physio 24H Bille/50ml;0.2;8.5;0.13;0;1
9884963;3401398849634;3433425003979;La Roche Posay;Non renseigné;LA R-P Déod physio 24H 2Billes/50ml;0.2;17;0.13;24;1
4675485;3401346754850;0000030070349;La Roche Posay;Nutritic;NUTRITIC Stick lèv sèche sens E/4,7ml;0.2;4.8;0.13;3;1
5202487;3401352024879;3337872413629;La Roche Posay;Nutritic;NUTRITIC INTENSE Cr T/50ml;0.2;15.75;0.13;3;1
5202493;3401352024930;3337872413575;La Roche Posay;Nutritic;NUTRITIC INTENSE RICHE Cr P/50ml;0.2;19.65;0.13;45;1
;;3337875890113;La Roche Posay;Pigmentclar;MELA 3 LA ROCHE POSAY SPF30 Cr soin T/40ml;0.2;26.7;0.13;24;1
4098071;3401340980712;3337872414152;La Roche Posay;Pigmentclar;PIGMENTCLAR YEUX Cr T/15ml;0.2;22.5;0.13;0;1
;;3337875806961;La Roche Posay;Rosaliac;TOLERIANE ROSALIAC AR UV LA R P SPF30 Cr 50ml;0.2;18.6;0.13;1;1
9840977;3401598409775;3337872412592;La Roche Posay;Substiane;SUBSTIANE + Cr affaiss traits T/40ml;0.2;32.75;0.13;0;1
;;3337875725897;La Roche Posay;Toilette;LA R-P Eau micellaire bi-phasée Fl/400ml;0.2;13.15;0.13;1;1
4211917;3401342119172;3337872411595;La Roche Posay;Toilette;LA R-P Sol micellaire physio Fl/400ml;0.2;11.35;0.13;24;1
6015274;;3337875528108;La Roche Posay;Toilette;LA R-P Eau micellaire ultra P réact Fl/400ml;0.2;11.35;0.13;24;1
;;3337875545822;La Roche Posay;Toleriane;TOLERIANE LA R P Gel mouss Fl ppe/400ml;0.2;14.9;0.13;12;1
;;3337875588348;La Roche Posay;Toleriane;TOLERIANE SENSITIVE RICHE Cr T/40ml;0.2;13.4;0.13;90;1
;;3337875588676;La Roche Posay;Toleriane;TOLERIANE SENSITIVE LA ROCHE POSAY Fluide T/40ml;0.2;13.4;0.13;93;1
;;3337875757515;La Roche Posay;Toleriane;TOLERIANE DERMALLERGO Yeux 15ml;0.2;16.5;0.13;138;1
;;3337875757614;La Roche Posay;Toleriane;TOLERIANE DERMALLERGO Crème 40ml;0.2;16.35;0.13;99;1
;;3337875757669;La Roche Posay;Toleriane;TOLERIANE DERMALLERGO Fluide 30ml;0.2;16.35;0.13;99;1
;;3337875800853;La Roche Posay;Toleriane;TOLERIANE DERMALLERGO NUIT LA R P Cr 40ml;0.2;19.1;0.13;1;1
;;3337875836586;La Roche Posay;Toleriane;TOLERIANE CORR TEINT LA R P SPF25 Flde 12,5;0.2;16.65;0.13;1;1
;;3337875836623;La Roche Posay;Toleriane;TOLERIANE CORR TEINT LA R P SPF25 Flde 19;0.2;16.65;0.13;1;1
;;3337875863926;La Roche Posay;Toleriane;TOLERIANE CORR TEINT LA R P SPF25 Flde 11;0.2;16.65;0.13;1;1
;;3337875863940;La Roche Posay;Toleriane;TOLERIANE CORR TEINT LA R P SPF25 Flde 10;0.2;16.65;0.13;1;1
;;3337875863964;La Roche Posay;Toleriane;TOLERIANE CORR TEINT LA R P SPF25 Flde 13;0.2;16.65;0.13;1;1
;;3337875863988;La Roche Posay;Toleriane;TOLERIANE CORR TEINT LA R P SPF25 Flde 15;0.2;16.65;0.13;1;1
;;3337875893626;La Roche Posay;Toleriane;TOLERIANE DS LA ROCHE POSAY Cr T/40ml;0.2;13.4;0.13;24;1
6041420;;3337875578486;La Roche Posay;Toleriane;TOLERIANE SENSITIVE Cr T/40ml;0.2;13.4;0.13;90;1
9693401;3401396934011;3337872412059;La Roche Posay;Toleriane;TOLERIANE TEINT MINERAL Fd teint bge sable 9g;0.2;17.95;0.13;0;1
;;3337872413148;La Roche Posay;Toleriane Dermo-nettoyant;LA ROCHE POSAY Mousse d'eau micellaire nettoyante Fl/150ml;0.2;12.1;0.13;1;1
9507516;3401395075166;3337872411830;La Roche Posay;Toleriane Dermo-nettoyant;TOLERIANE Flde dermo nettoy Fl/400ml;0.2;12.15;0.13;12;1
;;3770000717259;La Rosée;Capillaire;CAPILLAIRE Shamp pur kérat vég ort bio R/400ml;0.2;9.94;0.05;6;1
;;3770000717426;La Rosée;Capillaire;CAPILLAIRE Masque capill kérat coco bio R/200g;0.2;9.81;0.05;12;1
;;3770000717716;La Rosée;Capillaire;CAPILLAIRE Masque capillaire kératine végétale huile de coco bio Pot/200g;0.2;11.05;0.05;12;1
;;3770000717730;La Rosée;Capillaire;LA ROSÉE Bme ap/shamp démêl Rech/200g;0.2;6.13;0.05;12;1
;;3770000717747;La Rosée;Capillaire;CAPILLAIRE Shampooing flacon vide verre rechargeable 200ml;0.2;3.02;0;12;1
;;3770000717037;La Rosée;Corps;CORPS Crème hydratante T/200ml;0.2;9.39;0.05;12;1
;;3770000717044;La Rosée;Corps;CORPS Huile douche Fl ppe/400ml;0.2;9.15;0.05;12;1
;;3770000717099;La Rosée;Corps;CORPS Savon surgras ultra doux 100g;0.2;2.99;0.05;12;1
;;3770000717198;La Rosée;Corps;CORPS Baume SOS réparateur Pot/20g;0.2;8.1;0.05;12;1
;;3770000717389;La Rosée;Corps;CORPS Gel gomm corps nourr bio P rech/200g;0.2;12.12;0.05;12;1
;;3770000717532;La Rosée;Corps;CORPS Crème hydratante Fl pompe/400ml;0.2;13.1;0.05;12;1
;;3770000717594;La Rosée;Corps;CORPS Huile de douche Eco-recharge/800ml;0.2;15.69;0.05;6;1
;;3770000717617;La Rosée;Corps;CORPS Hle soin nourriss bio Fl/150ml;0.2;13.52;0.05;12;1
;;3770000717655;La Rosée;Corps;LA ROSÉE Gel gomm corps nourr bio Rech/200g;0.2;10.84;0.05;12;1
;;3770000717372;La Rosée;Hygiène;HYGIENE Recharge Déodorant fraîcheur probiotiques St/50ml;0.2;4.55;0.05;24;1
;;3770000717518;La Rosée;Hygiène;HYGIENE Dentifrice soin complet ment bio 75ml;0.2;3.66;0.05;24;1
;;3770000717662;La Rosée;Hygiène;HYGIENE Déodorant fraîcheur probiotiques Stick rechargeable/50ml;0.2;5.87;0.05;24;1
;;3770000717778;La Rosée;Hygiène;HYGIENE Dentifrice soin complet menthe bio 2T/75ml+Brosse à dents;0.2;6.79;0;12;1
;;3770000717112;La Rosée;Les Nomades;NOMADES Crème mains ultra réparateur T/50ml;0.2;3.89;0.05;12;1
;;3770000717297;La Rosée;Les Nomades;NOMADES Stick lèv nour teint rechargeabl 4,5g;0.2;5.24;0.05;12;1
;;3770000717679;La Rosée;Les Nomades;NOMADES Recharge stick lèvres nour teint 4.5g;0.2;4.45;0.05;24;1
;;3770000717693;La Rosée;Les Nomades;NOMADES Stick lèv nourris rechargeable 4.5g;0.2;4.6;0.05;12;1
;;3770000717709;La Rosée;Les Nomades;NOMADES Recharge stick lèvres nourrisant 4.5g;0.2;3.41;0.05;24;1
;;3667235001294;La Rosée;Maquillage;LA ROSÉE Boîtier poudre rechargeable (vide);0.2;4.45;0;6;1
;;3770000717914;La Rosée;Maquillage;LA ROSÉE Recharge poudre compacte soin 01 clair 8g;0.2;11.55;0.05;24;1
;;3770000717921;La Rosée;Maquillage;LA ROSÉE Recharge poudre compacte soin 02 medium 8g;0.2;11.55;0.05;1;1
;;3770000717938;La Rosée;Maquillage;LA ROSÉE Recharge poudre compacte soin 03 medium foncé 8g;0.2;11.55;0.05;24;1
;;3770000717129;La Rosée;Mon Petit;MON PETIT Gel lavant ultra doux 400ml;0.2;7.78;0.05;12;1
;;3770000717136;La Rosée;Mon Petit;MON PETIT Crème hydratante visage corps 200ml;0.2;8.43;0.05;12;1
;;3770000717143;La Rosée;Mon Petit;MON PETIT Lait de toilette nettoyant Fl/400ml;0.2;7.78;0.05;12;1
;;3770000717150;La Rosée;Mon Petit;MON PETIT Liniment Fl/400ml;0.2;6.49;0.05;12;1
;;3770000717303;La Rosée;Mon Petit;MON PETIT Baume SOS réparateur Pot/20g;0.2;8.1;0.05;12;1
;;3770000717396;La Rosée;Mon Petit;MON PETIT LA ROSÉE Gel lav ultra doux 800ml Éco recharge;0.2;13.01;0.05;6;1
;;3770000717402;La Rosée;Mon Petit;MON PETIT LA ROSÉE SPF 50+ Lait solaire T/125ml;0.2;13.07;0.05;12;1
;;3770000717624;La Rosée;Mon Petit;MON PETIT Eau nettoy bio aloé Fl ppe/400ml;0.2;6.47;0.05;12;1
;;3770000717631;La Rosée;Mon Petit;MON PETIT Dentif fraise bio T/50ml;0.2;3.66;0.05;24;1
;;3667235001614;La Rosée;Non renseigné;NOMADES Kit voyage écoresponsable (édition limitée);0.2;5.24;0.05;12;1
;;3770000717945;La Rosée;Non renseigné;LA ROSÉE Recharge poudre compacte soin 04 foncé 8g;0.2;11.55;0.05;1;1
;;3770000717976;La Rosée;Non renseigné;LA ROSÉE Coffret gommage+bougie;0.2;22.96;0.05;6;1
;;3667235002239;La Rosée;Solaire;SOLAIRE SPF50+ Stick Fl/15ml;0.2;8.95;0.05;24;1
;;3667235002260;La Rosée;Solaire;SOLAIRE SPF50+ Fluide invisible T/40ml;0.2;9.65;0.05;12;1
;;3770000717334;La Rosée;Solaire;SOLAIRE SPF50 Huile Spray/150ml;0.2;14.17;0.05;12;1
;;3770000717563;La Rosée;Solaire;SOLAIRE SPF30 Huile hle abricot bio 150ml;0.2;13.52;0.05;12;1
;;3770000717570;La Rosée;Solaire;SOLAIRE SPF30 Lait hle abricot bio 150ml;0.2;12.69;0.05;12;1
;;3770000717587;La Rosée;Solaire;SOLAIRE SPF50+ Lait hle abricot bio 150ml;0.2;13.07;0.05;12;1
;;3667235000525;La Rosée;Visage;LA ROSÉE Gel nettoyant anti-imperfections Recharge/400ml;0.2;8.97;0.05;12;1
;;3667235000648;La Rosée;Visage;LA ROSÉE Baume démaquillant à l'huile de cerise BIO P/90ml rechargeable;0.2;11.27;0.05;12;1
;;3667235000655;La Rosée;Visage;LA ROSÉE Bme démaquillant Recharge 90ml;0.2;9.93;0.05;12;1
;;3667235000686;La Rosée;Visage;LA ROSEE GEL NETTOYANT ANTI- IMPERF Flacon verre vide 200ml;0.2;3.02;0;6;1
;;3770000717006;La Rosée;Visage;VISAGE Crème hydratante PS T/60ml;0.2;11.79;0.05;24;1
;;3770000717013;La Rosée;Visage;VISAGE Gel crème hydratante PN/Mx T/60ml;0.2;11.79;0.05;24;1
;;3770000717020;La Rosée;Visage;VISAGE Gelée gommante doux T/60ml;0.2;8.28;0.05;12;1
;;3770000717051;La Rosée;Visage;VISAGE Gelée micellaire démaquil Fl ppe/195ml;0.2;9.08;0.05;12;1
;;3770000717068;La Rosée;Visage;VISAGE Eau hydratante apaisante Spr/200ml;0.2;9.27;0.05;12;1
;;3770000717075;La Rosée;Visage;VISAGE Sérum repulpant Fl air/30ml;0.2;15.1;0.05;12;1
;;3770000717082;La Rosée;Visage;VISAGE Masque régénérant 3en1 Stick/75ml;0.2;10.9;0.05;12;1
;;3770000717211;La Rosée;Visage;VISAGE Baume contour yeux défatig St/25ml;0.2;12.93;0.05;12;1
;;3770000717242;La Rosée;Visage;VISAGE Masque stick nourrissant 50ml;0.2;11.74;0.05;12;1
;;3770000717310;La Rosée;Visage;VISAGE Sérum désaltérant AH Fl air/30ml;0.2;15.7;0.05;12;1
;;3770000717327;La Rosée;Visage;VISAGE Concentré bonne mine bio Fl air/30ml;0.2;16.6;0.05;12;1
;;3770000717815;La Rosée;Visage;VISAGE Sérum purifiant anti-imperfections au Zinc Fl airless/30ml;0.2;15.56;0.05;12;1
;;3770000717822;La Rosée;Visage;VISAGE Stick corr teint anti-imp rech 5,5g;0.2;6.73;0.05;12;1
;;3770000717839;La Rosée;Visage;VISAGE Recharge stick correcteur teinté anti-imperfections au Zinc 5,5g;0.2;5.49;0.05;12;1
;;9782958239305;La Tribu Happy Kids;Non renseigné;MA BOITE STOP TETINE;0.055;27.49;0.25;1;5
;;9782958239312;La Tribu Happy Kids;Non renseigné;Ma Boite Eveil Langage;0.055;33.18;0.25;1;5
;;9782958239374;La Tribu Happy Kids;Non renseigné;MA BOITE STOP POUCE;0.055;27.49;0.25;1;5
;;9782959079177;La Tribu Happy Kids;Non renseigné;MA BOITE STOP COUCHES;0.055;27.49;0.25;1;5
;3400930140673;;Labcatal;Non renseigné;OLIGOSOL Manganèse Cuivre Cobalt S buv en ampoule 28Amp/2ml;0.1;11.5;0.2;1;1
;3400930142653;;Labcatal;Non renseigné;OLIGOSOL Potassium S buv en ampoule 28Amp/2ml;0.1;11.5;0.25;1;1
;3400930145968;;Labcatal;Non renseigné;OLIGOSOL Phosphore S buv en ampoule 28Amp/2ml;0.1;11.5;0.25;1;1
3075079;3400930750797;;Labcatal;Non renseigné;OLIGOSOL Cuivre Or Argent Sol buv en flacon Fl/60ml;0.1;8.1;0.25;84;3
3754662;3400937546621;;Labcatal;Non renseigné;OLIGOSOL Lithium Sol buv en ampoule ou en récipient unidose 28Amp/2ml;0.1;11.5;0.25;48;1
3754685;3400937546850;;Labcatal;Non renseigné;OLIGOSOL Magnésium S buv en ampoule 28Amp/2ml;0.1;11.5;0.25;48;1
3754691;3400937546911;;Labcatal;Non renseigné;OLIGOSOL Manganèse Sol buv en ampoule 28Amp/2ml;0.1;11.5;0.25;1;1
3754739;3400937547390;;Labcatal;Non renseigné;OLIGOSOL Manganèse Cobalt Sol buv en ampoule 28Amp/2ml;0.1;11.5;0.25;48;1
3754745;3400937547451;;Labcatal;Non renseigné;OLIGOSOL Manganèse Cuivre S buv en ampoule 28Amp/2ml;0.1;11.5;0.25;48;1
3754751;3400937547512;;Labcatal;Non renseigné;OLIGOSOL Selenium 100 µg/2 ml Sol buv en ampoule 28Amp/2ml;0.1;11.5;0.25;48;1
3754774;3400937547741;;Labcatal;Non renseigné;OLIGOSOL Zinc Sol buv en ampoule 28Amp/2ml;0.1;11.5;0.25;48;1
3754780;3400937547802;;Labcatal;Non renseigné;OLIGOSOL Zinc Nickel Cobalt Sol buv en ampoule 28Amp/2ml;0.1;11.5;0.25;48;1
;;3401341377535;Laboratoire Huile et Chlorophylle;Non renseigné;ARNICA GEL T/50ml HUILE ET CHLOROPHYLLE;0.2;6.6;0.5;1;1
;3400930186619;;Laboratoire XO;Atepadene;ATEPADENE 30 mg Gél T/60;0.1;15.71;0.38;50;1
;;8809409182667;Laboratoire XO;Gynopatch;GYNOPATCH PRÉSENTOIR x 25 Patch règles douloureuses Sach/1;0.2;69.95;0.43;1;1
;;8809409182674;Laboratoire XO;Gynopatch;GYNOPATCH Patch règles douloureuses B/3;0.2;9.52;0.43;40;1
;;3760211481810;Laboratoires de Biarritz;Alga Natis;LDB BEBE Cr hydratante BB T/100ml;0.2;6.61;0.5;6;1
;;3760211483364;Laboratoires de Biarritz;LDB Réparateurs;LDB REPARATEURS Cr mains 50ml+Bme lèv;0.2;12.15;0.5;1;1
;;3760211483814;Laboratoires de Biarritz;Non renseigné;LDB SOLAIRES SPF30 Spray solaire Fl/100ml;0.2;14.89;0.5;36;1
;;3486330111765;Ladrôme;Non renseigné;LADRÔME Huile végétale Coco bio Pot/150ml;0.2;10.22;0.3;24;1
;;3486330128909;Ladrôme;Non renseigné;LADRÔME PROPOLIS IMMUNO+ AMPOULE 20;0.055;19.54;0.3;6;1
;;3486330128916;Ladrôme;Non renseigné;LADROME PROPOLIS SPRAY BUCCAL 30 ML;0.055;6.62;0.3;12;1
7979079;3401379790795;3486330024935;Ladrôme;Non renseigné;LADRÔME Eau florale Bleuet bio Vapo/200ml;0.2;8.75;0.3;24;1
7979116;3401379791167;3486330022849;Ladrôme;Non renseigné;LADRÔME Eau florale Rose bio Vapo/200ml;0.2;9.36;0.3;24;1
9812337;;3486330093450;Ladrôme;Non renseigné;LADRÔME Hle végét Onagre bio Fl/100ml;0.2;17.71;0.3;0;1
;;5060420232325;Lansinoh;Allaitement;LANSINOH HPA Cr calm protect allait 3T/7ml;0.2;7.79;0.07;24;1
;;5060420233025;Lansinoh;Allaitement;LANSINOH Tire-lait et Recueil Lait silicone;0.2;9.16;0.07;6;1
;;5060420234886;Lansinoh;Allaitement;LANSINOH Tire-lait manuel B/1;0.2;21.21;0.07;2;1
;;5060420235166;Lansinoh;Allaitement;LANSINOH Tire-lait main libre double;0.2;96.99;0.07;2;1
;;5060420235180;Lansinoh;Allaitement;LANSINOH Tire-lait main libre simple;0.2;48.44;0.07;2;1
;;5060420235357;Lansinoh;Allaitement;LANSINOH COUSSINETS D'ALLAITEMENT LAVABLES;0.2;4.84;0.07;12;1
;;6976040710053;Lansinoh;Allaitement;LANSINOH COMPRESSES APAISANTES CHAUDES FROIDES BT/2;0.2;10.45;0.07;4;1
5164568;3401551645684;5060062996227;Lansinoh;Allaitement;LANSINOH HPA Cr calm protect allait T/40ml;0.2;11.69;0.07;6;3
5169985;3401551699854;5060062996340;Lansinoh;Allaitement;LANSINOH HPA Cr calm protect allait T/10ml;0.2;5.98;0.07;12;1
5412196;3401554121963;5060420233506;Lansinoh;Allaitement;LANSINOH Cousnet allait jetable B/60;0.2;6.82;0.07;4;1
6031265;;5060420230444;Lansinoh;Allaitement;LANSINOH Bout sein T2;0.2;6.37;0.07;12;1
6085441;;5060420230765;Lansinoh;Allaitement;LANSINOH Bout sein T1;0.2;6.37;0.07;12;1
6241047;;5060420231625;Lansinoh;Allaitement;LANSINOH Sachet de conservation du lait B/25;0.2;5.73;0.07;6;1
6241052;;5060062999990;Lansinoh;Allaitement;LANSINOH Cousnet allait jetable Paq/24;0.2;3.6;0.07;6;1
6265560;;5060420232127;Lansinoh;Allaitement;LANSINOH Bme allaitement Bio Pot/60ml;0.2;11.16;0.07;24;1
;;5060420232691;Lansinoh;Post Partum;Spray apaisant post-accouchement BIO 100ml;0.2;9.25;0.07;6;1
;;5060420232721;Lansinoh;Post Partum;Douche intime périnée;0.2;6.7;0.07;24;1
;;5060420233384;Lansinoh;Post Partum;LANSINOH Serv pér mater post-acc 0-2 se B/10;0.055;2.71;0.07;6;1
;;5060420233407;Lansinoh;Post Partum;LANSINOH Serv pér mater post-acc +2 se B/12;0.055;2.71;0.07;6;1
;;5060420235388;Lansinoh;Post Partum;LANSINOH Slip filet matérnité lavable B/4;0.2;4.84;0.07;24;1
;;6976040710046;Lansinoh;Post Partum;LANSINOH Serv Post-accouchement Apaisante Chaude/Froide;0.055;10.97;0.07;16;1
;;3661744051351;Lehning;Circulation;CLIMAXOL Gel certifié bio T/125ml;0.2;11.4;0.16;24;3
;;3661744051849;Lehning;Circulation;CLIMAXOL Caps B/60;0.055;13.8;0.16;24;3
3820465;3400938204650;;Lehning;Circulation;CLIMAXOL S buv en flacon Fl/60ml;0.1;11.5;0.16;24;6
;;3661744051405;Lehning;Dermatologie et Hygiène;LEHNING Dentif bio sensib dentaire T/80g;0.2;5.05;0.16;1;3
;;3661744051412;Lehning;Dermatologie et Hygiène;LEHNING Dentif bio formule blanch T/80g;0.2;5.05;0.16;1;3
;;3661744051641;Lehning;Dermatologie et Hygiène;URTIFLASH LEHNING Gel après piqûres bio T/50g;0.2;7;0.16;1;3
3370128;3400933701284;;Lehning;Douleurs;ARNICA COMPLEXE N° 1 S buv en gouttes Fl/30ml;0.1;9.4;0.16;48;3
3954214;3400939542140;;Lehning;Douleurs;BERBERIS COMPLEXE N°83 S buv en gouttes Fl/30ml;0.1;11.05;0.2;0;3
;;3661744051313;Lehning;Non renseigné;PROSTA-RESIST Cpr B/60;0.055;19.9;0.16;1;3
;3400930156421;;Lehning;Non renseigné;REXORUBIA Glé B/350g;0.1;9.55;0.16;6;3
;3400930163351;;Lehning;Non renseigné;L52 Cpr orodisp Plq PVC/PVDC/Alu/60;0.1;9.4;0.16;36;6
;3400930163375;;Lehning;Non renseigné;L52 Cpr orodisp Plq PVC/PVDC/Alu/100;0.1;13.35;0.16;24;6
;3400930180242;;Lehning;Non renseigné;URARTHONE S buv Fl/250ml;0.1;10.4;0.16;24;3
;3400930180372;;Lehning;Non renseigné;L52 S buv en gouttes Fl/30ml;0.1;9.4;0.16;24;6
;3400930206096;;Lehning;Non renseigné;NERVOPAX Cpr orodisp Plq PVC/PVDC/Alu/80;0.1;11.05;0.2;1;3
;3400930210918;3400930210918;Lehning;Non renseigné;COMPLEXE LEHNING UVA URSI N° 9 S buv Fl ver/30ml;0.1;11.05;0.2;48;3
2792620;3400927926204;;Lehning;Non renseigné;L107 S buv en gouttes Fl/30ml;0.1;9.4;0.16;24;3
3008407;3400930084076;;Lehning;Non renseigné;L107 Cpr orodisp 2Plq PVC/PVDC/Alu/20;0.1;9.4;0.16;36;3
3094289;3400930942895;;Lehning;Non renseigné;SANTAHERBA S buv en gouttes Fl/30ml;0.1;11.05;0.2;48;3
3402578;3400934025785;;Lehning;Non renseigné;BIOMAG Cpr à croquer agrumes B/90;0.1;13.35;0.16;24;6
6556069;3401565560690;;Lehning;Non renseigné;LEHNING Pâte dtf homéo citron T/80g;0.2;4.5;0.16;48;3
;;3661744052228;Lehning;O.R.L;L52 GOMMES Gomme B/90;0.055;14.6;0.16;1;3
;;3661744052242;Lehning;O.R.L;L52 RUB Gél B/20;0.055;10.5;0.16;24;3
;;3661744052297;Lehning;O.R.L;L52FLASH Spray gorge Fl/30ml;0.055;8.1;0.16;1;3
;3400930001486;;Lehning;O.R.L;SINUSPAX Cpr à croquer 3Plq/20;0.1;9.4;0.16;36;6
2189800;3400921898002;;Lehning;O.R.L;LERGYPAX Cpr orodisp B/40;0.1;9.4;0.16;24;3
3059270;3400930592700;;Lehning;O.R.L;MERCUR SOL COMPLEXE N°39 Cpr subl B/60;0.1;9.4;0.16;24;3
3276501;3400932765010;;Lehning;O.R.L;PHYTOTUX Sirop Fl/250ml;0.1;6.95;0.16;24;3
3979496;3400939794969;;Lehning;O.R.L;ANGIPAX Cpr orodisp B/40;0.1;9.4;0.16;24;3
;;3661744050156;Lehning;Propomax;PROPOMAX IMMUNITE Extr Propo Bio ss alc 30ml;0.055;13.1;0.16;1;3
;;3661744050316;Lehning;Propomax;PROPOMAX Spray gorge fort Fl/30ml;0.055;9.3;0.16;1;3
;;3661744050019;Lehning;Pâte Suisse;LEHNING PATE SUISSE TUX Gom suc B/40;0.055;8.5;0.16;1;3
;;3661744050859;Lehning;Pâte Suisse;LEHNING PATE SUISSE Past suc miel propo 50g;0.055;8.5;0.16;1;3
;;3661744050866;Lehning;Pâte Suisse;LEHNING PATE SUISSE Past suc pin eucalypt 50g;0.055;8.5;0.16;1;3
;;3661744050965;Lehning;Pâte Suisse;LEHNING PATE SUISSE Gomme détox B/50g;0.055;8.5;0.16;1;3
;;3661744051375;Lehning;Pâte Suisse;LEHNING PATE SUISSE Gomme détente B/40;0.055;8.5;0.16;1;3
;;3661744051832;Lehning;Pâte Suisse;LEHNING PATE SUISSE Gomme fatigue visuelle B/40;0.055;8.5;0.16;1;3
;;3661744052099;Lehning;Pâte Suisse;LEHNING PATE SUISSE Gomme beauté de la peau B/40;0.055;8.5;0.16;1;3
6018874;3401560188745;;Lehning;Pâte Suisse;LEHNING PATE SUIS Past suc bonne nuit B/40;0.055;8.5;0.16;1;3
;;3661744052235;Lehning;Stress, sommeil;L72 NUIT Gél B/30;0.055;12.5;0.16;24;3
;3400930124079;;Lehning;Stress, sommeil;L72 S buv en gouttes 1Fl/30ml;0.1;9.4;0.16;24;6
;3400930192337;;Lehning;Stress, sommeil;L72 Cpr orodisp Plq PVC/PVDC/Alu/40;0.1;9.4;0.16;24;6
;3400930192368;;Lehning;Stress, sommeil;L72 Cpr orodisp Plq PVC/PVDC/Alu/100;0.1;13.35;0.16;24;6
3041703;3400930417034;;Leo Pharma France;Non renseigné;FUCIDINE 2 % Pom T/15g;0.1;1.82;0.14;200;1
;;3525722011006;Les 3 Chênes;Non renseigné;LYMPHAVEINE Cpr circulation B/60;0.055;17.25;0.15;1;1
;;3525722017411;Les 3 Chênes;Non renseigné;MYOCALM Cpr contract muscul B/30;0.055;9.95;0.15;1;1
;;3525722026918;Les 3 Chênes;Non renseigné;EFIRUB Cpr coups de froid B/30;0.055;9.35;0.15;1;1
;;3525722028721;Les 3 Chênes;Non renseigné;MYOCALM C Cpr crampes B/30;0.055;9.65;0.15;40;1
;;3525722028950;Les 3 Chênes;Non renseigné;LYMPHAVEINE H Cpr circulation B/15;0.055;6.1;0.15;1;1
;;3525722029018;Les 3 Chênes;Non renseigné;3 CHENES Omega 3 Caps Pilul/120 -30% offert;0.055;17.6;0.15;1;1
;;3525722029551;Les 3 Chênes;Non renseigné;SINUXIN Cpr B/15;0.055;11;0.15;1;1
;;3525722032490;Les 3 Chênes;Non renseigné;OSTEOPHYTUM Gel apais décontract T/100ml;0.2;9.6;0.15;27;1
;;3525722032766;Les 3 Chênes;Non renseigné;MYOCALM Spray contract muscul Fl/100ml;0.2;8.75;0.15;28;1
;;3525722032773;Les 3 Chênes;Non renseigné;MYOCALM Roll-on contractions musculaires 50ml;0.2;10;0.15;1;1
;;3525722036979;Les 3 Chênes;Non renseigné;EFIRUB JOUR/NUIT Cpr B/10+5;0.055;9.45;0.15;1;1
;;3525722036986;Les 3 Chênes;Non renseigné;ASTHE FORT Cpr épuisement convalescence B/30;0.055;15.95;0.15;1;1
;;3525722038744;Les 3 Chênes;Non renseigné;EFIRUB Spray buccal Fl/20ml;0.055;8.05;0.15;1;1
;;3525722038751;Les 3 Chênes;Non renseigné;EFIRUB Spray nasal Fl/30ml;0.2;6.6;0.15;1;1
;;3525722038768;Les 3 Chênes;Non renseigné;EFIRUB Gomme citron B/24;0.055;6.1;0.15;1;1
;;3525722038775;Les 3 Chênes;Non renseigné;EFIRUB Past cola B/30;0.055;6.1;0.15;1;1
;;3525722038782;Les 3 Chênes;Non renseigné;EFIRUB Sirop Fl/125ml;0.055;7.35;0.15;1;1
;;3525722062206;Les 3 Chênes;Non renseigné;MYOCALM FORT Cpr B/15;0.055;12.2;0.15;1;1
;;3525722066624;Les 3 Chênes;Non renseigné;MYOCALM Patch douleurs musculaires B/6;0.2;10.9;0.2;1;1
;;3525722069847;Les 3 Chênes;Non renseigné;CYCLIRENA REGLES DIFFICILES 15 CP;0.055;6;0.15;1;1
2061460;3401520614604;3525722012782;Les 3 Chênes;Non renseigné;PHYSIORONF Spray bucc ronflements Fl/20ml;0.2;15.05;0.15;0;1
2944283;;3525722016100;Les 3 Chênes;Non renseigné;SINUXIN Pdr sbuv mangue voies aér&resp 16Sach;0.055;11.4;0.15;24;1
4443906;3401544439061;3525720001474;Les 3 Chênes;Non renseigné;3 CHENES PROPOLIS Past suc B/40;0.055;6.1;0.15;0;1
5357468;3401553574685;3525722011976;Les 3 Chênes;Non renseigné;EFIRUB Pdr sbuv coups de froid 16Sach;0.055;9.65;0.15;24;1
5434269;3401554342696;3525722011952;Les 3 Chênes;Non renseigné;ASTHEPLEX Gél organismes épuisés B/30;0.055;15.7;0.15;0;1
7539274;3401575392748;3525727539277;Les 3 Chênes;Non renseigné;COLOR&SOIN Kit coloration perm 1N noir éb;0.2;10.2;0.15;48;1
7539280;3401575392809;3525727539284;Les 3 Chênes;Non renseigné;COLOR&SOIN Kit coloration perm 3N ch fo;0.2;10.2;0.15;40;1
7539297;3401575392977;3525727539291;Les 3 Chênes;Non renseigné;COLOR&SOIN Kit coloration perm 5N ch cl;0.2;10.2;0.15;48;1
7539417;3401575394179;3525727539413;Les 3 Chênes;Non renseigné;COLOR&SOIN Kit coloration perm 5G ch do;0.2;10.2;0.15;48;1
7884841;3401578848419;3525720003904;Les 3 Chênes;Non renseigné;COLOR&SOIN Kit coloration perm 4N ch na;0.2;10.2;0.2;48;1
8174633;;3525722016803;Les 3 Chênes;Non renseigné;COLOR&SOIN Kit coloration perm 5GM chât cl ca;0.2;10.2;0.15;1;1
9754031;;3525727539505;Les 3 Chênes;Non renseigné;COLOR&SOIN Kit coloration perm 5B marr choco;0.2;10.2;0.15;48;1
9945989;3401599459892;3525722002455;Les 3 Chênes;Non renseigné;SOMNIPLEX Cpr B/30;0.055;16;0.15;0;1
;;3760301870005;Les Petites Choses;Non renseigné;LES PETITES CHOSES Coupelle menstruelle TS;0.055;13.15;0.15;1;1
;;3760301870012;Les Petites Choses;Non renseigné;LES PETITES CHOSES Tamp appli cot bio norm 16;0.055;4.38;0.15;6;1
;;3760301870029;Les Petites Choses;Non renseigné;LES PETITES CHOSES Tamp appli cot bio sup 14;0.055;4.44;0.15;6;1
;;3760301870036;Les Petites Choses;Non renseigné;LES PETITES CHOSES Tamp norm coton bio B/18;0.055;3.74;0.15;6;1
;;3760301870043;Les Petites Choses;Non renseigné;LES PETITES CHOSES Tamp sup cot bio 18;0.055;3.88;0.15;6;1
;;3760301870050;Les Petites Choses;Non renseigné;LES PETITES CHOSES Tamp sup plu coton bio B/1;0.055;4;0.15;6;1
;;3760301870067;Les Petites Choses;Non renseigné;LES PETITES CHOSES Serv pér cot bio norm B/10;0.055;4.19;0.15;12;1
;;3760301870074;Les Petites Choses;Non renseigné;LES PETITES CHOSES Serv pér coton bio nuit 10;0.055;4.19;0.15;12;1
;;3760301870081;Les Petites Choses;Non renseigné;LES PETITES CHOSES Serv pér cot bio maxi B/8;0.055;4.34;0.15;12;1
;;3760301870098;Les Petites Choses;Non renseigné;LES PETITES CHOSES Prot-slp léger cot bio B30;0.055;3.94;0.15;12;1
;;3760301870104;Les Petites Choses;Non renseigné;LES PETITES CHOSES Prot-slp flex cot bio 24;0.055;4;0.15;12;1
;;3760301870111;Les Petites Choses;Non renseigné;LES PETITES CHOSES Prot-sl ult fin cot bio 24;0.055;4;0.15;12;1
;;3760301870128;Les Petites Choses;Non renseigné;LES PETITES CHOSES Coupelle menstruelle TM;0.055;13.15;0.15;3;1
;;3760301870135;Les Petites Choses;Non renseigné;LES PETITES CHOSES Coupelle menstruelle TL;0.055;13.15;0.15;3;1
;;3760301870142;Les Petites Choses;Non renseigné;LES PETITES CHOSE Culot menst cot bio TS;0.055;19.75;0.15;3;1
;;3760301870159;Les Petites Choses;Non renseigné;LES PETITES CHOSE Culot menst cot bio TM;0.055;19.75;0.15;3;1
;;3760301870197;Les Petites Choses;Non renseigné;LES PETITES CHOSES Serv pér lav coton bio nui;0.055;14.9;0.15;3;1
;;3760301870227;Les Petites Choses;Non renseigné;LES PETITES CHOSES Cousnet allait cot bio lav;0.055;7.36;0.15;6;1
;;3760301870234;Les Petites Choses;Non renseigné;LES PETITES CHOSES Tamp appli cot bio sup +14;0.055;4.56;0.15;6;1
6314303;;3760301870241;Les Petites Choses;Non renseigné;LES PETITES CHOSES Serv pér mat cot bio pos10;0.055;5.66;0.15;6;1
;;3701063803498;Les Petits Bains de Provence;Cadeaux;PBP Savon de marseille 3x25g;0.2;3.19;0;40;1
;;3701063812834;Les Petits Bains de Provence;Cadeaux;PBP Coffret les plaisirs de provence évasion;0.2;13.4;0.43;6;1
;;3701063812841;Les Petits Bains de Provence;Cadeaux;PBP Coffret les plaisirs de provence provence;0.2;13.4;0.43;6;1
;;3701063812858;Les Petits Bains de Provence;Cadeaux;PBP Coffret les plaisirs de provence fruité;0.2;13.4;0.43;1;1
;;3701063819055;Les Petits Bains de Provence;Cadeaux;PBP CAGE SAPIN NOEL BLEU;0.2;29.3;0.43;6;1
;;3701063819062;Les Petits Bains de Provence;Cadeaux;CAGE SAPIN GOLD PLEINE;0.2;29.3;0.4;1;1
;;3701063805874;Les Petits Bains de Provence;Coffret Cage;PBP Coffret cage détente;0.2;29.99;0.43;6;1
;;3701063805881;Les Petits Bains de Provence;Coffret Cage;PBP Coffret cage évasion;0.2;29.99;0.43;6;1
;;3701063805898;Les Petits Bains de Provence;Coffret Cage;PBP Coffret cage provence;0.2;29.99;0.43;6;1
;;3701063808714;Les Petits Bains de Provence;Coffret Cage;PBP Coffret cage gourmande;0.2;29.99;0.43;6;1
;;9990000010730;Les Petits Bains de Provence;Kit Baignoire Douceur;PBP Gant Fleur de douche;0.2;1.39;0.43;48;1
;;3701063800961;Les Petits Bains de Provence;Les Petits Bains de Provence;PBP Gel dch lait ânesse Tube/220ml;0.2;3.95;0.43;12;1
;;3701063802347;Les Petits Bains de Provence;Les Petits Bains de Provence;PBP Sav liq ss savon coco Fl/1L;0.2;6.52;0.45;6;6
;;3701063802354;Les Petits Bains de Provence;Les Petits Bains de Provence;PBP Sav liq ss savon Litchi Fl/1L;0.2;6.52;0.45;6;1
;;3701063802378;Les Petits Bains de Provence;Les Petits Bains de Provence;PBP Gel dch monoï Tube/220ml;0.2;3.95;0.43;12;1
;;3701063802408;Les Petits Bains de Provence;Les Petits Bains de Provence;PBP Gel dche monoï 55ml;0.2;2.77;0.43;36;1
;;3701063805812;Les Petits Bains de Provence;Les Petits Bains de Provence;PBP Sav liq ss savon d'Alep Fl/1L;0.2;9.99;0.45;6;6
;;3701063806765;Les Petits Bains de Provence;Les Petits Bains de Provence;PBP Bombe bain Vanille 115g;0.2;4.49;0.43;1;1
;;3701063808202;Les Petits Bains de Provence;Les Petits Bains de Provence;PBP Gel dche ss savon Lait Chèvre Fl/1L;0.2;6.77;0.45;6;6
;;3701063808219;Les Petits Bains de Provence;Les Petits Bains de Provence;PBP Gel dche ss savon Lait d'Anesse Fl/1L;0.2;6.77;0.45;6;6
;;3701063809247;Les Petits Bains de Provence;Les Petits Bains de Provence;PBP Sels de bain monoï 350g;0.2;8.39;0.43;24;1
;;3701063809520;Les Petits Bains de Provence;Les Petits Bains de Provence;PBP Trousse découverte 6/100ml;0.2;16.95;0.43;12;1
;;3701063819604;Les Petits Bains de Provence;Les Petits Bains de Provence;PBP Sav liq ss savon pistache Fl/1L;0.2;6.52;0.45;6;6
;;3760169126467;Les Petits Bains de Provence;Les Petits Bains de Provence;PBP Sav liq ss savon fl d'oranger Fl/1L;0.2;6.52;0.45;6;6
;;3760169126535;Les Petits Bains de Provence;Les Petits Bains de Provence;PBP Sav liq ss savon amande Fl/1L;0.2;6.52;0.45;6;6
;;3760169127471;Les Petits Bains de Provence;Les Petits Bains de Provence;PBP Sav liq ss savon neutre Fl/1L;0.2;6.52;0.45;6;6
;;3701063802897;Les Petits Bains de Provence;Non renseigné;PBP Sav marseille Magnolia 100g;0.2;2.19;0.43;24;1
;;3701063802903;Les Petits Bains de Provence;Non renseigné;PBP Sav marseille Amande 100g;0.2;2.19;0.43;24;1
;;3701063806758;Les Petits Bains de Provence;Non renseigné;PBP Bombe bain Fraise 115g;0.2;4.49;0.43;1;1
;;3701063807601;Les Petits Bains de Provence;Non renseigné;PBP Bombe bain Monoï 115g;0.2;4.49;0.43;25;1
;;3760169127716;Les Petits Bains de Provence;Non renseigné;PBP Gel dch fleur coton Tube/220ml;0.2;3.95;0.43;12;1
;;3701063800732;Les Petits Bains de Provence;Savons de Marseille;PBP Sav marseille Agrumes 100g;0.2;2.19;0.43;24;1
;;3701063800749;Les Petits Bains de Provence;Savons de Marseille;PBP Sav marseille Figue 100g;0.2;2.19;0.43;24;1
;;3701063800756;Les Petits Bains de Provence;Savons de Marseille;PBP Sav marseille Miel Vanille 100g;0.2;2.19;0.43;24;1
;;3760378510538;Les Secrets de Loly;Non renseigné;LES SECRETS DE LOLY CURL GLOW GEL-IN-OIL 3EN1 100ML;0.2;15.68;0.05;24;1
;;3760378510545;Les Secrets de Loly;Non renseigné;LES SECRETS DE LOLY PINK POWER MASK 300ml;0.2;14.59;0.05;24;1
;;3760378510958;Les Secrets de Loly;Non renseigné;LES SECRETS DE LOLY CLOUD FUSION MOUSSE COIFFANTE 200ML;0.2;12.43;0.05;24;1
;;3760378511047;Les Secrets de Loly;Non renseigné;LES SECRETS DE LOLY HYALU FUSION MASK 300ML;0.2;14.59;0.05;24;1
;;3760378511290;Les Secrets de Loly;Non renseigné;LES SECRETS DE LOLY BUBBLE SMOOTH Cr après-shampooing enfant T/250ml;0.2;8.92;0.05;24;1
;;3760378511313;Les Secrets de Loly;Non renseigné;LES SECRETS DE LOLY BUBBLE KURL Spray démêlant enfant Fl/250ml;0.2;10.54;0.05;24;1
;;3760378511559;Les Secrets de Loly;Non renseigné;LES SECRET DE LOLY BUBBLE DREAM SHAMPOOING 250ML;0.2;8.65;0.05;24;1
;0633710473552;3760378510088;Les Secrets de Loly;Non renseigné;LES SECRETS DE LOLY PERFECT MATCH Shampoing 250ml;0.2;9.19;0.05;24;1
;0633710473569;3760378510057;Les Secrets de Loly;Non renseigné;LES SECRETS DE LOLY KURL POTION 250ml;0.2;12.43;0.05;24;1
;0633710473576;3760378510033;Les Secrets de Loly;Non renseigné;LES SECRETS DE LOLY CREAM CONDITIONNER 250ml;0.2;9.46;0.05;24;1
;0635131118159;3760378510064;Les Secrets de Loly;Non renseigné;LES SECRETS DE LOLY MAGIC TWIST CR CH250ml;0.2;11.08;0.05;24;1
;0642968328521;3760378510125;Les Secrets de Loly;Non renseigné;LES SECRETS DE LOLY SMOOTH ANANAS 250ml;0.2;12.7;0.05;24;1
;0642968328569;0642968328569;Les Secrets de Loly;Non renseigné;LES SECRETS DE LOLY SMOOTH VAN/YLANG 250ml;0.2;12.7;0.05;24;1
;0642968328620;3760378510095;Les Secrets de Loly;Non renseigné;LES SECRETS DE LOLY PINK PARAD Après shampoing 250ml;0.2;9.46;0.05;24;1
;0642968328743;3760378510071;Les Secrets de Loly;Non renseigné;LES SECRETS DE LOLY PERFECT CLEAN Shampooing T/250ml;0.2;9.19;0.05;24;1
;0659436978799;3760378510101;Les Secrets de Loly;Non renseigné;LES SECRETS DE LOLY REPAIR TIME MASQ 230ml;0.2;11.89;0.05;24;1
;0660042907875;3760378510040;Les Secrets de Loly;Non renseigné;LES SECRETS DE LOLY KURL NECTAR 250ml;0.2;11.35;0.05;24;1
;0660042907882;3760378510156;Les Secrets de Loly;Non renseigné;LES SECRETS DE LOLY SUNSHINE CLEAN Shampoing 200ml;0.2;9.19;0.05;24;1
;3760378510002;0642968328583;Les Secrets de Loly;Non renseigné;LES SECRETS DE LOLY BOOST CURL Gelée capillaire T/250ml;0.2;10.54;0.05;24;1
;7863574548278;3760378510187;Les Secrets de Loly;Non renseigné;LES SECRETS DE LOLY KURL FUSION;0.2;12.16;0.05;24;1
5351939;3401553519396;;Leurquin;Non renseigné;RISTABIL S buv 10Fl/10ml;0.055;14.21;0.18;24;1
6024672;3401060246723;7613427024233;Lifescan Diabète;Bandelettes;ONE TOUCH SELECT+ Bdlette autosurv glyc B/100;0.055;34.48;0.22;120;1
9739942;3401097399423;7613427013039;Lifescan Diabète;Bandelettes;ONE TOUCH VERIO Bdlette reactives 2x50;0.055;34.48;0.13;120;1
;;4580505780059;Lifescan Diabète;Lancettes;ONE TOUCH DELICA PLUS Lancette B/200;0.055;12.26;0.3;120;1
;;4580505780288;Lifescan Diabète;Non renseigné;ONE TOUCH DELICA PLUS Stylo autopiqueur;0.055;11.17;0.5;24;1
;;7613427000015;Lifescan Diabète;Non renseigné;ONE TOUCH VERIO REFLECT Set p lect glycémie;0.055;24.88;0.8;4;1
;;7613427000220;Lifescan Diabète;Non renseigné;ONE TOUCH VERIO REFLECT Lecteur glycémie;0.055;17.4;0.8;4;1
6112154;;7613427042855;Lifescan Diabète;Packs de renouvellement;ONE TOUCH SELECT PLUS FLEX Lecteur glycémie;0.055;17.4;0.8;1;1
;;7613427042787;Lifescan Diabète;Sets d'initiation;ONE TOUCH SELECT PLUS FLEX Set initiation;0.055;24.88;0.8;4;1
;;4580505780493;Lifescan Diabète;Stylo autopiqueur;ONE TOUCH DELICA SAF Auto-piq usag uniq B/200;0.055;19.64;0.3;24;1
3608015;3400936080157;;Lilly;Cialis;CIALIS 20 mg Cpr pell Plq/8;0.1;96.27;0.14;200;1
3805454;3400938054545;;Lilly;Cialis;CIALIS 5 mg Cpr pell Plq/28;0.1;93.15;0.14;144;1
3008743;3400930087435;;Lilly;Tadalafil Lilly;TADALAFIL LILLY 5 mg Cpr pell Plq/28;0.1;52.7;0.6;144;1
3008744;3400930087442;;Lilly;Tadalafil Lilly;TADALAFIL LILLY 5 mg Cpr pell Plq/84;0.1;143.02;0.6;96;1
3008745;3400930087459;;Lilly;Tadalafil Lilly;TADALAFIL LILLY 10 mg Cpr pell Plq/4;0.1;27.56;0.6;200;1
3008748;3400930087480;;Lilly;Tadalafil Lilly;TADALAFIL LILLY 20 mg Cpr pell Plq/4;0.1;27.56;0.6;200;1
3008749;3400930087497;;Lilly;Tadalafil Lilly;TADALAFIL LILLY 20 mg Cpr pell Plq/8;0.1;46.67;0.6;200;1
3008753;3400930087503;;Lilly;Tadalafil Lilly;TADALAFIL LILLY 20 mg Cpr pell Plq/12;0.1;70.01;0.6;200;1
;;6926515402976;Lohmann & Rauscher;Curafix;CURAFIX H Sparadrap non tissé extensible découpable 5cmx10m B/1;0.2;3.74;0.5;48;1
6324130;;6926515402990;Lohmann & Rauscher;Curafix;CURAFIX H Sparadrap 10cmx10m;0.2;5.84;0.47;24;1
;3401060139162;4021447842608;Lohmann & Rauscher;Curapor;CURAPOR Pans adh av comp 5x7cm B/10;0.2;2.87;0.5;20;1
;3401060139223;4021447842639;Lohmann & Rauscher;Curapor;CURAPOR Pans adh av comp 8x10cm B/10;0.2;4.48;0.5;24;1
;3401060139230;4021447842660;Lohmann & Rauscher;Curapor;CURAPOR Pans adh av comp 10x15cm B/10;0.2;7.66;0.5;24;1
;3401060139247;4021447842691;Lohmann & Rauscher;Curapor;CURAPOR Pans adh av comp 10x20cm B/10;0.2;10.43;0.5;24;1
4346089;3401043460894;4056649398295;Lohmann & Rauscher;Curapor;CURAPOR TRANSPAR Pans adh av comp 5x7cm B/5;0.2;4.09;0.5;24;1
4346095;3401043460955;4056649398318;Lohmann & Rauscher;Curapor;CURAPOR TRANSPAR Pans adh av comp 8x10cm B/5;0.2;6.45;0.5;34;1
;;4021447157436;Lohmann & Rauscher;Lohmann Compresse;COMP N/ST VLIWASOFT NT40G 7,5 100;0.2;1.41;0.5;6;1
6319694;3401061323812;4056649512196;Lohmann & Rauscher;Lohmann Compresse;LOHMANN Compr oc stér 7cm B/10;0.2;1.67;0.35;20;1
7598265;3401075982654;4056649511830;Lohmann & Rauscher;Lohmann Compresse;LOHMANN Compr stér n tiss 7,5x7,5cm 10Sach/2;0.2;0.61;0.36;40;1
7598271;3401075982715;4056649511854;Lohmann & Rauscher;Lohmann Compresse;LOHMANN Compr stér n tiss 10x10cm 10Sach/2;0.2;0.82;0.37;40;1
7639283;3401076392834;4056649519881;Lohmann & Rauscher;Lohmann Compresse;LOHMANN Compr stér 7,5x7,5 10Sach/2;0.2;0.62;0.27;40;1
7639314;3401076393145;4021447154695;Lohmann & Rauscher;Lohmann Compresse;LOHMANN Compr stér 7,5x7,5 50Sach/2;0.2;2.13;0.04;8;1
7639343;3401076393435;4056649519928;Lohmann & Rauscher;Lohmann Compresse;LOHMANN Compr stér 10x10cm 10Sach/2;0.2;0.85;0.19;40;1
7639372;3401076393725;4021447155043;Lohmann & Rauscher;Lohmann Compresse;LOHMANN Compr stér 10x10cm 50Sach/2;0.2;2.86;0.14;8;1
7652415;3401076524150;4056649511878;Lohmann & Rauscher;Lohmann Compresse;LOHMANN Compr stér n tiss 10x10cm 25Sach/2;0.2;1.64;0.33;16;1
7652421;3401076524211;4056649511892;Lohmann & Rauscher;Lohmann Compresse;LOHMANN Compr stér n tiss 7,5x7,5cm 25Sach/2;0.2;1.22;0.32;16;1
7734544;3401077345440;4056649511915;Lohmann & Rauscher;Lohmann Compresse;LOHMANN Compr stér n tiss 10x10cm 50Sach/2;0.2;2.78;0.3;8;1
7734550;3401077345501;4056649511939;Lohmann & Rauscher;Lohmann Compresse;LOHMANN Compr stér n tiss 7,5x7,5 50Sach/2;0.2;2.06;0.22;8;1
;;4056649792758;Lohmann & Rauscher;Lohmann Coton;COTOBIO Coton démaq rectangle 8x10cm Sach/18;0.2;11.13;0.75;16;1
9514746;3401095147460;4056649512806;Lohmann & Rauscher;Lohmann Coton;COTOPADS Cot déma carré Sach/500;0.2;5.82;0.6;24;1
9514752;3401095147521;4056649512820;Lohmann & Rauscher;Lohmann Coton;COTOPADS Cot déma rectangl Sach/200;0.2;10.61;0.75;16;1
6021516;3401060215163;9001570519788;Lohmann & Rauscher;Lohmann Gants Vinyle & Latex;Gant Latex LOHMANN SEMPE Edition LOF L B/100;0.055;7;0.25;10;1
6021518;3401060215187;9001570519771;Lohmann & Rauscher;Lohmann Gants Vinyle & Latex;Gants Latex LOHMANN SEMPER Edition LOF M B/100;0.055;7;0.25;10;1
7065505;3401070655058;4056649513506;Lohmann & Rauscher;Lohmann Pansement absorbant stérile;LOHMANN Pans abs stér 15x20cm B/10;0.2;8.9;0.35;6;1
7065511;3401070655119;4056649513520;Lohmann & Rauscher;Lohmann Pansement absorbant stérile;LOHMANN Pans abs stér 20x25cm B/10;0.2;14.29;0.35;4;1
7064960;3401070649606;4056649396789;Lohmann & Rauscher;Lomatuell H;LOMATUELL H Pans 10x10cm B/10;0.2;8.45;0.48;12;1
;3401060143671;4021447157573;Lohmann & Rauscher;Non renseigné;Vliwasoft Compr n stér n tiss 10x10cm B/100;0.2;1.89;0.47;6;1
5105761;3401551057616;4000883090484;Lohmann & Rauscher;Non renseigné;FRIPA Mouchoir B/100;0.2;3.54;0.5;40;1
6136814;;6940610114121;Lohmann & Rauscher;Non renseigné;SUPRAS P SENS BOR Pans hydr s s 15x15cm B/10;0.2;31.23;0.15;15;1
6136816;;6940610114183;Lohmann & Rauscher;Suprasorb P;SUPRAS P SEN BO L Pans hydr s s 5x5cm B/10;0.2;3.46;0;24;1
6243796;;6940610114633;Lohmann & Rauscher;Suprasorb P;SUPRAS P SENS BOR Pans hydr s s 12x15cm B/10;0.2;17.16;0;10;1
6294198;;6940610114756;Lohmann & Rauscher;Suprasorb P;SUPRAS P SEN BO L Pans hydr s 7.5x9.5cm B/10;0.2;6.92;0;10;1
;;6941558093417;Lohmann & Rauscher;Velpeau;VELPEAU ELASTIC PANSEMENT SPECIAL POUR DOIGTS - BOITE DE 20;0.2;4;0.35;1;1
;;6941558093455;Lohmann & Rauscher;Velpeau;VELPEAU ELASTIC HAUTE RESISTANCE 10*6 CM;0.2;3;0.35;1;1
;;8717438376011;Lohmann & Rauscher;Velpeau;VELPEAU AQUA Pans imperméable 2,5x7,2 cm ; 1,9x7,2 cm B/20;0.2;4;0.35;1;1
6323939;;3800232428071;Lohmann & Rauscher;Velpeau;VELPEAUSET Set post-op petites plaies B/3;0.2;6.43;0.3;6;1
9734867;3401597348679;4004221010660;Lohmann & Rauscher;Velpeau;VELPEAUPRESS Bde cohésive blche 7cmx3m;0.2;6.52;0.3;10;1
6323951;;3800232428125;Lohmann & Rauscher;Velpeau Set standard;VELPEAUSET Set standard plaies chroniques B/5;0.2;6.65;0.1;6;1
;;3760007337826;Luxeol;Anaca3;ANACA3 Gel douche minceur exfoliant T/220ml;0.2;10.67;0.3;1;1
;;3760007335068;Luxeol;Luxeol;LUXEOL POUSSE CROISSANCE & FORTIFIC Gél B/90;0.055;41.85;0.3;36;1
;;3760007336294;Luxeol;Luxeol;LUXEOL Shampooing anti-chute T/200ml;0.2;15.25;0.3;12;1
;;3760007337109;Luxeol;Luxeol;LUXEOL Gummies Force & Croissance Bte/60;0.055;24.69;0.3;15;1
;;3760007337253;Luxeol;Luxeol;LUXEOL CHUTE CHEV PROGRESSIVE 2EN1 Sol 14A;0.2;70.83;0.3;12;1
;;3760007337260;Luxeol;Luxeol;LUXEOL CHUTE CHEV REACTION 2EN1 Sol 14A;0.2;70.83;0.3;1;1
;;3760007337758;Luxeol;Luxeol;LUXEOL Kit coloration 6G blond foncé doré;0.2;12.42;0.3;1;1
;;3760007337888;Luxeol;Luxeol;LUXEOL Shampooing volumateur T/200ml;0.2;15.25;0.3;1;1
;;3760007337895;Luxeol;Luxeol;LUXEOL Shampooing croissance T/200ml;0.2;15.25;0.3;12;1
;;3760007337918;Luxeol;Luxeol;LUXEOL Cr de soin croissance T/150ml;0.2;24.99;0.3;1;1
;;3760007337987;Luxeol;Luxeol;LUXEOL Shampooing anti-chute progressive T/200ml;0.2;15.25;0.3;12;1
;;3760007338014;Luxeol;Luxeol;LUXEOL HOMME Cire coiffante anti-chute Pot/50ml;0.2;19.5;0.3;12;1
;;3760397080272;Luxeol;Luxeol;LUXEOL CHUTE DE CHEVEUX PROGRESSIVE Gél B/90;0.055;48.85;0.3;30;1
;;3760397080531;Luxeol;Luxeol;LUXEOL Shampooing boucles T/200ml;0.2;12.48;0.3;12;1
;;3760397080548;Luxeol;Luxeol;LUXEOL Masque boucles Pot/200ml;0.2;20.75;0.3;12;1
;;3760397080555;Luxeol;Luxeol;LUXEOL Cr de soin boucles Fl airless/250ml;0.2;24.99;0.3;12;1
;;3760397080562;Luxeol;Luxeol;LUXEOL Gelée boucles T/200ml;0.2;24.99;0.3;12;1
;;3760397080616;Luxeol;Luxeol;LUXEOL Shampooing épaississant T/200ml;0.2;15.25;0.3;12;1
;;3760397080630;Luxeol;Luxeol;LUXEOL Sérum épaississant Fl airless/100ml;0.2;35.96;0.3;12;1
;;3760397080883;Luxeol;Luxeol;LUXEOL Shampooing réparateur moléculaire T/200ml;0.2;20.29;0.3;12;1
;;3760397080951;Luxeol;Luxeol;LUXEOL Sérum densité Fl airless/100ml;0.2;35.96;0.3;1;1
;;3760397080968;Luxeol;Luxeol;LUXEOL Shampooing brillance T/200ml;0.2;14.25;0.3;1;1
;;3760397080982;Luxeol;Luxeol;LUXEOL Shampooing densité T/200ml;0.2;15.25;0.3;24;1
;;3760397080999;Luxeol;Luxeol;LUXEOL Bme après-shampooing densité T/200ml;0.2;17.56;0.3;1;1
;;3760397081019;Luxeol;Luxeol;LUXEOL Masque brillance Pot/200ml;0.2;23.58;0.3;1;1
;;3760397081026;Luxeol;Luxeol;LUXEOL Huile brillance Fl/50ml;0.2;31.49;0.3;1;1
;;3760397081118;Luxeol;Luxeol;LUXEOL Sérum anti-chute progressive Fl airless/100ml;0.2;35.96;0.3;1;1
;;3760397081125;Luxeol;Luxeol;LUXEOL Gél complément alimentaire épaississant B/90;0.055;48.85;0.3;12;1
;;3760397081231;Luxeol;Luxeol;LUXEOL Bme après-shampooing épaississant T/200ml;0.2;21.99;0.3;1;1
;;3760397081248;Luxeol;Luxeol;LUXEOL Masque épaississant Pot/200ml;0.2;27.49;0.3;6;1
;;3760397081262;Luxeol;Luxeol;LUXEOL Mousse épaississante Fl/150ml;0.2;24.99;0.3;1;1
;;3760397081620;Luxeol;Luxeol;LUXEOL Cr soin brillance Fl/200ml;0.2;23.58;0.3;1;1
6156117;;3760007335433;Luxeol;Luxeol;LUXEOL Shampooing antipelliculaire T/200ml;0.2;9.96;0.3;12;1
6216781;;3760007335525;Luxeol;Luxeol;LUXEOL LEVURE BIERE REVIVIFIABLE Gél Pilul/90;0.055;19.9;0.3;12;1
6280342;;3760007336607;Luxeol;Luxeol;LUXEOL CHUTE CHEV REACTION Gél B/90;0.055;48.85;0.3;30;1
6311765;;3760007337215;Luxeol;Luxeol;LUXEOL Bme ap/shamp anti-chute T/200ml;0.2;17.56;0.3;12;1
6313501;;3760007337246;Luxeol;Luxeol;LUXEOL Vernis soin ongles fortifiant Fl/11ml;0.2;10.83;0.3;1;1
6320050;;3760007337314;Luxeol;Luxeol;LUXEOL GUMMIES POUSSE CHEV Gom P/60;0.055;24.69;0.3;15;1
6320051;;3760007337307;Luxeol;Luxeol;LUXEOL GUMMIES CHUTE DE CHEVEUX Gomme Pot/60;0.055;24.69;0.3;15;1
6325806;;3760007337383;Luxeol;Luxeol;LUXEOL Complexe kératine Gél 3 mois B/90;0.055;47.38;0.3;12;1
6361392;;3760007337277;Luxeol;Luxeol;LUXEOL Sérum barbe pousse Fl/60ml;0.2;25.83;0.3;12;1
;;3760007338038;Luxeol;Non renseigné;LUXEOL Spray volumateur Fl/150ml;0.2;24.69;0.3;1;1
;;3760397081071;Luxeol;Non renseigné;LUXEOL Sérum croissance Fl airless/100ml;0.2;35.96;0.3;1;1
;;3517360026740;Léa Nature-Natessance;Eau Thermale Jonzac;EAU THERM JONZAC INDISP Msse nettoy oxy 150ml;0.2;10.66;0.28;6;1
8130676;;3517360011340;Léa Nature-Natessance;Eau Thermale Jonzac;EAU THERM JONZAC REHYDRAT Déod fraîch 24 50ml;0.2;6.69;0.28;6;1
9810031;;3517360001761;Léa Nature-Natessance;Eau Thermale Jonzac;EAU THERM JONZAC Eau thermale Aér/50ml;0.2;2.96;0.28;8;1
9810048;3401398100483;3517360001778;Léa Nature-Natessance;Eau Thermale Jonzac;EAU THERM JONZAC Eau thermale Aér/300ml;0.2;7.07;0.28;6;1
4429378;3401344293788;3517361804118;Léa Nature-Natessance;Lift'Argan;LIFT'ARGAN BIO Hle d'argan 100% pure Fl/50ml;0.055;14.92;0.28;6;1
;;3517360012064;Léa Nature-Natessance;Natessance;NATESSANCE Hle mass éveil des sens Fl/100ml;0.2;7.72;0.28;6;1
;;3517360012507;Léa Nature-Natessance;Natessance;NATESSANCE Huile Ricin bio Fl/100ml;0.2;9.67;0.28;6;1
;;3517360015508;Léa Nature-Natessance;Natessance;NATESSANCE Hle Coco bio 100% Fl/100ml;0.055;8.61;0.28;6;1
;;3517360015751;Léa Nature-Natessance;Natessance;NATESSANCE Hle Nigelle bio Fl/50ml;0.055;8.1;0.28;6;1
;;3517360015768;Léa Nature-Natessance;Natessance;NATESSANCE Huile d'Amande douce bio Fl/100ml;0.055;10.04;0.28;6;1
;;3517360015782;Léa Nature-Natessance;Natessance;NATESSANCE Hle neutre bio mass soin Fl/100ml;0.2;6.74;0.28;6;1
;;3517360027549;Léa Nature-Natessance;Natessance;NATESSANCE MAUVE Shampooing cuir chevelu sensible Fl/250ml;0.2;7.98;0.28;6;1
2109422;;3517360009255;Léa Nature-Natessance;Natessance;NATESSANCE Hle ricin ong/chev Fl/100ml;0.2;9.02;0.28;6;1
2944403;;3517360010770;Léa Nature-Natessance;Natessance;NATESSANCE Hle mass Camphrée Fl/500ml;0.2;8.96;0.28;6;1
4016630;3401340166307;3517360006858;Léa Nature-Natessance;Natessance;NATESSANCE Hle Rose musquée Fl/50ml;0.2;11.54;0.28;6;1
4018155;3401340181553;3517360006964;Léa Nature-Natessance;Natessance;NATESSANCE Hle sèche Monoï Ylang Fl/100ml;0.2;10.78;0.28;6;1
4074372;3401340743720;3517360007190;Léa Nature-Natessance;Natessance;NATESSANCE Hle sèche Coco Fl/100ml;0.2;10.98;0.28;6;1
4897694;3401348976946;3517360092615;Léa Nature-Natessance;Natessance;NATESSANCE KARITE BIO Beurre bio équit 100g;0.2;8.25;0.28;5;1
6009713;;3517360012880;Léa Nature-Natessance;Natessance;NATESSANCE ARGAN Shamp répar fortif Fl/250ml;0.2;6.72;0.28;6;1
6020916;;3517360013801;Léa Nature-Natessance;Natessance;NATESSANCE RICIN Shamp répar fortif Fl/250ml;0.2;6.66;0.28;6;1
6022101;;3517360013313;Léa Nature-Natessance;Natessance;NATESSANCE Hle d'Amande dce Fl/250ml;0.055;13.65;0.28;6;1
6026116;;3517360013917;Léa Nature-Natessance;Natessance;NATESSANCE COCO Shamp us fréq Fl/250ml;0.2;6.66;0.28;6;1
6026774;;3517360013924;Léa Nature-Natessance;Natessance;NATESSANCE COCO Bme ap/shamp T/150ml;0.2;10.17;0.28;6;1
6119645;;3517360017557;Léa Nature-Natessance;Natessance;NATESSANCE TEA TREE Shamp purif Fl/250ml;0.2;6.66;0.28;6;1
7250154;3401372501541;3517360007046;Léa Nature-Natessance;Natessance;NATESSANCE Hle Ricin ong/chev Fl/50ml;0.2;5.38;0.28;6;1
8145867;;3517360011098;Léa Nature-Natessance;Natessance;NATESSANCE Shamp répar fortif Fl/500ml;0.2;10.17;0.28;6;1
8145873;;3517360011104;Léa Nature-Natessance;Natessance;NATESSANCE Bme ap/shamp T/150ml;0.2;10.17;0.28;6;1
;;3661729019550;Léro (Dômes Pharma);Lero;LERO MENOPOLLEN Caps B/60;0.055;30.01;0.4;24;1
;;3661729024073;Léro (Dômes Pharma);Lero;LERO CRANBERRY BIO Gél B/30;0.055;13.97;0.4;1;1
;;3666560025111;Léro (Dômes Pharma);Lero;LERO HEPAGRUME Cpr bien-être digestif B/20;0.055;9.38;0.4;1;1
6074620;3401560746204;;Léro (Dômes Pharma);Lero;LERO LACTEASE Cpr B/60;0.055;29.11;0.4;0;1
6325570;;3661729023762;Léro (Dômes Pharma);Lero;LERO CHARBON VEGETAL BIO Gél B/45;0.055;8.88;0.4;1;1
7032144;3401570321446;;Léro (Dômes Pharma);Lero;LERO BASE Caps B/42;0.055;15.99;0.4;0;1
7729477;3401577294774;;Léro (Dômes Pharma);Lero;LERO PHANERES Caps B/30;0.055;17.27;0.4;0;1
7731824;3401577318241;;Léro (Dômes Pharma);Lero;LERO PREMUNIL Caps B/30;0.055;17.78;0.4;0;1
3135812;3400931358121;;Léro (Dômes Pharma);Magnesie;MAGNESIE SAN PELLEGRINO 90 % Pdr susp buv anisée Fl/90g;0.1;12.08;0.3;0;1
3445820;3400934458200;;Léro (Dômes Pharma);Magnesie;MAGNESIE SAN PELLEGRINO 44,9 % Pdr eff susp buv anisée Fl/125g;0.1;12.08;0.3;0;1
;;3661729021430;Léro (Dômes Pharma);Non renseigné;LERO MAGNESIUM MARIN Cpr Blister/30;0.055;7.19;0.4;54;1
;;3701250403432;MARGOT & TITA;Brume parfumée;MARGOT & TITA Brume parfumée Vertige de l'amour 150 ml;0.2;9.98;0;1;6
;;3701250403494;MARGOT & TITA;Brume parfumée;MARGOT & TITA Brume parfumée Fantasme d'un soir 150 ml;0.2;9.98;0;1;6
;;3701250403500;MARGOT & TITA;Brume parfumée;MARGOT & TITA Brume parfumée Folie Poétique 150 ml;0.2;9.98;0;1;6
;;3701250403517;MARGOT & TITA;Brume parfumée;MARGOT & TITA Brume parfumée Juste une illusion 150 ml;0.2;9.98;0;1;6
;;3701250403524;MARGOT & TITA;Brume parfumée;MARGOT & TITA Brume parfumée Oasis de plaisir 150 ml;0.2;9.98;0;1;6
;;3701250403531;MARGOT & TITA;Brume parfumée;MARGOT & TITA Brume parfumée Velours animal 150 ml;0.2;9.98;0;1;6
;;3701250401117;MARGOT & TITA;Coffret;MARGOT & TITA Coffret Duo Elixir de minuit & Mademoiselle Margot 2x30 ml;0.2;15.98;0;1;3
;;3701250401315;MARGOT & TITA;Coffret;MARGOT & TITA Coffret Duo Nous les femmes & La femme parfaite 2x30 ml;0.2;15.98;0;1;3
;;3701250401544;MARGOT & TITA;Coffret;MARGOT & TITA Coffret Duo Dandy Chic & Ca baigne pour moi 2x30 ml;0.2;15.98;0;1;3
;;3701250401674;MARGOT & TITA;Coffret;MARGOT & TITA Coffret Duo Huile S & parfum Week-end au Ferret 30ml & 50ml;0.2;14.48;0;1;3
;;3701250402558;MARGOT & TITA;Coffret;MARGOT&TITA MINI DRESS BESTSELLERS;0.2;18.48;0;1;3
;;3701250402565;MARGOT & TITA;Coffret;MARGOT&TITA MINI DRESS BEL HOMME;0.2;18.48;0;1;3
;;3701250402749;MARGOT & TITA;Coffret;MARGOT & TITA Coffret Duo L'amou est dans l'a & Week-end au Paradis 2x30 ml;0.2;15.98;0;1;3
;;3701250405788;MARGOT & TITA;KIT D'IMPLANTATION;MARGOT & TITA Kit d'implantation Welcome Pack;0.2;708.55;0.08;1;1
;;3701250405900;MARGOT & TITA;KIT D'IMPLANTATION;MARGOT & TITA Kit d'implantation Welcome Pack sans coffret;0.2;718.2;0.08;1;1
;;3701250400011;MARGOT & TITA;Parfum;MARGOT & TITA Parfum Elixir de minuit 30 ml;0.2;9.98;0;1;6
;;3701250400028;MARGOT & TITA;Parfum;MARGOT & TITA MONSIEUR FRENCH EDP 30ML;0.2;9.98;0;1;6
;;3701250400073;MARGOT & TITA;Parfum;MARGOT & TITA Parfum Escapade en Orient 30 ml;0.2;9.98;0;1;6
;;3701250400080;MARGOT & TITA;Parfum;MARGOT & TITA Parfum Le rose vous va si bien 30 ml;0.2;9.98;0;1;6
;;3701250400127;MARGOT & TITA;Parfum;MARGOT & TITA Parfum Baiser Fougueux 30 ml;0.2;9.98;0;1;6
;;3701250400158;MARGOT & TITA;Parfum;MARGOT & TITA Parfum Beau Ténébreux 30 ml;0.2;9.98;0;1;6
;;3701250400172;MARGOT & TITA;Parfum;MARGOT & TITA Parfum Vue sur l'océan 30 ml;0.2;9.98;0;1;6
;;3701250400233;MARGOT & TITA;Parfum;MARGOT ET TITA DANDY CHIC;0.2;9.98;0;1;6
;;3701250400288;MARGOT & TITA;Parfum;MARGOT & TITA Parfum Alors on danse 30 ml;0.2;9.98;0;1;6
;;3701250400684;MARGOT & TITA;Parfum;MARGOT & TITA Nuit féérique 30 ml;0.2;9.98;0;1;6
;;3701250400844;MARGOT & TITA;Parfum;MARGOT & TITA Parfum Enigmatique 30 ml;0.2;9.98;0;1;6
;;3701250401032;MARGOT & TITA;Parfum;MARGOT & TITA Parfum Tombé du ciel 30 ml;0.2;9.98;0;1;6
;;3701250402190;MARGOT & TITA;Parfum;MARGOT & TITA Parfum Sous les étoiles 30 ml;0.2;9.98;0;1;6
;;3701250402589;MARGOT & TITA;Parfum;MARGOT & TITA Parfum Week-end au Paradis 30 ml;0.2;9.98;0;1;6
;;3701250403050;MARGOT & TITA;Parfum;MARGOT & TITA Parfum Ombre et lumière 30 ml;0.2;9.98;0;1;6
;;3701250403159;MARGOT & TITA;Parfum;MARGOT&TITA EDP LA FEMME PARF30ML;0.2;9.98;0;1;6
;;3701250403081;MARGOT & TITA;Parfum cheveux;MARGOT & TITA Parfum cheveux Onde sensuelle 50 ml;0.2;10.98;0;1;8
;;3701250404514;MARGOT & TITA;Parfum d'ambiance;MARGOT & TITA Parfum d'ambiance Jardin de mon enfance 150 ml;0.2;12.48;0;1;6
;;3701250404538;MARGOT & TITA;Parfum d'ambiance;MARGOT & TITA Parfum d'ambiance Idylle en provence 150 ml;0.2;12.48;0;1;6
;;3701250404552;MARGOT & TITA;Parfum d'ambiance;MARGOT & TITA Parfum d'ambiance Souvenir de vacances 150 ml;0.2;12.48;0;1;6
;;3660396011577;MILLET INNOVATION – EPITACT;Carp'Immo;CARP'IMMO Ort poig rig de repos gauche S;0.055;35.97;0.25;1;1
;;3660396011591;MILLET INNOVATION – EPITACT;Carp'Immo;CARP'IMMO Ort poig rig de repos gauche M;0.055;35.97;0.25;1;1
4328855;;3660396001820;MILLET INNOVATION – EPITACT;Épitact;EPITACT Séparat Epith 26 orteils PM B/6;0.2;12.22;0.15;0;1
4328878;;3660396001844;MILLET INNOVATION – EPITACT;Épitact;EPITACT Ecarteur Séparat Epith 26 B/2;0.2;11.99;0.15;0;1
4617588;;3660396002247;MILLET INNOVATION – EPITACT;Épitact;EPITACT Digitube Epith 26 cors S B/1;0.2;6.17;0.15;0;1
4814113;;3660396001981;MILLET INNOVATION – EPITACT;Épitact;EPITACT Dgtier Epith 26 MM B/2;0.2;12.22;0.15;0;1
6009573;;3660396007495;MILLET INNOVATION – EPITACT;Épitact;EPITACT Orthèse correcti hall val nuit S B/1;0.055;27.64;0.15;1;1
6009575;;3660396007501;MILLET INNOVATION – EPITACT;Épitact;EPITACT Orthèse correcti hallu val nuit M B/1;0.055;27.64;0.15;1;1
6009576;;3660396007518;MILLET INNOVATION – EPITACT;Épitact;EPITACT Orthèse correcti hallu val nuit L B/1;0.055;27.64;0.15;1;1
6079536;;3660396009727;MILLET INNOVATION – EPITACT;Épitact;EPITACT Orthèse pouce rigide repos droite TS;0.055;46.46;0.25;1;1
6079537;;3660396009741;MILLET INNOVATION – EPITACT;Épitact;EPITACT Orthèse pouce rigide repos droite TM;0.055;46.46;0.25;1;1
6079541;;3660396009758;MILLET INNOVATION – EPITACT;Épitact;EPITACT Orthèse pouce rigide repos gauche TM;0.055;46.46;0.25;1;1
6121767;;3660396011560;MILLET INNOVATION – EPITACT;Épitact;CARP'IMMO Ort poig rig de repos droit S;0.055;35.97;0.25;1;1
6121768;;3660396011584;MILLET INNOVATION – EPITACT;Épitact;CARP'IMMO Ort poig rig de repos droit M;0.055;35.97;0.25;1;1
6425999;3401564259991;3660396006108;MILLET INNOVATION – EPITACT;Épitact;EPITACT Ort p/pc proprioc drte TS;0.2;19.53;0.15;0;1
6426007;3401564260072;3660396006115;MILLET INNOVATION – EPITACT;Épitact;EPITACT Ort p/pc proprioc gche TS;0.2;19.53;0.15;0;1
6426013;3401564260133;3660396006139;MILLET INNOVATION – EPITACT;Épitact;EPITACT Ort p/pc proprioc gche TM;0.2;19.53;0.15;0;1
6426036;3401564260362;3660396006122;MILLET INNOVATION – EPITACT;Épitact;EPITACT Ort p/pc proprioc drte TM;0.2;19.53;0.15;1;1
6426065;3401564260652;3660396006146;MILLET INNOVATION – EPITACT;Épitact;EPITACT Ort p/pc proprioc drte TL;0.2;19.53;0.15;0;1
6426071;3401564260713;3660396006153;MILLET INNOVATION – EPITACT;Épitact;EPITACT Ort p/pc proprioc gche TL;0.2;19.53;0.15;0;1
7668882;;3660396000076;MILLET INNOVATION – EPITACT;Épitact;EPITACT Digitube 3x10cm M Sach/3;0.2;12.22;0.15;0;1
7668907;;3660396000069;MILLET INNOVATION – EPITACT;Épitact;EPITACT Digitube 3x10cm S;0.2;12.22;0.15;0;1
7668942;;3660396000014;MILLET INNOVATION – EPITACT;Épitact;EPITACT Cousnet plant S Sach/2;0.2;20.9;0.15;0;1
7668959;;3660396000021;MILLET INNOVATION – EPITACT;Épitact;EPITACT Cousnet plant M Sach/2;0.2;20.9;0.15;0;1
7751198;;3660396000120;MILLET INNOVATION – EPITACT;Épitact;EPITACT Protection Hallux Valgus S;0.2;16.02;0.15;0;1
7751206;;3660396000137;MILLET INNOVATION – EPITACT;Épitact;EPITACT Protection Hallux Valgus M;0.2;16.02;0.15;0;1
7942892;;3660396001660;MILLET INNOVATION – EPITACT;Épitact;EPITACT Barrette ss-diaph F la paire;0.2;20.58;0.15;0;1
9979379;;3660396005224;MILLET INNOVATION – EPITACT;Épitact;EPITACT Orthèse correcti hal valg L B/1;0.2;23.93;0.15;0;1
9979385;;3660396005217;MILLET INNOVATION – EPITACT;Épitact;EPITACT Orthèse correcti hal valg M B/1;0.2;23.93;0.15;0;1
9979391;;3660396005200;MILLET INNOVATION – EPITACT;Épitact;EPITACT Orthèse correcti hal valg S B/1;0.2;23.93;0.15;0;1
;;3770035346899;MON ANTI-MOUSTIQUE by Gestprotec;Non renseigné;MON ANTI MOUSTIQUE PARFUME VANILLE MONOI 100ML;0.2;7.58;0.2;12;1
;;3770035346905;MON ANTI-MOUSTIQUE by Gestprotec;Non renseigné;MON ANTI MOUSTIQUES PARFUM SAKURA 100ML;0.2;7.58;0.2;12;1
;;3770035346912;MON ANTI-MOUSTIQUE by Gestprotec;Non renseigné;MON ANTI MOUSTIQUES PARFUM COCO 100 ML;0.2;7.58;0.2;12;1
;;3770035346929;MON ANTI-MOUSTIQUE by Gestprotec;Non renseigné;MON ANTI MOUSTIQUES PARFUM AGRUMES 100 ML;0.2;7.58;0.2;1;1
;;3770035346936;MON ANTI-MOUSTIQUE by Gestprotec;Non renseigné;MON ROLL ON APRES PIQURES 15ML;0.2;5.58;0.2;1;1
;;3664789000469;Majorelle;Assanis;ASSANIS Gel hydroalcoolique amande Bidon/5l;0.2;40.84;0.15;4;1
;;3664789000919;Majorelle;Assanis;ASSANIS Lingette désinfectante Paquet/12;0.2;2.95;0.18;24;1
;;3664789000926;Majorelle;Assanis;ASSANIS Lingette désinfectante Paquet/25;0.2;4.35;0.18;12;1
2832723;;3760032832723;Majorelle;Assanis;ASSANIS FAMILY 980ml gel antibactér main;0.2;11.87;0.15;6;1
4848483;3401348484830;3760032831900;Majorelle;Assanis;ASSANIS POCKET Fl/80ml Gel antiba Mangue;0.2;1.88;0.18;24;1
7931836;3401579318362;3760032831344;Majorelle;Assanis;ASSANIS FAMILY Gel antibactér main Fl/250ml;0.2;4.24;0.18;12;1
9578864;3401395788646;3760032831078;Majorelle;Assanis;ASSANIS POCKET Fl/80ml Gel antiba Amande;0.2;1.88;0.18;24;1
;;3700322031832;Majorelle;Dermagor;DERMAGOR ERYCALM Cr apais T/40ml;0.2;13.35;0.18;1;1
;;3700322548071;Majorelle;Dermagor;DERMAGOR ATOPICALM Cr nourriss corps T/250ml;0.2;14.3;0.18;32;1
;;3700322548323;Majorelle;Dermagor;DERMAGOR SKIN PLAST Cr anti-âge T/40ml;0.2;17.4;0.18;1;1
;;3700322000081;Majorelle;Dermophil Indien;DERMOPHIL INDIEN Stick original lèvres 3,5g;0.2;5.7;0.18;24;6
;;3700322000098;Majorelle;Dermophil Indien;DERMOPHIL INDIEN Stick original mains 30g;0.2;8;0.18;20;6
;;3700322004416;Majorelle;Dermophil Indien;DERMOPHIL INDIEN Cr mains rép fort bio 75ml;0.2;8.7;0.18;12;1
;;3700322004478;Majorelle;Dermophil Indien;DERMOPHIL INDIEN Stick lèvres abimées bio 4g;0.2;5.35;0.18;12;3
;;3700322004485;Majorelle;Dermophil Indien;DERMOPHIL INDIEN Stick lèv abim bio 2/4g;0.2;8.55;0.18;1;1
;;3700322004546;Majorelle;Dermophil Indien;DERMOPHIL INDIEN Stick lèv desséch bio 4g;0.2;4.85;0.18;12;3
;;3700322004553;Majorelle;Dermophil Indien;DERMOPHIL INDIEN Stick lèv desséch bio 3/4g;0.2;9.7;0.18;12;1
;;3700322004836;Majorelle;Dermophil Indien;DERMOPHIL INDIEN Stick lèv fleur tiaré bio 4g;0.2;4.9;0.18;12;1
;;3700322004874;Majorelle;Dermophil Indien;DERMOPHIL INDIEN Cr mains Pivoine bio 200ml;0.2;13.5;0.18;1;1
;;3700322007608;Majorelle;Dermophil Indien;DERMOPHIL INDIEN KIDS Stick lèv chamallow 4g;0.2;4.15;0.18;12;3
;;3700322007615;Majorelle;Dermophil Indien;DERMOPHIL INDIEN KIDS Stick lèv bubble gum 4g;0.2;4.15;0.18;12;3
;;3700322007622;Majorelle;Dermophil Indien;DERMOPHIL INDIEN KIDS Stick lèv vanille 4g;0.2;4.15;0.18;12;3
;;3700322007639;Majorelle;Dermophil Indien;DERMOPHIL INDIEN KIDS Stick lèv fraise 4g;0.2;4.15;0.18;12;1
;;3700322022908;Majorelle;Dermophil Indien;DERMOPHIL INDIEN KIDS Stick à lèvres cola 4g;0.2;4.15;0.18;1;1
;;3700322041862;Majorelle;Dermophil Indien;DERMOPHIL INDIEN FPS50+ Stick lèvres solaire très haute protection 4g;0.2;6.8;0.18;12;1
;;3700322047628;Majorelle;Dermophil Indien;DERMOPHIL INDIEN Présentoir comptoir Huile lèvres Glossy 12x5ml + 1Testeur;0.2;147.6;0.18;1;1
;;3700322047642;Majorelle;Dermophil Indien;DERMOPHIL INDIEN Présentoir comptoir Baumes lèvres Floraux 12x15g+1Testeur;0.2;126;0.18;1;1
;;3700322049752;Majorelle;Dermophil Indien;DERMOPHIL INDIEN Stick soin teinté rouge impérial 4g;0.2;5.1;0.18;12;1
;;3700322049776;Majorelle;Dermophil Indien;DERMOPHIL INDIEN Stick soin teinté pourpre 4g;0.2;5.1;0.18;1;1
;;3700322049790;Majorelle;Dermophil Indien;DERMOPHIL INDIEN Stick soin teinté poudré rosé 4g;0.2;5.1;0.18;1;1
6347969;;3700322017737;Majorelle;Dermophil Indien;DERMOPHIL INDIEN KIDS PHYTO Stick lèv Tropical 4g;0.2;4.15;0.18;1;1
6347970;;3700322018857;Majorelle;Dermophil Indien;DERMOPHIL INDIEN FPS30 Stick lèvres 4g;0.2;6.5;0.18;12;1
6395010;;3700322049349;Majorelle;Dermophil Indien;DERMOPHIL INDIEN Stick soin teinté prunelle 4g;0.2;5.1;0.18;1;1
;;3664789000117;Majorelle;Eden Gen;EDEN GEN Préserv ext fin latex lubrif B/24;0.055;10.88;0.18;1;1
;;3664789000124;Majorelle;Eden Gen;EDEN GEN Préserv ext fin latex lubrif B/3;0.055;2.18;0.18;1;1
;;3664789000131;Majorelle;Eden Gen;EDEN GEN Préserv ext fin latex lubrif B/6;0.055;3.76;0.18;1;1
;;3664789000216;Majorelle;Eden Gen;EDEN GEN Préserv ext larg latex lubrif B/12;0.055;8.23;0.18;1;1
;;3664789000223;Majorelle;Eden Gen;EDEN GEN Préserv ext fin latex lubrif B/12;0.055;6.71;0.18;1;1
;;3664789000230;Majorelle;Eden Gen;EDEN GEN FEEL Préserv perlé latex lubrif B/12;0.055;8.23;0.25;1;1
;;3664789000254;Majorelle;Eden Gen;EDEN GEN FEEL ABS Préserv finess lat lubr B12;0.055;11.22;0.18;1;1
;;3664789001312;Majorelle;Eden Gen;EDEN GEN Gel lubrifiant aloe vera T/30ml;0.2;5.3;0.18;1;1
;;3664789001329;Majorelle;Eden Gen;EDEN GEN Gel lubrifiant aloe vera T/100ml;0.2;9.2;0.18;1;1
;;3664789001336;Majorelle;Eden Gen;EDEN GEN Gel lubrifiant naturel T/30ml;0.2;5.1;0.18;1;1
;;3664789001343;Majorelle;Eden Gen;EDEN GEN Gel lubrifiant naturel T/100ml;0.2;8.7;0.18;1;1
;;3700322035397;Majorelle;Hepatoum;HEPATOUM S buv digestion Bouteille/550ml;0.055;7.8;0.18;12;1
5354932;3401553549324;3700138610207;Majorelle;Item;K.O. POUX Gel crème anti-poux Tube/100ml;0.2;10.2;0.18;36;1
5354961;3401553549614;3700138610191;Majorelle;Item;K.O. LENTES Baume démêlant décolleur Tube/100;0.2;10.2;0.18;42;1
3421481;3400934214813;;Majorelle;Mercalm;MERCALM Cpr pell séc Plq/15;0.1;5.7;0.18;180;6
4352316;3401043523162;;Majorelle;Monasens;MONASENS Gel lub int Fl/30ml;0.2;7.9;0.18;12;1
;;3415900624060;Majorelle;Non renseigné;NUITOL Bouch d'oreill B/4;0.2;2;0.18;36;1
;;3700322542604;Majorelle;Non renseigné;ITEM ALPHACADE Shampooing T/200ml;0.2;9.99;0.18;32;1
;;3700322548125;Majorelle;Non renseigné;DERMAGOR ESSENT Cr hydrat riche 24h T/40ml;0.2;14.9;0.18;48;1
;;3700322548132;Majorelle;Non renseigné;DERMAGOR ESSENT Cr hydrat lég 24h T/40ml;0.2;14.9;0.18;48;1
;;9001616830594;Mam;Accessoires;MAM Tasse bec soup silic 6m+ av anses 150ml;0.2;9.14;0.2;6;1
;;9001616881701;Mam;Accessoires;MAM Verre apprentissage bec souple 8+ mois 290ml (modèle aléatoire);0.2;11.5;0.2;6;1
4123952;;9001616709326;Mam;Accessoires;MAM Goupill 2en1;0.2;8.59;0.2;6;1
5123285;3401551232853;9001616668739;Mam;Accessoires;MAM Tasse app bc s décor 190ml;0.2;8.66;0.2;6;1
6019556;;9001616676932;Mam;Accessoires;MAM Att-suce std;0.2;6.63;0.2;6;1
6019557;;9001616676949;Mam;Accessoires;MAM Att-suce décors;0.2;6.63;0.2;6;1
6435242;3401564352425;9001616668920;Mam;Accessoires;MAM Valve anti-colique B/2;0.2;4.96;0.2;6;1
;;9001616824470;Mam;Allaitement;MAM Bt sein silic+bte stéril M B/2;0.2;8.72;0.2;6;1
;;9001616824487;Mam;Allaitement;MAM Bt sein silic+bte stéril L B/2;0.2;8.72;0.2;6;1
;;9001616871832;Mam;Allaitement;MAM Coussinet d'allaitement B/30;0.2;5.3;0.2;6;1
;;9001616871849;Mam;Allaitement;MAM Coussinet d'allaitement B/105;0.2;13.4;0.2;6;1
;;9001616871856;Mam;Allaitement;MAM ALLAITEMENT Sachet conservation lait maternel 180ml B/25;0.2;7.1;0.2;6;1
4132112;;9001616709333;Mam;Allaitement;MAM Bout sein silicone S Blist/2;0.2;8.72;0.2;6;1
;;9001616830341;Mam;Anneaux de dentition;MAM Anneau dent nettoyant;0.2;7.7;0.2;6;1
4123969;;9001616709319;Mam;Anneaux de dentition;MAM Ann dent réfrigér;0.2;7.7;0.2;6;1
;;9001616705878;Mam;Biberons;MAM Coffret biberon verre hérisson;0.2;41.55;0.2;2;1
;;9001616836398;Mam;Biberons;MAM EAS STA NATUR Bib tét déb2 men-co 260ml 2;0.2;16.02;0.25;6;1
;;9001616836459;Mam;Biberons;MAM EAS STA NATUR Bib tét déb0 sable 130ml;0.2;8.12;0.2;6;1
;;9001616836473;Mam;Biberons;MAM EAS STA NATUR Bib tét déb1 ocean 160ml;0.2;8.12;0.2;6;1
;;9001616836480;Mam;Biberons;MAM EAS STA NATUR Bib tét déb1 lilas 160ml;0.2;8.12;0.2;6;1
;;9001616836527;Mam;Biberons;MAM EAS STA NATUR Bib tét déb2 ocean 260ml;0.2;8.5;0.2;6;1
;;9001616836534;Mam;Biberons;MAM EAS STA NATUR Bib tét déb2 lilas 260ml;0.2;8.5;0.2;6;1
;;9001616836541;Mam;Biberons;MAM EAS STA NATUR Bib tét déb2 sable 260ml;0.2;8.5;0.2;6;1
;;9001616836602;Mam;Biberons;MAM EAS STA NATUR Bib tét déb3 ocean 320ml;0.2;9.95;0.2;6;1
;;9001616836619;Mam;Biberons;MAM EAS STA NATUR Bib tét déb3 lilas 320ml;0.2;9.95;0.2;6;1
;;9001616836626;Mam;Biberons;MAM EAS STA NATUR Bib tét déb3 sable 320ml;0.2;9.95;0.2;6;1
;;9001616836657;Mam;Biberons;MAM Coffret naissance sable;0.2;35.58;0.2;2;1
;;9001616857959;Mam;Biberons;MAM EASY ACTIVE Biberon tétine débit X décoré sable 330ml;0.2;7.97;0.2;6;1
;;9001616857966;Mam;Biberons;MAM EASY ACTIVE Biberon tétine débit X décoré lilas 330ml;0.2;7.97;0.2;6;1
;;9001616857973;Mam;Biberons;MAM EASY ACTIVE Biberon tétine débit X coloré berry 330ml;0.2;7.97;0.2;6;1
;;9001616857980;Mam;Biberons;MAM EASY ACTIVE Biberon tétine débit X décoré océan 330ml;0.2;7.97;0.2;6;1
;;9001616857997;Mam;Biberons;MAM EASY ACTIVE Biberon tétine débit X coloré ice 330ml;0.2;7.97;0.2;6;1
;;9001616858307;Mam;Biberons;MAM EASY ACTIVE Biberon tétine débit X coloré ice + pearl 330ml x2;0.2;15.1;0.2;6;1
;;9001616858314;Mam;Biberons;MAM EASY ACTIVE Biberon tétine débit X coloré pearl 330ml;0.2;7.97;0.2;6;1
5123368;3401551233683;9001616668661;Mam;Biberons;MAM Bib tét déb2 col 260ml;0.2;14.03;0.2;6;1
5123411;3401551234116;9001616668647;Mam;Biberons;MAM Bib tét déb1 col 170ml;0.2;12.67;0.2;6;1
6414843;;9001616653223;Mam;Biberons;MAM Bib tét déb2 bleu 260ml;0.2;14.03;0.2;6;1
8162624;;9001616671258;Mam;Biberons;MAM Bib transition gars 220ml;0.2;9.19;0.2;6;1
8162707;;9001616671296;Mam;Biberons;MAM Bib transition fille 220ml;0.2;9.19;0.2;6;1
8162713;;9001616671289;Mam;Biberons;MAM Bib transition 220ml;0.2;9.19;0.2;6;1
;;9001616830358;Mam;Brosses à dents MAM;MAM Brosse dents premières dents;0.2;4.28;0.2;6;1
;;9001616830365;Mam;Brosses à dents MAM;MAM Kit brosse à dents d'apprentissage;0.2;7.7;0.2;6;1
;;9001616814235;Mam;Non renseigné;MAM Anneau de dentition réfrigérant avec atta;0.2;7.7;0.2;6;1
;;9001616814099;Mam;Sucettes;MAM COMFORT Sucet silic souple doux Bleu B/2;0.2;10.43;0.2;6;1
;;9001616814105;Mam;Sucettes;MAM COMFORT Sucet silic souple doux Rose B/2;0.2;10.43;0.2;6;1
;;9001616835605;Mam;Sucettes;MAM ORIGINAL Sucette silicone 0-2mois B/2;0.2;7.14;0.2;6;1
;;9001616835636;Mam;Sucettes;MAM ORIGIN Sucette silic 2-6m tendance B/2;0.2;7.14;0.2;6;1
;;9001616835643;Mam;Sucettes;MAM ORIGIN Sucette nuit silic 2-6m B/2;0.2;7.14;0.2;6;1
;;9001616835650;Mam;Sucettes;MAM ORIGIN Sucette silic 2-6m nat B/2;0.2;7.14;0.2;6;1
;;9001616835704;Mam;Sucettes;MAM ORIGIN Sucette silic 6m+ tendance B/2;0.2;7.14;0.2;6;1
;;9001616835711;Mam;Sucettes;MAM ORIGINAL Sucette nuit silicone 6mois+ B/2;0.2;7.14;0.2;6;1
;;9001616835728;Mam;Sucettes;MAM ORIGIN Sucette silic 6m+ nat B/2;0.2;7.14;0.2;6;1
;;9001616835773;Mam;Sucettes;MAM ORIGIN Sucette silic 6m+ class B/2;0.2;7.14;0.2;6;1
;;9001616835827;Mam;Sucettes;MAM ORIGIN Sucette nuit silic +18m B/2;0.2;7.14;0.2;6;1
;;9001616835834;Mam;Sucettes;MAM ORIGIN Sucette silic +18m nat B/2;0.2;7.14;0.2;6;1
;;9001616835889;Mam;Sucettes;MAM ORIGIN Sucette silic +18m class B/2;0.2;7.14;0.2;6;1
;;9001616835940;Mam;Sucettes;MAM PERFECT NAISS Sucette anat 0-2mois Etui/2;0.2;10.43;0.2;6;1
;;9001616835988;Mam;Sucettes;MAM PERFECT Sucette anat silic 2-6m B/2;0.2;10.43;0.2;6;1
;;9001616835995;Mam;Sucettes;MAM PERFECT Sucette anat silic 2-6m nuit B/2;0.2;10.43;0.2;6;1
;;9001616836039;Mam;Sucettes;MAM PERFECT Sucette anat silic +6m nuit Etui2;0.2;10.43;0.2;6;1
;;9001616836046;Mam;Sucettes;MAM PERFECT Sucette anat silic +6m tendance 2;0.2;10.43;0.2;6;1
;;9001616836053;Mam;Sucettes;MAM PERFECT Sucette anat silic +6m animaux 2;0.2;10.43;0.2;6;1
;;9001616836091;Mam;Sucettes;MAM PERFECT Sucette anat silic +18m tendan 2;0.2;10.43;0.2;6;1
;;9001616836107;Mam;Sucettes;MAM PERFECT Sucette anat silic +18m animaux 2;0.2;10.43;0.2;6;1
;;9001616836121;Mam;Sucettes;MAM PERFECT Sucette anat silic +18m nuit te 2;0.2;10.43;0.2;6;1
;;9001616836268;Mam;Sucettes;MAM SUPREME Sucette silicone 2-6mois nuit B/2;0.2;10.43;0.2;6;1
;;9001616836299;Mam;Sucettes;MAM SUPREME Sucette silicone +6mois nuit B/2;0.2;10.43;0.2;6;1
;;9001616836305;Mam;Sucettes;MAM SUPREME Sucette silicone +6mois B/2;0.2;10.43;0.2;6;1
;;9001616836329;Mam;Sucettes;MAM SUPREME Sucette silicone +18mois nuit B/2;0.2;10.43;0.2;6;1
;;9001616836336;Mam;Sucettes;MAM SUPREME Sucette silicone +18mois B/2;0.2;10.43;0.2;6;1
6308282;;9001616822445;Mam;Sucettes;MAM COMFORT Sucet silicone 2-6mois rose B/2;0.2;10.43;0.2;6;1
6308283;;9001616822438;Mam;Sucettes;MAM COMFORT Sucet silicone 2- 12 mois bleu B/2;0.2;10.43;0.2;6;1
5443191;;9001616639968;Mam;Tétines;MAM Tét débit 3 silic;0.2;6.18;0.2;12;1
5443216;;9001616639951;Mam;Tétines;MAM Tét débit 2 silic;0.2;6.18;0.2;12;1
5443222;;9001616639944;Mam;Tétines;MAM Tét débit 1 silic;0.2;6.18;0.2;12;1
5443239;;9001616639975;Mam;Tétines;MAM Tét déb x rp silic;0.2;6.18;0.2;12;1
6161322;;9001616706943;Mam;Tétines;MAM Tétine débit 0 extra long silicone B/2;0.2;6.18;0.2;12;1
;;3532281410102;Manix - Skyn;Manix;MANIX XTRA PLEASURE Préservatif avec réservoir lubrifiés B/2;0.055;2.07;0.1;48;1
;;3532281463108;Manix - Skyn;Manix;MANIX PURE Préservatif B/3 Carton;0.055;2.04;0.1;36;1
;;3532281463207;Manix - Skyn;Manix;MANIX PURE Préservatif B/3 Plastique;0.055;2.04;0.1;1;1
;;3532281463504;Manix - Skyn;Manix;MANIX PURE Préservatif B/10;0.055;6.48;0.1;12;1
;;3532281463528;Manix - Skyn;Manix;MANIX PURE Préservatif B/10+2;0.055;6.48;0.1;1;1
;;3532281463801;Manix - Skyn;Manix;MANIX PURE Préservatif B/24;0.055;11.43;0.1;6;1
;;3532281488309;Manix - Skyn;Manix;MANIX Gel lubrifiant Infinity T/50ml;0.2;12.24;0.1;36;1
;;3532281623205;Manix - Skyn;Manix;MANIX EFFECT Gel lubrifiant T/80ml;0.2;9;0.1;36;1
;;3532281678601;Manix - Skyn;Manix;MANIX KING SIZE MAX Préserv av rés lub B12;0.055;10.68;0.1;12;1
;;3532281684404;Manix - Skyn;Manix;MANIX CONTACT PLUS Préserv av rés lubrif B/6;0.055;5.01;0.1;12;1
;;3532281684602;Manix - Skyn;Manix;MANIX CONTACT PLUS Préserv av rés lubrif B/12;0.055;9.45;0.1;72;1
;;3532281684800;Manix - Skyn;Manix;MANIX CONTACT PLUS Préservatif lubrifiés B/24;0.055;15.39;0.1;6;1
;;3532281693208;Manix - Skyn;Manix;MANIX Gel lubrifiant Naturel T/80ml;0.2;9.52;0.1;36;1
4500544;;3532281610601;Manix - Skyn;Manix;MANIX XTRA PLEASURE Préser réserv lubrif B/12;0.055;11.13;0.1;12;1
5206203;;3532281653103;Manix - Skyn;Manix;MANIX Gel lubrifiant Infinity T/100ml;0.2;11.04;0.1;36;1
6003300;;3532281663201;Manix - Skyn;Non renseigné;MANIX Gel lubrifiant Pure T/80ml;0.2;7.89;0.1;36;1
;;3532281459507;Manix - Skyn;Skyn;SKYN SELECTION + Préservatif B/10;0.055;14.77;0.1;1;1
;;3532281606505;Manix - Skyn;Skyn;SKYN ELITE KING SIZE Préservatif B/10;0.055;15.63;0.1;72;1
;;3532281692508;Manix - Skyn;Skyn;MANIX SKYN ELITE Préserv extra lubrifié B/10;0.055;15.69;0.1;72;1
;;5011831090509;Manix - Skyn;Skyn;MANIX Gel lubrifiant Skyn All Night L Fl/80ml;0.2;11.22;0.1;6;1
5112732;3401051127321;3532281631507;Manix - Skyn;Skyn;MANIX SKYN ORIGIN Préserv B/10;0.055;14.28;0.1;72;1
5146889;;3532281631705;Manix - Skyn;Skyn;MANIX SKYN ORIGIN Préserv B/20;0.055;22.29;0.1;6;1
5160211;;5011831087615;Manix - Skyn;Skyn;MANIX SKYN ORIGIN Préserv B/2;0.055;2.06;0.1;48;1
6003305;;3532281664505;Manix - Skyn;Skyn;MANIX SKYN COCKTA Préserv B/9;0.055;13.7;0.1;6;1
6517460;3401565174606;3532281658504;Manix - Skyn;Skyn;MANIX SKYN INT FEEL Préserv B/10;0.055;14.35;0.1;72;1
8159154;;3532281460503;Manix - Skyn;Skyn;MANIX SKYN ELITE Préserv B/10;0.055;15.63;0.1;72;1
;;3760214050006;Manouka;Non renseigné;MANOUKA Bougie anti-moustique;0.2;7.9;0.28;12;1
;;3760214050457;Manouka;Non renseigné;MANOUKA Bracelet anti-moustique coeurs;0.2;9.92;0.28;6;1
;;3760214050464;Manouka;Non renseigné;MANOUKA Bracelet anti-moustique licorne;0.2;9.98;0.28;6;1
;;3760214050471;Manouka;Non renseigné;MANOUKA Bracelet anti-moustique princesse;0.2;9.98;0.28;6;1
;;3760214050495;Manouka;Non renseigné;MANOUKA Bracelet anti-moustique eclair;0.2;9.92;0.28;6;1
;;3760214050518;Manouka;Non renseigné;MANOUKA Bracelet anti-moustique espace;0.2;9.98;0.28;6;1
;;3760214050525;Manouka;Non renseigné;MANOUKA Bracelet anti-moustique dinosaure;0.2;9.98;0.28;6;1
;;3760214050624;Manouka;Non renseigné;MANOUKA Bracelet anti-moustique marine;0.2;9.98;0.28;6;1
;;3760214050631;Manouka;Non renseigné;MANOUKA Bracelet anti-moustique blanc;0.2;9.98;0.28;6;1
;;3760214050648;Manouka;Non renseigné;MANOUKA Bracelet anti-moustique noir;0.2;9.98;0.28;6;1
;;3760214059627;Manouka;Non renseigné;MANOUKA Spray parasite gale punaises Fl/200ml;0.2;12.5;0.28;6;1
4812775;3401548127759;3760214050259;Manouka;Non renseigné;MANOUKA Sol apais Roll'on/10ml;0.2;6.8;0.28;12;1
5386926;3401553869262;3760214050174;Manouka;Non renseigné;MANOUKA Recharge bracelet & boule;0.2;6.6;0.28;12;1
6380133;3401563801337;;Manouka;Non renseigné;MANOUKA Lot moust Enf T/75ml;0.2;9.4;0.28;6;1
;3401060122591;;Marque Verte;Absoderm;ABSODERM Pans abs st 8x10cm B/10;0.2;5.3;0.38;12;1
;3401060122607;;Marque Verte;Absoderm;ABSODERM Pans abs st 10x15cm B/10;0.2;9.75;0.38;6;1
;3401060122614;;Marque Verte;Absoderm;ABSODERM Pans abs st 10x25cm B/10;0.2;14.68;0.38;6;1
;3401060213343;;Marque Verte;Absoderm;ABSODERM Pans abs st 5x7cm B/10;0.2;2.73;0.38;1;1
;;3615370004922;Marque Verte;Absofibre;ABSOFIBRE Mèche hydrofibre 2,5x40cm étui/10;0.2;18.53;0.2;1;1
;;3615370004939;Marque Verte;Absofibre;ABSOFIBRE Pans hydrofibre 12,5x12,5cm étui/10;0.2;28.04;0.2;1;1
;;3615371700014;Marque Verte;Absofilm;ABSOFILM+PAD Film adh stér 5x7cm B/5;0.2;4.57;0.38;6;1
;;3615371700021;Marque Verte;Absofilm;ABSOFILM+PAD Film adh stér 8x10cm B/5;0.2;7.35;0.38;6;1
;;3615371700038;Marque Verte;Absofilm;ABSOFILM+PAD Film adh stér 10x15cm B/5;0.2;10.86;0.38;1;1
;3401060122645;;Marque Verte;Absofilm;ABSOFILM Film adh st 10x12cm B/10;0.2;13.1;0.38;1;1
;3401060122652;;Marque Verte;Absofilm;ABSOFILM Film adh st 15x20cm B/10;0.2;18.29;0.38;6;1
7209134;3401072091342;;Marque Verte;Absofix;ABSOFIX Bde adhés 10cmx10m;0.2;5.84;0.4;48;1
9821856;3401098218563;;Marque Verte;Absofix;ABSOFIX Bde adhés 5cmx10m;0.2;3.74;0.4;6;1
;;3615370001143;Marque Verte;Absofoam;ABSOFOAM BORD LIT Pans hydrocel 10x20cm B/10;0.2;26.84;0.2;6;1
;;3615370001150;Marque Verte;Absofoam;ABSOFOAM BORD LIT Pans hydrocel 6x12cm B/10;0.2;8.72;0.2;6;1
;;3615370001167;Marque Verte;Absofoam;ABSOFOAM BORD LIT Pans hydrocel 9x15cm B/10;0.2;16.1;0.2;6;1
;;3615370001174;Marque Verte;Absofoam;ABSOFOAM BORD LIT Pans hydrocel 5x5cm B/10;0.2;3.46;0.2;30;1
;;3615370001181;Marque Verte;Absofoam;ABSOFOAM BORDER Pans hydrocel 7,5x8,5cm B/16;0.2;13.01;0.2;24;1
;;3615370001198;Marque Verte;Absofoam;ABSOFOAM BORDER Pans hydrocel 14x15cm B/16;0.2;40.06;0.2;6;1
;;3615370004540;Marque Verte;Absofoam;ABSOFOAM BORDER Pans hydrocellulaire 10x10cm B/16;0.2;20.65;0.2;12;1
;;3615370004557;Marque Verte;Absofoam;ABSOFOAM BORDER Pans hydrocellulaire 17,5x23cm B/10;0.2;53.85;0.2;1;1
;;3615370004809;Marque Verte;Absofoam;ABSOFOAM BORDER OVAL Pans 15x18cm B/16;0.2;40.06;0.2;1;1
;;3615370004816;Marque Verte;Absofoam;ABSOFOAM BORDER OVAL Pans 18x22cm B/16;0.2;41.64;0.2;1;1
;;3615370005042;Marque Verte;Absofoam;ABSOFOAM B LITE OVALE Pans 15x18cm B/10;0.2;26.84;0.2;1;1
;;3615370005059;Marque Verte;Absofoam;ABSOFOAM B LITE OVALE Pans 8x10.3cm B/10;0.2;8.72;0.2;1;1
;;3615370005073;Marque Verte;Absofoam;ABSOFOAM B.OVAL Pans.hydrocel.Tail.S 8x10,3cm B/16;0.2;13.01;0.2;20;1
;;3615370006315;Marque Verte;Absofoam;ABSOFOAM BORDER OVAL Pans hydrocellulaire 11x14cm B/16;0.2;24.04;0.2;10;1
6288033;;3615370002539;Marque Verte;Absofoam;ABSOFOAM BORD LIT Pans hydrocel 7,5x8,5cm B/10;0.2;8.72;0.2;24;1
6288034;;3615370002652;Marque Verte;Absofoam;ABSOFOAM BORDER Pans hydrocel 10x30cm B/10;0.2;41.64;0.2;6;1
6288036;;3615370002553;Marque Verte;Absofoam;ABSOFOAM BORDER Pans hydrocel 12,5x12,cm B/16;0.2;31.25;0.2;12;1
6326936;;3615370003055;Marque Verte;Absofoam;ABSOFOAM BORDER SACRUM Pans 17x17,5cm B/10;0.2;38.22;0.2;6;1
;3401560299465;;Marque Verte;Absopads;ABSOPADS Cot déma rectang 8x10cm Sach/200;0.2;5.51;0.38;10;1
7209074;3401072090741;;Marque Verte;Absoplast;ABSOPLAST Bde adhés 3cmx2,5m;0.2;3.9;0.38;24;1
7209080;3401072090802;;Marque Verte;Absoplast;ABSOPLAST Bde adhés 6cmx2,5m;0.2;5.3;0.38;24;1
7998125;3401079981257;;Marque Verte;Absopore;ABSOPORE Sparad micropor 9cmx2,5m;0.2;1.24;0.35;12;1
4262435;3401042624358;;Marque Verte;Absopress;ABSOPRESS Bde cont blc 7cmx3m;0.2;8.16;0.38;10;1
4262441;3401042624419;;Marque Verte;Absopress;ABSOPRESS Bde cont chair 7cmx3m;0.2;8.16;0.38;10;1
4262458;3401042624587;;Marque Verte;Absopress;ABSOPRESS Bde cont blc 10cmx3,5m;0.2;10.39;0.38;8;1
4262464;3401042624648;;Marque Verte;Absopress;ABSOPRESS Bde cont chair 0,1x3,5m;0.2;10.39;0.38;10;1
;;3615370002201;Marque Verte;Absosoins;ABSOSOINS Set post-op grnde plai+ôte-agra B/3;0.2;10.98;0.35;6;1
;;3615370002218;Marque Verte;Absosoins;ABSOSOINS Set pans méchage plaies chroniq B/5;0.2;6.65;0.09;12;1
2121127;3401021211272;;Marque Verte;Absosoins;ABSOSOINS Set post-op moyennes plaies B/3;0.2;8.2;0.35;12;1
;;3615370004007;Marque Verte;Absotub;ABSOTUB Bandage tubulaire bleu 7,5cmx10m B/1;0.2;7.64;0.2;1;1
;;3615370004014;Marque Verte;Absotub;ABSOTUB Bandage tubulaire jaune 10,75cmx10m B/1;0.2;8.93;0.2;1;1
;;3615370004236;Marque Verte;Absotulle;ABSOTULLE Pans gras 10x10cm B/10;0.2;8.45;0.6;12;1
;;3615370001891;Marque Verte;Actikine;ACTIKINE Patch autochauffant grand format B/2;0.2;7.82;0.2;6;1
;;3615370001907;Marque Verte;Actikine;ACTIKINE Patch autochauffant grand format B/4;0.2;9.56;0.2;30;1
;;3615370001914;Marque Verte;Actikine;ACTIKINE Patch autochauffant petit format B/2;0.2;5.2;0.2;6;1
;;3615370001921;Marque Verte;Actikine;ACTIKINE Patch autochauffant petit format B/4;0.2;6.93;0.2;6;1
;;3615370005783;Marque Verte;Actikine;ACTIKINE Gel anti-douleur T/100ml;0.2;7.8;0.2;1;1
;;3615370005790;Marque Verte;Actikine;ACTIKINE Patch Arnica articulaire B/3;0.2;8.36;0.2;1;1
;;3615370005806;Marque Verte;Actikine;ACTIKINE Patch Arnica multi B/5;0.2;8.3;0.2;1;1
;;3615370004960;Marque Verte;Calmelia;CALMELIA Tis infusion sommeil bio 15Sach;0.055;5.28;0.2;1;1
;;3615370001815;Marque Verte;Dermasens;DERMASENS Gel aloé véra bio T/200ml;0.2;5.99;0.2;6;1
;;3615370003406;Marque Verte;Dermasens;DERMASENS Gel dche surg 3en1 violette 1l;0.2;6.16;0.2;6;1
;;3615370003444;Marque Verte;Dermasens;DERMASENS Gel dche surg 3en1 agrumes 1l;0.2;6.16;0.2;6;1
;;3615370003451;Marque Verte;Dermasens;DERMASENS Gel dche surg 3en1 ambre 1l;0.2;6.16;0.2;6;1
;;3615370003710;Marque Verte;Dermasens;DERMASENS Gel dche surg 3en1 cèdre 1l;0.2;6.16;0.2;6;1
;;3615370004168;Marque Verte;Dermasens;DERMASENS Gel dche surg 3en1 pêche vigne 1l;0.2;6.16;0.2;6;1
;;3615371700229;Marque Verte;Digitemp;DIGITEMP Therm mé bt flex rapide;0.2;3.15;0.3;20;1
;;3615370003628;Marque Verte;Digitensio;DIGITENSIO PRO Tensiomètre poignet IHB+IMT;0.2;50.37;0.3;1;1
;;3615370003895;Marque Verte;Marque Verte;ELLE&LUI Eau de toilette unity Fl/50ml;0.2;3.81;0.2;50;1
;3401060034382;;Marque Verte;Marque Verte;MARQUE VERTE Set pans std plaies chroniqu B/5;0.2;6.65;0.09;12;1
;3401060034399;;Marque Verte;Marque Verte;MARQUE VERTE Set pans plaies chroniqu B/5;0.2;6.65;0.09;12;1
;3401060081706;;Marque Verte;Marque Verte;MARQUE VERTE Aig ult fine 31G p sty 8mm B/100;0.055;14.74;0.55;6;1
;3401060081713;;Marque Verte;Marque Verte;MARQUE VERTE Aig ult fine 31G p sty 5mm B/100;0.055;14.74;0.55;6;1
;3401060081720;;Marque Verte;Marque Verte;MARQUE VERTE Aig ult fine 32G p sty 5mm B/100;0.055;15.55;0.55;6;1
;3401060081812;;Marque Verte;Marque Verte;MARQUE VERTE Aig ult fine 32G p sty 8mm B/100;0.055;15.55;0.55;6;1
;3401060081829;;Marque Verte;Marque Verte;MARQUE VERTE Aig ult fine 32G p sty 4mm B/100;0.055;15.55;0.55;6;1
;3401060189051;;Marque Verte;Marque Verte;MARQUE VERTE Perfus+microperf séc 22G B/1;0.2;2.45;0.2;100;1
4334548;3401543345486;;Marque Verte;Marque Verte;MARQUE VERTE Lime ong émeri 4 faces B/2;0.2;6.76;0.2;1;1
4374950;3401543749505;;Marque Verte;Marque Verte;MARQUE VERTE Cpe-ong améric mains B/1;0.2;4.23;0.2;1;1
4375085;3401543750853;;Marque Verte;Marque Verte;MARQUE VERTE Pince à échard;0.2;4.18;0.2;1;1
4375091;3401543750914;;Marque Verte;Marque Verte;MARQUE VERTE Pince à épiler mors car;0.2;4.18;0.2;1;1
4382010;3401043820100;;Marque Verte;Marque Verte;ABSO Cot hydr Paquet/100g;0.2;2.62;0.7;24;1
4503531;3401045035311;;Marque Verte;Marque Verte;MARQUE VERTE Bde extens 15cmx4m;0.2;1.31;0.58;20;1
5203311;3401052033119;;Marque Verte;Marque Verte;M VERTE Gant vinyle NP lge B/100;0.055;8.64;0.2;10;1
5203328;3401052033287;;Marque Verte;Marque Verte;M VERTE Gant vinyle NP méd B/100;0.055;8.64;0.2;10;1
5203334;3401052033348;;Marque Verte;Marque Verte;M VERTE Gant vinyle NP small B/100;0.055;8.64;0.2;10;1
6051381;3401060513818;;Marque Verte;Marque Verte;MARQUE VERTE Compr oc B/10;0.2;2.18;0.58;1;1
6137183;3401561371832;;Marque Verte;Marque Verte;ABSOSOINS Set post-op petites plaies B/3;0.2;6.66;0.35;12;1
7124751;3401571247516;;Marque Verte;Marque Verte;MARQUE VERTE Poir bout effilé 25ml;0.2;5.65;0.2;40;1
7697553;3401076975532;;Marque Verte;Marque Verte;MARQUE VERTE Bde extens 5cmx4m sous cello;0.2;0.43;0.58;20;1
7697576;3401076975761;;Marque Verte;Marque Verte;MARQUE VERTE Bde extens 7cmx4m sous cello;0.2;0.64;0.58;20;1
7697582;3401076975822;;Marque Verte;Marque Verte;MARQUE VERTE Bde extens 10cmx4m sous cello;0.2;0.77;0.58;200;1
8163173;3401081631737;;Marque Verte;Marque Verte;MARQUE VERTE Bde crêpe coton 20cmx5m ss cello;0.2;3.4;0.58;20;1
8163196;3401081631966;;Marque Verte;Marque Verte;MARQUE VERTE Bde crêpe coton 7cmx4m ss cello;0.2;1.12;0.58;20;1
8163210;3401081632109;;Marque Verte;Marque Verte;MARQUE VERTE Bde crêpe coton 5cmx4m ss cello;0.2;0.91;0.58;20;1
8163227;3401081632277;;Marque Verte;Marque Verte;MARQUE VERTE Bde crêpe coton 10cmx4m ss cello;0.2;1.42;0.58;20;1
8163233;3401081632338;;Marque Verte;Marque Verte;MARQUE VERTE Bde crêpe coton 15cmx4m ss cello;0.2;2.11;0.58;20;1
9922178;3401099221784;;Marque Verte;Marque Verte;MARQUE VERTE PRO Compr st 7,5x7,5 10Sach/2;0.2;0.62;0.08;40;1
9922184;3401099221845;;Marque Verte;Marque Verte;MARQUE VERTE PRO Compr st 7,5x7,5 25Sach/2;0.2;1.25;0.08;12;1
9922190;3401099221906;;Marque Verte;Marque Verte;MARQUE VERTE PRO Compr st 7,5x7,5 50Sach/2;0.2;2.13;0.08;12;1
9922209;3401099222095;;Marque Verte;Marque Verte;MARQUE VERTE PRO Compr st 10x10cm 10Sach/2;0.2;0.84;0.08;40;1
9922221;3401099222217;;Marque Verte;Marque Verte;MARQUE VERTE PRO Compr st 10x10cm 50Sach/2;0.2;2.86;0.08;12;1
9922238;3401099222385;;Marque Verte;Marque Verte;MARQUE VERTE PRO Compr st n tis 7,5x7,5 10S/2;0.2;0.61;0.13;40;1
9922244;3401099222446;;Marque Verte;Marque Verte;MARQUE VERTE PRO Compr st n tis 7,5x7,5 25S/2;0.2;1.22;0.13;12;1
9922250;3401099222507;;Marque Verte;Marque Verte;MARQUE VERTE PRO Compr st n tis 7,5x7,5 50S/2;0.2;2.06;0.13;12;1
9922267;3401099222675;;Marque Verte;Marque Verte;MARQUE VERTE PRO Compr st n tis 10x10cm 10S/2;0.2;0.82;0.13;40;1
9922296;3401099222965;;Marque Verte;Marque Verte;MARQUE VERTE PRO Compr st n tis 10x10cm 50S/2;0.2;2.78;0.13;12;1
;;3615370002492;Marque Verte;Non renseigné;SEMESA Slips absorbants MAXI (10G) T3 Sach/10;0.2;28.45;0.55;4;1
;;3615370002508;Marque Verte;Non renseigné;SEMESA Slips absorbants MAXI (10G) T2 Sach/10;0.2;26.7;0.55;4;1
4479198;3401044791980;;Marque Verte;Semesa;SEMESA SUPER Slip absorban méd B/14;0.2;28.79;0.55;8;1
4479270;3401044792703;;Marque Verte;Semesa;SEMESA SUPER Slip absorban lge B/14;0.2;31.5;0.55;8;1
7523385;3401575233850;;Marque Verte;Semesa;SEMESA MAXI Prot ana Sach/14;0.2;8.75;0.55;6;1
8151299;3401081512999;;Marque Verte;Semesa;SEMESA SUPER Slip absorban ex lrge B/14;0.2;33.03;0.55;8;1
;;3615370002911;Marque Verte;Soludiab;SOLUDIAB CONNECT Bdlette B/100;0.055;34;0.4;1;1
;;3615370005844;Marque Verte;Soludiab;SOLUDIAB EXTRAFINE PRO 5 Aiguille 32Gx4mm B/100;0.055;15.55;0.55;48;1
;;3615370005851;Marque Verte;Soludiab;SOLUDIAB EXTRAFINE PRO 5 Aiguille 32Gx5mm B/100;0.055;15.55;0.55;1;1
;;3701427900269;Mayoly CHC;Les authentiques sucrettes;LES AUTHENTIQUES SUCRETTES Cpr sav 1suc B/300;0.055;6.8;0.2;25;1
;;3701427900016;Mayoly CHC;Megamag One;MEGAMAGONE LIB Cpr B/45;0.055;12.06;0.2;48;1
;;3701427900252;Mayoly CHC;Megamag One;LES AUTHENTIQUES SUCRETTES Cpr sav 2suc B/300;0.055;6.8;0.2;200;1
;;3701427900054;Mayoly CHC;Probiolog;PROBIOLOG FORT Gél B/30;0.055;21.11;0.2;60;1
;;3701427900085;Mayoly CHC;Probiolog;PROBIOLOG TRANSIT Pdr or 28Sticks;0.055;20.59;0.2;32;1
;;3701427900146;Mayoly CHC;Probiolog;PROBIOLOG ENFANT-NOURRISSON Pdr or 10St/1,5g;0.055;11.11;0.2;24;1
;;3701427900504;Mayoly CHC;Probiolog;PROBIOLOG FORT Gél B/90;0.055;47.84;0.2;45;1
;;3701427900542;Mayoly CHC;Probiolog;PROBIOLOG VENTRE PLAT Gél B/30;0.055;17.74;0.2;1;1
;;3701427900573;Mayoly CHC;Probiolog;PROBIOLOG ENERGIE BOOST S buv 7Shots/10ml;0.055;13.49;0.2;1;1
;;3701427900689;Mayoly CHC;Probiolog;PROBIOLOG FLORVIS SII Pdr orodispersible 28Sticks;0.055;29.59;0.2;48;1
;;3701427900696;Mayoly CHC;Probiolog;PROBIOLOG ATB DUOACTIF Gél B/10;0.055;12.14;0.2;1;1
;;3701427900726;Mayoly CHC;Probiolog;PROBIOLOG DIGESTION FACILE Gél B/14x2;0.055;15.17;0.2;1;1
;;3701427900740;Mayoly CHC;Probiolog;PROBIOLOG FLORVIS SII Pdr orodispersible 2x28Sticks;0.055;47.77;0.2;12;1
3229708;3400932297085;;Mayoly Pharma France;Bedelix;BEDELIX 3 g Pdr susp buv sach 30Sach;0.1;6.19;0.08;60;1
3229714;3400932297146;;Mayoly Pharma France;Bedelix;BEDELIX 3 g Pdr susp buv sach 60Sach;0.1;9.05;0.08;36;1
3389978;3400933899783;;Mayoly Pharma France;Forlax;FORLAX 10 g Pdr sol buv en sachet 20Sach;0.021;5.63;0.15;30;1
3605212;3400936052123;;Mayoly Pharma France;Forlax;FORLAX 4 g Pdr sol buv en sachet 20Sach;0.021;5.57;0.15;54;1
;;3665585000530;Mayoly Pharma France;Forlib;FORLIB S buv 12Sach/18,7ml;0.2;6.54;0.15;20;1
3284570;3400932845705;;Mayoly Pharma France;Non renseigné;GINKOGINK S buv Fl/30ml;0.1;5.06;0.12;0;1
;3400930244418;;Mayoly Pharma France;Paxeladine;PAXELADINE 0,2 % Sirop Fl/ 100ml;0.1;5.54;0.15;50;1
;3400930181959;;Mayoly Pharma France;Prontadol;PRONTADOL 500 mg/50 mg Cpr adultes Plq/16;0.1;4.47;0.15;100;1
3617149;3400936171497;;Mayoly Pharma France;Prontalgine;PRONTALGINE Cpr Plq/18;0.1;7.12;0.15;96;1
3000792;3400930007921;;Mayoly Pharma France;Smecta;SMECTA 3 g Pdr susp buv en sachet fraise 18Sach;0.1;6.01;0.15;84;1
;3400930291474;;Mayoly Pharma France;Smectalia;SMECTALIA 3 g Susp buv sach menthe citron 12Sach;0.1;6.14;0.15;60;1
3000787;3400930007877;;Mayoly Pharma France;Smectalia;SMECTALIA 3 g Susp buv en sachet 12Sach/10g;0.1;6.14;0.15;60;6
4931379;3400949313792;;Mayoly Pharma France;Smectalia;SMECTALIA 3 g Pdr susp buv en sachet 18Sach;0.1;5.04;0.15;84;6
3299040;3400932990405;;Mayoly Pharma France;Tanakan;TANAKAN 40 mg Cpr enr Plq PVC/alu/30;0.1;6.08;0.15;180;6
3299063;3400932990634;;Mayoly Pharma France;Tanakan;TANAKAN 40 mg Cpr enr Plq PVC/alu/90;0.1;17.09;0.15;60;6
3302799;3400933027995;;Mayoly Pharma France;Tanakan;TANAKAN 40 mg/ml S buv Fl/90ml;0.1;16.83;0.15;50;6
;;3760001040739;Mayoly Spindler;Aroma Poche;AROMA POCHE Pack réutilis chaud froid 11x28cm;0.2;12.27;0.2;24;1
;;3760001040746;Mayoly Spindler;Aroma Poche;AROMA POCHE Pack réutilis chaud froid 21x30cm;0.2;18.7;0.2;12;1
3841438;3400938414387;;Mayoly Spindler;Baume Aroma;BAUME AROMA Cr T/100g;0.1;8.94;0.2;56;1
3022798;3400930227985;;Mayoly Spindler;Chophytol;CHOPHYTOL 20 % S buv Fl/120ml;0.1;5.63;0.2;60;1
3990397;3400939903972;;Mayoly Spindler;Chophytol;CHOPHYTOL Cpr enr Plq/2x30 (60);0.1;5.73;0.2;170;1
3990405;3400939904054;;Mayoly Spindler;Chophytol;CHOPHYTOL Cpr enr Plq/6x30;0.1;9.6;0.2;70;1
;;3760001043075;Mayoly Spindler;Dolocolmyl;DOLOCOLMYL Gél B/30;0.2;12.29;0.2;1;1
;3400930036853;;Mayoly Spindler;Dolospasmyl;DOLOSPASMYL 60 mg/300 mg Caps molle Plq PVC/alu/30;0.1;7.76;0.2;1;1
;3400930291443;;Mayoly Spindler;Dolospasmyl;DOLOSPASMYL 60 mg/300 mg Caps molle Plq PVC-alu/10;0.1;3.64;0.2;1;1
;;3760001043174;Mayoly Spindler;Euphoneo;EUPHONEO PASTILLES MENTHE EUCALYPTUS Bte/50;0.055;6.76;0.2;1;1
;;3760001043211;Mayoly Spindler;Euphoneo;EUPHONEO PASTILLES MIEL CITRON Bte/50;0.055;6.76;0.2;1;1
;;3665585004545;Mayoly Spindler;Non renseigné;METEOGAZ PLUS Pdr orodispersible 12Sticks/2g;0.2;8.13;0.2;1;1
;;3760001040951;Mayoly Spindler;Non renseigné;BABYSPASMYL S buv fl cgte Fl/30ml;0.2;9.14;0.2;72;1
;;3760001041033;Mayoly Spindler;Non renseigné;METEOGAZ Pdr orod 10St;0.2;5.73;0.2;144;1
3006517;3400930065174;;Mayoly Spindler;Non renseigné;BAUME AROMA Cr T/50g;0.1;5.88;0.2;72;1
;;3760001043020;Mayoly Spindler;Perubore;PERUBORE Spray nasal nez très bouché Fl/30ml;0.2;8.59;0.2;1;1
4931706;3400949317066;;Mayoly Spindler;Perubore;PERUBORE Caps inh p vapeur inhalation Plq/15;0.1;6.22;0.2;180;1
7726817;3401577268171;7791940020021;Medi-Vision;Assy 2000;ASSY 2000 Peigne antipoux et lentes;0.2;13;0.3;288;1
2949694;3401029496947;5023323000446;Mediflux;Able;A2A ABLE SPACER Chbr inh adulte +6ans replia;0.2;9.53;0.48;50;1
8278284;3401582782846;;Mediflux;Able;AB2A ABLE SPACER 2 Chbr inh adulte +6ans;0.2;9.53;0.48;40;1
8278290;3401582782907;;Mediflux;Able;AB2AM ABLE SPACER 2 Chbr inh av masq ad +6ans;0.2;9.53;0.28;48;1
8278456;3401582784567;;Mediflux;Able;AB2E ABLE SPACER 2 Chbr inh masq péd 1-6ans;0.2;9.53;0.28;48;1
8278479;3401582784796;;Mediflux;Able;AB2N ABLE SPACER 2 Chbr inh masq NN 0-1 an;0.2;9.53;0.28;48;1
;3701140400275;3701140400275;Mediflux;Non renseigné;Oxymètre de pouls 1P60B MEDIFLUX;0.2;26.5;0.58;136;1
4366614;3401043666142;;Mediflux;Non renseigné;ECONONEB Nebuliseur Pneumatique;0.2;179;0.1;0;1
4366620;3401043666203;;Mediflux;Non renseigné;Kit néb masq Enf;0.2;5.5;0.43;25;1
4366637;3401043666371;;Mediflux;Non renseigné;Kit néb masq Ad;0.2;5.5;0.43;25;1
4366643;3401043666432;;Mediflux;Non renseigné;Kit néb emb bucc;0.2;5.5;0.43;25;1
;;0083059120301;Medisur;Non renseigné;AUTOTEST Coussinet palpation mammaire MEDISUR Bte/1 coussinet réutilisable;0.2;10.3;0.11;1;1
;;0608337001532;Medisur;Non renseigné;AUTOTEST Test gingival VIH MEDISUR B/1;0.055;15.35;0.05;25;1
;;3760269490017;Medisur;Non renseigné;AUTOTEST Infection Urinaire MEDISUR B/3;0.2;4.02;0.31;80;1
;;3760269490369;Medisur;Non renseigné;AUTOTEST Tabac /Nicotine MEDISUR B/1;0.2;3.81;0.31;1;1
;;3760269490697;Medisur;Non renseigné;AUTOTEST Cannabis Urinaire MEDISUR B/2;0.2;3.81;0.31;1;1
;;3760269491137;Medisur;Non renseigné;AUTOTEST Colorectal MEDISUR B/1;0.2;4.02;0.31;1;1
;;3760269491199;Medisur;Non renseigné;AUTOTEST Ménopause MEDISUR B/2;0.2;4.02;0.31;1;1
;;3760269491342;Medisur;Non renseigné;TROD Angine B/25 MEDISUR;0.2;23.69;0.31;36;1
;;3760269491359;Medisur;Non renseigné;AUTOTEST Maux estomac MEDISUR;0.2;4.02;0.31;1;1
;;3760269491410;Medisur;Non renseigné;AUTOTEST ONETEST+ (Cannabis Salivaire) MEDISUR B/1;0.2;5.97;0.31;1;1
;;3760269491458;Medisur;Non renseigné;AUTOTEST Multidrogues et alcool THC50 (COC20 AMP50 OPI40) MEDISUR B/1;0.2;9.3;0.25;1;1
;;3760269491472;Medisur;Non renseigné;AUTOTEST Multidrogues et alcool THC15 (COC10 AMP50 OPI10) MEDISUR B/1;0.2;9.3;0.25;1;1
;;3760269491755;Medisur;Non renseigné;TEST URINAIRE MULTIDROGUES MEDISUR;0.2;8.8;0.25;25;1
;;3760269491779;Medisur;Non renseigné;AUTOTEST MULTIDROGUES 6 CLASSES THC15 (COC10 AMP50 OPI10 MET50 K225) MEDISU;0.2;8.8;0.3;1;1
;;3760269491861;Medisur;Non renseigné;AUTOTEST Ethylotests MEDISUR B/1;0.2;1.29;0.11;1;1
;;8720865988801;Medisur;Non renseigné;AUTOTEST Cholestérol MEDISUR B/1;0.2;9.27;0.25;1;1
;3401060137670;5700002018106;Medisur;Non renseigné;AUTOTEST FERTILITE MASCULINE (SWIMCOUNT) MEDISUR B/1;0.2;29.87;0.25;1;1
;3760269491854;7434950059000;Medisur;Non renseigné;AUTOTEST VITAMINE D MEDISUR B/1;0.2;9.27;0.25;1;1
;;7323190273690;Molnlycke;Exufiber;EXUFIBER Pans absorbant stérile 5x10cm B/16;0.2;11.27;0.08;4;1
;;7323190273706;Molnlycke;Exufiber;EXUFIBER Pans absorbant stérile 12x13cm B/16;0.2;34.45;0.08;4;1
;;7323190273713;Molnlycke;Exufiber;EXUFIBER Pans absorbant stérile 10x20cm B/16;0.2;45.52;0.08;4;1
;;7323190273720;Molnlycke;Exufiber;EXUFIBER Pans absorbant stérile 20x20cm B/16;0.2;68.58;0.08;4;1
;;7323190273737;Molnlycke;Exufiber;EXUFIBER Pans absorbant stérile 2,5x40cm B/16;0.2;22.7;0.08;4;1
;;7323190273744;Molnlycke;Exufiber;EXUFIBER Pans absorbant stérile 5x40cm B/16;0.2;45.52;0.08;4;1
;;7333350062835;Molnlycke;Exufiber;EXUFIBER Plaque stérile 20x30cm Etui/10;0.2;102.76;0.08;4;1
;;7333350350543;Molnlycke;Exufiber;EXUFIBER Plaque stérile 10x10cm étui/16;0.2;22.7;0.08;4;1
7446236;3401074462362;7333350935825;Molnlycke;Mepiform;MEPIFORM Pans siliconé cicatrice 4cmx30cm B/5;0.2;33.92;0.08;10;1
7446242;3401074462423;7333350488376;Molnlycke;Mepiform;MEPIFORM Pans siliconé cicatr 5cmx7,5cm B/5;0.2;18.81;0.08;5;1
7446259;3401074462591;7333350274443;Molnlycke;Mepiform;MEPIFORM Pans siliconé cicatr 10cmx18cm B/5;0.2;43.23;0.08;7;1
;;7323190244676;Molnlycke;Mepilex  Border Sacrum Protect;MEPILEX BORD SACR PROT Pans hydroc 16x20 B/10;0.2;35.59;0.08;3;1
6110880;;7323190218189;Molnlycke;Mepilex  Border Sacrum Protect;MEPILEX BORD SACR PROT Pans hydroc 22x25 B/10;0.2;58.83;0.08;3;1
4110903;;7332430931993;Molnlycke;Mepilex AG;MEPILEX AG Pans hydroc silic st 12,5x12,5 B/5;0.2;15;0.08;10;1
9968097;3401099680970;7332551971373;Molnlycke;Mepilex Border AG;MEPILEX BORDER AG Pans hydroce 7,5x8,5cm B/16;0.2;19;0.08;6;1
;;7323190220465;Molnlycke;Mepilex Border Flex;MEPIL BOR FL O Pans hyd sili 13,5x16,5cm B/16;0.2;31.25;0.08;4;1
;;7333350070717;Molnlycke;Mepilex Border Flex;MEPIL BORD FL O Pans hydroc sili 7.8x10cm B16;0.2;13.01;0.08;4;1
;;7333350138967;Molnlycke;Mepilex Border Flex;MEPILEX BORDE FL Pan hydr sil XXL 10x30cm /10;0.2;41.64;0.08;3;1
;;7333350403805;Molnlycke;Mepilex Border Flex;MEPILEX BORDE FL hyd sili XL 10x25cm étui/10;0.2;31.23;0.08;3;1
;;7333350546625;Molnlycke;Mepilex Border Flex;MEPIL BORD FL O Pans hydroc sili 15x19cm B/16;0.2;40.06;0.08;2;1
;;7333350643645;Molnlycke;Mepilex Border Flex;MEPIL BORD FL O Pans hydroc XL 18x22cm B/10;0.2;41.64;0.08;1;1
;;7333350992781;Molnlycke;Mepilex Border Flex;MEPIL BORD FL O Pans hydroc sili 10.8x14cm 16;0.2;24.04;0.08;2;2
;;7323190196555;Molnlycke;Mepilex Border Flex Carré;MEPIL BOR FLX CAR Pan hydro sili 14x15cm B/16;0.2;40.06;0.08;4;1
;;7323190196579;Molnlycke;Mepilex Border Flex Carré;MEPIL BOR FLX CAR Pan hydro sili 17,5x17, B10;0.2;41.64;0.08;3;1
;;7323190196586;Molnlycke;Mepilex Border Flex Carré;MEPIL BOR FLX CAR Pan hydro sili 17,5x23c B10;0.2;53.85;0.08;3;1
;;7323190250561;Molnlycke;Mepilex Border Flex Carré;MEPIL BOR FLX CAR Pan hydroc sili 10x10cm B16;0.2;20.65;0.08;4;1
6129481;;7323190196562;Molnlycke;Mepilex Border Flex Carré;MEPIL BOR FLX CAR Pan hydroc sili 7,5x8,5c 16;0.2;13.01;0.08;4;1
;;7323190234646;Molnlycke;Mepilex Border Flex EM;MEPILEX BORDE FL EM Pan hydro sili 5x5cm 10;0.2;3.46;0.08;7;1
;;7323190234653;Molnlycke;Mepilex Border Flex EM;MEPILEX BORDE FL EM Pan hydro sili 6x12cm 10;0.2;8.72;0.08;4;1
;;7323190234660;Molnlycke;Mepilex Border Flex EM;MEPILEX BORDE FL EM Pan hydro sili 9x15cm 10;0.2;16.1;0.08;4;1
;;7323190234677;Molnlycke;Mepilex Border Flex EM;MEPILEX BORDE FL EM Pan hydro sili 10x20cm 10;0.2;26.84;0.08;4;1
;;7333350020477;Molnlycke;Mepilex EM;MEPILEX EM Pans hydrocellulaire découpable stérile 7,5x8,5cm étui/10;0.2;9.52;0.08;14;1
;;7333350062569;Molnlycke;Mepilex EM;MEPILEX EM Pans hydrocellulaire découpable stérile 17,5x17,5cm étui/10;0.2;42.68;0.08;5;1
6024656;;7323190180752;Molnlycke;Mepilex EM;MEPILEX EM Pans hydrocel 14x15cm B/10;0.2;29.34;0.08;7;1
;;7323190218196;Molnlycke;Mepilex Talon;MEPILEX BORER TAL PROT Pans hydroc 20x23 B/10;0.2;61.61;0.08;3;1
;;7333350289539;Molnlycke;Mepilex Talon;MEPILEX TALON Pans hydrocellulaire adhésif stérile 13x21cm étui/10;0.2;36.63;0.08;4;1
9642906;3401096429060;7332551617998;Molnlycke;Mepilex Talon;MEPILEX TALON Pans hydrocel 15x22cm B/10;0.2;44.48;0.08;2;1
;;7333350603281;Molnlycke;Mepilex Transfer;MEPILEX TRANSFER Pans hydromousse 7,5x8,5cm étui/10;0.2;9.52;0.08;14;1
4598690;3401045986903;7332430872128;Molnlycke;Mepilex Transfer;MEPILEX TRANSFER Pans hydromou 17,5x17,5 B/10;0.2;42.68;0.08;5;1
6024251;;7323190180776;Molnlycke;Mepilex Transfer;MEPILEX TRANSFER Pans hydromou 14x15cm B/10;0.2;29.34;0.08;7;1
;;7333350465346;Molnlycke;Mepilex UP;MEPILEX UP Pans hydrocellulaire adhésif stérile siliconé 10x21cm B/10;0.2;31.28;0.08;3;1
;;7333350497019;Molnlycke;Mepilex UP;MEPILEX UP Pans hydrocellulaire adhésif stérile siliconé 14x15cm B/10;0.2;31.28;0.08;3;1
;;7333350675981;Molnlycke;Mepilex UP;MEPILEX UP Pans hydrocellulaire adhésif stérile siliconé 17,5x17,5cm B/10;0.2;45.5;0.08;3;1
;;7333350797881;Molnlycke;Mepilex UP;MEPILEX UP Pans hydrocellulaire adhésif stérile siliconé 21x22cm B/10;0.2;65.64;0.08;6;1
;;7333350117085;Molnlycke;Mepitel;MEPITEL Pans interface protecteur 5x7,5cm étui/10;0.2;7.11;0.08;5;1
;;7333350253677;Molnlycke;Mepitel;MEPITEL Film semi-perméable 10,5x12cm Etui/10;0.2;7.88;0.08;7;1
;;7333350359386;Molnlycke;Mepitel;MEPITEL Pans interface protecteur 7,5x10cm B/10;0.2;13.6;0.08;4;1
5404127;;7332551974404;Molnlycke;Mepitel;MEPITEL Film semi-perméable 15,5x20cm B/10;0.2;11.39;0.08;7;1
;;7332551023768;Molnlycke;Mepitel One;MEPITEL ONE Pans interf protect 10x18cm B/10;0.2;32.78;0.08;7;1
;;7332551225650;Molnlycke;Mepitel One;MEPITEL ONE Pans interf protect 24x27,5cm B/5;0.2;63.35;0.08;6;1
;;7333350951894;Molnlycke;Mepitel One;MEPITEL ONE Pans interface protecteur 5x7,5cm B/10;0.2;7.11;0.08;7;1
;;7333350974435;Molnlycke;Mepitel One;MEPITEL ONE Pans interface protecteur 7,5x10cm B/ 10;0.2;13.6;0.08;4;1
;;7333350854560;Molnlycke;Mepore;MEPORE Pansement adhésif stérile 6x7cm B/10;0.2;3.05;0.08;1;1
;;7323190224654;Molnlycke;Mextra Superabs;MEXTRA SUPERABS Pans sup abs 12,5x22, B/10;0.2;32.28;0.08;1;1
;;7333350260477;Molnlycke;Tubifast 2-Way Stretch;TUBIFAST 2-WAY STRETCH Bandage tubulaire bleu 7,5cmx10m B/1;0.2;6.32;0.08;30;1
;;7333350379575;Molnlycke;Tubifast 2-Way Stretch;TUBIFAST 2-WAY STRETCH Bandage tubulaire jaune 10,75cmx10m B/1;0.2;7.37;0.08;12;1
;;4054596686939;NEXCARE (GSA);Nexcare;NEXCARE ACTIVE TAPE Rouleau 2,5cmx4,5m;0.2;9.78;0.5;10;1
;;4054596753037;NEXCARE (GSA);Nexcare;NEXCARE 3M BLISTER PLASTER FOOT CARE 6;0.2;9.71;0.5;14;1
;;4054596879188;NEXCARE (GSA);Nexcare;NEXCARE S HAP KIDS Pans cool 2 tailles 19x72mm ; 25x72mm B/20;0.2;4.1;0.5;12;1
;;4054596879195;NEXCARE (GSA);Nexcare;NEXCARE S HAP KIDS Pans magic 2 tailles 19x72mm ; 25x72mm B/20;0.2;4.1;0.5;12;1
;;4054596881419;NEXCARE (GSA);Nexcare;NEXCARE Gel mains désinfectant Fl/25ml;0.2;2.09;0.5;40;1
;;4054596881433;NEXCARE (GSA);Nexcare;NEXCARE Gel mains désinfectant Fl pompe/500ml;0.2;10.71;0.5;6;1
;;4054596887046;NEXCARE (GSA);Nexcare;NEXCARE FIRST AID MIX Pans 7 tailles B/20;0.2;7.54;0.5;12;1
;;4054596926769;NEXCARE (GSA);Nexcare;NEXCARE SOFT TOUCH Bde à découper blanc 8cmx1m;0.2;4.21;0.5;12;1
;;5902658105562;NEXCARE (GSA);Nexcare;NEXCARE SENS S HAP KIDS Pans micro anim 2t 19x72mm ; 25x72mm B/20;0.2;3.95;0.5;12;1
4527922;;4046719062386;NEXCARE (GSA);Nexcare;NEXCARE COLDHOT COLD Bbe froid Spray/150ml;0.2;4.15;0.5;12;1
5134136;;4046719611454;NEXCARE (GSA);Nexcare;NEXCARE SKIN CRAC Film crev main/pied Fl/7ml;0.2;13.29;0.5;12;1
5369974;;4054596750432;NEXCARE (GSA);Nexcare;NEXCARE ACT360°M+ Pans coude/genou 5x10,1cm B/5;0.2;4.86;0.5;12;1
6060434;3401560604344;5902658066092;NEXCARE (GSA);Nexcare;NEXCARE COLDHOT Coussin thermiq 11x12cm;0.2;7.3;0.5;12;1
6060664;3401560606645;4054596799530;NEXCARE (GSA);Nexcare;NEXCARE COLDHOT Coussin thermiq 11x26cm;0.2;13.09;0.5;6;1
6061149;3401560611496;5902658066160;NEXCARE (GSA);Nexcare;NEXCARE COLDHOT Coussin thermiq 19,5x30cm;0.2;19.98;0.5;6;1
6061155;3401560611557;5902658066191;NEXCARE (GSA);Nexcare;NEXCARE COLD PR F Couss 11x23,5cm;0.2;21.34;0.5;6;1
6285937;;4054596758742;NEXCARE (GSA);Nexcare;NEXCARE ACTIVE 360° Pans 22x57mm ; 28x76mm ; 23x28mm B/30;0.2;5.75;0.5;12;1
6346900;;4054596757349;NEXCARE (GSA);Nexcare;NEXCARE COMFORT 360° Pans 22x57mm ; 28x76mm ; 23x28mm B/30;0.2;5.68;0.5;12;1
6428638;;4054596758704;NEXCARE (GSA);Nexcare;NEXCARE AQUA 360° Pans 3 tailles 31x63mm ; 26x57mm ; 22x27mm B/14;0.2;5.94;0.5;14;1
6428727;;4054596746664;NEXCARE (GSA);Nexcare;NEXCARE AQUA 360° MAXI Pans 60x80mm B/5;0.2;6.27;0.5;12;1
9921285;3401599212855;4046719472611;NEXCARE (GSA);Nexcare;NEXCARE BLOOD-STOP Pans m-a c hé rond 1 T D22mm B/14;0.2;4.15;0.5;14;1
9985925;;4046719516896;NEXCARE (GSA);Nexcare;NEXCARE HEAT PATC Patch 6h de chauffe B/5;0.2;21.37;0.5;0;1
6089580;;4054596535503;NEXCARE (GSA);Non renseigné;NEXCARE COLDHOT COMFORT Couss therm +indic;0.2;16.16;0.5;6;1
3383496;3400933834968;;NHS Menarini;Biocidan;BIOCIDAN 0,1 mg/0,4 ml Collyre récip unidose 10unid/0,4ml;0.1;6.89;0.35;70;1
7066574;3401570665748;;NHS Menarini;Glucofix;GLUCOFIX TECH SENSOR bdlette B/50;0.055;13.5;0.43;36;1
;;3664951000365;NHS Menarini;Isoxan;ISOXAN MA VITALITE 18+ Cpr B/30;0.055;17.25;0.35;1;1
;;3664951000389;NHS Menarini;Isoxan;ISOXAN MA VITALITE 4+ GUMMIES Gomme B/30;0.055;13.85;0.35;1;1
;3401560124101;3401560124101;NHS Menarini;Isoxan;ISOXAN ACTIFLASH Pdr 24Sticks;0.055;16.22;0.35;40;1
4071190;3401540711901;;NHS Menarini;Isoxan;ISOXAN ENDURANCE Cpr B/20;0.055;16.83;0.35;45;1
7924486;3401579244869;;NHS Menarini;Isoxan;ISOXAN PRO Pdr sbuv sportif 10Sach/30g;0.055;16.83;0.35;28;1
9530892;3401595308927;;NHS Menarini;Isoxan;ISOXAN ACTIFLASH Cpr eff B/28;0.055;16.22;0.35;60;1
3535629;3400935356291;;NHS Menarini;Mercryl;MERCRYL S appl cut moussante blanc Fl/300ml;0.021;8.7;0.35;15;1
3626183;3400936261839;;NHS Menarini;Mildac;MILDAC 300 mg Cpr enr Plq/45;0.1;21.28;0.35;1;1
3841668;3400938416688;;NHS Menarini;Mildac;MILDAC 600 mg Cpr enr Plq/20;0.1;23.07;0.35;1;1
;;3664951000068;NHS Menarini;Non renseigné;PROSTAMOL Caps molle confort urinaire B/90;0.2;44.07;0.25;36;1
;;5016189104212;NHS Menarini;Non renseigné;UNISTICK 3 COMFORT Lancette 28G B/100;0.055;8.18;0;1;1
;3400930048559;;NHS Menarini;Non renseigné;SKUDEXUM 75 mg/25 mg Cpr pell Plq PVC/PVDC/Alu/10;0.1;5.93;0.14;1;1
3545674;3400935456748;;NHS Menarini;Non renseigné;MERCRYLSPRAY S appl cut Fl/50ml;0.021;5.96;0.35;60;1
6031518;3401560315189;;NHS Menarini;Non renseigné;PROSTAMOL Caps mol conf uri B/30;0.055;22.05;0.25;95;1
2505751;3664951000273;;NHS Menarini France;Non renseigné;ISOXAN MA VITA D Cpr eff Tube/20 Présentoir/12;0.055;103.82;0.35;60;1
2759485;3400927594854;;NHS Menarini France;Non renseigné;SPEDRA 50 mg Cpr Plq/4;0.1;20.37;0.1;0;1
2759545;3400927595455;;NHS Menarini France;Non renseigné;SPEDRA 100 mg Cpr Plq/8;0.1;59.16;0.1;0;1
2759551;3400927595516;;NHS Menarini France;Non renseigné;SPEDRA 100 mg Cpr Plq/12;0.1;86.77;0.1;0;1
2759568;3400927595684;;NHS Menarini France;Non renseigné;SPEDRA 200 mg Cpr Plq/4;0.1;40.76;0.1;0;1
2759574;3400927595745;;NHS Menarini France;Non renseigné;SPEDRA 200 mg Cpr Plq/8;0.1;73.36;0.1;0;1
2759580;3400927595806;;NHS Menarini France;Non renseigné;SPEDRA 200 mg Cpr Plq/12;0.1;107.59;0.1;0;1
3335497;3400933354978;;NHS Menarini France;Non renseigné;KETUM 2,5 % Gel appl locale T/60g;0.1;3.67;0.14;126;1
3444476;3400934444760;;NHS Menarini France;Non renseigné;KETUM 2,5 % Gel appl locale T dos/120g;0.1;6.63;0.14;30;1
3720700;3400937207003;;NHS Menarini France;Non renseigné;ALTEIS 20 mg Cpr pell Plq/30;0.1;17.72;0.14;0;1
3720746;3400937207461;;NHS Menarini France;Non renseigné;ALTEIS 40 mg Cpr pell Plq/30;0.1;18.01;0.14;0;1
3722194;3400937221948;;NHS Menarini France;Non renseigné;ALTEISDUO 20 mg/12,5 mg Cpr pell Plq/30;0.1;17.72;0.14;0;1
3722219;3400937222198;;NHS Menarini France;Non renseigné;ALTEISDUO 20 mg/25 mg Cpr pell Plq/30;0.1;17.72;0.14;0;1
;;7613035412118;Nestlé Health Science;Clinutren;CLINUTREN DESSERT G Nutrim vanille 4Cups/200g;0.055;9.75;0.41;6;1
;;7613035814301;Nestlé Health Science;Clinutren;CLINUTREN HP/HC+ 2Kcal Nutrim caramel 4/200ml;0.055;10.7;0.4;6;1
;;7613035814325;Nestlé Health Science;Clinutren;CLINUTREN HP/HC+ 2Kcal Nutrim café 4/200ml;0.055;10.7;0.4;6;1
;;7613035814349;Nestlé Health Science;Clinutren;CLINUTREN HP/HC+ 2Kcal Nutrim fraise 4/200ml;0.055;10.7;0.4;6;1
;;7613035814363;Nestlé Health Science;Clinutren;CLINUTREN HP/HC+ 2Kcal Nutrim vanille 4/200ml;0.055;10.7;0.4;6;1
;;7613036172608;Nestlé Health Science;Clinutren;CLINUTREN HP/HC+ 2Kcal Nutrim chocolat 4/200m;0.055;10.7;0.4;6;1
;;7613036172622;Nestlé Health Science;Clinutren;CLINUTREN HP/HC+ 2Kcal Nutrim pêche 4/200ml;0.055;10.7;0.4;6;1
;;7613037035889;Nestlé Health Science;Clinutren;CLINUTREN DESSERT HP/HC+ Nutrim caram 4/200g;0.055;11.6;0.4;6;1
;;7613037035902;Nestlé Health Science;Clinutren;CLINUTREN DESSERT HP/HC+ Nutrim choco 4/200g;0.055;11.6;0.4;6;1
;;7613037035926;Nestlé Health Science;Clinutren;CLINUTREN DESSERT HP/HC+ Nutrim café 4/200g;0.055;11.6;0.4;6;1
;;7613037036145;Nestlé Health Science;Clinutren;CLINUTREN DESSERT HP/HC+ Nutrim pêche 4/200g;0.055;11.6;0.4;6;1
;;7613037036169;Nestlé Health Science;Clinutren;CLINUTREN DESSERT HP/HC+ Nutrim fraise 4/200g;0.055;11.6;0.4;6;1
;;7613037036183;Nestlé Health Science;Clinutren;CLINUTREN DESSERT HP/HC+ Nutrim vanill 4/200g;0.055;11.6;0.4;6;1
;;7613039545102;Nestlé Health Science;Clinutren;CLINUTREN FACON THE Nutrim citron 4/200ml;0.055;9.8;0.4;6;1
;;7613287188397;Nestlé Health Science;Clinutren;CLINUTREN THICKENUP CL Pdr épaississ B/250g;0.055;11.37;0.16;6;1
;;7613287351821;Nestlé Health Science;Clinutren;CLINUTREN BOISSON ss suc Nutrim cappu 4/200ml;0.055;11.24;0.4;6;1
;;7613287351852;Nestlé Health Science;Clinutren;CLINUTREN BOISSON ss suc Nutrim frais 4/200ml;0.055;11.24;0.4;6;1
;;7613287351883;Nestlé Health Science;Clinutren;CLINUTREN BOISSON ss suc Nutrim vanil 4/200ml;0.055;11.24;0.4;6;1
;;8445290037893;Nestlé Health Science;Clinutren;CLINUTREN VELOUTE Nutrim poir pdt 4Cups/200ml;0.055;11.87;0.4;8;1
;;8445290038159;Nestlé Health Science;Clinutren;CLINUTREN VELOUTE Nutrim lég sol 4Cups/200ml;0.055;11.87;0.4;8;1
;;8445290038388;Nestlé Health Science;Clinutren;CLINUTREN VELOUTE Nutrim caro pot 4Cups/200ml;0.055;11.87;0.4;8;1
;;8445290038616;Nestlé Health Science;Clinutren;CLINUTREN VELOUTE Nutrim lég vert 4Cups/200ml;0.055;11.87;0.4;8;1
;;8445290318558;Nestlé Health Science;Clinutren;CLINUTREN ULTRA Nutrim café 4Bout/200ml;0.055;13.66;0.4;6;1
;;8445290318589;Nestlé Health Science;Clinutren;CLINUTREN ULTRA Nutrim praliné 4Bout/200ml;0.055;13.66;0.4;6;1
;;8445290318718;Nestlé Health Science;Clinutren;CLINUTREN ULTRA Nutrim fraise 4Bout/200ml;0.055;13.66;0.4;6;1
;;8445290318749;Nestlé Health Science;Clinutren;CLINUTREN ULTRA Nutrim vanille 4Bout/200ml;0.055;13.66;0.4;6;1
;;8445290587305;Nestlé Health Science;Clinutren;CLINUTREN ULTRA Nutriment chocolat 4Bouteilles/200ml;0.055;13.66;0.4;6;1
;;8445290986504;Nestlé Health Science;Clinutren;CLINUTREN FRUIT Nutrim pomme 4B/200ml;0.055;9.51;0.4;6;1
;;8445290987693;Nestlé Health Science;Clinutren;CLINUTREN FRUIT Nutrim pomme raisin 4B/200ml;0.055;9.51;0.4;6;1
;;8445290988089;Nestlé Health Science;Clinutren;CLINUTREN FRUIT Nutrim orange 4B/200ml;0.055;9.51;0.4;6;1
;;8445290988270;Nestlé Health Science;Clinutren;CLINUTREN FRUIT Nutrim framb cassis 4B/200ml;0.055;9.51;0.4;6;1
;;8445291589780;Nestlé Health Science;Clinutren;CLINUTREN ULTRA FRUITY Nutriment pomme 4Briquettes/200ml;0.055;9.98;0.4;6;1
;;8445291590311;Nestlé Health Science;Clinutren;CLINUTREN ULTRA FRUITY Nutriment orange 4Briquettes/200ml;0.055;9.98;0.4;6;1
;;8445291590366;Nestlé Health Science;Clinutren;CLINUTREN ULTRA FRUITY Nutriment ananas 4Briquettes/200ml;0.055;9.98;0.4;6;1
;;8445291837645;Nestlé Health Science;Clinutren;CLINUTREN ULTRA Nutriment caramel 4Bouteilles/200ml;0.055;13.66;0.4;1;1
;;8445291838499;Nestlé Health Science;Clinutren;CLINUTREN 2KCAL EPAIS Nutriment café 4Bouteilles/200ml;0.055;11.77;0.37;1;1
;;8445291839021;Nestlé Health Science;Clinutren;CLINUTREN 2KCAL EPAIS Nutriment vanille 4Bouteilles/200ml;0.055;11.77;0.37;1;1
;;8445291936768;Nestlé Health Science;Clinutren;CLINUTREN DESSERT 2 KCAL Nutriment façon tarte tatin 4Cups/200g;0.055;11.6;0.4;6;1
;;8445291937048;Nestlé Health Science;Clinutren;CLINUTREN DESSERT 2 KCAL Nutriment façon tarte citron meringuée 4Cups/200g;0.055;11.6;0.4;6;1
4892550;3401248925501;7613032032494;Nestlé Health Science;Clinutren;CLINUTREN CEREAL Nutrim pom nois B/450g;0.055;10.67;0.2;6;1
6317873;3401563178736;7613035413450;Nestlé Health Science;Clinutren;CLINUTREN DESSERT G Nutrim café 4/200g;0.055;9.75;0.41;6;1
6339219;3401563392194;7613035413498;Nestlé Health Science;Clinutren;CLINUTREN DESSERT G Nutrim caramel 4/200g;0.055;9.75;0.41;6;1
6339225;3401563392255;7613035413474;Nestlé Health Science;Clinutren;CLINUTREN DESSERT G Nutrim chocolat 4/200g;0.055;9.75;0.41;6;1
6340547;3401563405474;7613035412132;Nestlé Health Science;Clinutren;CLINUTREN DESSERT G Nutrim fraise bisc 4/200g;0.055;9.75;0.41;6;1
5203624;;7613036387286;Nestlé Health Science;Optifibre;OPTIFIBRE Pdr or B/125g;0.055;12.74;0.4;12;1
5203630;;7613034075857;Nestlé Health Science;Optifibre;OPTIFIBRE Pdr or B/250g;0.055;21.97;0.4;6;1
4508178;3401245081781;7613033569562;Nestlé Health Science;Oral Impact;ORAL IMPACT PRÊT A BOIR Nutrim vanill 3/237ml;0.055;16.51;0.14;8;1
4508184;3401245081842;7613033570414;Nestlé Health Science;Oral Impact;ORAL IMPACT PRÊT A BOIR Nutrim tropic 3/237ml;0.055;16.51;0.14;8;1
4669585;3401246695857;7613033570353;Nestlé Health Science;Oral Impact;ORAL IMPACT PRÊT A BOIR Nutrim café 3/237ml;0.055;16.51;0.14;8;1
;;3770020063008;Nestlé Health Science;Protibis;PROTIBIS HP-HC Galette noix de coco B/16;0.055;4;0.26;12;1
;;3770020063015;Nestlé Health Science;Protibis;PROTIBIS HP-HC Galette speculoos B/16;0.055;4;0.26;12;1
;;3770020063022;Nestlé Health Science;Protibis;PROTIBIS HP-HC Galette citron B/16;0.055;4;0.26;12;1
;;3770020063039;Nestlé Health Science;Protibis;PROTIBIS HP-HC Biscuit salé tomate & herbes de Provence B/16;0.055;4;0.26;12;1
;;3770020063046;Nestlé Health Science;Protibis;PROTIBIS HP-HC Biscuit salé sel de Guérande B/16;0.055;4;0.26;12;1
;3401060106782;;Nestlé Health Science;Protibis;PROTIBIS Biscuit HP-HC cacao B/16;0.055;4;0.26;12;1
6321805;3401563218050;;Nestlé Health Science;Protibis;PROTIBIS Galette nature dénutrition B/16;0.055;4;0.26;12;1
;;7613036323079;Nestlé Health Science;Renutryl;RENUTRYL BOOSTER Nutrim chocolat 4/300ml;0.055;14.34;0.43;6;1
6412880;;8445291586444;Nestlé Health Science;Renutryl;CLINUTREN ULTRA FRUITY Nutriment fruits rouges 4Briquettes/200ml;0.055;9.98;0.4;6;1
9605360;3401296053607;7613032637767;Nestlé Health Science;Renutryl;RENUTRYL BOOSTER Nutrim café 4Bout/300ml;0.055;14.34;0.43;6;1
9605383;3401296053836;7613032637743;Nestlé Health Science;Renutryl;RENUTRYL BOOSTER Nutrim caramel 4Bout/300ml;0.055;14.34;0.43;6;1
9605414;3401296054147;7613032637620;Nestlé Health Science;Renutryl;RENUTRYL BOOSTER Nutrim fraise 4Bout/300ml;0.055;14.34;0.43;6;1
9605437;3401296054376;7613032637781;Nestlé Health Science;Renutryl;RENUTRYL BOOSTER Nutrim vanille 4Bout/300ml;0.055;14.34;0.43;6;1
;;0077544004665;Nestlé Nutrition Infantile;Guigoz;GUIGOZ PRO KIDS IMMUNITE GUMMIES Gomme B/60;0.055;14.02;0.33;1;1
;;7613035124080;Nestlé Nutrition Infantile;Guigoz;GUIGOZ GUIGOZGEST CROISSANCE Lait pdre B/800g;0.055;20.07;0.33;6;1
;;7613036217316;Nestlé Nutrition Infantile;Guigoz;GUIGOZ BIO 1 Lait pdre B/800g;0.055;32.08;0.33;6;1
;;7613036217347;Nestlé Nutrition Infantile;Guigoz;GUIGOZ BIO 2 Lait pdre B/800g;0.055;30.32;0.33;6;1
;;7613036217378;Nestlé Nutrition Infantile;Guigoz;GUIGOZ CROISSANCE BIO Lait pdre B/800g;0.055;26.62;0.33;6;1
;;7613038317533;Nestlé Nutrition Infantile;Guigoz;GUIGOZ OPTIPRO Relais 3 Croissance B/800g;0.055;21;0.33;6;1
;;7613038317649;Nestlé Nutrition Infantile;Guigoz;GUIGOZ OPTIPRO Relais2 Lait pdre B/800g;0.055;24.32;0.33;6;1
;;7613038317922;Nestlé Nutrition Infantile;Guigoz;GUIGOZ OPTIPRO Relais 1 Lait pdre B/800g;0.055;27.56;0.33;6;1
;;7613038417486;Nestlé Nutrition Infantile;Guigoz;GUIGOZ OPTIPRO JUNIOR Lait pdre B/900g;0.055;17.63;0.33;6;1
;;7613287369512;Nestlé Nutrition Infantile;Guigoz;GUIGOZ OPTIPRO 3 Lait pdre 2Sach/600g;0.055;22.13;0.33;1;1
;;8000300414479;Nestlé Nutrition Infantile;Guigoz;GUIGOZ PRO FIBRES FOS GOS Pdr 20Sach/2,2g;0.055;20.36;0.33;6;1
;;8445290000620;Nestlé Nutrition Infantile;Guigoz;GUIGOZ OPTIPRO 2 Lait pdre B/780g;0.055;22.43;0.33;6;1
;;8445290000811;Nestlé Nutrition Infantile;Guigoz;GUIGOZ OPTIPRO 1 Lait pdre B/780g;0.055;22.94;0.33;6;1
;;8445290108593;Nestlé Nutrition Infantile;Guigoz;GUIGOZ GUIGOZGEST 1 Lait pdre B/780g;0.055;26.58;0.33;6;1
;;8445290109347;Nestlé Nutrition Infantile;Guigoz;GUIGOZ GUIGOZGEST 2 Lait pdre B/780g;0.055;26.21;0.33;6;1
;;8445290116543;Nestlé Nutrition Infantile;Guigoz;GUIGOZ PELARGON 1 Lait pdre B/780g;0.055;29.07;0.33;6;1
;;8445290116574;Nestlé Nutrition Infantile;Guigoz;GUIGOZ PELARGON 2 Lait pdre B/780g;0.055;28.32;0.33;6;1
;;8445290664662;Nestlé Nutrition Infantile;Guigoz;GUIGOZ OPTIPRO 3 Lait pdre B/780g;0.055;16.53;0.33;6;1
;;8445290695048;Nestlé Nutrition Infantile;Guigoz;GUIGOZ EXPERT AR 2 Lait pdre B/780g;0.055;28.38;0.33;6;1
;;8445290941190;Nestlé Nutrition Infantile;Guigoz;GUIGOZ ULTIMA SINERGITY 1 Lait pdre B/780g;0.055;33.94;0.33;6;1
;;8445290946744;Nestlé Nutrition Infantile;Guigoz;GUIGOZ ULTIMA SINERGITY 3 Lait pdre B/780g;0.055;29.54;0.33;6;1
;;8445291000681;Nestlé Nutrition Infantile;Guigoz;GUIGOZ ULTIMA SINERGITY 2 Lait pdre B/780g;0.055;33.94;0.33;6;1
;;8445291421127;Nestlé Nutrition Infantile;Guigoz;GUIGOZ EXPERT AR MIX 2 Lait pdre B/780g;0.055;30.06;0.33;6;1
;;8445291421356;Nestlé Nutrition Infantile;Guigoz;GUIGOZ EXPERT AR MIX 1 Lait pdre B/780g;0.055;30.06;0.33;6;1
;;8445291588196;Nestlé Nutrition Infantile;Guigoz;GUIGOZ LAIT ULTIMA PRE 400G;0.055;31.95;0.33;12;1
;;8445291711747;Nestlé Nutrition Infantile;Guigoz;GUIGOZ DIAGOZ Lait pdre B/400g;0.055;21.89;0.33;12;1
;;8445291815230;Nestlé Nutrition Infantile;Guigoz;GUIGOZ EXPERT RIZ Lait pdre B/800g;0.055;40.68;0.33;6;1
;;8445291843035;Nestlé Nutrition Infantile;Guigoz;GUIGOZ EXPERT DIGEST+ Lait pdre B/780g;0.055;30.94;0.33;6;1
;;8000300428155;Nestlé Nutrition Infantile;Non renseigné;GUIGOZ PRO BEBE SYSTEME IMMUNITAIRE Pdr 21Sach/1,3g;0.055;14.81;0.33;1;1
;;8445290736710;Nestlé Nutrition Infantile;Non renseigné;GUIGOZ EXPERT AR 1 Lait pdre B/780g;0.055;28.38;0.33;6;1
3651347;3400936513471;;Nordic Pharma;Non renseigné;MIFEGYNE 200 mg Cpr Plq/3;0.021;64.01;0.05;80;1
;;3701132600409;Noreva Pharma;Cystiregul;CYS-REGUL FLASH 5 JOURS Pdr 5Sticks;0.055;11.25;0.25;96;1
;;3701132600539;Noreva Pharma;Cystiregul;CYSTIREGUL PLUS Cpr visée urin B/15;0.055;19.87;0.25;96;1
4389118;3401543891181;3770000670011;Noreva Pharma;Laxeov;LAXEOV Cube pom abric régul trans Enf 20/10g;0.055;14.46;0.25;30;1
4389124;3401543891242;3770000670004;Noreva Pharma;Laxeov;LAXEOV Cube prun fig rais régul trans 20/10g;0.055;14.51;0.25;30;1
6020582;3401560205824;;Noreva Pharma;Laxeov;LAXEOV Cube prun fig rais régul trans 10/10g;0.055;7.97;0.25;33;1
4658280;3401546582802;;Noreva Pharma;Magne Control;MAGNE CONTROL Cpr B/30;0.055;9.08;0.25;90;1
4658297;3401546582970;;Noreva Pharma;Magne Control;MAGNE CONTROL Cpr B/60;0.055;14.09;0.25;40;1
5141231;3401551412316;;Noreva Pharma;Magne Control;MAGNE CONTROL S buv 20A;0.055;12.35;0.25;12;1
4141720;3401541417208;;Noreva Pharma;Minceur;CALORI-TRACK Cpr B/30;0.055;13.01;0.25;12;1
9532201;3401595322015;3491535322014;Noreva Pharma;Non renseigné;CRAMP CONTROL Gél B/30;0.055;10.52;0.25;12;1
;;3701132600874;Noreva Pharma;Phytalgic;PHYTALGIC+ OMEGA C+ Caps B/60;0.055;21.5;0.25;1;1
;;3701132601024;Noreva Pharma;Phytalgic;PHYTALGIC+ OMEGA C+ Caps B/120;0.055;32.8;0.25;1;1
;;3701132600294;Noreva Pharma;Phytea;MENOPHYTEA VENTRE PLAT Gél B/60;0.055;27.6;0.25;1;1
6008120;3401560081206;;Noreva Pharma;Phytea;MENOPHYTEA RETENTION D'EAU 45+ Cpr B/60;0.055;27.6;0.25;44;1
6025143;3401560251432;;Noreva Pharma;Phytea;MENOPHYTEA BOUFFEES CHALEUR ss horm Caps B/28;0.055;23.23;0.25;1;1
6055485;3401560554854;3401560554854;Noreva Pharma;Phytea;MENOPHYTEA BOUFFEES DE CHALEUR Gél B/120;0.055;30.12;0.25;28;1
6079480;3401560794809;;Noreva Pharma;Phytea;MENOPHYTEA RETENTION D'EAU 45+ Cpr B/30;0.055;14.46;0.25;12;1
;;3770000671100;Noreva Pharma;Stim;STIM ROYAL GELEE ROYALE S buv 20Amp/15ml;0.055;17.6;0.25;16;1
4346959;3401543469595;3770000670080;Noreva Pharma;Triolinum;TRIOLINUM JOUR/NUIT Gél B/120;0.055;44.02;0.25;12;1
;;5012748616967;Norgine (Movicol);Non renseigné;MOVIGO Pdr sol buv 10Sach;0.2;6.5;0.3;30;1
;;5012748616974;Norgine (Movicol);Non renseigné;MOVIGO Pdr sol buv 20Sach;0.2;7.9;0.3;24;1
;3400930124673;;Norgine (Movicol);Non renseigné;PLENVU Pdr sol buv Sach/dose1+2sach(AetB)/dose2;0.1;15;0;1;1
;3400930313817;;Norgine (Movicol);Non renseigné;MOVICOL Pdr sol buv citron en sachet 10Sach;0.1;6.9;0.25;1;1
3400102;3400934001024;;Norgine (Movicol);Non renseigné;MOVICOL Pdr sol buv citron en sachet Sach/20;0.021;8.55;0.25;30;1
4947653;3400949476534;;Norgine (Movicol);Non renseigné;MOVICOL Pdr sol buv en sachet sans arôme Sach/20;0.021;8.55;0.25;30;1
4947682;3400949476824;;Norgine (Movicol);Non renseigné;MOVICOL Pdr sol buv chocolat en sachet Sach/20;0.021;8.55;0.25;30;1
;;3770017174113;Nous le savons;Déodorants;Déodorant crème Orange douce - 50g;0.2;4.96;0;1;6
;;3770017174403;Nous le savons;Déodorants;Déodorant crème Géranium rosat - 50g;0.2;4.96;0;1;6
;;3770017174465;Nous le savons;Déodorants;Déodorant crème Verveine - 50g;0.2;4.96;0;1;6
;;3770017174618;Nous le savons;Déodorants;Déodorant crème Hypoallergénique - Peaux sensibles - 50g;0.2;4.96;0;1;6
;;3770017174151;Nous le savons;Huiles végétales;Huile de massage neutre - 100mL;0.2;7;0;1;6
;;3770017174168;Nous le savons;Huiles végétales;Huile pure ricin - 50mL;0.2;4.38;0;1;6
;;3770017174175;Nous le savons;Huiles végétales;Huile pure ricin - 100mL;0.2;7;0;1;6
;;3770017174182;Nous le savons;Huiles végétales;Huile pure chanvre - 50mL;0.2;4.67;0;1;6
;;3770017174199;Nous le savons;Huiles végétales;Huile pure chanvre - 100mL;0.2;8.75;0;1;6
;;3770017174311;Nous le savons;Huiles végétales;Huile pure cameline - 50mL;0.2;4.08;0;1;6
;;3770017174090;Nous le savons;Liniment;Liniment oléo-calcaire - 200mL;0.2;4.61;0;1;6
;;3770017174106;Nous le savons;Liniment;Liniment oléo-calcaire - 500mL;0.2;8.11;0;1;6
;;3770017174359;Nous le savons;Liniment;Liniment oléo-calcaire format familial Bidon 2,5L;0.2;35;0;1;6
;;3770017174007;Nous le savons;Savons;Savon doux Karité-Coco - 100g;0.2;2.92;0;1;6
;;3770017174021;Nous le savons;Savons;Savon doux Cire d'abeille & Miel - 100g;0.2;2.92;0;1;6
;;3770017174083;Nous le savons;Savons;Savon ménager - 100g;0.2;2.92;0;1;6
;;3770017174502;Nous le savons;Savons;Savon doux 100% Français - 100g;0.2;2.8;0;1;6
;;3770017174625;Nous le savons;Savons;Savon doux Amour - 100g;0.2;3.5;0;1;6
;;3770017174076;Nous le savons;Shampoings;Savon shampoing Coco, Ricin, Ghassoul - 100g (cheveux gras);0.2;3.79;0;1;6
;;3770017174526;Nous le savons;Shampoings;Savon shampoing Argile blanche et Ricin - 100g (cheveux secs);0.2;3.79;0;1;6
;;3518073772016;Novalac;Allernova;NOVALAC EXPERT ALLERNOVA AR Pdr B/400g;0.055;19.5;0.08;12;1
4352440;3401243524402;3518073672019;Novalac;Allernova;NOVALAC ALLERNOVA Alim inf B/400g;0.055;19.5;0.08;12;1
;;3518073223013;Novalac;Laits Essentiels Novalac;NOVALAC 2 Lait pdre 2ème âge B/800g;0.055;22.71;0.3;6;1
;;3518073413018;Novalac;Laits Essentiels Novalac;NOVALAC RELIA 1 Lait pdre 1er âge B/800g;0.055;32.41;0.3;6;1
;;3518073423017;Novalac;Laits Essentiels Novalac;NOVALAC RELIA 2 Lait pdre 2ème âge B/800g;0.055;32.07;0.3;6;1
5153369;3401551533691;3518072633011;Novalac;Laits Essentiels Novalac;NOVALAC 3 Lait de croissance B/800g;0.055;18.68;0.3;6;1
9768547;3401597685477;3518073213014;Novalac;Laits Essentiels Novalac;NOVALAC 1 Lait pdre 1er âge B/800g;0.055;25.01;0.3;6;1
;;3518071873012;Novalac;Laits Thérapeutiques Novalac;NOVALAC RIZ AR Lait pdre 0-36mois B/800g;0.055;42.23;0.25;6;1
;;3518072873011;Novalac;Laits Thérapeutiques Novalac;NOVALAC AC 0-36 MOIS Lait pdre B/800g;0.055;33.65;0.25;6;1
;;3518073073014;Novalac;Laits Thérapeutiques Novalac;NOVALAC EXPERT AR 0-36 MOIS Lait pdre B/800g;0.055;28.38;0.25;6;1
;;3518073313011;Novalac;Laits Thérapeutiques Novalac;NOVALAC S 1 Lait pdr naiss à 6 mois B/800g;0.055;30.9;0.25;6;1
;;3518073323010;Novalac;Laits Thérapeutiques Novalac;NOVALAC S 2 Lait pdre 6 à 12 mois B/800g;0.055;29.96;0.25;6;1
;;3518073873010;Novalac;Laits Thérapeutiques Novalac;NOVALAC RIZ Lait pdre 0-36mois B/800g;0.055;39.5;0.25;6;1
;;3518073913013;Novalac;Laits Thérapeutiques Novalac;NOVALAC EXPERT AR + 0-6 MOIS Lait pdr B/800g;0.055;30.39;0.25;6;1
;;3518073923012;Novalac;Laits Thérapeutiques Novalac;NOVALAC EXPERT AR + 6-36 MOIS Lait pdrB /800g;0.055;30.17;0.25;6;1
;;3518074333018;Novalac;Laits Thérapeutiques Novalac;NOVALAC EXPERT NOVAGEST+ 12-36 MOIS Lait pdre B/800g;0.055;30.13;0.25;6;1
;;3518074343017;Novalac;Laits Thérapeutiques Novalac;NOVALAC EXPERT NOVAGEST+ Lait pdre 0-12 mois B/800g;0.055;30.29;0.25;6;1
;3518070976011;;Novalac;Laits Thérapeutiques Novalac;NOVALAC HYDRANOVA Pdr sbuv réhydrat 0-36mois 10 Sach/6,5g;0.055;5.9;0.25;12;1
4560167;;3518073173011;Novalac;Laits Thérapeutiques Novalac;NOVALAC TRANSIT + 0-36 MOIS Lait pdre B/800g;0.055;36.15;0.25;6;1
;;3518072973018;Novalac;Non renseigné;NOVALAC DIARINOVA Alim dié péd B/600g;0.055;28.63;0.25;6;1
;;3518074172013;Novalac;Non renseigné;NOVALAC EXPERT AMINA POUDRE 400G;0.055;38.5;0.05;12;1
;3400930209172;;Novartis;Non renseigné;EXELON 4,6mg/24h Disp tr 30Sach PET/PE/Alu/PA;0.1;40.9;0.12;1;1
;3400930209189;;Novartis;Non renseigné;EXELON 9,5mg/24h Disp tr 30Sach PET/PE/Alu/PA;0.1;40.9;0.12;1;1
3585774;3400935857743;;Novartis;Non renseigné;EGATEN 250 mg Cpr séc Plq/4;0.1;80;0;0;1
7050142;3401070501423;5712249113186;Novo Nordisk;Non renseigné;NOVOFINE Aig p stylo inject 0,3x8mm B/100;0.055;12.2;0.14;0;1
7389656;3401073896564;5712249113216;Novo Nordisk;Non renseigné;NOVOFINE Aig p stylo inject 0,25x6mm B/100;0.055;12.2;0.14;0;1
6014778;3401060147785;;Novodex;Nailner;NAILNER REPAIR S a loc stylo 2en1 Fl/4ml;0.2;19.71;0.25;1;1
;;3052351247747;Novoma;Articulations & capital osseux;NOVOMA VITAMINE D3 120 GELLULES;0.055;18.81;0.3651;1;1
;;3052351247778;Novoma;Articulations & capital osseux;NOVOMA Complexe Paracelse Gél Fl/120;0.055;42.43;0.3651;1;1
;;3052351247815;Novoma;Articulations & capital osseux;NOVOMA Complexe Paracelse Gél Fl/240;0.055;66.06;0.3651;1;1
;;3052351247860;Novoma;Articulations & capital osseux;NOVOMA OptiMSM Pdr Pot/500g;0.055;28.26;0.3651;1;1
;;3770025711300;Novoma;Articulations & capital osseux;NOVOMA L-LYSINE 90 GELLULES;0.055;16.92;0.3651;1;1
;;3770025711553;Novoma;Articulations & capital osseux;NOVOMA Formule Articulations Gél Fl/90;0.055;23.53;0.3651;1;1
;;3770025711072;Novoma;Digestion;NOVOMA Probiotiques Gél Fl/60;0.055;23.13;0.3651;1;1
;;0635131530562;Novoma;Défenses immunitaires;NOVOMA Vitamine C 100 % Pdr Pot/1kg;0.055;37.71;0.3651;1;1
;;0635131530654;Novoma;Défenses immunitaires;NOVOMA Vitamine C 100 % Pdr Pot/500g;0.055;24.48;0.3651;1;1
;;3052351247785;Novoma;Défenses immunitaires;NOVOMA Vitamine C liposomale S buv Bouteille/300ml;0.055;37.71;0.3651;1;1
;;3052351247877;Novoma;Défenses immunitaires;NOVOMA VITAMINE C LIPOSOMALE 90 GELLULES;0.055;26.37;0.3651;1;1
;;3052351247952;Novoma;Défenses immunitaires;NOVOMA Vitamine C Quali-C Gél Fl/120;0.055;17.86;0.3651;1;1
;;3052351247969;Novoma;Défenses immunitaires;ZINC BISGLYCINATE + VIT B6 120 GEL NOVOMA;0.055;16.92;0.3651;1;1
;;3052351248034;Novoma;Défenses immunitaires;NOVOMA FER BISGLYCINATE 90 GELLULES;0.055;18.81;0.3651;1;1
;;3052351248188;Novoma;Défenses immunitaires;NOVOMA Acérola Bio Cpr Fl/30;0.055;13.14;0.3651;1;1
;;3770025711614;Novoma;Grossesse, énergie;NOVOMA Acide folique Gél Fl/90;0.055;15.97;0.3651;1;1
;;3770025711584;Novoma;Peau, articulations;COLLAGENE MARIN EN POUDRE NATURE NOVOMA 284G;0.055;31.09;0.3651;1;1
;;3770025711591;Novoma;Peau, articulations;NOVOMA COLLAGENE MARIN MANGUE 290G;0.055;31.09;0.3651;1;1
;;3770025711607;Novoma;Peau, articulations;COLLAGENE MARIN EN POUDRE CARAMEL 28j NOVOMA 290G;0.055;31.09;0.3651;1;24
;;3770025711881;Novoma;Peau, articulations;NOVOMA Collagène Marin Pdr pêche Pot/290g;0.055;31.09;0.3651;1;1
;;3770025711942;Novoma;Peau, articulations;NOVOMA Glycine Pdr Sach/300g;0.055;15.97;0.3651;1;1
;;3052351247945;Novoma;Peau, cheveux, ongles;NOVOMA COLLAGENE MARIN 90 GELLULES;0.055;20.7;0.3651;1;1
;;3770025711089;Novoma;Peau, cheveux, ongles;NOVOMA FORMULE SOLEIL 60 GELLULES;0.055;23.53;0.3651;1;1
;;3770025711324;Novoma;Peau, cheveux, ongles;NOVOMA ACIDE HYALURONIQUE 60 GELLULES;0.055;23.53;0.3651;1;1
;;3770025711485;Novoma;Peau, cheveux, ongles;NOVOMA Formule Cheveux Gél Fl/60;0.055;23.53;0.3651;1;1
;;3770025711706;Novoma;Récupération musculaire et prise de masse musculaire;NOVOMA Créatine Creapure Pdr Sach/180g;0.055;20.7;0.3651;1;15
;;3770025711713;Novoma;Récupération musculaire et prise de masse musculaire;NOVOMA BCAA 4:1:1 Pdr citron citron vert Sach/300g;0.055;23.53;0.3651;1;15
;;3770025711720;Novoma;Récupération musculaire et prise de masse musculaire;NOVOMA Isolat de Whey Native Pdr nature Sach/900g;0.055;51.88;0.2593;1;6
;;3770025711737;Novoma;Récupération musculaire et prise de masse musculaire;NOVOMA Isolat de Whey Native Pdr chocolat Sach/900g;0.055;51.88;0.2593;1;6
;;3770025711744;Novoma;Récupération musculaire et prise de masse musculaire;NOVOMA Isolat de Whey Native Pdr vanille Sach/900g;0.055;51.88;0.2593;1;6
;;0764460798210;Novoma;Stress, moral, sommeil;NOVOMA ASHWAGANDHA 60 GELLULES;0.055;20.7;0.3651;1;1
;;3052351247839;Novoma;Stress, moral, sommeil;NOVOMA Magnésium Bisglycinate Gél Fl/120;0.055;20.7;0.3651;1;1
;;3052351247983;Novoma;Stress, moral, sommeil;NOVOMA Formule Sommeil Gél Fl/90;0.055;22.59;0.3651;1;1
;;3770025711195;Novoma;Stress, moral, sommeil;NOVOMA MAGNESIUM BISGLYCINATE 60 GELULES;0.055;14.08;0.3651;1;1
;;0764460798234;Novoma;Tonus & vitalité;NOVOMA FORMULE BOOST BIO 90 GELLULES;0.055;23.53;0.3651;1;1
;;3052351247730;Novoma;Tonus & vitalité;VITAMINE B12 NOVOMA 120 GELULES;0.055;18.81;0.3651;1;1
;;3052351247761;Novoma;Tonus & vitalité;NOVOMA Spiruline Bio Cpr Fl/500;0.055;24.48;0.3651;1;1
;;3052351247976;Novoma;Tonus & vitalité;NOVOMA MULTI VITAMINES 120 GELLULES;0.055;25.42;0.3651;1;1
;;3052351247938;Novoma;Équilibre cardiovasculaire;NOVOMA OMEGA 3 BTE DE 120 CAPSULES;0.055;22.59;0.3651;1;1
;;3664524000037;Nutergia;Non renseigné;ERGYCARTIL FLEX Gél Pot/90;0.055;22.88;0.15;1;1
;;3664524000112;Nutergia;Non renseigné;ERGYMAG Magnésium Vitamines B Gél B/45;0.055;12.94;0.15;1;1
;;3664524000129;Nutergia;Non renseigné;ERGYMAG Magnésium Vitamines B Gél B/90;0.055;20.15;0.15;1;1
;;3664524000198;Nutergia;Non renseigné;ERGYMAG Magnésium Vitamines B Gél B/180;0.055;34.46;0.15;1;1
;;3664524000303;Nutergia;Non renseigné;ERGYONAGRE Caps Fl/60;0.055;15.21;0.15;1;1
;;3664524000570;Nutergia;Non renseigné;ERGYGAST Gel buvable 20Sticks;0.055;11.65;0.15;20;1
;;3664524000808;Nutergia;Non renseigné;ERGYCAPIL Gél 3B/90;0.055;35.15;0.15;1;1
;;3664524001782;Nutergia;Non renseigné;ERGYNUIT SOMMEIL 1mg Gél B/60;0.055;13.23;0.15;1;1
;;3664524001850;Nutergia;Non renseigné;ERGY D Vitamine D3 200 UI S buv Fl cpte-gttes/15ml;0.055;11.65;0.15;0;1
;;3664524001867;Nutergia;Non renseigné;ERGY D PLUS Vitamine D3 800 UI S buv Fl cpte-gttes/15ml;0.055;15.74;0.15;1;1
;;3664524001898;Nutergia;Non renseigné;NUTERGIA ERGYTONIC PHYTOMINERAL 250ML;0.055;15.46;0.15;1;1
;;3664524001904;Nutergia;Non renseigné;ERGYTONIC MULTICEBE GEL/90 REMPLACE ERGYCEBE;0.055;24.09;0.15;1;1
;;3664524001911;Nutergia;Non renseigné;ERGYTONIC MULTICEBE GEL/30 REMPLACE ERGYCEBE;0.055;12.75;0.15;1;1
;;3664524001973;Nutergia;Non renseigné;ERGYPHILUS GST 60 Gélules;0.055;22.12;0.15;1;1
;;3664524001980;Nutergia;Non renseigné;ERGYPHILUS INTIME BTE 60 GEL;0.055;22.12;0.15;1;1
;;3664524002086;Nutergia;Non renseigné;ERGYDETOX Gél détoxification B/60;0.055;18.36;0.15;1;1
;;3664524002130;Nutergia;Non renseigné;ERGYSTRESS ACTIV Gél formule optimisée B/60;0.055;18.95;0.15;1;1
;;3664524002154;Nutergia;Non renseigné;ERGYSTRESS RELAX Gél B/60;0.055;18.95;0.15;1;1
;3401560113686;;Nutergia;Non renseigné;ERGYPROTECT CONFORT Gél B/60;0.055;17.03;0.15;1;1
4211946;3401542119460;;Nutergia;Non renseigné;ERGYDESMODIUM S buv Fl/250ml;0.055;15.46;0.15;0;1
4390340;3401543903402;;Nutergia;Non renseigné;ACEROL C Vit C nat Cpr P/60;0.055;15.02;0.15;0;1
5136750;3401551367500;;Nutergia;Non renseigné;ERGYDRAINE S buv Fl/250ml;0.055;15.46;0.15;0;1
9814721;3401598147219;;Nutergia;Non renseigné;ERGYBASE Gél Pilul/60;0.055;16.31;0.15;0;1
9814738;3401598147387;;Nutergia;Non renseigné;ERGY-EPUR S buv Fl/250ml;0.055;15.46;0.15;0;1
9924993;3401599249936;;Nutergia;Non renseigné;ACEROL C Vit C nat Cpr T/15;0.055;5.7;0.15;0;1
9995674;3401599956742;;Nutergia;Non renseigné;ERGY-NATAL MATERNITE Gél B/60;0.055;18.38;0.15;0;1
;;3264680009754;Nuxe;Huile prodigieuse;NUXE Hle prodig Fl/100ml;0.2;20.02;0.15;36;1
;;3264680009761;Nuxe;Huile prodigieuse;NUXE Hle prodig Fl/50ml;0.2;13.33;0.15;36;1
;;3264680009778;Nuxe;Huile prodigieuse;NUXE Hle prodig multi-fonctions or Vapo/10;0.2;22.87;0.15;36;1
;;3264680009785;Nuxe;Huile prodigieuse;NUXE Hle prodig multi-fonctions or Fl/50ml;0.2;16.12;0.15;36;1
;;3264680009808;Nuxe;Huile prodigieuse;NUXE Hle prodig riche Vapo/100ml;0.2;21.57;0.15;36;1
;;3264680015946;Nuxe;Huile prodigieuse;NUXE Huile prodigieuse floral Fl/100ml;0.2;20.02;0.15;36;1
;;3264680038334;Nuxe;Huile prodigieuse;NUXE Huile prodigieuse or florale Fl/50ml;0.2;16.12;0.15;1;1
;;3264680041655;Nuxe;Huile prodigieuse;NUXE Coffret Huile Prodigieuse 100 Ml +Parfum prodigieux 15 Ml + huile de d;0.2;50.99;0.15;6;1
;;3264680024757;Nuxe;Merveillance;NUXE MERVEILL LIFT Cr liftante regard T/15ml;0.2;26.34;0.15;48;1
;;3264680024771;Nuxe;Merveillance;NUXE MERVEILL LIFT Sérum en huile Fl pip/30ml;0.2;35.64;0.15;60;1
;;3264680024795;Nuxe;Merveillance;NUXE MERVEILL LIFT Cr velours effet lift 50ml;0.2;33.16;0.15;24;1
;;3264680024818;Nuxe;Merveillance;NUXE MERVEILL LIFT Cr concent nuit P/50ml;0.2;33.16;0.15;24;1
;;3264680026089;Nuxe;Merveillance;NUXE MERVEILL LIFT Cr pdrée effet lift P/50ml;0.2;33.16;0.15;24;1
;;3264680035234;Nuxe;Merveillance;NUXE MERVEILL LIFT GLOW Cr éclat eff lif 50ml;0.2;32.54;0.15;24;1
;;3264680015908;Nuxe;Non renseigné;NUXURIANCE GOLD Cr hle nutri-reconstit P/50ml;0.2;51.38;0.15;24;1
;;3264680015915;Nuxe;Non renseigné;NUXURIANCE GOLD Bme nuit nutri-reconstit 50ml;0.2;51.38;0.15;24;1
;;3264680026133;Nuxe;Non renseigné;NUXE Gelée dche parf prodigieux T/200ml;0.2;7.87;0.15;24;1
;;3264680037252;Nuxe;Non renseigné;NUXURIANCE GOLD Sérum en huile Fl pompe/30ml;0.2;50.11;0.15;1;1
;;3264680043529;Nuxe;Non renseigné;NUXE VERY ROSE Bme soin lèvres repulpant T/8ml;0.2;15.43;0.15;72;1
;;3264680034688;Nuxe;Nuxe Hair;NUXE HAIR PRODIGIEUX Masque Fl pompe/125ml;0.2;22.95;0.15;24;1
;;3264680023323;Nuxe;Nuxe Super sérum;NUXE SUPER SERUM Sérum Fl pipette/30ml;0.2;50.14;0.15;24;1
;;3264680032578;Nuxe;Nuxe Super sérum;NUXE SUPER SERUM Sérum cont yeux Fl/15ml;0.2;36.51;0.15;54;1
;;3264680035104;Nuxe;Nuxe Super sérum;NUXE SUPER SERUM Sérum Fl pipette/50ml;0.2;61.92;0.15;18;1
;;3264680044717;Nuxe;Nuxe Super sérum;NUXE SUPER SERUM Coffret - Serum visage 15ml + serum yeux 15ml + masseur de;0.2;64.68;0.15;1;1
;;3264680027178;Nuxe;Nuxe Very Rose;NUXE VERY ROSE Bme lèvres Pot/15g;0.2;8.43;0.15;60;1
;;3264680043444;Nuxe;Nuxe Very Rose;NUXE VERY ROSE Eau micellaire apaisante Fl/200ml;0.2;11;0.15;24;1
;;3264680018961;Nuxe;Nuxe sun;NUXE SUN Lait fraîch ap sol vis corp 400ml;0.2;17.91;0.15;18;1
;;3264680032646;Nuxe;Nuxe sun;NUXE SUN SPF30 Spray fond vis corp Fl/150ml;0.2;20.5;0.15;42;1
6191604;;3264680007002;Nuxe;Nuxe sun;NUXE SUN SPF30 Lait délicieux vis corp 150;0.2;19.35;0.15;36;1
;;3264680034473;Nuxe;Nuxuriance ultra;NUXURIANCE ULTRA Cr riche anti-âge global Pot/50ml;0.2;41.65;0.15;36;1
;;3264680034480;Nuxe;Nuxuriance ultra;NUXURIANCE ULTRA Cr nuit Pot/50ml;0.2;41.65;0.15;36;1
;;3264680034503;Nuxe;Nuxuriance ultra;NUXURIANCE ULTRA SPF30 Cr jour T pompe/50ml;0.2;41.65;0.15;24;1
;;3264680034510;Nuxe;Nuxuriance ultra;NUXURIANCE ULTRA Emul cont yeux lèv Tppe/15ml;0.2;30.93;0.15;48;1
;;3264680034527;Nuxe;Nuxuriance ultra;NUXURIANCE ULTRA Lait corps Fl pompe/400ml;0.2;25.97;0.15;18;1
;;3264680034534;Nuxe;Nuxuriance ultra;NUXURIANCE ULTRA Cr mains T/75ml;0.2;18.29;0.15;96;1
;;3264680036880;Nuxe;Nuxuriance ultra;NUXURIANCE ULTRA Cr anti-âge global Pot/50ml;0.2;41.65;0.15;36;1
;;3264680044311;Nuxe;Nuxuriance ultra;NUXURIANCE ULTRA Cr soin d'exception jour et nuit Pot/75ml;0.2;52.62;0.15;24;1
;;3264680034275;Nuxe;Parfum;NUXE Parfum prodigieux néroli Spray/50ml;0.2;38.92;0.15;36;1
;;3264680015830;Nuxe;Prodigieuse;NUXE CR PRODIGIEUSE BOOST Cr gel PN/Mx 40ml;0.2;25.97;0.15;24;1
;;3264680015847;Nuxe;Prodigieuse;NUXE CR PRODIGIEUSE BOOST Cr soyeu PN/PS 40ml;0.2;25.97;0.15;24;1
;;3264680015861;Nuxe;Prodigieuse;NUXE CR PRODIGIEUSE BOOST Gel bme yeux 15ml;0.2;20.14;0.15;48;1
;;3264680024382;Nuxe;Prodigieuse;NUXE Huile prodigieuse florale Fl/50ml;0.2;13.33;0.15;36;1
;;3264680024993;Nuxe;Prodigieuse;NUXE Huile prodigieuse bio Fl/100ml;0.2;21.57;0.15;36;1
;;3264680029820;Nuxe;Prodigieuse;NUXE PRODIGIEUSE LE TEINT ECLAT Cr BB hydratante 24H claire T/30ml;0.2;16.05;0.15;55;1
;;3264680029837;Nuxe;Prodigieuse;NUXE PRODIGIEUSE LE TEINT ECLAT Cr BB hydratante 24H medium T/30ml;0.2;16.05;0.15;55;1
;;3264680029844;Nuxe;Prodigieuse;NUXE PRODIGIEUSE LE TEINT ECLAT Cr BB hydratante 24H foncée T/30ml;0.2;16.05;0.15;55;1
;;3264680021985;Nuxe;Rêve de Thé;NUXE REVE DE THE Eau exaltante parf Spr/100ml;0.2;25.76;0.15;36;1
;;3264680010446;Nuxe;Rêve de miel;NUXE REVE DE MIEL Cr mains ongles T/50ml;0.2;6.07;0.15;150;1
;;3264680027901;Nuxe;Rêve de miel;NUXE REVE DE MIEL Stick soin lèvres 10ml;0.2;12.37;0.15;72;1
9702910;;3264680004070;Nuxe;Rêve de miel;NUXE REVE DE MIEL Gel nettoy démaq vis 200ml;0.2;11.13;0.15;24;1
9702927;;3264680004063;Nuxe;Rêve de miel;NUXE REVE DE MIEL Gel lav surg vis corp 400ml;0.2;13.26;0.15;18;1
;;4015672108592;Omron;Balance électronique;OMRON OMR240 (HN-289) Pèse-personne électronique noir;0.2;28.9;0.45;6;1
;;4015672108608;Omron;Balance électronique;OMRON OMR243 (HN-289) Pèse-personne électronique arge;0.2;28.9;0.45;6;1
;;4015672114012;Omron;Kardiamobile;ECG KARDIAMOBILE 1 PISTE OMRON;0.2;133.9;0.4;1;1
;;4015672114029;Omron;Kardiamobile;KARDIAMOBILE6L OMRON ECG;0.2;205.9;0.4;1;1
6620169;;4015672107793;Omron;Non renseigné;OMRON MC-E533-E Thermomètre auriculaire;0.2;41.5;0.42;10;1
;;4015672109049;Omron;Tensiomètrie;OMRON OMR249 (RLM31) Brassard souple L 22-42cm /1;0.2;25.6;0.4;20;1
;;4015672110465;Omron;Tensiomètrie;OMRON EVOLV Tensiomètre électronique bras;0.2;170.9;0.47;10;1
;;4015672111110;Omron;Tensiomètrie;OMRON OMR314 (HEM-6161-E) RS2 Tensiomètre poignet;0.2;36.9;0.47;10;1
;;4015672111141;Omron;Tensiomètrie;OMRON OMR316 RS4 Tensiomètre poignet;0.2;55.9;0.47;10;1
;;4015672111585;Omron;Tensiomètrie;OMRON OMR306 (HBP1120/1320) Brass p tensiom pro XL 42-50cm;0.2;80.45;0.45;20;1
;;4015672112865;Omron;Tensiomètrie;OMRON COMPLETE TENSIOMETRE ET MONITEUR ECG;0.2;205.9;0.4;1;1
;;4015672114258;Omron;Tensiomètrie;OMRON OMR414 (HEM-7188-E) M2 ESSENTIAL;0.2;51.9;0.47;10;1
;;4015672114289;Omron;Tensiomètrie;OMRON OMR415 (HEM-7188T1-LE) M2+ CONNECT AFIB Tensiomètre bras;0.2;59.9;0.4;10;1
;;4015672114319;Omron;Tensiomètrie;OMRON OMR417 (HEM-7196-FLE) M3 COMFORT AFIB;0.2;81.9;0.47;10;1
;;4015672114333;Omron;Tensiomètrie;OMRON OMR416 (HEM-7196T1-FLE) M4 CONNECT AFIB Tensiomètre bras;0.2;93.1;0.4;1;1
4069796;;4015672105553;Omron;Tensiomètrie;OMRON Brassard S 17-22cm;0.2;25.6;0.4;1;1
6233871;4015672113923;4015672111721;Omron;Tensiomètrie;OMRON M7 INTELLI IT Autotensiomètre bras;0.2;109.9;0.47;10;1
;;4015672114357;Omron;Thermomètrie;OMRON OMR420 (MC-F300-E) Thermomètre frontal infrarouge 730;0.2;39.9;0.4;10;1
6620175;;4015672107809;Omron;Thermomètrie;OMRON Thermometre GT521;0.2;54.5;0.35;40;1
;;3664338009233;Orliman;Chaussures Chut;FEEDPAD VEIZIT Chaussure CHUT p39 Paire;0.055;85.71;0;1;1
;;3664338009257;Orliman;Chaussures Chut;FEEDPAD VEIZIT Chaussure CHUT p41 Paire;0.055;85.71;0;1;1
;;3664338009356;Orliman;Chaussures Chut;FEEDPAD TINTIAUX Chaussure CHUT p35 Paire;0.055;93.83;0;1;1
;;3664338009370;Orliman;Chaussures Chut;FEEDPAD TINTIAUX Chaussure CHUT p37 Paire;0.055;93.83;0;1;1
;;3664338009387;Orliman;Chaussures Chut;FEEDPAD TINTIAUX Chaussure CHUT p38 Paire;0.055;93.83;0;1;1
;;3664338009424;Orliman;Chaussures Chut;FEEDPAD TINTIAUX Chaussure CHUT p42 Paire;0.055;93.83;0;1;1
;;3664338009493;Orliman;Chaussures Chut;FEEDPAD LEMENEC Chaussure CHUT bleu p41 Paire;0.055;93.83;0;1;1
;;3664338009653;Orliman;Chaussures Chut;FEEDPAD PENFRET Chaussure CHUT p45 Paire;0.055;120.77;0;1;1
;;3664338009691;Orliman;Chaussures Chut;FEEDPAD ERLANNIC Chaussure CHUT p41 Paire;0.055;123.65;0;1;1
6015035;3401060150358;8435025913189;Orliman;Chaussures Chut;FEET PAD BREHAT Chaussur bord p35 Paire;0.055;65.77;0;1;1
6015036;3401060150365;8435025913196;Orliman;Chaussures Chut;FEET PAD BREHAT Chaussur bord p36 Paire;0.055;65.77;0;1;1
6015038;3401060150389;8435025913202;Orliman;Chaussures Chut;FEET PAD BREHAT Chaussur bord p37 Paire;0.055;65.77;0;1;1
6015039;3401060150396;8435025913219;Orliman;Chaussures Chut;FEET PAD BREHAT Chaussur bord p38 Paire;0.055;65.77;0;1;1
6015040;3401060150402;8435025913738;Orliman;Chaussures Chut;FEET PAD BREHAT Chaussur bord p39 Paire;0.055;65.77;0;1;1
6015041;3401060150419;8435025913745;Orliman;Chaussures Chut;FEET PAD BREHAT Chaussur bord p40 Paire;0.055;65.77;0;1;1
6015042;3401060150426;8435025913752;Orliman;Chaussures Chut;FEET PAD BREHAT Chaussur bord p41 Paire;0.055;65.77;0;1;1
6015044;3401060150440;8435025913769;Orliman;Chaussures Chut;FEET PAD BREHAT Chaussur bord p42 Paire;0.055;65.77;0;1;1
6015045;3401060150457;8435025914322;Orliman;Chaussures Chut;FEET PAD NOIRMOUT Chaussur p36 Paire;0.055;85.9;0;1;1
6015046;3401060150464;8435025914339;Orliman;Chaussures Chut;FEET PAD NOIRMOUT Chaussur p37 Paire;0.055;85.9;0;1;1
6015047;3401060150471;8435025914360;Orliman;Chaussures Chut;FEET PAD NOIRMOUT Chaussur p38 Paire;0.055;85.9;0;1;1
6015048;3401060150488;8435025914377;Orliman;Chaussures Chut;FEET PAD NOIRMOUT Chaussur p39 Paire;0.055;85.9;0;1;1
6015049;3401060150495;8435025914490;Orliman;Chaussures Chut;FEET PAD NOIRMOUT Chaussur p40 Paire;0.055;85.9;0;1;1
6015050;3401060150501;8435025914513;Orliman;Chaussures Chut;FEET PAD NOIRMOUT Chaussur p41 Paire;0.055;85.9;0;1;1
6015051;3401060150518;8435025914520;Orliman;Chaussures Chut;FEET PAD NOIRMOUT Chaussur p42 Paire;0.055;85.9;0;1;1
6015052;3401060150525;8435025914537;Orliman;Chaussures Chut;FEET PAD NOIRMOUT Chaussur p43 Paire;0.055;85.9;0;1;1
6015053;3401060150532;8435025914544;Orliman;Chaussures Chut;FEET PAD NOIRMOUT Chaussur p44 Paire;0.055;85.9;0;1;1
6015054;3401060150549;8435025914551;Orliman;Chaussures Chut;FEET PAD NOIRMOUT Chaussur p45 Paire;0.055;85.9;0;1;1
6015055;3401060150556;8435025914568;Orliman;Chaussures Chut;FEET PAD NOIRMOUT Chaussur p46 Paire;0.055;85.9;0;1;1
6015056;3401060150563;8435025913103;Orliman;Chaussures Chut;FEET PAD OLERON Chaussur bleu p35 Paire;0.055;62.12;0;1;1
6015057;3401060150570;8435025913110;Orliman;Chaussures Chut;FEET PAD OLERON Chaussur bleu p36 Paire;0.055;62.12;0;1;1
6015058;3401060150587;8435025913127;Orliman;Chaussures Chut;FEET PAD OLERON Chaussur bleu p37 Paire;0.055;62.12;0;1;1
6015059;3401060150594;8435025913134;Orliman;Chaussures Chut;FEET PAD OLERON Chaussur bleu p38 Paire;0.055;62.12;0;1;1
6015060;3401060150600;8435025913141;Orliman;Chaussures Chut;FEET PAD OLERON Chaussur bleu p39 Paire;0.055;62.12;0;1;1
6015061;3401060150617;8435025913158;Orliman;Chaussures Chut;FEET PAD OLERON Chaussur bleu p40 Paire;0.055;62.12;0;1;1
6015062;3401060150624;8435025913165;Orliman;Chaussures Chut;FEET PAD OLERON Chaussur bleu p41 Paire;0.055;62.12;0;1;1
6015063;3401060150631;8435025913172;Orliman;Chaussures Chut;FEET PAD OLERON Chaussur bleu p42 Paire;0.055;62.12;0;1;1
6015064;3401060150648;8435025913028;Orliman;Chaussures Chut;FEET PAD OLERON Chaussur bge p35 Paire;0.055;62.12;0;1;1
6015065;3401060150655;8435025913035;Orliman;Chaussures Chut;FEET PAD OLERON Chaussur bge p36 Paire;0.055;62.12;0;1;1
6015067;3401060150679;8435025913042;Orliman;Chaussures Chut;FEET PAD OLERON Chaussur bge p37 Paire;0.055;62.12;0;1;1
6015389;3401060153892;8435025913059;Orliman;Chaussures Chut;FEET PAD OLERON Chaussur bge p38 Paire;0.055;62.12;0;1;1
6015390;3401060153908;8435025913066;Orliman;Chaussures Chut;FEET PAD OLERON Chaussur bge p39 Paire;0.055;62.12;0;1;1
6015392;3401060153922;8435025913073;Orliman;Chaussures Chut;FEET PAD OLERON Chaussur bge p40 Paire;0.055;62.12;0;1;1
6015393;3401060153939;8435025913080;Orliman;Chaussures Chut;FEET PAD OLERON Chaussur bge p41 Paire;0.055;62.12;0;1;1
6015394;3401060153946;8435025913097;Orliman;Chaussures Chut;FEET PAD OLERON Chaussur bge p42 Paire;0.055;62.12;0;1;1
6015395;3401060153953;8435025913851;Orliman;Chaussures Chut;FEET PAD MOLENE Chaussur p35 Paire;0.055;69.42;0;1;1
6015396;3401060153960;8435025913868;Orliman;Chaussures Chut;FEET MOLENE Chaussur p36 Paire;0.055;69.42;0;1;1
6015397;3401060153977;8435025914018;Orliman;Chaussures Chut;FEET MOLENE Chaussur p37 Paire;0.055;69.42;0;1;1
6015398;3401060153984;8435025914025;Orliman;Chaussures Chut;FEET MOLENE Chaussur p38 Paire;0.055;69.42;0;1;1
6015399;3401060153991;8435025914032;Orliman;Chaussures Chut;FEET MOLENE Chaussur p39 Paire;0.055;69.42;0;1;1
6015400;3401060154004;8435025914049;Orliman;Chaussures Chut;FEET MOLENE Chaussur p40 Paire;0.055;69.42;0;1;1
6015401;3401060154011;8435025914056;Orliman;Chaussures Chut;FEET MOLENE Chaussur p41 Paire;0.055;69.42;0;1;1
6015402;3401060154028;8435025914063;Orliman;Chaussures Chut;FEET MOLENE Chaussur p42 Paire;0.055;69.42;0;1;1
6015403;3401060154035;8435025913776;Orliman;Chaussures Chut;FEET PAD BREHAT Chaussur noir p35 Paire;0.055;65.77;0;1;1
6015404;3401060154042;8435025913783;Orliman;Chaussures Chut;FEET PAD BREHAT Chaussur noir p36 Paire;0.055;65.77;0;1;1
6015405;3401060154059;8435025913790;Orliman;Chaussures Chut;FEET PAD BREHAT Chaussur noir p37 Paire;0.055;65.77;0;1;1
6015406;3401060154066;8435025913806;Orliman;Chaussures Chut;FEET PAD BREHAT Chaussur noir p38 Paire;0.055;65.77;0;1;1
6015407;3401060154073;8435025913813;Orliman;Chaussures Chut;FEET PAD BREHAT Chaussur noir p39 Paire;0.055;65.77;0;1;1
6015408;3401060154080;8435025913820;Orliman;Chaussures Chut;FEET PAD BREHAT Chaussur noir p40 Paire;0.055;65.77;0;1;1
6015409;3401060154097;8435025913837;Orliman;Chaussures Chut;FEET PAD BREHAT Chaussur noir p41 Paire;0.055;65.77;0;1;1
6015410;3401060154103;8435025913844;Orliman;Chaussures Chut;FEET PAD BREHAT Chaussur noir p42 Paire;0.055;65.77;0;1;1
6015411;3401060154110;8435025914070;Orliman;Chaussures Chut;FEET PAD BELLE-ILE Chaussur p35 Paire;0.055;71.26;0;1;1
6015412;3401060154127;8435025914087;Orliman;Chaussures Chut;FEET PAD BELLE-ILE Chaussur p36 Paire;0.055;71.26;0;1;1
6015649;3401060156497;8435025914094;Orliman;Chaussures Chut;FEET PAD BELLE-ILE Chaussur p37 Paire;0.055;71.26;0;1;1
6015650;3401060156503;8435025914100;Orliman;Chaussures Chut;FEET PAD BELLE-ILE Chaussur p38 Paire;0.055;71.26;0;1;1
6015660;3401060156602;8435025914117;Orliman;Chaussures Chut;FEET PAD BELLE-ILE Chaussur p39 Paire;0.055;71.26;0;1;1
6015661;3401060156619;8435025914124;Orliman;Chaussures Chut;FEET PAD BELLE-ILE Chaussur p40 Paire;0.055;71.26;0;1;1
6015662;3401060156626;8435025914131;Orliman;Chaussures Chut;FEET PAD BELLE-ILE Chaussur p41 Paire;0.055;71.26;0;1;1
6015663;3401060156633;8435025914148;Orliman;Chaussures Chut;FEET PAD BELLE-ILE Chaussur p42 Paire;0.055;71.26;0;1;1
6015664;3401060156640;8435025914155;Orliman;Chaussures Chut;QUIBERON Chaussur p39 Paire;0.055;74.92;0;1;1
6015665;3401060156657;8435025914162;Orliman;Chaussures Chut;QUIBERON Chaussur p40 Paire;0.055;74.92;0;1;1
6015666;3401060156664;8435025914179;Orliman;Chaussures Chut;QUIBERON Chaussur p41 Paire;0.055;74.92;0;1;1
6015667;3401060156671;8435025914186;Orliman;Chaussures Chut;QUIBERON Chaussur p42 Paire;0.055;74.92;0;1;1
6015668;3401060156688;8435025914193;Orliman;Chaussures Chut;QUIBERON Chaussur p43 Paire;0.055;74.92;0;1;1
6015670;3401060156701;8435025914209;Orliman;Chaussures Chut;QUIBERON Chaussur p44 Paire;0.055;74.92;0;1;1
6015671;3401060156718;8435025914216;Orliman;Chaussures Chut;QUIBERON Chaussur p45 Paire;0.055;74.92;0;1;1
6015672;3401060156725;8435025914223;Orliman;Chaussures Chut;QUIBERON Chaussur p46 Paire;0.055;74.92;0;1;1
6015673;3401060156732;8435025914230;Orliman;Chaussures Chut;FEET PAD RHUYS Chaussur p39 Paire;0.055;69.42;0;1;1
6015674;3401060156749;8435025914247;Orliman;Chaussures Chut;RHUYS Chaussur p40 Paire;0.055;69.42;0;1;1
6015676;3401060156763;8435025914254;Orliman;Chaussures Chut;RHUYS Chaussur p41 Paire;0.055;69.42;0;1;1
6015677;3401060156770;8435025914261;Orliman;Chaussures Chut;RHUYS Chaussur p42 Paire;0.055;69.42;0;1;1
6015678;3401060156787;8435025914278;Orliman;Chaussures Chut;RHUYS Chaussur p43 Paire;0.055;69.42;0;1;1
6015679;3401060156794;8435025914285;Orliman;Chaussures Chut;RHUYS Chaussur p44 Paire;0.055;69.42;0;1;1
6015680;3401060156800;8435025914292;Orliman;Chaussures Chut;RHUYS Chaussur p45 Paire;0.055;69.42;0;1;1
6015682;3401060156824;8435025914308;Orliman;Chaussures Chut;RHUYS Chaussur p46 Paire;0.055;69.42;0;1;1
6028943;3401060289430;8435025916340;Orliman;Chaussures Chut;FEET PAD CHAUSEY Chaussur p39 Paire;0.055;158.08;0;1;1
6028944;3401060289447;8435025916357;Orliman;Chaussures Chut;FEET PAD CHAUSEY Chaussur p40 Paire;0.055;158.08;0;1;1
6028945;3401060289454;8435025916364;Orliman;Chaussures Chut;FEET PAD CHAUSEY Chaussur p41 Paire;0.055;158.08;0;1;1
6028946;3401060289461;8435025916371;Orliman;Chaussures Chut;FEET PAD CHAUSEY Chaussur p42 Paire;0.055;158.08;0;1;1
6028947;3401060289478;8435025916388;Orliman;Chaussures Chut;FEET PAD CHAUSEY Chaussur p43 Paire;0.055;158.08;0;1;1
6028948;3401060289485;8435025916777;Orliman;Chaussures Chut;FEET PAD CHAUSEY Chaussur p44 Paire;0.055;158.08;0;1;1
6028949;3401060289492;8435025916784;Orliman;Chaussures Chut;FEET PAD CHAUSEY Chaussur p45 Paire;0.055;158.08;0;1;1
6028950;3401060289508;8435025916791;Orliman;Chaussures Chut;FEET PAD CHAUSEY Chaussur p46 Paire;0.055;158.08;0;1;1
6028951;3401060289515;8435025914575;Orliman;Chaussures Chut;FEET PAD TATIHOU Chaussur p35 Paire;0.055;149.3;0;1;1
6028952;3401060289522;8435025914728;Orliman;Chaussures Chut;FEET PAD TATIHOU Chaussur p36 Paire;0.055;149.3;0;1;1
6028953;3401060289539;8435025914735;Orliman;Chaussures Chut;FEET PAD TATIHOU Chaussur p37 Paire;0.055;149.3;0;1;1
6028954;3401060289546;8435025914742;Orliman;Chaussures Chut;FEET PAD TATIHOU Chaussur p38 Paire;0.055;149.3;0;1;1
6028955;3401060289553;8435025914759;Orliman;Chaussures Chut;FEET PAD TATIHOU Chaussur p39 Paire;0.055;149.3;0;1;1
6028957;3401060289577;8435025914766;Orliman;Chaussures Chut;FEET PAD TATIHOU Chaussur p40 Paire;0.055;149.3;0;1;1
6028958;3401060289584;8435025914773;Orliman;Chaussures Chut;FEET PAD TATIHOU Chaussur p41 Paire;0.055;149.3;0;1;1
6028959;3401060289591;8435025914780;Orliman;Chaussures Chut;FEET PAD TATIHOU Chaussur p42 Paire;0.055;149.3;0;1;1
6028960;3401060289607;8435025914797;Orliman;Chaussures Chut;FEET PAD HOUAT Chaussur p35 Paire;0.055;149.3;0;1;1
6028961;3401060289614;8435025915893;Orliman;Chaussures Chut;FEET PAD HOUAT Chaussur p36 Paire;0.055;149.3;0;1;1
6028963;3401060289638;8435025915909;Orliman;Chaussures Chut;FEET PAD HOUAT Chaussur p37 Paire;0.055;149.3;0;1;1
6028964;3401060289645;8435025916210;Orliman;Chaussures Chut;FEET PAD HOUAT Chaussur p38 Paire;0.055;149.3;0;1;1
6028965;3401060289652;8435025916227;Orliman;Chaussures Chut;FEET PAD HOUAT Chaussur p39 Paire;0.055;149.3;0;1;1
6028966;3401060289669;8435025916234;Orliman;Chaussures Chut;FEET PAD HOUAT Chaussur p40 Paire;0.055;149.3;0;1;1
6028967;3401060289676;8435025916333;Orliman;Chaussures Chut;FEET PAD HOUAT Chaussur p41 Paire;0.055;149.3;0;1;1
6223433;;3664338003750;Orliman;Chaussures Chut;OUESSANT CHUT Chaussure noir p43 Paire;0.055;82.3;0;1;1
6223436;;3664338003781;Orliman;Chaussures Chut;OUESSANT CHUT Chaussure noir p46 Paire;0.055;82.3;0;1;1
6223465;;3664338004047;Orliman;Chaussures Chut;BELLE-ILE ETE CHUT Chaussure marine p35 Paire;0.055;58.37;0;1;1
6223471;;3664338004092;Orliman;Chaussures Chut;BELLE-ILE ETE CHUT Chaussure marine p40 Paire;0.055;58.37;0;1;1
6223481;;3664338004177;Orliman;Chaussures Chut;MOLENE CHUT Chaussure bleu p40 Paire;0.055;69.42;0;1;1
6223482;;3664338004184;Orliman;Chaussures Chut;MOLENE CHUT Chaussure bleu p41 Paire;0.055;69.42;0;1;1
6223519;;3664338004528;Orliman;Chaussures Chut;CEZEMBRE CHUT Chaussure marine/bleu p37 Paire;0.055;98.79;0;1;1
;;3664338000926;Orliman;Cryothérapie;ORLIM CRYOTEC Kit envelop visag/dent;0.2;23.05;0;1;1
6034688;;3664338000582;Orliman;Cryothérapie;ORLIMAN CRYOPAD Compr froid 15x15cm;0.2;10.04;0;1;1
6034689;;3664338000599;Orliman;Cryothérapie;ORLIMAN CRYOPAD Compr froid 30x15cm;0.2;14.4;0;1;1
6034716;;3664338000834;Orliman;Cryothérapie;ORLIMAN THERMOPAD Compr 15x30cm;0.2;7.57;0;1;1
;;3664338000674;Orliman;Genou;ORLIMAN Att gen 3 pans H40cm enf;0.055;48.85;0;1;1
;;3664338000698;Orliman;Genou;ORLIMAN Att gen 3 pans H55cm T3;0.055;48.85;0;1;1
;;3664338002395;Orliman;Genou;SM CRYOPUMP Att genou évolutive TU;0.055;127.87;0;1;1
;;8435025942905;Orliman;Genou;ROTULIG STAB Genouillère ligamentaire articulée rotulienne marine T1;0.055;69.94;0;1;1
;;8435025942912;Orliman;Genou;ROTULIG STAB Genouillère ligamentaire articulée rotulienne marine T2;0.055;69.94;0;1;1
;;8435025942998;Orliman;Genou;ROTULIG STAB Genouillère ligamentaire articulée rotulienne marine T3;0.055;69.94;0;1;1
;;8435025943001;Orliman;Genou;ROTULIG STAB Genouillère ligamentaire articulée rotulienne marine T4;0.055;69.94;0;1;1
;;8435025943018;Orliman;Genou;ROTULIG STAB Genouillère ligamentaire articulée rotulienne marine T5;0.055;69.94;0;1;1
;;8435025943025;Orliman;Genou;ROTULIG STAB Genouillère ligamentaire articulée rotulienne marine T6;0.055;69.94;0;1;1
;;8435025943032;Orliman;Genou;ROTULIG STAB Genouillère ligamentaire articulée rotulienne marine T7;0.055;69.94;0;1;1
;;8435025943049;Orliman;Genou;ROTULIG MOVE Genouillère rotulienne armature souple marine T1;0.055;41.64;0;1;1
;;8435025943056;Orliman;Genou;ROTULIG MOVE Genouillère rotulienne armature souple marine T2;0.055;41.64;0;1;1
;;8435025943063;Orliman;Genou;ROTULIG MOVE Genouillère rotulienne armature souple marine T3;0.055;41.64;0;1;1
;;8435025943070;Orliman;Genou;ROTULIG MOVE Genouillère rotulienne armature souple marine T4;0.055;41.64;0;1;1
;;8435025943162;Orliman;Genou;ROTULIG MOVE Genouillère rotulienne armature souple marine T5;0.055;41.64;0;1;1
;;8435025943179;Orliman;Genou;GENUFORTE Genouillère de contention T1;0.055;15.92;0;1;1
;;8435025943186;Orliman;Genou;GENUFORTE Genouillère de contention T2;0.055;15.92;0;1;1
;;8435025943193;Orliman;Genou;GENUFORTE Genouillère de contention T3;0.055;15.92;0;1;1
;;8435025943209;Orliman;Genou;GENUFORTE Genouillère de contention T4;0.055;15.92;0;1;1
;;8435025943216;Orliman;Genou;GENUFORTE Genouillère de contention T5;0.055;15.92;0;1;1
;;8435025943223;Orliman;Genou;GENUFORTE MAX Genouillère à armature souple T1;0.055;20.48;0;1;1
;;8435025943230;Orliman;Genou;GENUFORTE MAX Genouillère à armature souple T2;0.055;20.48;0;1;1
;;8435025943438;Orliman;Genou;GENUFORTE MAX Genouillère à armature souple T3;0.055;20.48;0;1;1
;;8435025943445;Orliman;Genou;GENUFORTE MAX Genouillère à armature souple T4;0.055;20.48;0;1;1
;;8435025943452;Orliman;Genou;GENUFORTE MAX Genouillère à armature souple T5;0.055;20.48;0;1;1
;;8435025943469;Orliman;Genou;ROTULIG Genouillère rotulienne à armature souple enfant;0.055;33.31;0;1;1
;;8435025943476;Orliman;Genou;ROTULIG Genouillère rotulienne à armature souple T1;0.055;33.31;0;1;1
;;8435025943483;Orliman;Genou;ROTULIG Genouillère rotulienne à armature souple T2;0.055;33.31;0;1;1
;;8435025943490;Orliman;Genou;ROTULIG Genouillère rotulienne à armature souple T3;0.055;33.31;0;1;1
;;8435025943506;Orliman;Genou;ROTULIG Genouillère rotulienne à armature souple T4;0.055;33.31;0;1;1
;;8435025943599;Orliman;Genou;ROTULIG Genouillère rotulienne à armature souple T5;0.055;33.31;0;1;1
;;8435025943629;Orliman;Genou;ROTULIG Genouillère rotulienne à armature souple T6;0.055;33.31;0;1;1
;3401046209179;8435025928664;Orliman;Genou;ORLIMAN Att gen monob 0° tissu H65cm TU;0.055;41.21;0;1;1
4620857;3401046208578;8435025928619;Orliman;Genou;ORLIMAN Att gen monob 0° tissu H40cm TU;0.055;41.21;0;1;1
4620863;3401046208639;8435025928626;Orliman;Genou;ORLIMAN Att gen monob 0° tissu H50cm TS;0.055;41.21;0;1;1
4620886;3401046208868;8435025928633;Orliman;Genou;ORLIMAN Att gen monob 0° tissu H50cm TL;0.055;41.21;0;1;1
4620892;3401046208929;8435025928640;Orliman;Genou;ORLIMAN Att gen monob 0° tissu H60cm TS;0.055;41.21;0;1;1
4620900;3401046209001;8435025928657;Orliman;Genou;ORLIMAN Att gen monob 0° tissu H60cm TL;0.055;41.21;0;1;1
4646437;3401046464370;8435025925793;Orliman;Genou;FLEXILIG Genouill ligam articulée noire T1;0.055;73.28;0;0;1
4646443;3401046464431;8435025925809;Orliman;Genou;FLEXILIG Genouill ligam articulée noire T2;0.055;73.28;0;0;1
4646466;3401046464660;8435025925816;Orliman;Genou;FLEXILIG Genouill ligam articulée noire T3;0.055;73.28;0;0;1
4646472;3401046464721;8435025925830;Orliman;Genou;FLEXILIG Genouill ligam articulée noire T4;0.055;73.28;0;0;1
4646489;3401046464899;8435025925847;Orliman;Genou;FLEXILIG Genouill ligam articulée noire T5;0.055;73.28;0;0;1
6010867;3401560108675;8435025929395;Orliman;Genou;GENUFLEXROM Att gen TU;0.055;96.25;0;1;1
6028941;3401060289416;8435025928671;Orliman;Genou;SM CRYOPUMP Genouill;0.055;64.11;0;1;1
6034697;;3664338000667;Orliman;Genou;ORLIMAN Att gen 3 pans H25cm péd;0.055;48.85;0;1;1
6041762;;3664338001831;Orliman;Genou;GENULIG STAB Genouill ligam rotul noire T1;0.055;87.62;0;1;1
6041772;;3664338001886;Orliman;Genou;GENULIG STAB Genouill ligam rotul noire T2;0.055;87.62;0;1;1
6041774;;3664338001893;Orliman;Genou;GENULIG STAB Genouill ligam rotul noire T3;0.055;87.62;0;1;1
6041776;;3664338001909;Orliman;Genou;GENULIG STAB Genouill ligam rotul noire T4;0.055;87.62;0;1;1
6041777;;3664338001916;Orliman;Genou;GENULIG STAB Genouill ligam rotul noire T5;0.055;87.62;0;1;1
6041781;;3664338001930;Orliman;Genou;GENULIG CRYOTEC Genouill ligam artic noire T2;0.055;85.46;0;1;1
6041782;;3664338001947;Orliman;Genou;GENULIG CRYOTEC Genouill ligam artic noire T3;0.055;85.46;0;1;1
6041783;;3664338001954;Orliman;Genou;GENULIG CRYOTEC Genouill ligam artic noire T4;0.055;85.46;0;1;1
6041784;;3664338001961;Orliman;Genou;GENULIG CRYOTEC Genouill ligam artic noire T5;0.055;85.46;0;1;1
6167851;;3664338003095;Orliman;Genou;AXESS Att genou aérée H50cm T2;0.055;34.53;0;1;1
6167855;;3664338003125;Orliman;Genou;AXESS Att genou aérée H60cm T2;0.055;34.53;0;1;1
6240902;;3664338004733;Orliman;Genou;ROTULIG MOTION Genouillère bleu/vert T1;0.055;69.94;0;1;1
6240904;;3664338004757;Orliman;Genou;ROTULIG MOTION Genouillère bleu/vert T3;0.055;69.94;0;1;1
6240905;;3664338004764;Orliman;Genou;ROTULIG MOTION Genouillère bleu/vert T4;0.055;69.94;0;1;1
6240907;;3664338004788;Orliman;Genou;ROTULIG MOTION Genouillère bleu/turquoise T1;0.055;69.94;0;1;1
6240908;;3664338004795;Orliman;Genou;ROTULIG MOTION Genouillère bleu/turquoise T2;0.055;69.94;0;1;1
6240909;;3664338004801;Orliman;Genou;ROTULIG MOTION Genouillère bleu/turquoise T3;0.055;69.94;0;1;1
6240910;;3664338004818;Orliman;Genou;ROTULIG MOTION Genouillère bleu/turquoise T4;0.055;69.94;0;1;1
6320728;3401563207283;8435025928558;Orliman;Genou;SM AXESS Att gen 3 pans H40cm;0.055;58.49;0;1;1
7165230;3401571652303;8435025928565;Orliman;Genou;SM AXESS Att gen 3 pans H50cm;0.055;58.49;0;1;1
7165247;3401571652471;8435025928572;Orliman;Genou;SM AXESS Att gen 3 pans H60cm;0.055;58.49;0;1;1
8150851;3401081508510;8435025928688;Orliman;Genou;GENU'R Att gen aérée H40cm TU;0.055;46.06;0;1;1
8150874;3401081508749;8435025928695;Orliman;Genou;GENU'R Att gen aérée H50cm T1;0.055;46.06;0;1;1
9754806;3401097548067;8435025926295;Orliman;Genou;FLEXILIG Genouill ligam articulée noire T6;0.055;73.28;0;0;1
;;3664338001077;Orliman;Main;ORLIMAN Att dgt alu/mousse T2;0.2;3.79;0;1;1
;;3664338001084;Orliman;Main;ORLIMAN Att dgt alu/mousse T3;0.2;3.79;0;1;1
;;3664338001091;Orliman;Main;ORLIMAN Att dgt alu/mousse T4;0.2;4.16;0;1;1
;;3664338001107;Orliman;Main;ORLIMAN Att dgt alu/mousse T5;0.2;4.16;0;1;1
;;3664338001114;Orliman;Main;ORLIMAN Att dgt alu/mousse T6;0.2;4.16;0;1;1
;;3664338001152;Orliman;Main;ORLIMAN Att dgt base ball T2;0.2;4.75;0;1;1
;;3664338001169;Orliman;Main;ORLIMAN Att dgt base ball T3;0.2;4.75;0;1;1
;;3664338001206;Orliman;Main;ORLIMAN Att dgt fing cot T2;0.2;2.92;0;1;1
;;3664338001282;Orliman;Main;ORLIMAN Att dgt grenouil T2;0.2;4.62;0;1;1
;;3664338001299;Orliman;Main;ORLIMAN Att dgt grenouil T3;0.2;4.62;0;1;1
;;3664338001312;Orliman;Main;ORLIMAN Att dgt stack T2;0.2;6.34;0;1;1
;;3664338001329;Orliman;Main;ORLIMAN Att dgt stack T3;0.2;6.34;0;1;1
;;3664338001336;Orliman;Main;ORLIMAN Att dgt stack T4;0.2;6.34;0;1;1
;;3664338001343;Orliman;Main;ORLIMAN Att dgt stack T5;0.2;6.34;0;1;1
;;3664338001367;Orliman;Main;ORLIMAN Att dgt stack T6;0.2;6.34;0;1;1
;;3664338001374;Orliman;Main;ORLIMAN Att dgt stack T7;0.2;6.34;0;1;1
;;3664338007079;Orliman;Main;RHIZO 3D Att pouce gauche T2;0.055;92.25;0;1;1
;3401060102029;8435025929753;Orliman;Main;MANUTEC Att pce ambidext T1;0.055;43.9;0;1;1
;3401060102036;8435025929760;Orliman;Main;MANUTEC Att pce ambidext T2;0.055;43.9;0;1;1
6018543;3401060185435;8435025933255;Orliman;Main;NEO FINGER Att dgt ambidext T1;0.055;26.06;0;1;1
6018546;3401060185466;8435025933262;Orliman;Main;NEO FINGER Att dgt ambidext T2;0.055;26.06;0;1;1
6018547;3401060185473;8435025933279;Orliman;Main;NEO FINGER Att dgt ambidext T3;0.055;26.06;0;1;1
6018548;3401060185480;8435025933286;Orliman;Main;NEO FINGER Att dgt ambidext T4;0.055;26.06;0;1;1
6034946;;3664338001145;Orliman;Main;ORLIMAN Att dgt base ball T1;0.2;4.75;0;1;1
6035119;;3664338001275;Orliman;Main;ORLIMAN Att dgt grenouil T1;0.2;4.62;0;1;1
6035122;;3664338001305;Orliman;Main;ORLIMAN Att dgt stack T1;0.2;6.34;0;1;1
;;3664338002098;Orliman;Non renseigné;PRESENTOIR BANDES DE CONTENTION NEOSTRAP;0.2;162.76;0;1;1
;;3664338003651;Orliman;Non renseigné;ORLIMAN SPORT Epaulière élastique T2;0.2;19.97;0;1;1
;;3664338003668;Orliman;Non renseigné;ORLIMAN SPORT Epaulière élastique T3;0.2;19.97;0;1;1
;;3664338007130;Orliman;Non renseigné;MANU EASY BOXER Ort poig dgt 2et3 drt T2;0.055;55.51;0;1;1
;;3664338007147;Orliman;Non renseigné;MANU EASY BOXER Ort poig dgt 2et3 drt T3;0.055;55.51;0;1;1
;;3664338007178;Orliman;Non renseigné;MANU EASY BOXER Ort poig dgt 2et3 gche T3;0.055;55.51;0;1;1
;;3664338007390;Orliman;Non renseigné;FEET PAD CHUT NOHIC Chaussure gris p35 Paire;0.055;88.03;0;1;1
;;3664338007505;Orliman;Non renseigné;FEET PAD THINIC Chaussur bge p38 Paire;0.055;88.03;0;1;1
;;3664338007536;Orliman;Non renseigné;FEET PAD THINIC Chaussur bge p41 Paire;0.055;88.03;0;1;1
;;3664338007598;Orliman;Non renseigné;FEET PAD ILLIEC Chaussur bleu m p39 Paire;0.055;110.55;0;1;1
;;3664338007666;Orliman;Non renseigné;FEET PAD DORELLE Chaussur bleu m p38 Paire;0.055;110.55;0;1;1
;;3664338007772;Orliman;Non renseigné;FEET PAD BRIAND Chaussur rge p41 Paire;0.055;110.55;0;1;1
;;3664338007796;Orliman;Non renseigné;FEET PAD GUERNIC Chaussur bleu m p39 Paire;0.055;110.55;0;1;1
;;3664338008113;Orliman;Non renseigné;MOLLETIERE SKINTAPE T3 MDR;0.2;21.15;0;1;1
;;3664338008199;Orliman;Non renseigné;GENOUILLERE SKINTAPE T1 MDR;0.2;30.1;0;1;1
;;3664338008229;Orliman;Non renseigné;GENOUILLERE SKINTAPE T4 MDR;0.2;30.1;0;1;1
;;3664338008236;Orliman;Non renseigné;GENOUILLERE SKINTAPE T5 MDR;0.2;30.1;0;1;1
;;3664338008267;Orliman;Non renseigné;COUDIERE SKINTAPE T2 MDR;0.2;21.2;0;1;1
;;3664338008274;Orliman;Non renseigné;COUDIERE SKINTAPE T3 MDR;0.2;21.2;0;1;1
;;3664338008298;Orliman;Non renseigné;CHEVILLERE SKINTAPE DROITE T1 MDR;0.2;21.12;0;1;1
;;3664338008359;Orliman;Non renseigné;ATTELLE DE POIGNET-POUCE SKINTAPE T1 MDR;0.2;17.09;0;1;1
;;3664338008366;Orliman;Non renseigné;ATTELLE DE POIGNET-POUCE SKINTAPE T2 MDR;0.2;17.09;0;1;1
;;9990000010041;Orliman;Non renseigné;ORLIMAN KIDS OFFRE MANNEQUIN - PLV.071;0.2;552.32;0;1;1
;3401060266202;8435025928602;Orliman;Non renseigné;SM ORTHO Att gen n art 3p anti-glisse H60cm;0.055;48.85;0;1;1
;3401060266226;8435025928589;Orliman;Non renseigné;SM ORTHO Att gen n art 3p anti-glisse H40cm;0.055;48.85;0;1;1
;3401060266233;8435025928596;Orliman;Non renseigné;SM ORTHO Att gen n art 3p anti-glisse H50cm;0.055;48.85;0;1;1
2945420;3401029454206;8435025908529;Orliman;Non renseigné;FEET PAD Protect gel TU;0.2;11.19;0;1;1
2945437;3401029454374;8435025908536;Orliman;Non renseigné;FEET PAD Protect gel talon TU;0.2;6.26;0;1;1
2945650;3401029456507;8435025908338;Orliman;Non renseigné;FEET PAD Tube gel protect orteil TS;0.2;9.01;0;1;1
6000549;3401060005498;8435025908567;Orliman;Non renseigné;SM EUROPE Semelle pied diabétique T0;0.2;19.81;0;1;1
6000552;3401060005528;8435025910201;Orliman;Non renseigné;SM EUROPE Semelle pied diabétique T1;0.2;19.81;0;1;1
6000555;3401060005559;8435025910218;Orliman;Non renseigné;SM EUROPE Semelle pied diabétique T2;0.2;19.81;0;1;1
6000556;3401060005566;8435025910225;Orliman;Non renseigné;SM EUROPE Semelle pied diabétique T3;0.2;19.81;0;1;1
6000557;3401060005573;8435025910232;Orliman;Non renseigné;SM EUROPE Semelle pied diabétique T4;0.2;19.81;0;1;1
6003274;3401060032746;8435025910263;Orliman;Non renseigné;SM EUROPE Semelle biomécan thermofo p38 B/2;0.2;24.08;0;1;1
6003275;3401060032753;8435025910270;Orliman;Non renseigné;SM EUROPE Semelle biomécan thermofo p39 B/2;0.2;24.08;0;1;1
6003276;3401060032760;8435025910508;Orliman;Non renseigné;SM EUROPE Semelle biomécan thermofo p40 B/2;0.2;24.08;0;1;1
6003277;3401060032777;8435025910515;Orliman;Non renseigné;SM EUROPE Semelle biomécan thermofo p41 B/2;0.2;24.08;0;1;1
6003279;3401060032791;8435025910522;Orliman;Non renseigné;SM EUROPE Semelle biomécan thermofo p42 B/2;0.2;24.08;0;1;1
6003282;3401060032821;8435025910539;Orliman;Non renseigné;SM EUROPE Semelle biomécan thermofo p43 B/2;0.2;24.08;0;1;1
6003285;3401060032852;8435025910546;Orliman;Non renseigné;SM EUROPE Semelle biomécan thermofo p44 B/2;0.2;24.08;0;1;1
6003288;3401060032883;8435025910553;Orliman;Non renseigné;SM EUROPE Semelle biomécan thermofo p45 B/2;0.2;24.08;0;1;1
6003290;3401060032906;8435025910560;Orliman;Non renseigné;SM EUROPE Semelle biomécan thermofo p46 B/2;0.2;24.08;0;1;1
6003291;3401060032913;8435025910249;Orliman;Non renseigné;SM EUROPE Semelle biomécan thermofo p36 B/2;0.2;24.08;0;1;1
6003294;3401060032944;8435025910256;Orliman;Non renseigné;SM EUROPE Semelle biomécan thermofo p37 B/2;0.2;24.08;0;1;1
6005165;3401060051655;8435025902404;Orliman;Non renseigné;SM MEMOSTAB Ort chev stabil T1;0.055;30.29;0;1;1
6005166;3401060051662;8435025902855;Orliman;Non renseigné;SM MEMOSTAB Ort chev stabil T2;0.055;30.29;0;1;1
6005167;3401060051679;8435025902398;Orliman;Non renseigné;SM MEMOSTAB Ort chev stabil T0;0.055;30.29;0;1;1
6005597;3401060055974;8435025912977;Orliman;Non renseigné;Chaussur déch av-pied T0;0.055;24.33;0;1;1
6005600;3401060056001;8435025912984;Orliman;Non renseigné;Chaussur déch av-pied T1;0.055;24.33;0;1;1
6005602;3401060056025;8435025912991;Orliman;Non renseigné;Chaussur déch av-pied T2;0.055;24.33;0;1;1
6005603;3401060056032;8435025913004;Orliman;Non renseigné;Chaussur déch av-pied T3;0.055;24.33;0;1;1
6005604;3401060056049;8435025913011;Orliman;Non renseigné;Chaussur déch av-pied T4;0.055;24.33;0;1;1
6010700;3401060107000;8435025937215;Orliman;Non renseigné;ABDOBELT Ceint ab H18cm T6;0.055;49.77;0;1;1
6010702;3401060107024;8435025937819;Orliman;Non renseigné;ABDOBELT Ceint ab H30cm T6;0.055;63.65;0;1;1
6018535;3401060185350;8435025929777;Orliman;Non renseigné;NEO RHIZO CONFORT Ort pce ambidext T0;0.055;44.12;0;1;1
6018536;3401060185367;8435025929784;Orliman;Non renseigné;NEO RHIZO CONFORT Ort pce ambidext TU;0.055;44.12;0;1;1
6018539;3401060185398;8435025930261;Orliman;Non renseigné;SM NEOSOFT Att poig drte TU;0.055;33.68;0;1;1
6018540;3401060185404;8435025930278;Orliman;Non renseigné;SM NEOSOFT Att poig gche TU;0.055;33.68;0;1;1
6034714;;3664338000827;Orliman;Non renseigné;ORLIMAN THERMOPAD Compr 15x15cm;0.2;5.81;0;1;1
6034901;;3664338000988;Orliman;Non renseigné;ORLIM SHOULD Couss abduct épaul 30-45 TU;0.2;191.77;0;1;1
6035131;;3664338001381;Orliman;Non renseigné;ORLIMAN Bde cont 2,5x50cm;0.2;8.59;0;1;1
6035132;;3664338001398;Orliman;Non renseigné;ORLIMAN Bde cont 5cmx1m;0.2;11.11;0;1;1
6035134;;3664338001404;Orliman;Non renseigné;ORLIMAN Bde cont 7,5cmx1m;0.2;13.18;0;1;1
6036093;;8435491800358;Orliman;Non renseigné;ONEPLUS Genouill ligament T1;0.055;116.65;0;1;1
6036098;;8435491800426;Orliman;Non renseigné;ONEPLUS Genouill régl ligam artic T2;0.055;155.8;0;1;1
6037770;;8435025999763;Orliman;Non renseigné;ONEPLUS Ceint sout lomb T4;0.055;148.58;0;1;1
6038572;;3664338001497;Orliman;Non renseigné;MANU EASY Att poig pce drt T1;0.055;41.91;0;1;1
6038573;;3664338001503;Orliman;Non renseigné;MANU EASY Att poig pce drt T2;0.055;41.91;0;1;1
6038575;;3664338001527;Orliman;Non renseigné;MANU EASY Att poig pce gche T1;0.055;41.91;0;1;1
6038576;;3664338001534;Orliman;Non renseigné;MANU EASY Att poig pce gche T2;0.055;41.91;0;1;1
6040809;;3664338001664;Orliman;Non renseigné;DYNAMIC FIX Corset ceint H23cm T2;0.055;149.14;0;1;1
6040810;;3664338001671;Orliman;Non renseigné;DYNAMIC FIX Corset ceint H23cm T3;0.055;149.14;0;1;1
6040811;;3664338001688;Orliman;Non renseigné;DYNAMIC FIX Corset ceint H23cm T4;0.055;149.14;0;1;1
6040812;;3664338001695;Orliman;Non renseigné;DYNAMIC FIX Corset ceint H23cm T5;0.055;149.14;0;1;1
6041785;;3664338001978;Orliman;Non renseigné;ORLIMAN SPORT Chauss compress noir T1 Paire;0.2;18.75;0;1;1
6041797;;3664338001985;Orliman;Non renseigné;ORLIMAN SPORT Chauss compress noir T2 Paire;0.2;18.75;0;1;1
6041801;;3664338002012;Orliman;Non renseigné;MANUTEC SOFT Att poig ambidext T1;0.055;40.5;0;1;1
6041802;;3664338002029;Orliman;Non renseigné;MANUTEC SOFT Att poig ambidext T2;0.055;40.5;0;1;1
6041803;;8435025996847;Orliman;Non renseigné;ORLIMAN SPORT Semelle déch talon T1 Paire;0.2;17.63;0;1;1
6041809;;8435025998018;Orliman;Non renseigné;ORLIMAN SPORT Bandage anti-épicondylite TU;0.2;13.63;0;1;1
6041811;;8435025998001;Orliman;Non renseigné;ORLIMAN SPORT Bde infra-patellaire TU;0.2;15.02;0;1;1
6085589;;3664338002104;Orliman;Non renseigné;CRYOPUMP Genouillère articulée TU;0.055;84.87;0;1;1
6087260;;3664338002173;Orliman;Non renseigné;MANU EASY BOXER Ort poig dgt 4et5 gche T3;0.055;55.51;0;1;1
6123291;;3664338002418;Orliman;Non renseigné;FIXQUICK Att poignet droit noir T2;0.055;43.91;0;1;1
6123294;;3664338002425;Orliman;Non renseigné;FIXQUICK Att poignet droit noir T3;0.055;43.91;0;1;1
6123297;;3664338002456;Orliman;Non renseigné;FIXQUICK Att poignet gauche noir T2;0.055;43.91;0;1;1
6123302;;3664338002487;Orliman;Non renseigné;FIXQUICK Att poignet pouce droit noir T1;0.055;45.51;0;1;1
6123303;;3664338002494;Orliman;Non renseigné;FIXQUICK Att poignet pouce droit noir T2;0.055;45.51;0;1;1
6123304;;3664338002500;Orliman;Non renseigné;FIXQUICK Att poignet pouce droit noir T3;0.055;45.51;0;1;1
6123307;;3664338002531;Orliman;Non renseigné;FIXQUICK Att poignet pouce gauche noir T2;0.055;45.51;0;1;1
6123308;;3664338002548;Orliman;Non renseigné;FIXQUICK Att poignet pouce gauche noir T3;0.055;45.51;0;1;1
6123314;;3664338002609;Orliman;Non renseigné;FIXQUICK Sangle anti-épicondylite noir T1;0.2;27.36;0;1;1
6123315;;3664338002616;Orliman;Non renseigné;FIXQUICK Sangle anti-épicondylite noir T2;0.2;27.36;0;1;1
6138616;;3664330026474;Orliman;Non renseigné;NEOSTRAP BD CONT NOI 7,5 cm X 2m;0.2;15;0;1;1
6154653;;3664338002654;Orliman;Non renseigné;MANU EASY Att pouce T1;0.055;39.56;0;1;1
6154656;;3664338002661;Orliman;Non renseigné;MANU EASY Att pouce T2;0.055;39.56;0;1;1
6154658;;3664338002685;Orliman;Non renseigné;RHIZO'R Att pouce droit T2;0.055;34.36;0;1;1
6154659;;3664338002692;Orliman;Non renseigné;RHIZO'R Att pouce droit T3;0.055;34.36;0;1;1
6154660;;3664338002708;Orliman;Non renseigné;RHIZO'R Att pouce gauche T1;0.055;34.36;0;1;1
6154662;;3664338002715;Orliman;Non renseigné;RHIZO'R Att pouce gauche T2;0.055;34.36;0;1;1
6154663;;3664338002722;Orliman;Non renseigné;RHIZO'R Att pouce gauche T3;0.055;34.36;0;1;1
6167858;;3664338003156;Orliman;Non renseigné;MANU EASY Att poignet pouce long droit T1;0.055;45.41;0;1;1
6167860;;3664338003170;Orliman;Non renseigné;MANU EASY Att poignet pouce long droit T2;0.055;45.41;0;1;1
6196079;3401561960791;8435025932258;Orliman;Non renseigné;SM AXESS Att poig pouce drte T1;0.055;46.76;0;1;1
6196116;3401561961163;8435025932265;Orliman;Non renseigné;SM AXESS Att poig pouce drte T2;0.055;46.76;0;1;1
6211573;;3664338003200;Orliman;Non renseigné;SM NINAE CASUAL Ceint lo matern H21cm TU;0.055;46.38;0;1;1
6211574;;3664338003217;Orliman;Non renseigné;SM NINAE CASUAL Ceint lo matern H26cm TU;0.055;52.25;0;1;1
6211578;;3664338003248;Orliman;Non renseigné;SM MONAE ACTIV Ceint ab matern T3;0.055;39.1;0;0;1
6211579;;3664338003255;Orliman;Non renseigné;SM LILAE SOFT Semelle de confort T1;0.2;18.03;0;1;1
6211581;;3664338003279;Orliman;Non renseigné;SM LILAE SOFT Semelle de confort T3;0.2;18.03;0;1;1
6211582;;3664338003286;Orliman;Non renseigné;SM NINAE EVOLUTION Ceint lo matern H21cm TU;0.055;57.26;0;1;1
6211584;;3664338003293;Orliman;Non renseigné;SM NINAE EVOLUTION Ceint lo matern H26cm TU;0.055;63.63;0;1;1
6211588;;3664338003330;Orliman;Non renseigné;SM LILAE MOVE Collant maternity beige T4;0.2;26.4;0;1;1
6211590;;3664338003354;Orliman;Non renseigné;SM MONAE LIGHT Bde pelvienne maternity TU;0.2;24.59;0;1;1
6211594;;3664338003392;Orliman;Non renseigné;SM LILAE MOVE Collant maternity noir T4;0.2;26.4;0;1;1
6219381;;3664338003552;Orliman;Non renseigné;MANU EASY SOFT Att poignet gauche T2;0.055;40.5;0;1;1
6219382;;3664338003569;Orliman;Non renseigné;MANU EASY SOFT Att poignet droit T1;0.055;40.5;0;1;1
6219383;;3664338003576;Orliman;Non renseigné;MANU EASY SOFT Att poignet droit T2;0.055;40.5;0;1;1
6295772;;3664338007970;Orliman;Non renseigné;DORSO EVOTEC Ceint soutien thorac T2;0.055;109.66;0;1;1
6295776;;3664338008007;Orliman;Non renseigné;DORSO EVOTEC Ceint soutien thorac T5;0.055;109.66;0;1;1
6295777;;3664338008014;Orliman;Non renseigné;DORSO EVOTEC Ceint soutien thorac T6;0.055;109.66;0;1;1
6295778;;3664338008021;Orliman;Non renseigné;DORSO EVOTEC Ceint soutien thorac T7;0.055;109.66;0;1;1
6296833;;3664338008038;Orliman;Non renseigné;DORSO LEAD Correcteur de posture T1;0.2;26.19;0;1;1
6296834;;3664338008045;Orliman;Non renseigné;DORSO LEAD Correcteur de posture T2;0.2;26.19;0;1;1
6296837;;3664338008076;Orliman;Non renseigné;DORSO LEAD Correcteur de posture T5;0.2;26.19;0;1;1
6297251;;3664338008243;Orliman;Non renseigné;FIXQUICK Ceinture corset H25cm TU;0.055;173.02;0;1;1
6446079;3401564460793;8435025933354;Orliman;Non renseigné;SM AXESS C1 Collier cerv rég 10,5cmT1;0.055;10.52;0;1;1
8150845;3401081508459;8435025928725;Orliman;Non renseigné;GENU'R Att gen aérée H60cm T2;0.055;46.06;0;1;1
8150880;3401081508800;8435025928701;Orliman;Non renseigné;GENU'R Att gen aérée H50cm T2;0.055;46.06;0;1;1
8150897;3401081508978;8435025928718;Orliman;Non renseigné;GENU'R Att gen aérée H60cm T1;0.055;46.06;0;1;1
8176023;3401081760239;8435025904293;Orliman;Non renseigné;CHEVISTRAP Chevill ligament T1;0.055;30.8;0;1;1
8176170;3401081761700;8435025904309;Orliman;Non renseigné;CHEVISTRAP Chevill ligament T2;0.055;30.8;0;1;1
8176187;3401081761878;8435025904316;Orliman;Non renseigné;CHEVISTRAP Chevill ligament T3;0.055;30.8;0;1;1
8275937;3401082759379;8435025906464;Orliman;Non renseigné;BOTIMED Bott mar péd;0.055;64.33;0;1;1
8275943;3401082759430;8435025906471;Orliman;Non renseigné;BOTIMED Bott mar péd T enfant;0.055;64.33;0;1;1
9767973;3401097679730;8435025924215;Orliman;Non renseigné;Echarpe bras maille filet T1/XS;0.2;13.35;0;0;1
9767996;3401097679969;8435025924222;Orliman;Non renseigné;Echarpe bras maille filet T2/S;0.2;13.35;0;0;1
9768004;3401097680040;8435025924239;Orliman;Non renseigné;Echarpe bras maille filet T3/M;0.2;13.35;0;0;1
9768010;3401097680101;;Orliman;Non renseigné;Echarpe bras maille filet T4/L;0.2;11.57;0;0;1
9775530;3401097755304;8435025925502;Orliman;Non renseigné;SM ORTHO ALTITUDE Genouill T1;0.055;126.67;0;0;1
9775547;3401097755472;8435025925519;Orliman;Non renseigné;SM ORTHO ALTITUDE Genouill T2;0.055;126.67;0;0;1
9775553;3401097755533;8435025925526;Orliman;Non renseigné;SM ORTHO ALTITUDE Genouill T3;0.055;126.67;0;0;1
9775576;3401097755762;8435025925533;Orliman;Non renseigné;SM ORTHO ALTITUDE Genouill T4;0.055;126.67;0;0;1
9775582;3401097755823;8435025925540;Orliman;Non renseigné;SM ORTHO ALTITUDE Genouill T5;0.055;126.67;0;0;1
9848571;;8435025971202;Orliman;Non renseigné;SM BOXIA Releveur de pied T1;0.055;54.32;0;1;1
9848588;;8435025971219;Orliman;Non renseigné;SM BOXIA Releveur de pied T2;0.055;54.32;0;1;1
9848594;;8435025971226;Orliman;Non renseigné;SM BOXIA Releveur de pied T3;0.055;54.32;0;1;1
8143621;3401081436219;8435025930162;Orliman;Orliman Sport;ORLIMAN SPORT Att poig élast T3;0.2;12.58;0;1;1
8145146;3401081451465;8435025930179;Orliman;Orliman Sport;ORLIMAN SPORT Att poig élast régl TU;0.2;9.95;0;1;1
8145152;3401081451526;8435025930148;Orliman;Orliman Sport;ORLIMAN SPORT Att poig élast T1;0.2;12.58;0;1;1
8145169;3401081451694;8435025930155;Orliman;Orliman Sport;ORLIMAN SPORT Att poig élast T2;0.2;12.58;0;1;1
8145175;3401081451755;8435025903784;Orliman;Orliman Sport;ORLIMAN SPORT Chevill élast régl cont T1;0.2;12.58;0;1;1
8145181;3401081451816;8435025903791;Orliman;Orliman Sport;ORLIMAN SPORT Chevill élast régl cont T2;0.2;12.58;0;1;1
8145198;3401081451984;8435025903883;Orliman;Orliman Sport;ORLIMAN SPORT Chevill élast régl cont T3;0.2;12.58;0;1;1
8145206;3401081452066;8435025903753;Orliman;Orliman Sport;ORLIMAN SPORT Chevill élast cont T1;0.2;19.59;0;1;1
8145212;3401081452127;8435025903760;Orliman;Orliman Sport;ORLIMAN SPORT Chevill élast cont T2;0.2;19.59;0;1;1
8145229;3401081452295;8435025903777;Orliman;Orliman Sport;ORLIMAN SPORT Chevill élast cont T3;0.2;19.59;0;1;1
8145235;3401081452356;8435025924529;Orliman;Orliman Sport;ORLIMAN SPORT Coud élast cont T1;0.2;14.98;0;1;1
8145241;3401081452417;8435025924536;Orliman;Orliman Sport;ORLIMAN SPORT Coud élast cont T2;0.2;14.98;0;1;1
8145258;3401081452585;8435025924543;Orliman;Orliman Sport;ORLIMAN SPORT Coud élast cont T3;0.2;14.98;0;1;1
8145264;3401081452646;8435025929432;Orliman;Orliman Sport;ORLIMAN SPORT Cuissard élast cont T1;0.2;17;0;1;1
8145270;3401081452707;8435025929449;Orliman;Orliman Sport;ORLIMAN SPORT Cuissard élast cont T2;0.2;17;0;1;1
8145287;3401081452875;8435025929456;Orliman;Orliman Sport;ORLIMAN SPORT Cuissard élast cont T3;0.2;17;0;1;1
8145293;3401081452936;8435025926356;Orliman;Orliman Sport;ORLIMAN SPORT Genouill élast cont T1;0.2;19.59;0;1;1
8145301;3401081453018;8435025926363;Orliman;Orliman Sport;ORLIMAN SPORT Genouill élast cont T2;0.2;19.59;0;1;1
8145318;3401081453186;8435025926370;Orliman;Orliman Sport;ORLIMAN SPORT Genouill élast cont T3;0.2;19.59;0;1;1
8145347;3401081453476;8435025929463;Orliman;Orliman Sport;ORLIMAN SPORT Molletière élast cont T1;0.2;17;0;1;1
8145376;3401081453766;8435025929470;Orliman;Orliman Sport;ORLIMAN SPORT Molletière élast cont T2;0.2;17;0;1;1
8145382;3401081453827;8435025929487;Orliman;Orliman Sport;ORLIMAN SPORT Molletière élast cont T3;0.2;17;0;1;1
;;3664338006874;Orliman;Pied - cheville;SM ORTHO Chevillère achillo T3;0.055;37.41;0;1;1
;;8435025948297;Orliman;Pied - cheville;FIXQUICK MAX Att cheville T0;0.055;43.9;0;1;1
;;8435025948303;Orliman;Pied - cheville;FIXQUICK MAX Att cheville T1;0.055;43.9;0;1;1
;;8435025948310;Orliman;Pied - cheville;FIXQUICK MAX Att cheville T2;0.055;43.9;0;1;1
;;8435025948327;Orliman;Pied - cheville;FIXQUICK MAX Att cheville T3;0.055;43.9;0;1;1
;;8435025948334;Orliman;Pied - cheville;FIXQUICK MAX Att cheville T4;0.055;43.9;0;1;1
;;8435025948471;Orliman;Pied - cheville;ORLIMAN Releveur de pied droit T1 25;0.055;49.43;0;1;1
;;8435025948488;Orliman;Pied - cheville;ORLIMAN Releveur de pied droit T2 25;0.055;49.43;0;1;1
;;8435025948495;Orliman;Pied - cheville;ORLIMAN Releveur de pied droit T3 25;0.055;49.43;0;1;1
;;8435025948501;Orliman;Pied - cheville;ORLIMAN Releveur de pied droit T4 25;0.055;49.43;0;1;1
;;8435025948518;Orliman;Pied - cheville;ORLIMAN Releveur de pied gauche T1 25;0.055;49.43;0;1;1
;;8435025948525;Orliman;Pied - cheville;ORLIMAN Releveur de pied gauche T2 25;0.055;49.43;0;1;1
;;8435025948648;Orliman;Pied - cheville;ORLIMAN Releveur de pied gauche T3 25;0.055;49.43;0;1;1
;;8435025948716;Orliman;Pied - cheville;ORLIMAN Releveur de pied gauche T4 25;0.055;49.43;0;1;1
;;8435025948723;Orliman;Pied - cheville;ORLIMAN MEMOFORME AIR Att cheville petit;0.055;30.87;0;1;1
;;8435025948730;Orliman;Pied - cheville;ORLIMAN MEMOFORME AIR Att cheville standard;0.055;30.87;0;1;1
;;8435025949454;Orliman;Pied - cheville;CHEVIFORTE Chevillère contention T1;0.055;16;0;1;1
;;8435025949461;Orliman;Pied - cheville;CHEVIFORTE Chevillère contention T2;0.055;16;0;1;1
;;8435025949515;Orliman;Pied - cheville;CHEVIFORTE Chevillère contention T3;0.055;16;0;1;1
;;8435025949539;Orliman;Pied - cheville;CHEVIFORTE Chevillère contention T4;0.055;16;0;1;1
;;8435025949546;Orliman;Pied - cheville;CHEVIFORTE Chevillère contention T5;0.055;16;0;1;1
;;8435025949553;Orliman;Pied - cheville;CHEVILIG SM ORTHO Chevillère ligamentaire T1;0.055;25.96;0;1;1
;;8435025949560;Orliman;Pied - cheville;CHEVILIG SM ORTHO Chevillère ligamentaire T2;0.055;25.96;0;1;1
;;8435025949577;Orliman;Pied - cheville;CHEVILIG SM ORTHO Chevillère ligamentaire T3;0.055;25.96;0;1;1
;;8435025949584;Orliman;Pied - cheville;CHEVILIG SM ORTHO Chevillère ligamentaire T4;0.055;25.96;0;1;1
;;8435025949591;Orliman;Pied - cheville;CHEVILIG SM ORTHO Chevillère ligamentaire T5;0.055;25.96;0;1;1
;;8435025949607;Orliman;Pied - cheville;CHEVILIG SM ORTHO Chevillère ligamentaire T0/enfant;0.055;25.96;0;1;1
;;9990000010559;Orliman;Pied - cheville;PRESENTOIR DE COMPTOIR HALLUX VALGUS;0.2;315.71;0;1;1
4633995;3401046339951;8435025906488;Orliman;Pied - cheville;BOTIMED Bott mar basse S;0.055;55.63;0;0;1
4634003;3401046340032;8435025906495;Orliman;Pied - cheville;BOTIMED Bott mar basse M;0.055;55.63;0;0;1
4634026;3401046340261;8435025906501;Orliman;Pied - cheville;BOTIMED Bott mar basse L;0.055;55.63;0;0;1
4634061;3401046340612;8435025906792;Orliman;Pied - cheville;BOTIMED Bott mar artic ht S;0.055;90.13;0;0;1
4634078;3401046340780;8435025906808;Orliman;Pied - cheville;BOTIMED Bott mar artic ht M;0.055;90.13;0;0;1
4634084;3401046340841;8435025906815;Orliman;Pied - cheville;BOTIMED Bott mar artic ht L;0.055;90.13;0;0;1
4634090;3401046340902;8435025906594;Orliman;Pied - cheville;BOTIMED Bott mar haute S;0.055;63.36;0;0;1
4634109;3401046341091;8435025906600;Orliman;Pied - cheville;BOTIMED Bott mar haute M;0.055;63.36;0;0;1
4634115;3401046341152;8435025906617;Orliman;Pied - cheville;BOTIMED Bott mar haute L;0.055;63.36;0;0;1
4642698;3401046426989;8435025942325;Orliman;Pied - cheville;SM EUROPE Att chev msse noir PM;0.055;24.18;0;1;1
4642706;3401046427061;8435025942332;Orliman;Pied - cheville;SM EUROPE Att chev msse noir std;0.055;24.18;0;1;1
6032965;;3664338000001;Orliman;Pied - cheville;ORLIMAN MEMOFORME Att chev PM;0.055;25.76;0;1;1
6032966;;3664338000018;Orliman;Pied - cheville;ORLIMAN MEMOFORME Att chev std;0.055;25.76;0;1;1
6034921;;3664338000995;Orliman;Pied - cheville;FEET PAD Chauss compres p diab noir T1 Paire;0.2;10.05;0;1;1
6034928;;3664338001039;Orliman;Pied - cheville;FEET PAD Chauss compres p diab noir T2 Paire;0.2;9.88;0;1;1
6038578;;3664338001558;Orliman;Pied - cheville;FEET PAD Chauss compres p diab gris T1 Paire;0.2;10.64;0;1;1
6225816;;3664338004610;Orliman;Pied - cheville;BOXIA Releveur pied T2 20-26cm;0.055;62.21;0;1;1
6225818;;3664338004627;Orliman;Pied - cheville;BOXIA Releveur pied T3 26-32cm;0.055;62.21;0;1;1
7165201;3401571652013;8435025902862;Orliman;Pied - cheville;SM AXESS Att chev msse ptt;0.055;28.63;0;1;1
7165218;3401571652181;8435025902879;Orliman;Pied - cheville;SM AXESS Att chev msse std;0.055;28.63;0;1;1
8138956;3401081389560;8435025912878;Orliman;Pied - cheville;Chaussur marche p diabétique T0;0.055;29.64;0;1;1
8139105;3401081391051;8435025912885;Orliman;Pied - cheville;Chaussur marche p diabétique T1;0.055;29.64;0;1;1
8139186;3401081391860;8435025912892;Orliman;Pied - cheville;Chaussur marche p diabétique T2;0.055;29.64;0;1;1
8139246;3401081392461;8435025912908;Orliman;Pied - cheville;Chaussur marche p diabétique T3;0.055;29.64;0;1;1
8139252;3401081392522;8435025912915;Orliman;Pied - cheville;Chaussur marche p diabétique T4;0.055;29.64;0;1;1
8145399;3401081453995;8435025912922;Orliman;Pied - cheville;Kit chauss marche p diabétique T0;0.055;51.75;0;1;1
8145413;3401081454138;8435025912939;Orliman;Pied - cheville;Kit chauss marche p diabétique T1;0.055;51.75;0;1;1
8145442;3401081454428;8435025912946;Orliman;Pied - cheville;Kit chauss marche p diabétique T2;0.055;51.75;0;1;1
8145459;3401081454596;8435025912953;Orliman;Pied - cheville;Kit chauss marche p diabétique T3;0.055;51.75;0;1;1
8145465;3401081454657;8435025912960;Orliman;Pied - cheville;Kit chauss marche p diabétique T4;0.055;51.75;0;1;1
9775470;3401097754703;8435025906761;Orliman;Pied - cheville;BOTIMED AIR Bott mar haute S;0.055;77.24;0;0;1
9775487;3401097754871;8435025906778;Orliman;Pied - cheville;BOTIMED AIR Bott mar haute M;0.055;77.24;0;0;1
9775493;3401097754932;8435025906785;Orliman;Pied - cheville;BOTIMED AIR Bott mar haute L;0.055;77.24;0;0;1
9775501;3401097755014;8435025906624;Orliman;Pied - cheville;BOTIMED AIR Bott mar basse S;0.055;69.36;0;0;1
9775518;3401097755182;8435025906631;Orliman;Pied - cheville;BOTIMED AIR Bott mar basse M;0.055;69.36;0;0;1
9775524;3401097755243;8435025906679;Orliman;Pied - cheville;BOTIMED AIR Bott mar basse L;0.055;69.36;0;0;1
;;3664338008373;Orliman;Poignet;ATTELLE DE POIGNET-POUCE SKINTAPE T3 MDR;0.2;17.09;0;1;1
;;8435025939219;Orliman;Poignet;MOUV'N FIT Attelle poignet pouce turquoise T1 B/1;0.055;44.34;0;1;1
;;8435025939226;Orliman;Poignet;MOUV'N FIT Attelle poignet pouce turquoise T2 B/1;0.055;44.34;0;1;1
;;8435025939271;Orliman;Poignet;MOUV'N FIT Att poignet turquoise T1 B/1;0.055;40.91;0;1;1
;;8435025939288;Orliman;Poignet;MOUV'N FIT Att poignet turquoise T2 B/1;0.055;40.91;0;1;1
;3401060102012;8435025930254;Orliman;Poignet;MANUTEC Att poig ambidext T2;0.055;42.17;0;1;1
;3401060102050;8435025930247;Orliman;Poignet;MANUTEC Att poig ambidext T1;0.055;42.17;0;1;1
;3401060312824;8435025930285;Orliman;Poignet;ORLIMAN CONFORT+ 27 Ort p/m drt T1;0.055;43.06;0;0;1
;3401060312831;8435025930414;Orliman;Poignet;ORLIMAN CONFORT+ 27 Ort p/m drt T2;0.055;43.06;0;0;1
;3401060312848;8435025930421;Orliman;Poignet;ORLIMAN CONFORT+ 27 Ort p/m drt T3;0.055;43.06;0;0;1
5379955;3401053799557;8435025929715;Orliman;Poignet;SM ORTHO Ort pce rhizo mp drte T1;0.055;34.36;0;0;1
5379961;3401053799618;8435025929722;Orliman;Poignet;SM ORTHO Ort pce rhizo mp drte T2;0.055;34.36;0;0;1
5379978;3401053799786;8435025929739;Orliman;Poignet;SM ORTHO Ort pce rhizo mp gche T1;0.055;34.36;0;0;1
5379984;3401053799847;8435025929746;Orliman;Poignet;SM ORTHO Ort pce rhizo mp gche T2;0.055;34.36;0;0;1
6018549;3401060185497;8435025932821;Orliman;Poignet;NEO BOXER Ort poig dgt 4et5 gche T1;0.055;55.51;0;1;1
6018551;3401060185510;8435025932838;Orliman;Poignet;NEO BOXER Ort poig dgt 4et5 gche T2;0.055;55.51;0;1;1
6018552;3401060185527;8435025932845;Orliman;Poignet;NEO BOXER Ort poig dgt 4et5 gche T3;0.055;55.51;0;1;1
6018553;3401060185534;8435025932791;Orliman;Poignet;NEO BOXER Ort poig dgt 4et5 drt T1;0.055;55.51;0;1;1
6018554;3401060185541;8435025932807;Orliman;Poignet;NEO BOXER Ort poig dgt 4et5 drt T2;0.055;55.51;0;1;1
6018555;3401060185558;8435025932814;Orliman;Poignet;NEO BOXER Ort poig dgt 4et5 drt T3;0.055;55.51;0;1;1
6018556;3401060185565;8435025932739;Orliman;Poignet;NEO BOXER Ort poig dgt 2et3 drte T1;0.055;55.51;0;1;1
6018558;3401060185589;8435025932746;Orliman;Poignet;NEO BOXER Ort poig dgt 2et3 drte T2;0.055;55.51;0;1;1
6018561;3401060185619;8435025932753;Orliman;Poignet;NEO BOXER Ort poig dgt 2et3 drte T3;0.055;55.51;0;1;1
6018563;3401060185633;8435025932760;Orliman;Poignet;NEO BOXER Ort poig dgt 2et3 gche T1;0.055;55.51;0;1;1
6018564;3401060185640;8435025932777;Orliman;Poignet;NEO BOXER Ort poig dgt 2et3 gche T2;0.055;55.51;0;1;1
6018565;3401060185657;8435025932784;Orliman;Poignet;NEO BOXER Ort poig dgt 2et3 gche T3;0.055;55.51;0;1;1
6031277;3401060312770;8435025930438;Orliman;Poignet;ORLIMAN CONFORT+ 27 Ort p/m gche T1;0.055;43.06;0;0;1
6031278;3401060312787;8435025930476;Orliman;Poignet;ORLIMAN CONFORT+ 27 Ort p/m gche T2;0.055;43.06;0;0;1
6031279;3401060312794;8435025930483;Orliman;Poignet;ORLIMAN CONFORT+ 27 Ort p/m gche T3;0.055;43.06;0;0;1
6031281;3401060312817;;Orliman;Poignet;ORLIMAN CONFORT+ 27 Ort p/m drt TU;0.055;39.8;0;0;1
6032971;;3664338000049;Orliman;Poignet;ORLIMAN Ort poig Cf + drt T3;0.055;30.4;0;1;1
6032972;;3664338000056;Orliman;Poignet;ORLIMAN Ort poig Cf + drt T enfant;0.055;30.4;0;1;1
6032973;;3664338000063;Orliman;Poignet;ORLIMAN Ort poig Cf + drt péd;0.055;30.4;0;1;1
6032978;;3664338000100;Orliman;Poignet;ORLIMAN Ort poig Cf + gch T2;0.055;30.4;0;1;1
6032980;;3664338000124;Orliman;Poignet;ORLIMAN Ort poig Cf + gch T enfant;0.055;30.4;0;1;1
6032982;;3664338000131;Orliman;Poignet;ORLIMAN Ort poig Cf + gch péd;0.055;30.4;0;1;1
6033020;;3664338000148;Orliman;Poignet;ORLIMAN Ort poign néo conf TU;0.055;38.87;0;1;1
6033021;;3664338000155;Orliman;Poignet;ORLIMAN Ort p/pc Cf + drt T1;0.055;39.71;0;1;1
6033025;;3664338000179;Orliman;Poignet;ORLIMAN Ort p/pc Cf + drt T3;0.055;39.71;0;1;1
6033026;;3664338000186;Orliman;Poignet;ORLIMAN Ort p/pc Cf + drt T enfant;0.055;39.71;0;1;1
6033027;;3664338000193;Orliman;Poignet;ORLIMAN Ort p/pc Cf + drt TU;0.055;39.71;0;1;1
6033030;;3664338000209;Orliman;Poignet;ORLIMAN Ort p/pc Cf + gch TU;0.055;39.71;0;1;1
6033031;;3664338000216;Orliman;Poignet;ORLIMAN Ort p/pc Cf + gch T1;0.055;39.71;0;1;1
6033034;;3664338000247;Orliman;Poignet;ORLIMAN Ort p/pc Cf + gch T enfant;0.055;39.71;0;1;1
6034554;;3664338000520;Orliman;Poignet;ORLIMAN MANU EASY Ort p/m gche T3;0.055;41.45;0;0;1
6034556;;3664338000544;Orliman;Poignet;ORLIMAN MANU EASY Ort p/m gche T2;0.055;41.45;0;0;1
6034557;;3664338000551;Orliman;Poignet;ORLIMAN MANU EASY Ort p/m drt T1;0.055;41.45;0;0;1
6034558;;3664338000568;Orliman;Poignet;ORLIMAN MANU EASY Ort p/m drt T2;0.055;41.45;0;0;1
6034559;;3664338000575;Orliman;Poignet;ORLIMAN MANU EASY Ort p/m drt T3;0.055;41.45;0;0;1
6038577;;3664338001541;Orliman;Poignet;MANU EASY Att poig pce gche T3;0.055;41.91;0;1;1
6196062;3401561960623;8435025930100;Orliman;Poignet;SM AXESS Att poig gche T1;0.055;38.51;0;1;1
6196085;3401561960852;8435025932272;Orliman;Poignet;SM AXESS Att poig pouce gche T1;0.055;46.76;0;1;1
6196091;3401561960913;8435025932289;Orliman;Poignet;SM AXESS Att poig pouce gche T2;0.055;46.76;0;1;1
6438298;3401564382989;8435025930032;Orliman;Poignet;SM AXESS Att poig drte T1;0.055;38.51;0;1;1
7165253;3401571652532;8435025930117;Orliman;Poignet;SM AXESS Att poig gche T2;0.055;38.51;0;1;1
7165276;3401571652761;8435025930094;Orliman;Poignet;SM AXESS Att poig drte T2;0.055;38.51;0;1;1
;;3664338008656;Orliman;Rachis cervical;ORLIMAN C2 Collier cerv évol C1 7,5cm T2;0.055;12.35;0;1;1
;;3664338008694;Orliman;Rachis cervical;ORLIMAN C2 Collier cerv évol C1 9,5cm T2;0.055;12.35;0;1;1
4640802;3401046408022;8435025933668;Orliman;Rachis cervical;C3 Collier cerv rigide av ment PM;0.055;24.35;0;0;1
4640819;3401046408190;8435025933675;Orliman;Rachis cervical;C3 Collier cerv rigide av ment MM;0.055;24.35;0;0;1
4640825;3401046408251;8435025933682;Orliman;Rachis cervical;C3 Collier cerv rigide av ment GM;0.055;24.35;0;0;1
6034504;;3664338000278;Orliman;Rachis cervical;ORLIMAN C2 Collier cerv sem rig H7,5cmT1;0.055;11.94;0;1;1
6034505;;3664338000285;Orliman;Rachis cervical;ORLIMAN C2 Collier cerv sem rig H7,5cmT2;0.055;11.94;0;1;1
6034510;;3664338000315;Orliman;Rachis cervical;ORLIMAN C2 Collier cerv sem rig H9,5cmT2;0.055;11.94;0;1;1
6034512;;3664338000322;Orliman;Rachis cervical;ORLIMAN C2 Collier cerv sem rig H9,5cmT3;0.055;11.94;0;1;1
6034519;;3664338000360;Orliman;Rachis cervical;ORLIMAN C2 Collier cerv sem rig 10,5cmT3;0.055;11.94;0;1;1
6034526;;3664338000384;Orliman;Rachis cervical;ORLIMAN C1 Collier cerv soup H5cm péd;0.055;7.49;0;1;1
6034530;;3664338000407;Orliman;Rachis cervical;ORLIMAN C1 Collier cerv soup H9,5cmT1;0.055;7.49;0;1;1
6034531;;3664338000414;Orliman;Rachis cervical;ORLIMAN C1 Collier cerv soup H9,5cmT2;0.055;7.49;0;1;1
6034533;;3664338000421;Orliman;Rachis cervical;ORLIMAN C1 Collier cerv soup H9,5cmT3;0.055;7.49;0;1;1
6034535;;3664338000438;Orliman;Rachis cervical;ORLIMAN C1 Collier cerv soup H9,5cm T4;0.055;7.49;0;1;1
6034538;;3664338000445;Orliman;Rachis cervical;ORLIMAN C1 Collier cerv soup 10,5cmT1;0.055;7.49;0;1;1
6034540;;3664338000452;Orliman;Rachis cervical;ORLIMAN C1 Collier cerv soup 10,5cmT2;0.055;7.49;0;1;1
6034541;;3664338000469;Orliman;Rachis cervical;ORLIMAN C1 Collier cerv soup 10,5cmT3;0.055;7.49;0;1;1
6034545;;3664338000483;Orliman;Rachis cervical;ORLIMAN C1 Collier cerv soup H7,5cmT1;0.055;7.49;0;1;1
6034547;;3664338000490;Orliman;Rachis cervical;ORLIMAN C1 Collier cerv soup H7,5cmT2;0.055;7.49;0;1;1
6034548;;3664338000506;Orliman;Rachis cervical;ORLIMAN C1 Collier cerv soup H7,5cmT3;0.055;7.49;0;1;1
6034549;;3664338000513;Orliman;Rachis cervical;ORLIMAN C1 Collier cerv soup H7,5cmT4;0.055;7.49;0;1;1
6323270;;3664338008557;Orliman;Rachis cervical;ORLIMAN ONE PLUS Collier cervical 7,5cm T1;0.055;13.83;0;1;1
6323271;;3664338008564;Orliman;Rachis cervical;ORLIMAN ONE PLUS Collier cervical 7,5cm T2;0.055;13.83;0;1;1
6446085;3401564460854;8435025933378;Orliman;Rachis cervical;SM AXESS C1 Collier cerv rég 6,5cm T0;0.055;10.52;0;1;1
6446091;3401564460915;8435025933385;Orliman;Rachis cervical;SM AXESS C1 Collier cerv rég 7,5cm T1;0.055;10.52;0;1;1
6446116;3401564461165;8435025933392;Orliman;Rachis cervical;SM AXESS C1 Collier cerv rég 7,5cm T2;0.055;10.52;0;1;1
6446122;3401564461226;8435025933620;Orliman;Rachis cervical;SM AXESS C1 Collier cerv rég 7,5cm T3;0.055;10.52;0;1;1
6446139;3401564461394;8435025933637;Orliman;Rachis cervical;SM AXESS C1 Collier cerv rég 9,5cm T1;0.055;10.52;0;1;1
6446145;3401564461455;8435025933644;Orliman;Rachis cervical;SM AXESS C1 Collier cerv rég 9,5cm T2;0.055;10.52;0;1;1
6446151;3401564461516;8435025933651;Orliman;Rachis cervical;SM AXESS C1 Collier cerv rég 9,5cm T3;0.055;10.52;0;1;1
7165282;3401571652822;8435025933361;Orliman;Rachis cervical;SM AXESS C1 Collier cerv rég 10,5cmT2;0.055;10.52;0;1;1
9767950;3401097679501;8435025933699;Orliman;Rachis cervical;C4 Collier c r av m TS/M;0.055;24.35;0;0;1
9767967;3401097679679;8435025933705;Orliman;Rachis cervical;C4 Collier c r av m TL/XL;0.055;24.35;0;0;1
;;8435025944374;Orliman;Rachis lombaire;LOMBOTHERM Ceinture lombaire thermique chaud/froid H26cm T1;0.055;54.45;0;0;1
;;8435025944381;Orliman;Rachis lombaire;LOMBOTHERM Ceinture lombaire thermique chaud/froid H26cm T2;0.055;54.45;0;0;1
;;8435025944527;Orliman;Rachis lombaire;LOMBOTHERM Ceinture lombaire thermique chaud/froid H26cm T3;0.055;54.45;0;0;1
;;8435025944541;Orliman;Rachis lombaire;LOMBOBELT Ceinture lombaire H26cm T2;0.055;45.31;0;0;1
;;8435025944558;Orliman;Rachis lombaire;LOMBOBELT Ceinture lombaire H26cm T3;0.055;45.31;0;0;1
;;8435025944565;Orliman;Rachis lombaire;LOMBOBELT Ceinture lombaire H26cm T4;0.055;45.31;0;0;1
;;8435025944572;Orliman;Rachis lombaire;LOMBOBELT Ceinture lombaire H26cm T5;0.055;45.31;0;0;1
;;8435025944589;Orliman;Rachis lombaire;LOMBOBELT ACTIV Ceinture lombaire H26cm T1;0.055;63.36;0;1;1
;;8435025944596;Orliman;Rachis lombaire;LOMBOBELT ACTIV Ceinture lombaire H26cm T2;0.055;63.36;0;1;1
;;8435025944602;Orliman;Rachis lombaire;LOMBOBELT ACTIV Ceinture lombaire H26cm T3;0.055;63.36;0;1;1
;;8435025944619;Orliman;Rachis lombaire;LOMBOBELT ACTIV Ceinture lombaire H26cm T4;0.055;63.36;0;1;1
;;8435025944626;Orliman;Rachis lombaire;LOMBOBELT ACTIV Ceinture lombaire H26cm T5;0.055;63.36;0;1;1
;;8435025944633;Orliman;Rachis lombaire;LOMBOBELT ACTIV Ceinture lombaire H21cm T1;0.055;58.11;0;1;1
;;8435025944787;Orliman;Rachis lombaire;LOMBOBELT ACTIV Ceinture lombaire H21cm T2;0.055;58.11;0;1;1
;;8435025944794;Orliman;Rachis lombaire;LOMBOBELT ACTIV Ceinture lombaire H21cm T3;0.055;58.11;0;1;1
;;8435025944831;Orliman;Rachis lombaire;LOMBOBELT ACTIV Ceinture lombaire H21cm T4;0.055;58.11;0;1;1
;;8435025944848;Orliman;Rachis lombaire;LOMBOBELT ACTIV Ceinture lombaire H21cm T5;0.055;58.11;0;1;1
;;8435025944855;Orliman;Rachis lombaire;LOMBOBELT Ceinture lombaire rappel postural H21cm T1;0.055;44.97;0;1;1
;;8435025944862;Orliman;Rachis lombaire;LOMBOBELT Ceinture lombaire rappel postural H21cm T2;0.055;44.97;0;1;1
;;8435025944879;Orliman;Rachis lombaire;LOMBOBELT Ceinture lombaire rappel postural H21cm T3;0.055;44.97;0;1;1
;;8435025944886;Orliman;Rachis lombaire;LOMBOBELT Ceinture lombaire rappel postural H21cm T4;0.055;44.97;0;1;1
;;8435025945449;Orliman;Rachis lombaire;LOMBOBELT Ceinture lombaire rappel postural H21cm T5;0.055;44.97;0;1;1
;;8435025945456;Orliman;Rachis lombaire;LOMBOBELT Ceinture lombaire rappel postural H21cm T6;0.055;44.97;0;1;1
;;8435025946859;Orliman;Rachis lombaire;LOMBOBELT Ceinture lombaire rappel postural H26cm T2;0.055;49.35;0;1;1
;;8435025946866;Orliman;Rachis lombaire;LOMBOBELT Ceinture lombaire rappel postural H26cm T3;0.055;49.35;0;1;1
;;8435025946873;Orliman;Rachis lombaire;LOMBOBELT Ceinture lombaire rappel postural H26cm T4;0.055;49.35;0;1;1
;;8435025946880;Orliman;Rachis lombaire;LOMBOBELT Ceinture lombaire rappel postural H26cm T5;0.055;49.35;0;1;1
;;8435025947788;Orliman;Rachis lombaire;L'EVOLUTIVE Ceinture lombaire gris H21cm T3 B/1;0.055;49.36;0;1;1
;;8435025947795;Orliman;Rachis lombaire;L'EVOLUTIVE Ceinture lombaire gris H21cm T4 B/1;0.055;49.36;0;1;1
;;8435025947832;Orliman;Rachis lombaire;L'EVOLUTIVE Ceinture lombaire gris H21cm T5 B/1;0.055;49.36;0;1;1
;;8435025947856;Orliman;Rachis lombaire;L'EVOLUTIVE Ceinture lombaire gris H26cm T2 B/1;0.055;55.09;0;1;1
;;8435025947863;Orliman;Rachis lombaire;L'EVOLUTIVE Ceinture lombaire gris H26cm T3 B/1;0.055;55.09;0;1;1
;;8435025947870;Orliman;Rachis lombaire;L'EVOLUTIVE Ceinture lombaire gris H26cm T4 B/1;0.055;55.09;0;1;1
;;8435025947887;Orliman;Rachis lombaire;L'EVOLUTIVE Ceinture lombaire gris H26cm T5 B/1;0.055;55.09;0;1;1
;;8435025947894;Orliman;Rachis lombaire;L'EVOLUTIVE Ceinture lombaire noir H21cm T1 B/1;0.055;49.36;0;1;1
;;8435025948167;Orliman;Rachis lombaire;L'EVOLUTIVE Ceinture lombaire noir H21cm T2 B/1;0.055;49.36;0;1;1
;;8435025948174;Orliman;Rachis lombaire;L'EVOLUTIVE Ceinture lombaire noir H21cm T3 B/1;0.055;49.36;0;1;1
;;8435025948181;Orliman;Rachis lombaire;L'EVOLUTIVE Ceinture lombaire noir H21cm T4 B/1;0.055;49.36;0;1;1
;;8435025948198;Orliman;Rachis lombaire;L'EVOLUTIVE Ceinture lombaire noir H21cm T5 B/1;0.055;49.36;0;1;1
;;8435025948204;Orliman;Rachis lombaire;L'EVOLUTIVE Ceinture lombaire noir H26cm T1 B/1;0.055;55.09;0;1;1
;;8435025948211;Orliman;Rachis lombaire;L'EVOLUTIVE Ceinture lombaire noir H26cm T2 B/1;0.055;55.09;0;1;1
;;8435025948228;Orliman;Rachis lombaire;L'EVOLUTIVE Ceinture lombaire noir H26cm T3 B/1;0.055;55.09;0;1;1
;;8435025948235;Orliman;Rachis lombaire;L'EVOLUTIVE Ceinture lombaire noir H26cm T4 B/1;0.055;55.09;0;1;1
;;8435025948242;Orliman;Rachis lombaire;L'EVOLUTIVE Ceinture lombaire noir H26cm T5 B/1;0.055;55.09;0;1;1
;;8435025948259;Orliman;Rachis lombaire;LOMBOBELT Ceinture lombaire rappel postural H26cm T6;0.055;49.35;0;1;1
;3401060176099;8435025936553;Orliman;Rachis lombaire;LOMBOFIT Ceint lomb H21cm T1;0.055;33.54;0;1;1
;3401060176105;8435025936560;Orliman;Rachis lombaire;LOMBOFIT Ceint lomb H21cm T2;0.055;33.54;0;1;1
;3401060176112;8435025936577;Orliman;Rachis lombaire;LOMBOFIT Ceint lomb H21cm T3;0.055;33.54;0;1;1
;3401060176129;8435025936584;Orliman;Rachis lombaire;LOMBOFIT Ceint lomb H26cm T1;0.055;35.9;0;1;1
;3401060176136;8435025936591;Orliman;Rachis lombaire;LOMBOFIT Ceinture lombaire H26cm T2;0.055;35.9;0;1;1
;3401060176143;8435025936607;Orliman;Rachis lombaire;LOMBOFIT Ceinture lombaire H26cm T3;0.055;35.9;0;1;1
;3401060181666;8435025938571;Orliman;Rachis lombaire;DYNAMIC FIX Ceint corset T1;0.055;155.93;0;1;1
;3401060181673;8435025938588;Orliman;Rachis lombaire;DYNAMIC FIX Corset ceint T2;0.055;155.93;0;1;1
;3401060181680;8435025938595;Orliman;Rachis lombaire;DYNAMIC FIX Corset ceint T3;0.055;155.93;0;1;1
;3401060181697;8435025938656;Orliman;Rachis lombaire;DYNAMIC FIX Corset ceint T4;0.055;155.93;0;1;1
;3401060181703;8435025938663;Orliman;Rachis lombaire;DYNAMIC FIX Corset ceint T5;0.055;155.93;0;1;1
4722807;3401047228070;8435025937277;Orliman;Rachis lombaire;ABDOBELT Ceint ab H30cm T2;0.055;63.65;0;0;1
4722813;3401047228131;8435025937284;Orliman;Rachis lombaire;ABDOBELT Ceint ab H30cm T3;0.055;63.65;0;0;1
4722836;3401047228360;8435025937796;Orliman;Rachis lombaire;ABDOBELT Ceint ab H30cm T4;0.055;63.65;0;0;1
4722842;3401047228421;8435025937802;Orliman;Rachis lombaire;ABDOBELT Ceint ab H30cm T5;0.055;63.65;0;0;1
4722865;3401047228650;8435025937222;Orliman;Rachis lombaire;ABDOBELT Ceint ab H25cm T2;0.055;60.95;0;0;1
4722871;3401047228711;8435025937239;Orliman;Rachis lombaire;ABDOBELT Ceint ab H25cm T3;0.055;60.95;0;0;1
4722888;3401047228889;8435025937246;Orliman;Rachis lombaire;ABDOBELT Ceint ab H25cm T4;0.055;60.95;0;0;1
4722894;3401047228940;8435025937253;Orliman;Rachis lombaire;ABDOBELT Ceint ab H25cm T5;0.055;60.95;0;0;1
4722919;3401047229190;8435025937178;Orliman;Rachis lombaire;ABDOBELT Ceint ab H18cm T2;0.055;49.77;0;0;1
4722925;3401047229251;8435025937185;Orliman;Rachis lombaire;ABDOBELT Ceint ab H18cm T3;0.055;49.77;0;0;1
4722931;3401047229312;8435025937192;Orliman;Rachis lombaire;ABDOBELT Ceint ab H18cm T4;0.055;49.77;0;0;1
4722948;3401047229480;8435025937208;Orliman;Rachis lombaire;ABDOBELT Ceint ab H18cm T5;0.055;49.77;0;0;1
6010701;3401060107017;8435025937260;Orliman;Rachis lombaire;ABDOBELT Ceint ab H25cm T6;0.055;60.95;0;1;1
6394490;;8435025947771;Orliman;Rachis lombaire;L'EVOLUTIVE Ceinture lombaire gris H21cm T2 B/1;0.055;49.36;0;1;1
7165299;3401571652990;8435025936393;Orliman;Rachis lombaire;SM AXESS Ceint lo H21cm T1;0.055;56.89;0;1;1
7167602;3401571676026;8435025936409;Orliman;Rachis lombaire;SM AXESS Ceint lo H21cm T2;0.055;56.89;0;1;1
7172721;3401571727216;8435025936416;Orliman;Rachis lombaire;SM AXESS Ceint lo H21cm T3;0.055;56.89;0;1;1
7180956;3401571809561;8435025936423;Orliman;Rachis lombaire;SM AXESS Ceint lo H26cm T1;0.055;59.56;0;1;1
7697398;3401576973984;8435025936430;Orliman;Rachis lombaire;SM AXESS Ceint lo H26cm T2;0.055;59.56;0;1;1
7803995;3401578039954;8435025936447;Orliman;Rachis lombaire;SM AXESS Ceint lo H26cm T3;0.055;59.56;0;1;1
8138761;3401081387610;8435025937130;Orliman;Rachis lombaire;ABDOBELT Ceint ab stomie blc T1;0.055;76.26;0;1;1
8138778;3401081387788;8435025937147;Orliman;Rachis lombaire;ABDOBELT Ceint ab stomie blc T2;0.055;76.26;0;1;1
8138838;3401081388389;8435025937154;Orliman;Rachis lombaire;ABDOBELT Ceint ab stomie blc T3;0.055;76.26;0;1;1
8138873;3401081388730;8435025937161;Orliman;Rachis lombaire;ABDOBELT Ceint ab stomie blc T4;0.055;76.26;0;1;1
;;3664338000650;Orliman;Épaule - bras;ORLIMAN Echarp cont bras T3;0.2;12.19;0;1;1
;;8435025948457;Orliman;Épaule - bras;PATEL'R Sangle patellaire 25;0.2;20.54;0;1;1
;;8435025948464;Orliman;Épaule - bras;EPI'R Sangle anti-épicondylite 25;0.2;21.29;0;1;1
;3401060289409;8435025924406;Orliman;Épaule - bras;EPAULIERE CRYOPUMP;0.2;83.35;0;1;1
2032257;3401020322573;8435025924376;Orliman;Épaule - bras;SH SPORT Gilet immob épaule T2;0.2;91.06;0;0;1
2032263;3401020322634;8435025924383;Orliman;Épaule - bras;SH SPORT Gilet immob épaule T3;0.2;91.06;0;0;1
2032286;3401020322863;8435025924390;Orliman;Épaule - bras;SH SPORT Gilet immob épaule T4;0.2;91.06;0;0;1
4529588;3401045295883;8435025924079;Orliman;Épaule - bras;SM ORTHO Bdage immob ép XL;0.2;19.79;0;0;1
4529594;3401045295944;8435025924031;Orliman;Épaule - bras;SM ORTHO Bdage immob ép XS;0.2;19.79;0;0;1
4529602;3401045296026;8435025924048;Orliman;Épaule - bras;SM ORTHO Bdage immob ép S;0.2;19.79;0;0;1
4529619;3401045296194;8435025924055;Orliman;Épaule - bras;SM ORTHO Bdage immob ép M;0.2;19.79;0;0;1
4529625;3401045296255;8435025924062;Orliman;Épaule - bras;SM ORTHO Bdage immob ép L;0.2;19.79;0;0;1
4660733;3401046607333;8435025924178;Orliman;Épaule - bras;SM ORTHO Echarpe immob ép bleu gri TU;0.2;17.9;0;0;1
4871476;3401048714763;8435025924314;Orliman;Épaule - bras;Sangle clavicul T1;0.2;23.63;0;0;1
4871482;3401048714824;8435025924321;Orliman;Épaule - bras;Sangle clavicul T2;0.2;23.63;0;0;1
4871499;3401048714992;8435025924338;Orliman;Épaule - bras;Sangle clavicul T3;0.2;23.63;0;0;1
4871507;3401048715074;8435025924345;Orliman;Épaule - bras;Sangle clavicul T4;0.2;23.63;0;0;1
4871513;3401048715135;8435025924352;Orliman;Épaule - bras;Sangle clavicul T5;0.2;23.63;0;0;1
6034695;;3664338000643;Orliman;Épaule - bras;ORLIMAN Echarp cont bras T2;0.2;12.19;0;1;1
6034899;;3664338000971;Orliman;Épaule - bras;ORLIM SHOULD Couss abduct épaul 15-30 T3;0.2;106.88;0;1;1
6034925;;3664338001008;Orliman;Épaule - bras;ORLIMAN SHOULD'R Gilet immob mail fil ép T1;0.2;25.4;0;1;1
6116169;3401561161693;8435025930025;Orliman;Épaule - bras;Att poig néo immo TU;0.055;39.26;0;0;1
6116181;3401561161815;8435025930018;Orliman;Épaule - bras;Att poig néo immo T0;0.055;39.26;0;0;1
6183390;3401561833903;8435025924369;Orliman;Épaule - bras;SH SPORT Gilet immob épaule T1;0.2;91.06;0;0;1
6315282;;3664338008380;Orliman;Épaule - bras;MOUV'N FIT Coudière bleu T1;0.2;23.41;0;1;1
6315283;;3664338008397;Orliman;Épaule - bras;MOUV'N FIT Coudière bleu T2;0.2;23.41;0;1;1
6315284;;3664338008403;Orliman;Épaule - bras;MOUV'N FIT Coudière bleu T3;0.2;23.41;0;1;1
6315285;;3664338008410;Orliman;Épaule - bras;MOUV'N FIT Coudière bleu T4;0.2;23.41;0;1;1
6315287;;3664338008434;Orliman;Épaule - bras;MOUV'N FIT Coudière orange T2;0.2;23.41;0;1;1
6315292;;3664338008472;Orliman;Épaule - bras;MOUV'N FIT Coudière vert T2;0.2;23.41;0;1;1
9641611;3401096416114;8435025924093;Orliman;Épaule - bras;SHOULDOP Echarpe av c immob scap-hum;0.2;46.14;0;0;1
9772709;3401097727097;8435025924109;Orliman;Épaule - bras;SHOULDOP Echarpe ss c immob scap-hum;0.2;38.07;0;0;1
9799418;3401097994185;8435025924949;Orliman;Épaule - bras;ELBOWLUT Orthèse coude ar droit TU;0.2;103.34;0;0;1
9799424;3401097994246;8435025924956;Orliman;Épaule - bras;ELBOWLUT Orthèse coude ar gauche TU;0.2;103.34;0;0;1
9802468;3401098024683;8435025924963;Orliman;Épaule - bras;SHOULD90 Gilet immob épaule T1;0.2;61.79;0;0;1
9802474;3401098024744;8435025925014;Orliman;Épaule - bras;SHOULD90 Gilet immob épaule T2;0.2;61.79;0;0;1
9802480;3401098024805;8435025925021;Orliman;Épaule - bras;SHOULD90 Gilet immob épaule T3;0.2;61.79;0;0;1
9802497;3401098024973;8435025925038;Orliman;Épaule - bras;SHOULD90 Gilet immob épaule T4;0.2;61.79;0;0;1
9802505;3401098025055;8435025925045;Orliman;Épaule - bras;SHOULD90 Gilet immob épaule T5;0.2;61.79;0;0;1
9809559;3401098095591;8435025924086;Orliman;Épaule - bras;SM ORTHO Bdage immob ép XXL;0.2;19.79;0;0;1
;;5411386896296;Ortis;RESPIRATION - IMMUNITE;ORTIS PROPEX Sirop apaisant Fl/150ml;0.055;7.4;0.15;6;1
;;5411386896357;Ortis;RESPIRATION - IMMUNITE;ORTIS PROPEX Sirop fluidifiant Fl/150ml;0.055;7.4;0.15;6;1
;;5411386889335;Ortis;TRANSIT INTESTINAL;ORTIS FRUITS & FIBRES REGULAR Cpr B/45;0.055;17.1;0.15;24;1
;;5411386890614;Ortis;TRANSIT INTESTINAL;ORTIS FRUITS&FIBRES REGULAR Cube mâch B/24;0.055;14;0.15;12;1
;;5411386890621;Ortis;TRANSIT INTESTINAL;ORTIS FRUITS & FIBRES REGULAR Cpr B/30;0.055;13.4;0.15;24;1
;;5411386890645;Ortis;TRANSIT INTESTINAL;ORTIS FRUITS & FIBRES FORTE Cpr B/24;0.055;13.4;0.15;24;1
;;5411386890669;Ortis;TRANSIT INTESTINAL;ORTIS FRUITS & FIBRES FORTE Cpr B/12;0.055;7.99;0.15;24;1
;;5411386890768;Ortis;TRANSIT INTESTINAL;ORTIS FRUITS&FIBRES FORTE Cube mâch B/24;0.055;15.45;0.15;24;1
;;5411386891574;Ortis;TRANSIT INTESTINAL;ORTIS BENETRANSIT Cpr transit B/90;0.055;17.1;0.15;24;1
;;5411386891710;Ortis;TRANSIT INTESTINAL;ORTIS FRUITS&FIBRES REGULAR Cube mâch B/45;0.055;22.4;0.15;12;1
;;5411386895053;Ortis;TRANSIT INTESTINAL;ORTIS FRUITS&FIBRES FORTE Cube mâch B/12;0.055;9.5;0.15;48;1
;3400930295663;;Ortis;TRANSIT INTESTINAL;RHUBARBE ORTIS Cpr pell Plq/30;0.1;12.56;0.15;1;1
9853276;3401598532763;5411386889991;Ortis;TRANSIT INTESTINAL;ORTIS BENETRANSIT Cpr transit B/54;0.055;12.05;0.15;24;1
;;3595895340463;PERRIGO FRANCE;A-PAR;A-PAR DESINFECTANT ANTIPARASITAIRE Sol Aéros/200ml;0.2;12.02;0;12;1
;;3595895317892;PERRIGO FRANCE;Arterin;ARTERIN Levure de riz rouge 2,9 mg Cpr B/90;0.055;14.52;0.21;1;1
;;5400951991498;PERRIGO FRANCE;Arterin;ARTERIN CHOLESTEROL Cpr formule brevetée B/30;0.055;25.49;0.21;180;1
;;5400951991504;PERRIGO FRANCE;Arterin;ARTERIN CHOLESTEROL Cpr formule brevetée B/90;0.055;51;0.21;50;1
;;6001159124863;PERRIGO FRANCE;Bi-oil;BI OIL Huile de soin Fl/60ml;0.2;12.8;0.21;24;1
;;6001159132356;PERRIGO FRANCE;Bi-oil;BI OIL Huile de soin Fl/60ml;0.2;11.5;0.21;24;1
;;6001159132424;PERRIGO FRANCE;Bi-oil;BI OIL Huile de soin naturelle Fl/125ml;0.2;23.6;0.21;1;1
2052952;;6001159122876;PERRIGO FRANCE;Bi-oil;BI-OIL Huile Fl/60ml;0.2;11.5;0.21;24;1
6146911;;6001159122869;PERRIGO FRANCE;Bi-oil;BI OIL Huile Fl/125ml;0.2;21.05;0.21;24;1
;;8032595872054;PERRIGO FRANCE;Cicatridine;CICATRIDINE PLUS Ov B/10;0.2;14.15;0.23;1;1
4074403;3401040744034;8032595870722;PERRIGO FRANCE;Cicatridine;CICATRIDINE Cr Ac hyalu T/60g;0.2;15.13;0.23;90;1
6017693;3401060176938;8032595871521;PERRIGO FRANCE;Cicatridine;CICATRIDINE Suppo Ac hyalu B/10;0.2;12.63;0.23;80;1
7913519;3401079135193;8032595871453;PERRIGO FRANCE;Cicatridine;CICATRIDINE Ov Ac hyalu B/10;0.2;12.63;0.23;80;1
9980974;3401099809746;8032595871637;PERRIGO FRANCE;Cicatridine;CICATRIDINE Cr Ac hyalu T/30g;0.2;12.53;0.23;100;1
;;3595890242045;PERRIGO FRANCE;Clement Thekan;VERMISCAN 500 mg Cpr B/4;0.2;11.5;0.3;1;1
;;3595890255670;PERRIGO FRANCE;Clement Thekan;CHANHOLD 45 mg Solution pour spot-on chat de 2,6 à 7,5kg 3Pipette/0,75ml;0.2;25.61;0.3;140;1
;;3595890265433;PERRIGO FRANCE;Clement Thekan;MILKKAN CHIOT CHATON Lait maternisé B/400g;0.2;21.56;0.3;9;1
;;3595895314242;PERRIGO FRANCE;Clement Thekan;CLEMENT THEKAN Sol insect habitat Spray 250ml;0.2;7.47;0;12;1
2140001;;3283021955611;PERRIGO FRANCE;Clement Thekan;FIPROKIL 50 mg Solution pour spot-on chat 4Pipettes/0,5ml;0.2;15.02;0.3;20;1
2140610;;3595892140615;PERRIGO FRANCE;Clement Thekan;STRANTEL CHIENS Cpr vermifuge B/2;0.2;11.39;0.3;0;1
2140627;;3595892140622;PERRIGO FRANCE;Clement Thekan;STRANTEL CHIENS Cpr vermifuge B/4;0.2;19.86;0.3;0;1
2145180;;3595890212901;PERRIGO FRANCE;Clement Thekan;STRANTEL CHIENS XL Cpr vermifuge B/2;0.2;23.41;0.3;0;1
2146972;;3595890215537;PERRIGO FRANCE;Clement Thekan;STRANTEL CHATS Cpr vermifuge B/2;0.2;7.65;0.3;0;1
2146989;;3595890215964;PERRIGO FRANCE;Clement Thekan;STRANTEL CHATS Cpr vermifuge B/4;0.2;14.5;0.3;0;1
5915862;;3595890218491;PERRIGO FRANCE;Clement Thekan;MILPRAZIKAN 16 mg/40 mg Cpr chat B/2;0.2;14.42;0.3;1;1
5915885;;3595890218514;PERRIGO FRANCE;Clement Thekan;MILPRAZIKAN 12,5 mg/125 mg Cpr chien B/2;0.2;14.63;0.3;120;1
5915891;;3595890218521;PERRIGO FRANCE;Clement Thekan;MILPRAZIKAN 2,5 mg/25 mg Cpr chiot B/2;0.2;7.74;0.3;1;1
5916979;;3595890226694;PERRIGO FRANCE;Clement Thekan;FIPROKIL DUO 50mg/60mg Spot-on chat 4P/0,5ml;0.2;20.09;0.3;20;1
7787635;;3595897787631;PERRIGO FRANCE;Clement Thekan;ARTHROSENIOR Cpr appétent Ct/Ch B/60;0.2;26.88;0.3;6;1
3025153;3400930251539;;PERRIGO FRANCE;Contalax;CONTALAX Cpr gastro-rés Plq/30;0.1;5.95;0.21;144;1
;;3595890243547;PERRIGO FRANCE;Eau Précieuse;EAU PRECIEUSE Lot purifiante Fl/375ml;0.2;11.66;0.21;12;1
;;3595890243561;PERRIGO FRANCE;Eau Précieuse;EAU PRECIEUSE Lot purifiante 2Fl/375ml;0.2;20.94;0.21;6;1
6285392;;5391520951428;PERRIGO FRANCE;Lactacyd;LACTACYD Emul soin int lav quotid Fl/200ml;0.2;9.36;0.21;6;1
;;3595890299032;PERRIGO FRANCE;Non renseigné;VALDA ss suc Gom mâch menthe eucalypt B/140g;0.2;11.44;0.21;6;1
9919609;3401599196094;3094904500251;PERRIGO FRANCE;Non renseigné;VALDA Gom mâch menthe B/50;0.2;5.75;0.21;12;1
;;3595890231797;PERRIGO FRANCE;Paranix;PARANIX EXT FORT Sol environnement Spr/225ml;0.2;7.17;0;12;1
6076963;;3595890231780;PERRIGO FRANCE;Paranix;PARANIX EXT FORT Sol environnement Spr/150ml;0.2;5.78;0;28;1
;;3595890243516;PERRIGO FRANCE;Phytosun;PHYTOSUN AROMS Sirop toux Fl/120ml;0.2;8.6;0.23;30;1
4847696;3401548476963;3595894847697;PERRIGO FRANCE;Phytosun;PHYTOSUN AROMS AROMADOS Caps mol nez gorge 30;0.055;14.98;0.23;105;1
9930835;3401599308350;3595899930837;PERRIGO FRANCE;Phytosun;PHYTOSUN AROMS Spray nasal 20ml;0.2;10.18;0.23;24;1
3641679;3400936416796;;PERRIGO FRANCE;Septivon;SEPTIVON 1,5 % S appl cut Fl/500ml;0.021;3.89;0.1;24;1
;;3595890269721;PERRIGO FRANCE;Valda;VALDA ss suc Gom mâch fruits rouges B/140g;0.2;11.44;0.21;6;1
;;3595890299025;PERRIGO FRANCE;Valda;VALDA Gom à mâcher menthe eucalyptus B/140g;0.2;11.15;0.21;36;1
;;3595890299056;PERRIGO FRANCE;Valda;VALDA ss suc Gom mâch miel citron B/140g;0.2;11.44;0.21;6;1
9919590;3401599195905;3094904500268;PERRIGO FRANCE;Valda;VALDA ss suc Gom mâch menthe B/50;0.2;5.75;0.21;12;1
;;3595890248108;PERRIGO FRANCE;Wartner by Cryopharma;WARTNER BY CRYOPHARMA Stylo Acide verrues 2.0;0.2;17.19;0.21;252;1
;;0662834501155;PERRIGO FRANCE;Zeiss;ZEISS Ling nettoy p lunettes 30Sach;0.2;5.44;0.22;12;1
3305131;3400933051310;;Pfizer;Non renseigné;MINULET Cpr enr 3Plq/21;0.1;18.38;0.4;0;1
3315626;3400933156268;;Pfizer;Non renseigné;DEBRICALM 100 mg Cpr pell Plq/20;0.1;3.1;0.4;180;1
3392213;3400933922139;;Pfizer;Non renseigné;HARMONET Cpr enr Plq/3x21;0.1;20.15;0.4;0;1
3515762;3400935157621;;Pfizer;Non renseigné;MINESSE 60 µg/15 µg Cpr pell 3Plq/28;0.1;21.36;0.4;0;1
;;3760245850576;Pharma Développement;Non renseigné;A313 Le Lait corps liftant Fl/250ml;0.2;20.99;0.15;1;1
;;3760245850583;Pharma Développement;Non renseigné;A313 La Crème anti-rides & hydratante Fl/50ml;0.2;25.45;0.15;1;1
;;3760245850637;Pharma Développement;Non renseigné;A313 Le Sérum contour yeux Fl/15ml;0.2;21.99;0.15;1;1
3000147;3400930001479;;Pharma Développement;Non renseigné;A 313 200 000 UI/100 g Pom T/50g;0.1;11.77;0.15;63;1
3126894;3400931268949;;Pharma Développement;Non renseigné;ALCAPHOR S buv Fl/250ml;0.1;13.25;0.1;12;1
3415931;3400934159312;;Pharma Développement;Non renseigné;ALGESAL BAUME Cr T/40g;0.1;7.85;0.3;60;1
3415977;3400934159770;;Pharma Développement;Non renseigné;ALGESAL SURACTIVE Cr T/40g;0.1;7.9;0.3;60;1
3771488;3400937714884;;Pharma Développement;Non renseigné;HYDROSOL POLYVITAMINE PHARMADEVELOPPEMENT S buv en gouttes Fl/20ml;0.021;9.45;0.3;100;1
6148092;3401561480923;;Pharma Développement;Non renseigné;SEL D Sel dié B/300g;0.055;7.5;0.25;20;1
6356471;3401563564713;;Pharma Développement;Non renseigné;SEL D Sel dié Salière/100g;0.055;7.5;0.25;36;1
;;3665013003850;PharmaSmile;Confort Articulaire & Circulation;PHARMASMILE CIRCULATION Gél Pot/60;0.055;10.69;0.5;416;1
;;3665013003904;PharmaSmile;Confort Articulaire & Circulation;PHARMASMILE INSAFLEX Gél Pot/30;0.055;10.2;0.5;416;1
;;3665013003928;PharmaSmile;Confort Articulaire & Circulation;PHARMASMILE ARTICULATIONS Gél Pot/90;0.055;13.4;0.5;416;1
;;3760447920022;PharmaSmile;Confort Articulaire & Circulation;PHARMASMILE Collagène Marin Naticol Pdr 30Doses;0.055;21.9;0.5;1;1
;;3665013003867;PharmaSmile;Confort Digestif;PHARMASMILE DIGESTION Gél Pot/90;0.055;11.8;0.5;416;1
;;3665013003874;PharmaSmile;Confort Digestif;PHARMASMILE TRANSIT Gél Pot/60;0.055;8.4;0.5;416;1
;;3665013003942;PharmaSmile;Confort Digestif;PHARMASMILE FLORACTIV 4M BTE/10 GELULES;0.055;5.3;0.5;120;1
;;3665013001788;PharmaSmile;Confort Respiratoire;PHARMASMILE Sirop Gorge Essentiel Fl/150ml;0.055;8.6;0.5;60;1
;;3665013001795;PharmaSmile;Confort Respiratoire;PHARMASMILE RESPIR'ESSENTIEL NEZ-GORGE Gél Pot/30;0.055;7;0.5;392;1
;;3665013003881;PharmaSmile;Confort Respiratoire;PHARMASMILE CALMI GORGE ENFANT Sirop Fl/125ml;0.055;8.3;0.5;84;1
;;3665013001801;PharmaSmile;Forme & Vitalité;PHARMASMILE Vitamine C liposomale Gél Pot/60;0.055;17.9;0.5;416;1
;;3665013001818;PharmaSmile;Forme & Vitalité;PHARMASMILE VITALITE Gél Pot/60;0.055;8.54;0.5;392;1
;;3665013003959;PharmaSmile;Forme & Vitalité;PHARMASMILE IMMUNITE 60 GELULES;0.055;8.5;0.5;1;1
;;3665013004185;PharmaSmile;Forme & Vitalité;PHARMASMILE FER BISGLYCINATE 14MG /30GEL;0.055;5.5;0.5;1;1
;;3563210045911;PharmaSmile;Huiles essentielles;PHARMASMILEHuile essentielle Eucalyptus citronné Fl/10ml;0.055;5.2;0.5;176;1
;;3563210045928;PharmaSmile;Huiles essentielles;PHARMASMILE Huile essentielle Citronnelle Fl/10ml;0.055;5.3;0.5;1;1
;;3563210045935;PharmaSmile;Huiles essentielles;PHARMASMILE Huile essentielle Romarin 1.8 cinéole Fl/10ml;0.055;7.5;0.5;1;1
;;3563210045942;PharmaSmile;Huiles essentielles;PHARMASMILE Huile essentielle Lavande aspic Fl/10ml;0.055;8.9;0.5;1;1
;;3563210045959;PharmaSmile;Huiles essentielles;PHARMASMILE Huile essentielle Orange douce Fl/10ml;0.055;4.7;0.5;1;1
;;3701158205398;PharmaSmile;Huiles essentielles;PHARMASMILE Huile essentielle Lavande officinale Bio Fl/10ml;0.055;7.9;0.5;1;1
;;3701158205404;PharmaSmile;Huiles essentielles;PHARMASMILE Huile essentielle Arbre à thé Bio Fl/10ml;0.055;6.5;0.5;144;1
;;3701158205411;PharmaSmile;Huiles essentielles;PHARMASMILE Huile essentielle Menthe poivrée Bio Fl/10ml;0.055;7.9;0.5;1;1
;;3701158205428;PharmaSmile;Huiles essentielles;PHARMASMILE Huile essentielle Ravintsara Bio Fl/10ml;0.055;6.5;0.5;176;1
;;3701158205435;PharmaSmile;Huiles essentielles;PHARMASMILE Huile essentielle Eucalyptus radié Bio Fl/10ml;0.055;7.83;0.5;1;1
;;3701158205442;PharmaSmile;Huiles essentielles;PHARMASMILE Huile essentielle Citron Bio Fl/10ml;0.055;6.17;0.5;1;1
;;3701158205459;PharmaSmile;Huiles essentielles;PHARMASMILE Huile essentielle Gaulthérie Bio Fl/10ml;0.2;9.33;0.5;1;1
;;3701158205466;PharmaSmile;Huiles essentielles;PHARMASMILE Huile essentielle Clou de girofle Bio Fl/10ml;0.055;7.67;0.5;1;1
;;3701158205473;PharmaSmile;Huiles végétales;PHARMASMILE Huile végétale vierge Amande douce Bio Fl/50ml;0.2;8.3;0.5;6;1
;;3701158205480;PharmaSmile;Huiles végétales;PHARMASMILE Huile végétale vierge Argan Bio Fl/50ml;0.2;11.67;0.5;1;1
;;3701158205497;PharmaSmile;Huiles végétales;PHARMASMILE Macérat huileux Calendula Bio Fl/50ml;0.2;8.63;0.5;1;1
;;3701158205503;PharmaSmile;Huiles végétales;PHARMASMILE Huile végétale vierge Ricin Bio Fl/50ml;0.2;6.63;0.5;1;1
;;3760162127034;PharmaSmile;Hygiène & soins;PHARMASMILE Gel douche Monoï Fl pompe/1l;0.2;6.9;0.45;6;1
;;3760162127041;PharmaSmile;Hygiène & soins;PHARMASMILE Gel douche Aloé vera Fl pompe/1l;0.2;6.9;0.45;6;1
;;3760162127058;PharmaSmile;Hygiène & soins;PHARMASMILE Baume lèvres Aloé vera bio T/4g;0.2;2.4;0.45;1;1
;;3760162127065;PharmaSmile;Hygiène & soins;PHARMASMILE Crème mains Aloé vera bio T/50ml;0.2;3.2;0.45;1;1
;;3760162127072;PharmaSmile;Hygiène & soins;PHARMASMILE Shampooing Fl/500ml;0.2;5.7;0.45;1;1
;;3760162127089;PharmaSmile;Hygiène & soins;PHARMASMILE Eau micellaire Fl/500ml;0.2;5.4;0.45;6;1
;;3760162127096;PharmaSmile;Hygiène & soins;PHARMASMILE Gel intime Aloe Vera bio Fl/200ml;0.2;4.5;0.45;1;1
;;3701158205312;PharmaSmile;Hygiène du nez;PHARMASMILE Spray nasal hypertonique Fl/100ml;0.2;3.99;0.45;18;18
;;3701158205329;PharmaSmile;Hygiène du nez;PHARMASMILE Spray nasal isotonique Fl/100ml;0.2;3.79;0.45;18;18
;;9990000010647;PharmaSmile;Non renseigné;PHARMASMILE Présentoir Comptoir bois réutilisable;0.2;20;0.5;1;1
;;9990000010714;PharmaSmile;Non renseigné;PHARMASMILE Présentoir Carton GM Crèmes mains/Sticks lèvres;0.2;16;0.5;1;1
;;9990000010764;PharmaSmile;Non renseigné;PHARMASMILE Présentoir Carton Solaires 2026;0;14;0.5;1;1
;;9990000010765;PharmaSmile;Non renseigné;PHARMASMILE Présentoir Carton PM Crèmes mains/Sticks lèvres 2026;0;14;0.5;1;1
;;3665013003836;PharmaSmile;Santé Féminine & Beauté;PHARMASMILE ONGLES & CHEVEUX Gél Pot/90;0.055;10.7;0.5;1;1
;;3665013003843;PharmaSmile;Santé Féminine & Beauté;PHARMASMILE SERENITE FEMME Gél Pot/60;0.055;8.5;0.5;416;1
;;3770035346707;PharmaSmile;Serum physiologique;PHARMASMILE Sérum physiologique Fl/500ml;0.2;3.7;0.5;25;1
;;3770035346714;PharmaSmile;Serum physiologique;PHARMASMILE Sérum physiologique Fl/1l;0.2;4.6;0.5;12;1
;;3770019374948;PharmaSmile;Solaires;PHARMASMILE SOLAIRE SPF50+ Spray Fl/150ml;0.2;19.95;0.45;70;1
;;3770019374955;PharmaSmile;Solaires;PHARMASMILE SOLAIRE SPF50+ Stick 15g;0.2;10.95;0.45;182;1
;;3665013001825;PharmaSmile;Stress & Sommeil;PHARMASMILE SOMMEIL Gél Pot/60;0.055;8.96;0.5;392;1
;;3665013001832;PharmaSmile;Stress & Sommeil;PHARMASMILE Magnésium Bisglycinate Gél Pot/90;0.055;11.2;0.5;416;1
;;3665013001849;PharmaSmile;Stress & Sommeil;PHARMASMILE Magnésium Marin B6 Gél Pot/90;0.055;8.54;0.5;392;1
;;3665013001856;PharmaSmile;Stress & Sommeil;PHARMASMILE Magnésium Marin B6 Gél Pot/30;0.055;4.65;0.5;416;1
3009071;3400930090718;;Pharmastra;Non renseigné;BOP Cpr enr Fl/60;0.1;4.54;0.2;80;1
3741518;3400937415187;;Pharmastra;Non renseigné;CARDIOCALM Cpr enr Plq/80;0.1;6.8;0.2;72;1
4450527;3401544505278;7612013505279;Pharmavoyage - Katadyn;Biovectrol;BIOVECTROL Lot anti-insect tropique Vapo/75ml;0.2;6;0.25;12;1
6129704;;7612013003904;Pharmavoyage - Katadyn;Biovectrol;BIOVECTROL Lot apaisante Roll-on/10ml;0.2;5.5;0.25;12;1
4240770;3401542407703;7612013188892;Pharmavoyage - Katadyn;Micropur;MICROPUR F MF1 Cpr antis désif eau B/50;0.2;10.9;0.25;12;1
;;0604375003026;Pharmavoyage - Katadyn;Non renseigné;BIOVECTROL EUCALYPT Lot anti-insect Fl/80ml;0.2;6.5;0.25;12;1
;;0604375003316;Pharmavoyage - Katadyn;Non renseigné;BIOVECTROL Sol répulsif p literie Spr/100ml;0.2;2.7;0;12;1
;;0604375001107;Pharmavoyage - Katadyn;Pharmavoyage;PHARMAVOYAGE BRACELET ANTIMOUSTIQUE PRESENTOIR 12;0.2;51.6;0.3;1;1
;;0604375001114;Pharmavoyage - Katadyn;Pharmavoyage;ANTI-INSECTES PHARMAVOYAGE Brac Nature Orange;0.2;4.3;0.25;12;1
;;0604375001121;Pharmavoyage - Katadyn;Pharmavoyage;ANTI-INSECTES PHARMAVOYAGE Brac Nature Ivoire;0.2;4.3;0.25;12;1
;;0604375001138;Pharmavoyage - Katadyn;Pharmavoyage;ANTI-INSECTES PHARMAVOYAGE Brac Nature Kaki;0.2;4.3;0.25;12;1
;;0604375006010;Pharmavoyage - Katadyn;Pharmavoyage;PHARMAVOYAGE Masque de repos;0.2;8.2;0.25;1;1
2029278;;7612013191373;Pharmavoyage - Katadyn;Pharmavoyage;ANTI-NAUSÉES PHARMAVOYAGE Bracel bleu Large B/2;0.2;8.3;0.25;20;1
2029315;;7612013191397;Pharmavoyage - Katadyn;Pharmavoyage;ANTI-NAUSÉES PHARMAVOYAGE Bracel rose Small B/2;0.2;8.3;0.25;10;1
2029321;;7612013191380;Pharmavoyage - Katadyn;Pharmavoyage;ANTI-NAUSÉES PHARMAVOYAGE Bracel vert Small B/2;0.2;8.3;0.25;20;1
4079458;;7612013189349;Pharmavoyage - Katadyn;Pharmavoyage;ANTI-INSECTES PHARMAVOYAGE Brac phos Fluo VER;0.2;4.3;0.25;12;1
4079464;;7612013189356;Pharmavoyage - Katadyn;Pharmavoyage;ANTI-INSECTES PHARMAVOYAGE Brac phos Fluo BLE;0.2;4.3;0.25;12;1
4081691;;7612013188519;Pharmavoyage - Katadyn;Pharmavoyage;PHARMAVOYAGE Couv survie 160x210cm;0.2;2.25;0.25;12;1
6080072;;7612013005007;Pharmavoyage - Katadyn;Pharmavoyage;ANTI-NAUSÉES PHARMAVOYAGE Bracelet F enc/2;0.2;8.3;0.25;20;1
8166332;;7612013195180;Pharmavoyage - Katadyn;Pharmavoyage;ANTI-NAUSÉES PHARMAVOYAGE Bracel ora Small B/2;0.2;8.3;0.25;20;1
;;0604375004047;Pharmavoyage - Katadyn;Trousse de secours;PHARMAVOYAGE Trousse secours travel;0.2;15;0.25;30;1
;;7612013004017;Pharmavoyage - Katadyn;Trousse de secours;PHARMAVOYAGE Trousse secours premiers soins;0.2;11.3;0.25;40;1
6267138;;0604375004030;Pharmavoyage - Katadyn;Trousse de secours;PHARMAVOYAGE Trousse secours pocket;0.2;8.3;0.25;50;1
6267140;;0604375004054;Pharmavoyage - Katadyn;Trousse de secours;PHARMAVOYAGE Trousse secours Pro XL;0.2;23;0.25;20;1
3484524;3400934845246;;Pierre Fabre Healthcare;Antalgie;CLIPTOL Gel T/50g;0.1;4.75;0.3;90;1
3812046;3400938120462;;Pierre Fabre Healthcare;Antiseptie et cicatrisation;CETAVLON Cr T/80g;0.021;5.81;0.2;72;1
;;3573994009412;Pierre Fabre Healthcare;Cicatryl;CICATRYL DM Cr pour application cutanée 10Sach/2g;0.2;5.89;0.2;162;1
3303830;3400933038304;;Pierre Fabre Healthcare;Cyclo 3;CYCLO 3 FORT Gél Plq/30;0.1;8.27;0.3;0;1
3303876;3400933038762;;Pierre Fabre Healthcare;Cyclo 3;CYCLO 3 FORT Gél Plq/60;0.1;14.26;0.3;70;1
;;3573994005681;Pierre Fabre Healthcare;Dexeryl;DEXERYL ESSENTIEL Cr lavante Fl pompe/500ml;0.2;8.77;0.18;12;1
;;3573994005698;Pierre Fabre Healthcare;Dexeryl;DEXERYL ESSENTIEL Cr lavante T/200ml transluc;0.2;5.56;0.18;12;1
;;3573994006558;Pierre Fabre Healthcare;Dexeryl;DEXERYL SPECIFIC Gel crème brûlure coup de soleil T/150g;0.2;6.91;0.18;1;1
;;3573994006565;Pierre Fabre Healthcare;Dexeryl;DEXERYL SPECIFIC Gel crème brûlure coup de soleil T/50g;0.2;4.46;0.18;1;1
;;3573994006572;Pierre Fabre Healthcare;Dexeryl;DEXERYL Cr pour application cutanée Fl pompe/500g;0.2;11.58;0.18;20;1
;;3573994006589;Pierre Fabre Healthcare;Dexeryl;DEXERYL Cr pour application cutanée T/250g;0.2;6.12;0.18;36;1
;;3573994008934;Pierre Fabre Healthcare;Dexeryl;DEXERYL ESSENTIEL Huile de douche Fl pompe/1l;0.2;11.5;0.18;6;1
;;3577056022173;Pierre Fabre Healthcare;Dexeryl;DEXERYL ESSENTIEL Lait riche Fl pompe/500ml;0.2;12.98;0.18;12;1
;;3577056022180;Pierre Fabre Healthcare;Dexeryl;DEXERYL ESSENTIEL Lait riche T/200ml;0.2;7.22;0.18;12;1
;;3577056025839;Pierre Fabre Healthcare;Dexeryl;DEXERYL ESSENTIEL Huile de douche Fl/200ml;0.2;4.03;0.18;24;1
;;3577056025983;Pierre Fabre Healthcare;Dexeryl;DEXERYL ESSENTIEL Hle dche Fl ppe/500ml;0.2;6.54;0.18;12;1
;;3573994009245;Pierre Fabre Healthcare;Dexeryl Dexeclear;DEXERYL DEXECLEAR Gel moussant anti-imperfections Fl/200ml;0.2;6.89;0.18;24;1
;;3573994009252;Pierre Fabre Healthcare;Dexeryl Dexeclear;DEXERYL DEXECLEAR Gel moussant anti-imperfections Fl pompe/400ml;0.2;9.99;0.18;12;1
;;3573994009269;Pierre Fabre Healthcare;Dexeryl Dexeclear;DEXERYL DEXECLEAR Gel nettoyant hydratant apaisant Fl/200ml;0.2;8.75;0.18;1;1
;;3573994009276;Pierre Fabre Healthcare;Dexeryl Dexeclear;DEXERYL DEXECLEAR Gel nettoyant hydratant apaisant Fl pompe/400ml;0.2;11.65;0.18;1;1
;;3573994009283;Pierre Fabre Healthcare;Dexeryl Dexeclear;DEXERYL DEXECLEAR AQUAFLUIDE MATIFIANT SPF50+ Cr T/40ml;0.2;12.9;0.18;1;1
;;3573994006442;Pierre Fabre Healthcare;Drill;PETIT DRILL Sp Nourr Enf toux sèche Fl/125ml;0.2;6.38;0.3;30;1
3132570;3400931325703;;Pierre Fabre Healthcare;Drill;DRILL Past à sucer Plq/24;0.1;7.19;0.3;36;1
3337817;3400933378172;;Pierre Fabre Healthcare;Drill;DRILL sans sucre Past Plq/24;0.1;7.19;0.3;36;1
3350060;3400933500603;;Pierre Fabre Healthcare;Drill;DRILL Past à sucer miel rosat Plq/24;0.1;7.19;0.3;36;1
3815352;3400938153521;;Pierre Fabre Healthcare;Drill;DRILL ALLERGIE 10 mg Cpr à sucer séc cétirizine Plq/7;0.1;5.51;0.3;150;1
3850331;3400938503319;;Pierre Fabre Healthcare;Drill;DRILL Past miel cit éd isom ac pot Plq/24;0.1;7.19;0.3;36;1
3482382;3400934823824;;Pierre Fabre Healthcare;Eludril;ELUDRILPRO S bain bouche Fl/200ml;0.021;5.75;0.2;42;1
3512143;3400935121431;;Pierre Fabre Healthcare;Eludril;ELUDRILPRO S bain bouche Fl/500ml;0.021;9.69;0.2;24;1
;;3577056028236;Pierre Fabre Healthcare;Liberill;LIBERILL Sirop toux mixte adulte enfant dès 1 an Fl/120ml;0.2;7.76;0.35;1;1
;;3577056028243;Pierre Fabre Healthcare;Liberill;LIBERILL Spray gorge adulte enfant +12ans Fl/20ml;0.2;8.22;0.35;1;1
3462882;3400934628825;;Pierre Fabre Healthcare;Minceur beauté;PERCUTAFEINE Gel T/192g;0.1;16.29;0.3;36;1
;;3573994005636;Pierre Fabre Healthcare;Necyrane;NECYRANE DM S nas rhume rhinophar Spr/10ml;0.2;6.07;0.2;48;1
2762062;3400927620621;;Pierre Fabre Healthcare;Non renseigné;ANTALCALM 140 mg Emplâtre médicamenteux Sach/5;0.1;10.92;0.2;24;1
3259520;3400932595204;;Pierre Fabre Healthcare;Non renseigné;KERAFILM S appl loc Fl/10ml;0.1;8.06;0.3;117;1
3291819;3400932918195;;Pierre Fabre Healthcare;Non renseigné;TARDYFERON B9 Cpr pell 1Plq/30;0.1;2.6;0.25;160;1
3309293;3400933092931;;Pierre Fabre Healthcare;Non renseigné;CARBOLEVURE Gél adultes Plq/30;0.1;7.06;0.21;160;1
3413180;3400934131806;;Pierre Fabre Healthcare;Non renseigné;BALSAMORHINOL S nas Fl/20ml;0.1;6.22;0.15;100;1
3469192;3400934691928;;Pierre Fabre Healthcare;Non renseigné;STRUCTOFLEX 625 mg Gél Plq/60;0.1;14.52;0.2;40;1
3546432;3400935464323;;Pierre Fabre Healthcare;Non renseigné;STRUCTUM 500 mg Gél 2Plq/30 (60);0.1;14.87;0.2;70;1
3570258;3400935702586;;Pierre Fabre Healthcare;Non renseigné;OMACOR 1000 mg Caps molle Fl/28;0.1;19.95;0.35;96;1
4940987;3400949409877;;Pierre Fabre Healthcare;Non renseigné;DIASEPTYL 0,5 % S appl cut Fl/75ml;0.1;5.76;0.45;48;5
3607576;3400936075764;;Pierre Fabre Healthcare;Pansoral;PANSORAL Gel buccal T PE/15g;0.1;6.27;0.18;132;1
3357300;3400933573003;;Pierre Fabre Healthcare;Toniques;REVITALOSE S buv sans sucre édulcorée au sorbitol 14Amp/5ml;0.1;12.89;0.18;36;1
;;3661744050897;Pierre Fabre Naturactive;Aromathérapie;MYRTINE INHAL Sol d'inhal 5 hles bio Fl/90ml;0.2;8.1;0.16;35;3
;;3665606002420;Pierre Fabre Naturactive;Aromathérapie;NATURACTIVE GOUTTES RESPIRATOIRES S buv Fl cpte-gttes/45ml;0.055;7.31;0.25;66;1
;;3665606002444;Pierre Fabre Naturactive;Aromathérapie;NATURACTIVE ORL Sirop pour la toux Fl/120ml;0.2;7.8;0.25;49;1
;;3665606001508;Pierre Fabre Naturactive;Doriance;DORIANCE AUTOBRONZANT TOLERANCE Caps 2B/30;0.055;30.38;0.25;1;1
;;3665606002857;Pierre Fabre Naturactive;Doriance;DORIANCE AUTOBRONZANT TOLERANCE Caps B/30+DORIANCE CAPITAL B/60;0.055;30.38;0.25;1;1
;;3665606001331;Pierre Fabre Naturactive;Elusanes;NATURACTIVE PHYTO Passiflore bio Gél Pilul/60;0.055;15.58;0.25;0;1
;;3665606002413;Pierre Fabre Naturactive;G.A.E;NATURACTIVE GOUTTES RESPIRATOIRES S buv Fl cpte-gttes/90ml;0.055;10.41;0.25;50;1
;;3665606000594;Pierre Fabre Naturactive;Phytaroma;ASSAINI'SPRAY BIO Spray Fl/200ml;0.2;18;0.25;12;1
;;3665606001102;Pierre Fabre Naturactive;Phytaroma;NATURACTIVE PHYTO Aubépine bio Gél Pilul/30;0.055;8.72;0.25;1;1
;;3665606001126;Pierre Fabre Naturactive;Phytaroma;NATURACTIVE PHYTO Harpago bio Gél Pilul/60;0.055;15.58;0.25;1;1
;;3665606001645;Pierre Fabre Naturactive;Phytaroma;NATURACTIVE REGLES DOULOUREUSES BIO Gél B/30;0.055;17.08;0.25;171;1
;;3665606001829;Pierre Fabre Naturactive;Phytaroma;NATURACTIVE ORL Spray nasal Fl/20ml;0.2;8.48;0.25;63;1
;;3665606002048;Pierre Fabre Naturactive;Phytaroma;NATURACTIVE CONFORT URINAIRE FLASH BIO URISANOL Gél + caps B/10+10;0.055;13.39;0.25;1;1
;;3665606002246;Pierre Fabre Naturactive;Phytaroma;REGLES DOULOUREUSES BIO NATURACTIVE Gél B/10;0.055;7.36;0.25;1;1
;;3665606002758;Pierre Fabre Naturactive;Phytaroma;NATURACTIVE MAUX DE TETE FLASH BIO Gél B/14;0.055;5.36;0.25;1;1
;;3665606002574;Pierre Fabre Naturactive;Urisanol;NATURACTIVE CRANBERRY ENTRETIEN URISANOL Pdr 20Sticks/10ml;0.055;16.87;0.25;34;1
;;3577056024566;Pierre Fabre Oral Care;Arthrodont;ARTHRODONT CLASSIC Pâte dentifrice T/50ml;0.2;4.1;0.18;90;1
;;3577056024719;Pierre Fabre Oral Care;Arthrodont;ARTHRODONT CLASSIC Pâte dtf gingivale 2T/75ml;0.2;9.99;0.18;40;1
;;3577056026546;Pierre Fabre Oral Care;Arthrodont;ARTHRODONT PROTECT + Gel dentifrice fluoré T/75ml;0.2;5.5;0.18;90;1
;;3577056026638;Pierre Fabre Oral Care;Arthrodont;ARTHRODONT PROTECT + Gel dentifrice fluoré 2T/75ml;0.2;10.1;0.18;1;1
6234950;;3577056023293;Pierre Fabre Oral Care;Arthrodont;ARTHRODONT EXPERT Pâte dentifrice T/50ml;0.2;6;0.18;90;1
6235225;;3577056023347;Pierre Fabre Oral Care;Arthrodont;ARTHRODONT Bain bouche Fl/300ml;0.2;7.05;0.18;36;1
6261867;;3577056024573;Pierre Fabre Oral Care;Arthrodont;ARTHRODONT CLASSIC Pâte dtf gingivale T/75ml;0.2;5.4;0.18;90;1
;;3577056014826;Pierre Fabre Oral Care;Elgydium;ELGYDIUM SHARK Br dents souple 2/6ans;0.2;4.3;0.18;8;1
;;3577056023576;Pierre Fabre Oral Care;Elgydium;ELGYDIUM ANTIPLAQUE Pâte dentifrice NF T/75ml;0.2;5.3;0.2;90;1
;;3577056023712;Pierre Fabre Oral Care;Elgydium;ELGYDIUM DENTS SENSIBLES Gel dtf T/75ml;0.2;5.3;0.2;90;1
;;3577056024474;Pierre Fabre Oral Care;Elgydium;ELGYDIUM FRESH POCKET Past suc halitose B/12;0.055;4.25;0.16;40;1
;;3577056026164;Pierre Fabre Oral Care;Elgydium;ELGYDIUM BABY Brosse dents 0-2ans;0.2;3.3;0.18;1;1
;;3577056026447;Pierre Fabre Oral Care;Elgydium;ELGYDIUM ANTIPLAQUE Dentif sol cpr B/60;0.2;6.85;0.2;1;1
;;3577056026591;Pierre Fabre Oral Care;Elgydium;ELGYDIUM PROTECTION CARIES Pâte dentifrice T/75ml;0.2;5.45;0.2;1;1
;;3577056026645;Pierre Fabre Oral Care;Elgydium;ELGYDIUM CLINIC XEROLEAVE Spray buc 70ml ppe;0.2;8.55;0.15;60;1
;;3577056026683;Pierre Fabre Oral Care;Elgydium;ELGYDIUM CLINIC SENSILEAVE Gel dent hyp 30ml;0.2;6.35;0.15;90;1
;;3577056026706;Pierre Fabre Oral Care;Elgydium;ELGYDIUM CLINIC SENSILEAVE Dentif sens d 50ml;0.2;4.99;0.15;1;1
;;3577056026720;Pierre Fabre Oral Care;Elgydium;ELGYDIUM REPAIR Gel buccal apaisant protecteur et réparateur T/15ml;0.2;5.99;0.15;120;1
;;3577056027413;Pierre Fabre Oral Care;Elgydium;ELGYDIUM Dentifrice révélateur de plaque T/50ml;0.2;5.7;0.2;90;1
;;3577056027611;Pierre Fabre Oral Care;Elgydium;ELGYDIUM MULTI-ACTIONS Pâte dentifrice T/75ml;0.2;5.45;0.2;1;1
;;3577056027635;Pierre Fabre Oral Care;Elgydium;ELGYDIUM MULTI-ACTIONS Pâte dtf 2T/75ml;0.2;9.92;0.2;40;1
;;3577056028519;Pierre Fabre Oral Care;Elgydium;ELGYDIUM JUNIOR SPLASH Brosse dents 7/12ans;0.2;3.35;0.18;1;1
;;3577056028762;Pierre Fabre Oral Care;Elgydium;ELGYDIUM DRAGON Brosse dents;0.2;4.3;0.18;1;1
;;3577056028892;Pierre Fabre Oral Care;Elgydium;ELGYDIUM SENSIPROTECT DENTS SENSIBLES Dentifrice T/75ml;0.2;5.3;0.2;1;1
;;3577056028908;Pierre Fabre Oral Care;Elgydium;ELGYDIUM SENSIPROTECT DENTS SENSIBLES Dentifrice 2T/75ml;0.2;9.92;0.2;1;1
;;3577056029110;Pierre Fabre Oral Care;Elgydium;ELGYDIUM KIDS Pâte dtf chrono/timer T/50ml;0.2;5.6;0.2;1;1
;;3577056029394;Pierre Fabre Oral Care;Elgydium;ELGYDIUM ANTIPLAQUE Pâte dtf NF 2T/75ml;0.2;9.65;0.2;40;1
;;8052879050763;Pierre Fabre Oral Care;Elgydium;ELGYDIUM CLINIC CICALIUM Gel 8ml;0.2;8.15;0.15;160;1
;;8052879050787;Pierre Fabre Oral Care;Elgydium;ELGYDIUM CLINIC CICALIUM Spray buccal Fl/15ml;0.2;9.2;0.15;96;1
4486726;;3577056001307;Pierre Fabre Oral Care;Elgydium;ELGYDIUM BLANCHEUR Br dents souple;0.2;3.7;0.18;120;1
4486732;;3577056001314;Pierre Fabre Oral Care;Elgydium;ELGYDIUM BLANCHEUR Br dents médium;0.2;3.7;0.18;120;1
4505984;;3577056001444;Pierre Fabre Oral Care;Elgydium;ELGYDIUM KIDS Br dents souple 2/6ans;0.2;3.35;0.18;96;1
6020654;;3577056015984;Pierre Fabre Oral Care;Elgydium;ELGYDIUM Br dents souple;0.2;1.99;0.18;120;1
6073879;;3577056004797;Pierre Fabre Oral Care;Elgydium;ELGYDIUM S10 Br dents anti-plaque souple;0.2;3.7;0.18;96;1
6506551;;3577056010781;Pierre Fabre Oral Care;Elgydium;ELGYDIUM INSPIRAT Br dents méd;0.2;3.7;0.18;120;1
6554745;;3577057054531;Pierre Fabre Oral Care;Elgydium;ELGYDIUM CLASSIC STANDARD Brosse à dents médi;0.2;3.4;0.18;12;1
6554751;;3577057054548;Pierre Fabre Oral Care;Elgydium;ELGYDIUM CLASSIC STANDARD Br dents souple;0.2;3.4;0.18;120;1
6554768;;3577057054524;Pierre Fabre Oral Care;Elgydium;ELGYDIUM CLASSIC STANDARD Br dents dure;0.2;3.4;0.18;120;1
7022588;;3577057054456;Pierre Fabre Oral Care;Elgydium;ELGYDIUM PERFORMANCE Br dents souple;0.2;3.4;0.18;120;1
7241474;;3577056012402;Pierre Fabre Oral Care;Elgydium;ELGYDIUM BLANCHEUR Pâte dtf anti-tach T/75ml;0.2;5.45;0.2;90;1
7440475;;3577057054425;Pierre Fabre Oral Care;Elgydium;ELGYDIUM INTER-ACTIVE Br dents souple;0.2;2.99;0.18;120;1
7440481;;3577057054418;Pierre Fabre Oral Care;Elgydium;ELGYDIUM INTER-ACTIVE Br dents médium;0.2;2.99;0.18;120;1
7440498;;3577057054401;Pierre Fabre Oral Care;Elgydium;ELGYDIUM INTER-ACTIVE Br dents dure;0.2;2.99;0.18;120;1
7834406;;3577057054487;Pierre Fabre Oral Care;Elgydium;ELGYDIUM VITALE COLOUR Br dents souple;0.2;3.4;0.18;120;1
7834412;;3577057054470;Pierre Fabre Oral Care;Elgydium;ELGYDIUM VITALE COLOUR Br dents médium;0.2;3.4;0.18;120;1
8151388;;3577056012747;Pierre Fabre Oral Care;Elgydium;ELGYDIUM BLANCH Pâte dtf citr fraîch T/75ml;0.2;5.45;0.2;90;1
9689799;;3577056005718;Pierre Fabre Oral Care;Elgydium;ELGYDIUM DIFFUS Br dents médium;0.2;3.7;0.18;120;1
9689807;;3577056005701;Pierre Fabre Oral Care;Elgydium;ELGYDIUM DIFFUS Br dents souple;0.2;3.7;0.18;120;1
9981034;;3577056007347;Pierre Fabre Oral Care;Elgydium;ELGYDIUM POCKET Br dents voyage médium;0.2;3.7;0.18;120;1
;;3577056021923;Pierre Fabre Oral Care;Eluday;ELUDAY BLANCHEUR Bain bch Fl/500ml+Gobelet;0.2;6.4;0.18;1;1
;;3577056021930;Pierre Fabre Oral Care;Eluday;ELUDAY CARE Bain bch Fl/500ml+Gobelet doseur;0.2;6.8;0.18;24;1
;;3577056022722;Pierre Fabre Oral Care;Elugel;ELUGEL Gel buc hyg buccodent T/40ml;0.2;5.7;0.15;90;1
;;3577056018299;Pierre Fabre Oral Care;Inava;INAVA ORTHO X Brosse dents souple adulte;0.2;4.9;0.18;96;1
;;3577056023446;Pierre Fabre Oral Care;Inava;INAVA Brosse dents post-opératoire 7/100;0.2;5.1;0.18;96;1
;;3577056023736;Pierre Fabre Oral Care;Inava;DENTO-FIL Fil dent ment fra Fluor 35m;0.2;5.8;0.18;12;1
;;3577056026959;Pierre Fabre Oral Care;Inava;INAVA POWER Brosse dents électrique blue;0.2;48.5;0.18;2;1
;;3577056027000;Pierre Fabre Oral Care;Inava;INAVA POWER Recharge brosse à dents électrique sensibilité;0.2;10.65;0.18;60;1
;;3577056028380;Pierre Fabre Oral Care;Inava;INAVA TRIO COMPACT Brossette 0/0/0 B/3;0.2;4.9;0.18;1;1
;;3577056028397;Pierre Fabre Oral Care;Inava;INAVA TRIO COMPACT Brossette 0/1/2 B/3;0.2;4.9;0.18;1;1
;;3577056028403;Pierre Fabre Oral Care;Inava;INAVA TRIO COMPACT Brossette 1/1/1 B/3;0.2;4.9;0.18;1;1
;;3577056028410;Pierre Fabre Oral Care;Inava;INAVA TRIO COMPACT Brossette 1/2/3 B/3;0.2;4.9;0.18;6;1
;;3577056028427;Pierre Fabre Oral Care;Inava;INAVA TRIO COMPACT Brossette 1/4/5 B/3;0.2;4.9;0.18;1;1
;;3577056028434;Pierre Fabre Oral Care;Inava;INAVA TRIO COMPACT Brossette 4/4/4 B/3;0.2;4.9;0.18;1;1
;;3577056028441;Pierre Fabre Oral Care;Inava;INAVA TRIO COMPACT Brossette recharge noir B/4;0.2;4.2;0.18;1;1
;;3577056028458;Pierre Fabre Oral Care;Inava;INAVA TRIO COMPACT Brossette recharge bleu B/4;0.2;4.2;0.18;6;1
;;3577056028465;Pierre Fabre Oral Care;Inava;INAVA TRIO COMPACT Brossette recharge jaune B/4;0.2;4.2;0.18;6;1
;;3577056028472;Pierre Fabre Oral Care;Inava;INAVA TRIO COMPACT Brossette recharge orange B/4;0.2;4.2;0.18;1;1
;;3577056028489;Pierre Fabre Oral Care;Inava;INAVA TRIO COMPACT Brossette recharge rouge B/4;0.2;4.2;0.18;6;1
;;3577056028496;Pierre Fabre Oral Care;Inava;INAVA TRIO COMPACT Brossette recharge violet B/4;0.2;4.2;0.18;6;1
;;3577056028502;Pierre Fabre Oral Care;Inava;INAVA TRIO COMPACT Brossette recharge vert B/4;0.2;4.2;0.18;1;1
4403634;;3577056000201;Pierre Fabre Oral Care;Inava;DENTO-FIL Fil dent Chlorhex 50m;0.2;5.8;0.18;12;1
4492193;;3577056001383;Pierre Fabre Oral Care;Inava;INAVA Br dents sensibilité;0.2;4.9;0.18;96;1
4716876;;3577056002175;Pierre Fabre Oral Care;Inava;INAVA KIDS Br dents 3 rangs 2/6ans;0.2;4;0.18;96;1
4716882;;3577056002151;Pierre Fabre Oral Care;Inava;INAVA JUNIOR Br dents 7/12ans;0.2;4;0.18;96;1
4716899;;3577056002168;Pierre Fabre Oral Care;Inava;INAVA ORTHODONTIE Br dents;0.2;4.25;0.18;96;1
6113076;;3577057054135;Pierre Fabre Oral Care;Inava;INAVA Br dents souple 20/100;0.2;4.9;0.18;96;1
6123034;;3577057054128;Pierre Fabre Oral Care;Inava;INAVA Br dents chirurg 15/100;0.2;4.9;0.18;96;1
6255830;;3577057054142;Pierre Fabre Oral Care;Inava;INAVA Br dents mi-dure 25/100;0.2;4.9;0.18;96;1
7092057;;3577057054159;Pierre Fabre Oral Care;Inava;INAVA Br dents parodontie;0.2;4.9;0.18;96;1
8278841;;3577056013133;Pierre Fabre Oral Care;Inava;DENTO-FIL BLACK Fil dent 50m;0.2;5.8;0.18;12;1
;;3577056020315;Pierre Fabre Oral Care;Non renseigné;INAVA MONO COMPACT Brossette noir Blister/4;0.2;4.4;0.18;6;1
;;3577056020360;Pierre Fabre Oral Care;Non renseigné;INAVA MONO COMPACT Brossette violet Blister/4;0.2;4.4;0.18;6;1
;;3577056020377;Pierre Fabre Oral Care;Non renseigné;INAVA MONO COMPACT Brossette vert Blister/4;0.2;4.4;0.18;6;1
;;3577056020384;Pierre Fabre Oral Care;Non renseigné;INAVA MONO COMPACT Brossette gris Blister/4;0.2;4.4;0.18;1;1
;;3577056020391;Pierre Fabre Oral Care;Non renseigné;ORTHOPROTECT Cire orthodon blist/7 bandes;0.2;5.3;0.15;44;1
;;3577056021022;Pierre Fabre Oral Care;Non renseigné;ELGYDIUM 1ERES DENTS Gel mass ging T/15ml;0.2;6.4;0.15;12;1
;;3577056023583;Pierre Fabre Oral Care;Non renseigné;ELGYDIUM ANTIPLAQUE Pâte dentifrice NF T/50ml;0.2;4.15;0.2;1;1
6058940;;3577056004308;Pierre Fabre Oral Care;Non renseigné;DENTO-PLAQUE Sol rév plaq Fl/30ml;0.2;4.05;0.18;312;1
6096635;;3577056020322;Pierre Fabre Oral Care;Non renseigné;INAVA MONO COMPACT Brossette bleu Blister/4;0.2;4.4;0.18;6;1
6096636;;3577056020339;Pierre Fabre Oral Care;Non renseigné;INAVA MONO COMPACT Brossette jaune Blister/4;0.2;4.4;0.18;6;1
6096637;;3577056020346;Pierre Fabre Oral Care;Non renseigné;INAVA MONO COMPACT Brossette orange Blister/4;0.2;4.4;0.18;6;1
6096638;;3577056020353;Pierre Fabre Oral Care;Non renseigné;INAVA MONO COMPACT Brossette rouge Blister/4;0.2;4.4;0.18;6;1
6154823;;3577056021794;Pierre Fabre Oral Care;Non renseigné;INAVA PRECISION Brosse dents;0.2;4.9;0.18;1;1
6027665;;3577056024429;Pierre Fabre Oral Care;Parodium;PARODIUM Gel ging soin genc sens T/50ml;0.2;6.4;0.15;96;1
;;3701145600229;Pileje;Chronobiane;CHRONOBIANE LP 1,9mg Cpr B/60;0.055;17.06;0.15;1;1
;;3701145600830;Pileje;Chronobiane;CHRONOBIANE PROTECT LD 1,9mg Cpr B/45;0.055;17.06;0.15;1;1
;;3701145600472;Pileje;Feminabiane;FEMINABIANE CBU FLASH Cpr B/20;0.055;10.82;0.15;1;1
;;3701145601097;Pileje;Feminabiane;FEMINABIANE INTIMA Gél B/20;0.055;19.04;0.15;1;1
4745665;3401547456652;;Pileje;Formag;FORMAG Cpr B/90;0.055;22.16;0.15;0;1
9719230;3401597192302;;Pileje;Formag;FORMAG Cpr B/30;0.055;10.51;0.15;0;1
;3401528534805;;Pileje;Lactibiane;LACTIBIANE IMEDIA Pdr orod 4St;0.055;9.99;0.15;1;1
;3401560168174;;Pileje;Lactibiane;LACTIBIANE ATB Gél B/10;0.055;12.48;0.15;1;1
6050447;3401560504477;;Pileje;Lactibiane;LACTIBIANE REFERENCE 596mg Gél B/10;0.055;10.82;0.15;0;1
6050482;3401560504828;;Pileje;Lactibiane;LACTIBIANE REFERENCE 596mg Gél B/30;0.055;26.33;0.15;0;1
6050499;3401560504996;;Pileje;Lactibiane;LACTIBIANE TOLERANCE 560mg Gél B/30;0.055;26.33;0.15;60;1
;3401560256789;;Pileje;Non renseigné;CHRONOBIANE IMMEDIAT Spray subling Fl/20ml;0.055;11.13;0.15;80;1
;;3760349450603;Pimpant;L'hygiène capillaire;SHAMPOING NOURRISSANT CHEVEUX NORMAUX À SECS POUDRE À DILUER 25 GR;0.2;5.36;0.45;1;6
;;3760349450023;Pimpant;L'hygiène corporelle;GEL DOUCHE VANILLE GOURMANDE POUDRE À DILUER 25 GR;0.2;3.55;0.45;1;6
;;3760349451068;Pimpant;L'hygiène corporelle;KIT DÉCOUVERTE GEL DOUCHE 2-EN-1 CRISTE MARINE (1 BOUTEILLE + 1 STICK);0.2;7.18;0.45;1;4
;;3760349451075;Pimpant;L'hygiène corporelle;KIT DÉCOUVERTE GEL DOUCHE PEAUX SENSIBLES (1 BOUTEILLE + 1 STICK);0.2;7.18;0.45;1;4
;;3760349451082;Pimpant;L'hygiène corporelle;KIT DÉCOUVERTE GEL DOUCHE FLEUR DE COTON (1 BOUTEILLE + 1 STICK);0.2;7.18;0.45;1;4
;;3760349451099;Pimpant;L'hygiène corporelle;KIT DÉCOUVERTE GEL DOUCHE POMME VERTE POUDRE (1 BOUTEILLE + 1 STICK);0.2;7.18;0.45;1;4
;;3760349451105;Pimpant;L'hygiène corporelle;KIT DÉCOUVERTE GEL DOUCHE VANILLE GOURMANDE (1 BOUTEILLE + 1 STICK);0.2;7.18;0.45;1;4
;;3760349451129;Pimpant;L'hygiène corporelle;KIT DÉCOUVERTE GEL DOUCHE TIARÉ (1 BOUTEILLE + 1 STICK);0.2;7.18;0.45;1;4
;;3760349451136;Pimpant;L'hygiène corporelle;KIT DÉCOUVERTE GEL LAVANT FLEUR DE COTON (1 BOUTEILLE + 1 STICK);0.2;7.18;0.45;1;4
;;3760349450108;Pimpant;L'hygiène dentaire;DENTIFRICE MENTHE POUDRE À DILUER 8 GR;0.2;3.55;0.45;1;8
;;3760349450993;Pimpant;L'hygiène dentaire;KIT DÉCOUVERTE DENTIFRICE MENTHE (1 BOUTEILLE + 1 STICK);0.2;7.18;0.45;1;4
;;3760349451013;Pimpant;L'hygiène dentaire;KIT DÉCOUVERTE DENTIFRICE CITRON (1 BOUTEILLE + 1 STICK);0.2;7.18;0.45;1;4
;;3760349451020;Pimpant;L'hygiène dentaire;KIT DÉCOUVERTE DENTIFRICE BLANCHEUR (1 BOUTEILLE + 1 STICK);0.2;7.18;0.45;1;4
;;3760349450054;Pimpant;Les accessoires;BOUTEILLE EN VERRE RECHARGEABLE 300ML;0.2;6.27;0.45;1;4
;;3760349450412;Pimpant;Les accessoires;BOUTEILLE EN VERRE RECHARGEABLE 80ML;0.2;4.45;0.45;1;6
;;3760349450702;Pimpant;Les déodorants;DÉODORANT SOLIDE FLEUR DE COTON;0.2;9;0.45;1;4
;;8032755624677;Planter's;Non renseigné;PRESENTOIR 12 x ALOE VERA PLANTER'S Gel soin apais T/200ml;0.2;134.4;0.3;1;1
;;8032755624684;Planter's;Non renseigné;PRESENTOIR 12 x ALOE VERA PLANTER'S Cr répar corps T/150ml;0.2;142.8;0.3;1;1
5124764;;8032755623212;Planter's;Non renseigné;ALOE VERA PLANTER'S Cr répar corps T/150ml;0.2;11.9;0.25;0;1
5370368;3401353703681;8032755623021;Planter's;Non renseigné;ALOE VERA PLANTER'S Gel soin apais T/200ml;0.2;11.2;0.25;0;1
;;7640178210004;Poderm;Non renseigné;PODERM Huile sérum purifiante Fl/8ml;0.2;19.27;0.15;12;3
;;7640178210011;Poderm;Non renseigné;PODERM Huile sérum nourrissante Fl/8ml;0.2;19.27;0.15;12;3
;;7640178210028;Poderm;Non renseigné;PODERM Huile sérum apaisante Fl/8ml;0.2;19.27;0.15;12;1
;;7640178210042;Poderm;Non renseigné;PODERM Huile sérum sport Fl/8ml;0.2;19.27;0.15;12;3
;;7640178210219;Poderm;Non renseigné;PODERM Sérum ongles Silicium Fl/8ml;0.2;19.27;0.15;12;3
;;7640178210226;Poderm;Non renseigné;PODERM Huile sérum kids Fl/8ml;0.2;15.73;0.15;18;1
;;7640178210233;Poderm;Non renseigné;PODERM Spray pieds purifiant Fl/50ml;0.2;17;0.15;12;1
;;7640178210462;Poderm;Non renseigné;PODERM Vernis color care 273 rose corail 8ml;0.2;12.27;0.15;1;1
;;7640178210479;Poderm;Non renseigné;PODERM Vernis color care 903 rose poudrée 8ml;0.2;12.27;0.15;1;1
;;7640178210486;Poderm;Non renseigné;PODERM Vernis color care 253 rouge allure 8ml;0.2;12.27;0.15;18;1
;;7640178210493;Poderm;Non renseigné;PODERM Vernis color care 437 rouge noir 8ml;0.2;12.27;0.15;1;1
;;7640178210509;Poderm;Non renseigné;PODERM Vernis color care 797 rouge rose 8ml;0.2;12.27;0.15;1;1
;;7640178211322;Poderm;Non renseigné;PODERM VERRUPRO Sol pieds mains Fl/6ml;0.2;16.6;0.15;124;1
;;7640178211414;Poderm;Non renseigné;PODERM Protection ongles abîmés medium Pack/2;0.2;13.47;0.15;1;1
;;7640178211421;Poderm;Non renseigné;PODERM Protection ongles abîmés large Pack/2;0.2;13.47;0.15;1;1
;;7640178211780;Poderm;Non renseigné;PODERM Vernis soin base color care Fl/8ml;0.2;12.86;0.15;1;1
;;7640178211797;Poderm;Non renseigné;PODERM Vernis top coat Fl/8ml;0.2;12.86;0.15;1;1
;;7640178212312;Poderm;Non renseigné;PODERM Sérum pieds très secs abîmés Fl/75ml;0.2;21.6;0.15;1;1
;;7640178213241;Poderm;Non renseigné;PODERM Vernis soin tea trea color care 933 bois de rose Fl/8ml;0.2;12.27;0.15;1;1
;;7640178213258;Poderm;Non renseigné;PODERM Base coat color strong durcisseur Fl/8ml;0.2;12.86;0.15;1;1
;;7640178213289;Poderm;Non renseigné;PODERM Vernis color strong durcisseur 253 rouge allure Fl/8ml;0.2;12.27;0.15;1;1
;;7640178213296;Poderm;Non renseigné;PODERM Vernis color strong durcisseur 797 rouge rose Fl/8ml;0.2;12.27;0.15;1;1
;;7640178214330;Poderm;Non renseigné;PODERM Vernis color strong durcisseur 916 gloss vitality Fl/8ml;0.2;12.27;0.15;1;1
;;7640178214347;Poderm;Non renseigné;PODERM Vernis color strong durcisseur 138 highlighter Fl/8ml;0.2;12.27;0.15;1;1
;;7640178214484;Poderm;Non renseigné;PODERM Stylo sérum mycose des ongles 8ml;0.2;20.67;0.15;25;1
6276980;;7640178210127;Poderm;Non renseigné;PODERM Sérum ongles booster Fl/6ml;0.2;15.73;0.15;164;3
;;3664538000078;Polidis;Nociceptol;NOCICEPTOL Gel jambes légères T/90ml;0.2;6.61;0.2;12;1
;;3664538000085;Polidis;Nociceptol;NOCICEPTOL Gel jambes légères T/150ml;0.2;12.65;0.2;12;1
;;3664538000313;Polidis;Nociceptol;NOCICEPTOL Gel mass anti-doul T/200ml;0.2;21.71;0.2;18;1
;;3664538000436;Polidis;Nociceptol;NOCICEPTOL Stick migraine T/10ml;0.2;7.4;0.2;12;1
2035439;3401020354390;3664538000146;Polidis;Nociceptol;NOCICEPTOL Gel mass anti-doul T/40ml;0.2;5.23;0.2;18;1
2035445;3401020354451;3664538000139;Polidis;Nociceptol;NOCICEPTOL Gel mass anti-doul T/120ml;0.2;13.18;0.2;18;1
4641730;3401046417307;3664538000733;Polidis;Non renseigné;POLIDIS Test gross Stick/1;0.2;7.5;0.75;12;1
9529736;3401095297363;3664538000719;Polidis;Non renseigné;SORTEZ COUVERTS Préserv lub rés B/12;0.055;1.43;0.15;24;1
;;3701063802569;Powerscan;Non renseigné;Tensiomètre poignet POWERSCAN W02;0.2;20.45;0.35;36;1
;;3701063802583;Powerscan;Non renseigné;Tensiomètre bras POWERSCAN B26A;0.2;21.5;0.4;20;1
;;3701063804037;Powerscan;Non renseigné;Therm scan color lavande POWERSCAN;0.2;23.9;0.35;40;1
;;3701063804044;Powerscan;Non renseigné;Therm scan color pomme POWERSCAN;0.2;23.9;0.35;40;1
;;3701063804426;Powerscan;Non renseigné;Oxymètre de pouls POWERSCAN FS10C;0.2;16.6;0.4;100;1
;;3760169125811;Powerscan;Non renseigné;Therm frontal auric POWERSCAN FDIR-V1;0.2;22.2;0.45;50;1
3171788;3400931717881;;Procter & Gamble;Apaisyl;APAISYLGEL 0,75 % Gel appl locale T/30g;0.1;9.91;0.25;144;1
2121274;3401521212748;8006530272056;Procter & Gamble;Apaisyl Répulsif Moustiques;APAISYL APRES PIQURES Sol Roll-on/15ml;0.2;10.87;0.25;12;1
4352486;3401543524867;;Procter & Gamble;Bion;BION3® VITALITE 50+ Caps B/60;0.055;40.4;0.25;36;1
7761819;3401377618190;;Procter & Gamble;Bion;BION 3 DEFENSE ADULTE Caps B/30;0.055;22.9;0.25;36;1
7775075;3401377750753;;Procter & Gamble;Bion;BION3® VITALITE 50+ Caps B/30;0.055;25.1;0.25;36;1
9946055;3401599460553;;Procter & Gamble;Bion;BION 3 VITALITÉ Cpr B/30;0.055;22.9;0.25;36;1
4225569;;5011321715257;Procter & Gamble;Clearblue;CLEARBLUE PLUS Test gross Stylo/1;0.2;6.38;0.25;60;1
4854710;3401548547106;5011321693302;Procter & Gamble;Clearblue;CLEARBLUE Test gross d EAG B/1;0.2;12.04;0.25;60;1
6014689;;8001090039538;Procter & Gamble;Clearblue;CLEARBLUE EARLY Test gross détect préc Stylo;0.2;8.73;0.25;60;1
6274177;;8001841704203;Procter & Gamble;Clearblue;CLEARBLUE Test gross digit ultra précoce B/1;0.2;13.79;0.25;6;1
;;8700216620529;Procter & Gamble;Fixodent;FIXODENT PRO ULTIMATE Cr adhésive neutre T/40g;0.2;9.74;0.25;36;1
;;8700216620598;Procter & Gamble;Fixodent;FIXODENT PRO PLUS MORDANT IMBATTABLE Cr adhésive T/40g;0.2;8.22;0.25;36;1
;;8700216620635;Procter & Gamble;Fixodent;FIXODENT PRO ULTIMATE Cr adhésive neutre T/57g;0.2;11.88;0.25;24;1
;;8700216620680;Procter & Gamble;Fixodent;FIXODENT PRO PLUS MORDANT IMBATTABLE Cr adhésive T/60g;0.2;10.75;0.25;36;1
;;8700216620789;Procter & Gamble;Fixodent;FIXODENT PRO ULTIMATE Cr adhésive frais T/57g;0.2;11.88;0.25;24;1
;;8700216620857;Procter & Gamble;Fixodent;FIXODENT PRO + M TECHNO Cr adhés neutre T/40g;0.2;8.22;0.25;36;1
;;8700216620963;Procter & Gamble;Fixodent;FIXODENT PRO PLUS BARRIERE ANTI-PARTICULES Cr adhésive frais T/57g;0.2;10.75;0.25;24;1
;;8700216621076;Procter & Gamble;Fixodent;FIXODENT PRO + M TECHNO Cr adhés neutre T/57g;0.2;10.75;0.25;24;1
;;8700216621137;Procter & Gamble;Fixodent;FIXODENT PRO ULTIMATE Cr adhésive frais T/40g;0.2;9.74;0.25;36;1
;;8700216621229;Procter & Gamble;Fixodent;FIXODENT PRO PLUS BARRIERE ANTI-PARTICULES Cr adhésive frais T/40g;0.2;8.22;0.25;36;1
3076417;3400930764176;;Procter & Gamble;Non renseigné;OSMOGEL Gel loc T/90g;0.021;11.27;0.25;30;1
3229683;3400932296835;;Procter & Gamble;Non renseigné;AURIGOUTTE gte auric Fl/15ml;0.1;8.5;0.25;144;1
3445754;3400934457548;;Procter & Gamble;Non renseigné;ONCTOSE HYDROCORTISONE Cr T/38g;0.1;12.67;0.25;54;1
3575652;3400935756527;;Procter & Gamble;Non renseigné;CORTAPAISYL 0,5 % Cr T/15g;0.1;7;0.25;180;1
4500389;;8700216148436;Procter & Gamble;Non renseigné;FEMIBION INTIME Caps B/28;0.055;32.09;0.25;1;1
;;4210201421559;Procter & Gamble;Oral b;ORAL B KIDS Br dents électr buz ligh;0.2;29.26;0.25;1;1
;;8006540772409;Procter & Gamble;Oral b;ORAL B KIDS Br dents élect 3ans+ r neiges;0.2;38.13;0.25;1;1
;;8006540804711;Procter & Gamble;Oral b;ORAL B PRO KIDS Brossett r neiges Blister/3;0.2;22.36;0.25;12;1
;;8006540805091;Procter & Gamble;Oral b;ORAL B PRO KIDS Brossette Spiderman Blister/3;0.2;22.36;0.25;1;1
;;8006540841396;Procter & Gamble;Oral b;ORAL B OXYJET Hydropulseur B/1;0.2;106.25;0.25;1;1
;;8006540895184;Procter & Gamble;Oral b;ORAL B PRO 3D WHITE Brossette Blister/3;0.2;25.09;0.25;1;1
;;8006540895795;Procter & Gamble;Oral b;ORAL B PRO CROSS ACTION Brossette Blister/3;0.2;25.09;0.25;12;1
;;8700216373470;Procter & Gamble;Oral b;ORAL B IO ULTIMATE CLEAN Recharge brosse à dents électrique B/3;0.2;34.26;0.25;6;1
;;8700216615365;Procter & Gamble;Oral b;ORAL B IO LABORATORY 2 Brosse dents électrique blanche;0.2;93.33;0.25;6;1
;;8700216615396;Procter & Gamble;Oral b;ORAL B IO LABORATORY 2 Brosse dents électrique bleu nuit;0.2;93.33;0.25;6;1
;;8700216899918;Procter & Gamble;Oral b;ORAL B IO LABORATORY 2 Brosse dents électrique noire;0.2;93.33;0.25;1;1
6234238;;4210201436409;Procter & Gamble;Oral b;ORAL B AQUACARE 4 Hydropulseur;0.2;121.61;0.25;3;1
4669734;3401546697346;8700216470131;Procter & Gamble;Oropolis;VICKS OROPOLIS Past à sucer miel citron B/20;0.055;11.82;0.25;1;1
;;8700216967693;Procter & Gamble;Saint Bernard;SAINT-BERNARD Patch B/3;0.2;11.37;0.25;24;1
3415500;3400934155000;;Procter & Gamble;Saint Bernard;BAUME SAINT BERNARD Cr T/42g;0.1;10.73;0.25;90;1
3415517;3400934155178;;Procter & Gamble;Saint Bernard;BAUME SAINT BERNARD Cr T/100g;0.1;14.87;0.25;30;1
7037035;3401370370354;;Procter & Gamble;Saint Bernard;SAINT-BERNARD Empl 15x22cm;0.2;9.45;0.25;240;1
;;4030300002639;Procter & Gamble;Vicks;VICKS bonbons sans sucre Past triple action Sach/72g;0.2;4.89;0.25;20;1
;;4030300022781;Procter & Gamble;Vicks;VICKS Bonbons miel Sach/72g;0.2;4.89;0.25;20;1
;;4030300022859;Procter & Gamble;Vicks;VICKS bonbons sans sucre menthol Sach/72g;0.2;4.89;0.25;20;1
3112662;3400931126621;5000174139099;Procter & Gamble;Vicks;VICKS INHALER Inhalat poche T/1ml;0.1;6.37;0.25;12;1
6260588;;8001841491165;Procter & Gamble;ZZZQuil;ZZZQUIL SOMMEIL Gomme Pot/60;0.055;31.06;0.25;24;1
6260589;;8001841491110;Procter & Gamble;ZZZQuil;ZZZQUIL SOMMEIL Gomme Pot/30;0.055;19.48;0.25;40;1
;;3700149490782;Produits Divers Laboratoires;Non renseigné;SENSINYL GANTS VINYLE NON POUDRES TAILLE S 6/7 BTE 100;0.2;4.2;0.5;10;1
;;3700149490799;Produits Divers Laboratoires;Non renseigné;SENSINYL GANTS VINYLE M 8/9 B/100;0.2;4.2;0.5;10;1
;;3701365602713;Produits Divers Laboratoires;Non renseigné;SURBLOUSE 25G taille unique S/M BLEU B/10;0.2;13;0.5;1;1
;;3701613300477;Produits Divers Laboratoires;Non renseigné;GANTS D'EXAMEN EN VINYLE NP TAILLE XL;0.2;4.2;0.5;10;1
;;3701613300484;Produits Divers Laboratoires;Non renseigné;GANTS D'EXAMEN DDM L BT100;0.2;4.2;0.5;10;1
;;3760027981085;Produits Divers Laboratoires;Non renseigné;CAMPHRICE CANADA Stick réparat int 25g;0.2;8.11;0;100;1
;;3770017244229;Produits Divers Laboratoires;Non renseigné;Masque noir Type 2R Bte 50 Karman;0.2;3;0.5;60;1
;;4260041532175;Produits Divers Laboratoires;Non renseigné;ANABOX Pilulier hebdomadaire 7 cases;0.2;3.3;0.07;12;1
;;4260041532342;Produits Divers Laboratoires;Non renseigné;ANABOX Pilulier journaliers 7 couleurs;0.2;1.9;0.1;16;1
;;5903855423749;Produits Divers Laboratoires;Non renseigné;MASQUES CHIRURGICAUX BLEUS MEDICAL FACE B/50;0.2;3;0.5;40;1
;;6939663976367;Produits Divers Laboratoires;Non renseigné;AUTOTEST SEEJOY SARS-COV-2 AG Bte/1;0.2;6;0.85;500;50
;;6939663978309;Produits Divers Laboratoires;Non renseigné;TEST COMBO GRIPPE/COVID19 SEJOY Test B/25;0.2;77;0.75;32;1
;;6939663985109;Produits Divers Laboratoires;Non renseigné;SEJOY BOITE DE 25 TEST BANDELETTES REACTIVES POUR ANALYSE D URINE;0.2;50;0.65;20;1
;;6952062774099;Produits Divers Laboratoires;Non renseigné;AUTOTEST DEEPBLUE 5 EN 1 COVID-19 | INFLUENZA A+B | VRS | ADENOVIRUS B/1;0.055;5;0.6;400;1
;;6971348761301;Produits Divers Laboratoires;Non renseigné;Autotest Triplex Covid/grippe/VRS FLUORECARE B/1;0.2;5;0.6;500;1
;;8682450820500;Produits Divers Laboratoires;Non renseigné;MASQUE PROTECTION FFP2 OLEY Blanc Bte/10;0.2;7;0.5;90;1
;;8682998370086;Produits Divers Laboratoires;Non renseigné;MASQUE FFP2 KIRANN Bte/20;0.2;7.8;0.5;40;1
;;8682998370109;Produits Divers Laboratoires;Non renseigné;MASQUE FFP2 KIRANN Bte/10;0.2;3.9;0.5;1;1
;3400930010648;;Produits Divers Laboratoires;Non renseigné;IKERVIS 1 mg/ml Collyre émuls 30Unid/0,3ml;0.1;102.05;0.14;48;1
;3400930091845;;Produits Divers Laboratoires;Non renseigné;CLARISCAN 0,5 mmol/ml Gé S inj en seringue préremplie Ser/15ml;0.021;21.01;0;1;1
;3701045400691;3760349030003;Produits Divers Laboratoires;Non renseigné;MASQUE DMM CHIRUR TYPE IIR BLEU BTE/50;0.2;12;0.8;60;1
;6952062776475;9990000010637;Produits Divers Laboratoires;Non renseigné;TEST COVID AG Deepblue Bte/25;0.2;50;0.65;1;1
;8711252186979;9990000010343;Produits Divers Laboratoires;Non renseigné;Visière de protection médicale Sach/10;0.055;60;0.95;20;1
3030881;3400930308813;;Produits Divers Laboratoires;Non renseigné;DICYNONE 250 mg/2 ml S inj 6Amp/2ml;0.1;9.22;0.14;0;1
3030906;3400930309063;;Produits Divers Laboratoires;Non renseigné;DICYNONE 500 mg Cpr Plq/20;0.1;13.22;0.14;0;1
3098471;3400930984710;;Produits Divers Laboratoires;Non renseigné;SPAGULAX MUCILAGE PUR Glé Sach/700g;0.1;19.02;0.14;12;1
3111579;3400931115793;;Produits Divers Laboratoires;Non renseigné;VASELINE GOMENOLEE 5 % Pom T/15g;0.1;5.69;0.14;16;1
3117286;3400931172864;;Produits Divers Laboratoires;Non renseigné;DOXIUM 250 mg Cpr Plq/30;0.1;9.31;0.14;0;1
3246658;3400932466580;;Produits Divers Laboratoires;Non renseigné;CEFALINE HAUTH 500 mg/50 mg Pdr or en sachet Sach/10;0.1;3.74;0.14;100;1
3254988;3400932549887;;Produits Divers Laboratoires;Non renseigné;VARNOLINE Cpr 3Plq/21 (63);0.1;22.86;0.12;0;1
3305214;3400933052140;;Produits Divers Laboratoires;Non renseigné;MERCILON Cpr 3Plq/21;0.1;22.86;0;0;1
3406435;3400934064357;;Produits Divers Laboratoires;Non renseigné;SPAGULAX MUCILAGE PUR Glé en sachet-dose 20Sach;0.1;6.59;0.14;18;1
3454546;3400934545467;;Produits Divers Laboratoires;Non renseigné;TELFAST 180 mg Cpr pell Plaq/15;0.021;8.56;0.14;0;1
3749388;3400937493888;;Produits Divers Laboratoires;Non renseigné;UROREC 4 mg Gél Plq/30;0.1;11.39;0.14;0;1
3749425;3400937494250;;Produits Divers Laboratoires;Non renseigné;UROREC 8 mg Gél Plq/30;0.1;18.06;0.14;120;1
3802639;3400938026399;;Produits Divers Laboratoires;Non renseigné;ISTENDO 1 g/5 ml S inst ETB en ampoule 6Amp/5ml;0.2;9.09;0;60;1
3873970;3400938739701;;Produits Divers Laboratoires;Non renseigné;BECILAN 250 mg Cpr séc 4Plq/10;0.021;11.59;0.14;200;1
4108852;3401041088526;;Produits Divers Laboratoires;Non renseigné;MYSTAR SYLKFEEL Lancette stér u uniq 33 B/100;0.055;6.05;0.13;72;1
4108881;3401041088816;;Produits Divers Laboratoires;Non renseigné;MYSTAR SYLKFEEL Lancette stér u uniq 28 B/100;0.055;6.05;0.13;72;1
4314379;3401043143797;;Produits Divers Laboratoires;Non renseigné;NEW-FILL Pdr sinj 2Fl+4aiguilles stériles;0.055;259.84;0.18;30;1
4551228;3401545512282;4260041531345;Produits Divers Laboratoires;Non renseigné;ANABOX Pilulier 7 jours Arc en ciel;0.2;11.65;0.07;6;1
7576370;3401075763703;;Produits Divers Laboratoires;Non renseigné;PUREGON PEN Stylo inject de Puregon;0.055;33.62;0;0;1
;;4002590140162;Pulmoll-Otc Concept;Non renseigné;PULMOLL Past lait miel B métal/75g;0.2;4.05;0.1;10;1
;;4002590140247;Pulmoll-Otc Concept;Pulmoll;PULMOLL Past forte black B métal/45g;0.2;4.05;0.1;1;1
;;4002590705729;Pulmoll-Otc Concept;Pulmoll;PULMOLL Past fruits rouges B métal/45g;0.2;4.05;0.1;10;1
;;4002590705989;Pulmoll-Otc Concept;Pulmoll;PULMOLL Past classic B métal/75g éd limit;0.2;4.05;0.1;24;1
;;4002590707556;Pulmoll-Otc Concept;Pulmoll;PULMOLL PAST CLASSIC SS B METAL/45G;0.2;4.05;0.1;1;1
4055877;;4002590703985;Pulmoll-Otc Concept;Pulmoll;PULMOLL Past citron B métal/45g;0.2;4.05;0.1;10;1
4055914;;4002590703954;Pulmoll-Otc Concept;Pulmoll;PULMOLL Past orange B métal/45g;0.2;4.05;0.1;10;1
5359993;;4002590703909;Pulmoll-Otc Concept;Pulmoll;PULMOLL Past classic B métal/75g;0.2;4.05;0.1;30;1
5360016;;4002590703947;Pulmoll-Otc Concept;Pulmoll;PULMOLL Past eucalypt menthol B métal/45g;0.2;4.05;0.1;24;1
;;3701056802170;Puressentiel;Anti-pique;PURESSENTIEL ANTI-PIQUE Roller apais bio 5ml;0.2;8.4;0.25;48;1
;;3701056802187;Puressentiel;Anti-pique;PURESSENTIEL ANTI-PIQUE Roller répul v c 50ml;0.2;11.75;0.25;48;1
;;3701056802859;Puressentiel;Anti-pique;PURESSENTIEL ANTI-PIQUE Cr multi-apais T/40ml;0.2;8.95;0.25;48;1
;;3701056801074;Puressentiel;Anti-poux;PURESSENTIEL ANTI-POUX Lot trait 200ml+peigne;0.2;24.65;0.25;24;1
4079783;3401340797839;;Puressentiel;Anti-poux;PURESSENTIEL ANTI-POUX Shamp poudx bio 200ml;0.2;8.95;0.25;12;1
6154769;;3701056801043;Puressentiel;Anti-poux;PURESSENTIEL ANTI-POUX Shamp trait 150ml+peig;0.2;20.7;0.25;12;1
9842628;3401398426286;;Puressentiel;Anti-poux;PURESSENTIEL ANTI-POUX Spray répuls Fl/75ml;0.2;10.55;0.25;48;1
9843585;3401098435854;;Puressentiel;Anti-poux;PURESSENTIEL ANTI-POUX Lot Rech/100ml;0.2;13.95;0.25;36;1
9848950;3401098489505;;Puressentiel;Anti-poux;PURESSENTIEL ANTI-POUX Lot Spr/100ml+peigne;0.2;18.5;0.25;42;1
;;3701056803559;Puressentiel;Articulations et muscles;PURESSENTIEL ARTICUL MUSCLES Bme calm P/30ml;0.2;12.45;0.25;30;1
;;3701056803573;Puressentiel;Articulations et muscles;PURESSENTIEL ARTICUL MUSCLES Hle mass F/100ml;0.2;13.65;0.25;35;1
4625990;3401546259902;;Puressentiel;Articulations et muscles;PURESSENTIEL ARTICULAT MUSCLES Stick Rol/75ml;0.2;12.95;0.25;48;1
5127745;3401351277450;;Puressentiel;Articulations et muscles;PURESSENTIEL ARTICUL MUSCLES Patch chauff B/3;0.2;12.99;0.25;48;1
6028902;3401360289024;;Puressentiel;Articulations et muscles;PURESSENTIEL ARTICUL MUSCLES Patch ch dos B/2;0.2;15.65;0.25;1;1
6077762;;3701056800145;Puressentiel;Articulations et muscles;PURESSENTIEL ARTICUL MUSCLES Spray cryo 150ml;0.2;15.85;0.25;24;1
6077766;;3701056800152;Puressentiel;Articulations et muscles;PURESSENTIEL ARTICUL MUSCLES Roller cryo 75ml;0.2;12.6;0.25;48;1
6077767;;3701056800169;Puressentiel;Articulations et muscles;PURESSENTIEL ARTICUL MUSCLES Gel cryo 80ml;0.2;12.35;0.25;35;1
6265598;;3701056802156;Puressentiel;Articulations et muscles;PURESSENTIEL ARTICUL MUSCLES Roller pure 75ml;0.2;12.7;0.25;48;1
6265599;;3701056802163;Puressentiel;Articulations et muscles;PURESSENTIEL ARTICUL MUSCLES Gel pure T/80ml;0.2;12.65;0.25;35;1
6337067;;3701056803566;Puressentiel;Articulations et muscles;PURESSENTIEL ARTICUL MUSCLES Friction F/200ml;0.2;19.4;0.25;24;1
6337069;;3701056803580;Puressentiel;Articulations et muscles;PURESSENTIEL ARTICUL MUSCLES Hle mass F/200ml;0.2;23.6;0.25;20;1
9709740;3401397097401;;Puressentiel;Articulations et muscles;PURESSENTIEL ARTICULAT MUSCLES Gel T/60ml;0.2;10.75;0.25;42;1
;;3701056800015;Puressentiel;Assainissant;PURESSENTIEL ASSAINISSANT Gel antibact 975ml;0.2;20.74;0.25;6;1
4071184;3401540711840;3401540711840;Puressentiel;Assainissant;PURESSENTIEL ASSAINISSANT Spray Fl/500ml;0.2;40.8;0.25;6;1
4129280;3401541292805;;Puressentiel;Assainissant;PURESSENTIEL ASSAINISSANT Gel Hydro-alc 250ml;0.2;10.7;0.25;12;1
4392675;3401343926755;;Puressentiel;Assainissant;PURESSENTIEL ASSAINISSANT Spray Fl/200ml;0.2;20.4;0.25;48;1
5162546;3401351625466;;Puressentiel;Assainissant;PURESSENTIEL ASSAINISSANT Spray Fl/75ml;0.2;11.25;0.25;48;1
6018435;3401560184358;;Puressentiel;Assainissant;PURESSENTIEL ASSAINISSANT Lot antib main 25ml;0.2;3.6;0.25;36;1
6018436;3401560184365;;Puressentiel;Assainissant;PURESSENTIEL ASSAINISSANT Lotion hydroalcoolique main 80ml;0.2;4.55;0.25;24;1
6038693;;3701056800008;Puressentiel;Assainissant;PURESSENTIEL ASSAINISSANT Lotion spr hydroalcoolique 250;0.2;10.4;0.25;12;1
6119504;;3701056800701;Puressentiel;Assainissant;PURESSENTIEL ASSAINISSANT Spray textile 150ml;0.2;10.6;0;24;1
6339711;;3701056803702;Puressentiel;Assainissant;PURESSENTIEL ASSAINISSANT Lingettes désinfectantes main surf 32;0.2;5.4;0.25;12;1
9660991;3401396609919;;Puressentiel;Assainissant;PURESSENTIEL ASSAINISSANT Gel Hydoalcoolique 80ml;0.2;4.32;0.25;24;1
;;3701056800299;Puressentiel;Bien-être;PURESSENTIEL BIEN ETRE Gel bobos bosses 20ml;0.2;10.5;0.25;48;1
;;3701056804747;Puressentiel;Bien-être;PURESSENTIEL MIGRAPURE Roller maux de tête 9 huiles essentielles 5ml;0.2;8.7;0.25;48;1
;;3701056804754;Puressentiel;Bien-être;PURESSENTIEL MIGRAPURE Roller maux de tête 9 huiles essentielles 10ml;0.2;12.55;0.25;24;1
5127739;3401351277399;;Puressentiel;Circulation;PURESSENTIEL CIRCULATION Gel ultra fr T/125ml;0.2;13.9;0.25;18;1
9928985;3401599289857;;Puressentiel;Circulation;PURESSENTIEL CIRCULATION Spray Fl/100ml;0.2;16.86;0.25;24;1
;;3701056802330;Puressentiel;Diffusion;PURESSENTIEL DIFFUSION Hle ess cocooning 30ml;0.2;10.95;0.25;1;1
;;3701056802200;Puressentiel;Huile végétale;PURESSENTIEL Hle vég bio Coco P/100ml;0.2;10.55;0.25;1;1
;;3701056802453;Puressentiel;Huile végétale;PURESSENTIEL Huile végétale bio Argan Fl/50ml;0.055;9.55;0.25;24;1
;;3701056802460;Puressentiel;Huile végétale;PURESSENTIEL Hle vég bio Calophylle Fl/50ml;0.2;10.35;0.25;24;1
;;3701056802491;Puressentiel;Huile végétale;PURESSENTIEL Hle vég bio Jojoba Fl/50ml;0.2;8.89;0.25;1;1
;;3701056802507;Puressentiel;Huile végétale;PURESSENTIEL Hle vég bio Macadamia Fl/50ml;0.2;7.65;0.25;1;1
;;3701056802514;Puressentiel;Huile végétale;PURESSENTIEL Hle vég bio Millepertuis Fl/50ml;0.055;10.05;0.25;1;1
;;3701056802521;Puressentiel;Huile végétale;PURESSENTIEL Hle vég bio Nigelle Fl/50ml;0.055;9.86;0.25;24;1
;;3701056802538;Puressentiel;Huile végétale;PURESSENTIEL Hle vég bio Noy Abricot Fl/50ml;0.055;9.43;0.25;1;1
;;3701056802545;Puressentiel;Huile végétale;PURESSENTIEL Huile végétale bio Ricin Fl/50ml;0.2;7.98;0.25;24;1
;;3701056802569;Puressentiel;Huile végétale;PURESSENTIEL Hle vég bio Arnica Fl/50ml;0.2;10.79;0.25;1;1
;;3701056800282;Puressentiel;Huiles essentielles;PURESSENTIEL EXPERT Cpr neutre B/30;0.055;4.95;0.25;56;1
;;3701056802255;Puressentiel;Huiles essentielles;PURESSENTIEL EXP Hle ess bio Ravintsara 10ml;0.055;9.45;0.25;48;1
;;3701056802262;Puressentiel;Huiles essentielles;PURESSENTIEL EXP Hle ess bio Tea Tree Fl/30ml;0.055;16.29;0.25;1;1
;;3701056802378;Puressentiel;Huiles essentielles;PURESSENTIEL EXP Hle ess bio Basilic 5ml;0.2;5.65;0.25;48;1
;;3701056803238;Puressentiel;Huiles essentielles;PURESSENTIEL EXP Hle ess bio Estragon Fl/5ml;0.2;9.45;0.25;1;1
;;3701056803801;Puressentiel;Huiles essentielles;PURESSENTIEL HEBBD Caps Ravintsara bio B/60;0.055;13.7;0.25;1;1
;;3701056803818;Puressentiel;Huiles essentielles;PURESSENTIEL HEBBD Caps Menthe poiv bio B/60;0.055;13.7;0.25;1;1
;;3701056803825;Puressentiel;Huiles essentielles;PURESSENTIEL HEBBD Caps de Gingembre bio B/60;0.055;13.7;0.25;1;1
;;3701056803832;Puressentiel;Huiles essentielles;PURESSENTIEL HEBBD Caps d'Orig comp bio B/60;0.055;13.7;0.25;1;1
;;3701056803849;Puressentiel;Huiles essentielles;PURESSENTIEL HEBBD Caps Lavande vr bio B/60;0.055;13.7;0.25;1;1
;3401560104707;3401560104707;Puressentiel;Huiles essentielles;PURESSENTIEL EXP Hle ess bio Romarin verb 5ml;0.055;7.9;0.25;1;1
;3401560104721;3401560104721;Puressentiel;Huiles essentielles;PURESSENTIEL EXP Hle ess bio Cèdre Atlas 5ml;0.2;4.2;0.25;1;1
;3401560104738;3401560104738;Puressentiel;Huiles essentielles;PURESSENTIEL EXP Hle ess bio Eucalypt ci 10ml;0.055;4.88;0.25;48;1
;3401560104752;3401560104752;Puressentiel;Huiles essentielles;PURESSENTIEL EXP Hle ess bio Pamplem Fl/10ml;0.055;7.32;0.25;1;1
;3401560104769;3401560104769;Puressentiel;Huiles essentielles;PURESSENTIEL EXP Hle ess bio Sapin sibé 10ml;0.055;5.88;0.25;1;1
6010478;3401560104783;;Puressentiel;Huiles essentielles;PURESSENTIEL EXP Hle ess bio Menthe poiv 30ml;0.055;17.2;0.25;1;1
6010479;3401560104790;;Puressentiel;Huiles essentielles;PURESSENTIEL EXP Hle ess bio Ravintsara 30ml;0.055;25.4;0.25;48;1
6114746;;3701056800589;Puressentiel;Huiles essentielles;PURESSENTIEL EXP Hle ess bio Patchouli 5ml;0.2;8.72;0.25;1;1
6114751;;3701056800633;Puressentiel;Huiles essentielles;PURESSENTIEL EXP Hle ess bio Bergamote 10ml;0.2;12.8;0.25;1;1
6324757;;3701056803245;Puressentiel;Huiles essentielles;PURESSENTIEL EXP Hle ess bio Santal Caléd 5ml;0.2;61.61;0.25;1;1
9942258;3401599422582;;Puressentiel;Huiles essentielles;PURESSENTIEL EXP Hle ess bio Arbre à thé 10ml;0.055;6.8;0.25;48;1
9942293;3401599422933;;Puressentiel;Huiles essentielles;PURESSENTIEL EXP Hle ess hebbd Camomille 5ml;0.055;15.6;0.25;48;1
9942324;3401599423244;;Puressentiel;Huiles essentielles;PURESSENTIEL EXP Hle ess bio Citron Fl/10ml;0.055;5.49;0.25;48;1
9942330;3401599423305;;Puressentiel;Huiles essentielles;PURESSENTIEL EXP Huile ess bio citronnelle;0.055;4.55;0.25;48;1
9942347;3401399423475;;Puressentiel;Huiles essentielles;PURESSENTIEL EXP Hle ess bio Cyprès 10ml;0.2;7.95;0.25;0;1
9942382;3401599423824;;Puressentiel;Huiles essentielles;PURESSENTIEL EXP Hle ess bio Eucalypt gl 10ml;0.055;4.98;0.25;48;1
9942407;3401599424074;;Puressentiel;Huiles essentielles;PURESSENTIEL EXP Hle ess bio Eucalypt ra 10ml;0.055;5.9;0.25;48;1
9942436;3401399424366;;Puressentiel;Huiles essentielles;PURESSENTIEL EXP Hle ess bio Gaulthérie 10ml;0.2;6.45;0.25;48;1
9942471;3401599424715;;Puressentiel;Huiles essentielles;PURESSENTIEL EXP Hle ess bio Géranium 5ml;0.055;7.8;0.25;48;1
9942494;3401599424944;;Puressentiel;Huiles essentielles;PURESSENTIEL EXP Hle ess bio Giroflier 5ml;0.055;5.4;0.25;48;1
9942502;3401399425028;;Puressentiel;Huiles essentielles;PURESSENTIEL EXP Hle ess bio Hélichryse 5ml;0.2;24.58;0.25;48;1
9942519;3401599425194;;Puressentiel;Huiles essentielles;PURESSENTIEL EXP Hle ess bio Laurier nobl 5ml;0.055;7.2;0.25;1;1
9942525;3401599425255;;Puressentiel;Huiles essentielles;PURESSENTIEL EXP Hle ess bio Lavande vr 10ml;0.055;8.69;0.25;48;1
9942548;3401599425484;;Puressentiel;Huiles essentielles;PURESSENTIEL EXP Hle ess bio Lavande asp 10ml;0.055;6.85;0.25;48;1
9942554;3401599425545;;Puressentiel;Huiles essentielles;PURESSENTIEL EXP Hle ess bio Lavandin su 10ml;0.055;4.89;0.25;48;1
9942608;3401599426085;;Puressentiel;Huiles essentielles;PURESSENTIEL EXP Hle ess bio Menthe poiv 10ml;0.055;7.75;0.25;48;1
9945386;3401599453869;;Puressentiel;Huiles essentielles;PURESSENTIEL EXP Hle ess bio Niaouli 10ml;0.055;5.49;0.25;48;1
9945392;3401599453920;;Puressentiel;Huiles essentielles;PURESSENTIEL EXP Hle ess bio Orange dce 10ml;0.055;4.55;0.25;48;1
9945417;3401599454170;;Puressentiel;Huiles essentielles;PURESSENTIEL EXP Hle ess bio Palmarosa 10ml;0.055;7.25;0.25;0;1
9945423;3401599454231;;Puressentiel;Huiles essentielles;PURESSENTIEL EXP Hle ess bio Petit grain 10ml;0.055;7.02;0.25;0;1
9945446;3401599454460;;Puressentiel;Huiles essentielles;PURESSENTIEL EXP Hle ess bio Pin sylvest 5ml;0.055;5.89;0.25;0;1
9945475;3401599454750;;Puressentiel;Huiles essentielles;PURESSENTIEL EXP Hle ess bio Romarin cam 10ml;0.055;7.79;0.25;0;1
9945498;3401599454989;;Puressentiel;Huiles essentielles;PURESSENTIEL EXP Hle ess bio Sauge sclar 5ml;0.055;7.59;0.25;0;1
9945506;3401599455061;;Puressentiel;Huiles essentielles;PURESSENTIEL EXP Hle ess bio Thym linalol 5ml;0.055;11.2;0.25;0;1
9945512;3401599455122;;Puressentiel;Huiles essentielles;PURESSENTIEL EXP Hle ess bio Thym thymol 5ml;0.055;7.48;0.25;0;1
9945529;3401399455292;;Puressentiel;Huiles essentielles;PURESSENTIEL EXP Hle ess bio Ylang-ylang 5ml;0.2;7.9;0.25;0;1
6339568;;3701056803665;Puressentiel;Hydrolats;PURESSENTIEL Hydrolat bio Camomille Rom 200ml;0.2;13.3;0.25;1;1
6339569;;3701056803672;Puressentiel;Hydrolats;PURESSENTIEL Hydrolat bio Hélichrys Bio 200ml;0.2;13.35;0.25;1;1
;;3701056804600;Puressentiel;Hygiène & beauté;PURESSENTIEL 1ERS SOINS Gel SOS lab répar 5ml;0.2;8.95;0.25;1;1
;;3701056804587;Puressentiel;Hygiène intime;PURESSENTIEL INTIMITE Gel hygiène intime lavant douceur bio Fl/200ml;0.2;7.35;0.25;12;1
;;3701056802194;Puressentiel;Non renseigné;PURESSENTIEL ANTI-PIQUE Roller répul BB 30ml;0.2;9.55;0.25;48;1
;;3701056802446;Puressentiel;Non renseigné;PURESSENTIEL Hle vég bio Amande dce Fl/50ml;0.055;7.92;0.25;24;1
;;3701056802835;Puressentiel;Non renseigné;PURESSENTIEL ANTI-PIQUE Spray rép Psens 100ml;0.2;13.85;0.25;24;1
;;3701056804488;Puressentiel;Non renseigné;PURESSENTIEL MIGRAPURE Stick froid intense 8 huiles essentielles;0.2;9.98;0.25;1;1
2108693;3401521086936;3401521086936;Puressentiel;Non renseigné;PURESSENTIEL ANTI-PIQUE Spray Fl/200ml;0.2;23.03;0.25;24;1
5441795;3401554417950;;Puressentiel;Non renseigné;PURESSENTIEL ANTI-PIQUE Spray Fl/75ml;0.2;11.99;0.25;48;1
6026572;3401560265729;;Puressentiel;Non renseigné;PURESSENTIEL ANTI-PIQUE Spray répuls BB 60ml;0.2;11.35;0.25;48;1
6077751;;3701056800107;Puressentiel;Non renseigné;PURESSENTIEL ANTI-PIQUE Cr multi-apais BB30ml;0.2;7.98;0.25;48;1
;;3701056800404;Puressentiel;Respiratoire;PURESSENTIEL RESPIRATOIRE Sirop toux Fl/125ml;0.2;7.9;0.25;48;1
;;3701056801241;Puressentiel;Respiratoire;PURESSENTIEL RESPIRATOIRE Spray aérien 20ml;0.2;8.25;0.25;108;1
;;3701056802774;Puressentiel;Respiratoire;PURESSENTIEL RESP OK Bme mass pecto BB P/30ml;0.2;12.98;0.25;1;1
;;3701056802897;Puressentiel;Respiratoire;PURESSENTIEL RESPIRATOIRE Caps HE bio B/30;0.055;10.75;0.25;1;1
;;3760076740640;Puressentiel;Respiratoire;PURESSENTIEL RESPIRATOIRE Spray nasal sinus express Fl/15ml;0.2;12.75;0.25;1;1
4397922;3401543979223;;Puressentiel;Respiratoire;PURESSENTIEL RESPIRATOIRE Bme T/50ml;0.2;8.97;0.25;48;1
5173538;3401551735385;3401551735385;Puressentiel;Respiratoire;PURESSENTIEL RESPIRATOIRE S inh humid Fl/50ml;0.2;8.49;0.25;24;1
6173912;;3701056801258;Puressentiel;Respiratoire;PURESSENTIEL RESPIRATOIRE Past 3 miels B/18;0.055;7.54;0.25;1;1
6233547;;3701056801555;Puressentiel;Respiratoire;PURESSENTIEL RESPIRATOIRE Spray nas déc 15ml;0.2;8.36;0.25;90;1
6274505;;3701056802248;Puressentiel;Respiratoire;PURESSENTIEL RESPIRATOIRE Spray nas apais 100;0.2;9.2;0.25;24;1
6318193;;3701056803122;Puressentiel;Respiratoire;PURESSENTIEL RESPIRATOIRE Spray nas BB 120ml;0.2;10.4;0.25;1;1
9661039;3401396610397;;Puressentiel;Respiratoire;PURESSENTIEL RESPIRATOIRE Inh nasal E/1ml;0.2;4.96;0.25;96;1
9718325;3401597183256;;Puressentiel;Respiratoire;PURESSENTIEL RESPIRATOIRE Spray gorge 15ml;0.055;8.99;0.25;96;1
9718348;3401597183485;;Puressentiel;Respiratoire;PURESSENTIEL RESPIRATOIRE Gom adouciss B/45g;0.055;6.2;0.25;120;1
2137335;3401521373357;;Puressentiel;Sommeil détente;PURESSENTIEL SOMMEIL DETENTE Spray Fl/200ml;0.2;27.84;0.25;48;1
4505783;;3401545057837;Puressentiel;Sommeil détente;PURESSENTIEL SOMMEIL DETENTE Spray Fl/75ml;0.2;14.75;0.25;48;1
4625955;3401546259551;8470001521170;Puressentiel;Stress;PURESSENTIEL SOMMEIL DETENTE Stick stress 5ml;0.2;8.8;0.25;48;1
;;3435171341008;Quies;Non renseigné;QUIES SPECIFIC MOTO Protec auditiv;0.2;11.43;0.15;6;1
;;3435171461003;Quies;Non renseigné;QUIES Cure-oreille B/1;0.2;7.48;0.15;12;1
;;3435171461010;Quies;Non renseigné;QUIES Cure-oreille souple B/1;0.2;7.75;0.15;1;1
;;3435171541026;Quies;Non renseigné;QUIES Bdlette nasale anti-ronflement S/M B/24;0.2;13.44;0.15;120;1
;;3435171581015;Quies;Non renseigné;QUIES Orthèse avanc mandibibulaire;0.2;50.59;0.15;1;1
;;3435171591007;Quies;Non renseigné;QUIES Gouttière buccal pour mémoire Unité;0.2;14.84;0.15;1;1
;;3435171811006;Quies;Non renseigné;QUIES Stick lèvres miel gingembre T/4,5g;0.2;2.3;0.15;12;1
;;3435171831004;Quies;Non renseigné;QUIES Stick lèvres avocat karité T/4,5g;0.2;2.3;0.15;12;1
;;3435171841010;Quies;Non renseigné;QUIES Stick lèvres Aloe vera T/4,5g;0.2;2.3;0.15;12;1
;;3435171851019;Quies;Non renseigné;QUIES Stick lèvres framboise T/4,5g;0.2;2.3;0.15;12;1
;;4043752333824;Quies;Non renseigné;QUIES AUDIO Pile auditiv mod13 Plq/6;0.2;3.22;0.15;10;1
4129558;3401041295580;3435171411015;Quies;Non renseigné;DOCUSPRAY S aur Spr/100ml;0.2;9.43;0.15;48;1
4135530;;3435171240417;Quies;Non renseigné;QUIES ANTI-POUX & LENTES Peigne électron;0.2;16.88;0.15;0;1
4842569;3401548425695;3435171511005;Quies;Non renseigné;QUIES Past suc anti-ronflem agrum B/12;0.2;7.34;0.15;0;1
6026704;;3435170200016;Quies;Non renseigné;RELAX QUIES Masque anti-lum rep dé noir;0.2;8.63;0.15;51;1
7645929;3401576459297;3435171431303;Quies;Non renseigné;DOCULYSE S aur bouch cerum Fl pulv/30ml;0.2;6.08;0.15;72;1
9706463;;3435171151027;Quies;Non renseigné;QUIES Bandeau d'oreill néoprène vert GM;0.2;8.55;0.15;36;1
9706486;;3435171151010;Quies;Non renseigné;QUIES Bandeau d'oreill néoprène bleu PM;0.2;7.65;0.15;36;1
9742401;3401097424019;3435171531003;Quies;Non renseigné;QUIES S buc anti-ronflem miel citron Spr/70ml;0.2;10.01;0.15;48;1
9830559;;3435171101169;Quies;Non renseigné;BOULES QUIES Protect audit cire naturelle 16;0.2;3.18;0.15;200;1
;;3435171191078;Quies;Quies;QUIES Protect msse audit vert mini B/6;0.2;2.83;0.15;12;1
;;3435171311001;Quies;Quies;QUIES SPECIFIC SOMMEIL Protec auditiv;0.2;9.92;0.15;6;1
;;3435171321000;Quies;Quies;QUIES SPECIFIC BRICO Protec auditiv;0.2;9.92;0.15;6;1
;;3435171331009;Quies;Quies;QUIES SPECIFIC MUSIC Protect° auditiv;0.2;13;0.15;6;1
;;3435171351014;Quies;Quies;QUIES SPECIFIC AVION Protec auditiv;0.2;7.64;0.15;180;1
;;3435171361006;Quies;Quies;QUIES SPECIFIC AQUA AD Protec auditiv;0.2;4.97;0.15;180;1
;;3435171361013;Quies;Quies;QUIES SPECIFIC AQUA ENF Protec auditiv;0.2;4.97;0.15;180;1
;;3435171471002;Quies;Quies;QUIES AUDICLAR Gél Fl/60;0.055;15.5;0.15;1;1
;;3435171541033;Quies;Quies;QUIES Bdlette nasale anti-ronflement L B/24;0.2;13.44;0.15;120;1
;;4043752333831;Quies;Quies;QUIES AUDIO Pile auditiv mod312 Plq/6;0.2;3.22;0.15;10;1
2957713;;3435171341107;Quies;Quies;QUIES AUDIO Pile auditiv mod10 Plq/6;0.055;3.22;0.15;10;1
4135518;3401041355185;3435171561000;Quies;Quies;QUIES S nas anti-ronflem Spr/15ml;0.2;8.31;0.15;72;1
4696398;;3435171190071;Quies;Quies;QUIES Protec auditiv msse chair B/6;0.2;2.83;0.15;216;1
6380021;;3435171131005;Quies;Quies;QUIES Protec auditiv silic anti-bruit B/6;0.2;5.21;0.15;144;1
7396550;;3435170500024;Quies;Quies;QUIES Protec auditiv avion Enf B/2;0.2;7.06;0.15;0;1
7476119;;3435170100248;Quies;Quies;BOULES QUIES Protec auditiv cire naturelle 24;0.2;4.67;0.15;160;1
7527064;;3435170190065;Quies;Quies;QUIES Protec auditiv msse fluo B/6;0.2;2.83;0.15;216;1
7793831;;3435170180066;Quies;Quies;QUIES Protec auditiv natation silic Enf B/3pa;0.2;4.82;0.15;12;1
9706411;;3435171191061;Quies;Quies;QUIES Protect msse audit disco B/6;0.2;2.83;0.15;216;1
9706428;;3435171181062;Quies;Quies;QUIES Protec auditiv natation silic Ad B/3pai;0.2;5.57;0.15;156;1
9706434;3401597064340;3435171521004;Quies;Quies;QUIES Past suc anti-ronflem miel citron B/12;0.2;7.38;0.15;104;1
;;0731124402653;Reckitt;Biofreeze;BIOFREEZE Gel antalgique eff froid Rollon/89m;0.2;11.09;0.2;24;1
;;0731124402677;Reckitt;Biofreeze;BIOFREEZE Gel antalgique froid T/118ml;0.2;11.09;0.2;24;1
;;0731124402684;Reckitt;Biofreeze;BIOFREEZE Spray antalalgique eff froid 118ml;0.2;11.09;0.2;42;1
;;3059940049669;Reckitt;Gavidigest;GAVIDIGEST BALLONNEMENT Gél B/15;0.2;8.47;0.2;72;1
3679274;3400936792746;;Reckitt;Gavisconell;GAVISCONELL Cpr croq ss suc ment édul Plq/24;0.1;8.15;0.2;72;1
3825451;3400938254518;;Reckitt;Gavisconell;GAVISCONELL Susp buv sachet-dose menthe sans sucre 12Sach/10ml;0.1;7.7;0.2;12;1
;3400930170861;;Reckitt;Non renseigné;NUROFENPLAST 200 mg Emplâtre médic 4Sach;0.1;15.09;0.2;20;1
3385176;3400933851767;;Reckitt;Non renseigné;GAVISCONELL Susp buv sachet-dose menthe sans sucre 24Sach/10ml;0.1;13.15;0.2;12;1
3762176;3400937621762;;Reckitt;Non renseigné;GAVISCONPRO Susp buv en sachet menthe 10Sach/10ml;0.1;10;0.2;12;1
2213384;3400922133843;;Reckitt;Nurofen;NUROFENCAPS 400 mg Caps molle Plq/10;0.1;6.45;0.2;144;1
3396435;3400933964351;;Reckitt;Nurofen;NUROFEN 200 mg Cpr enr 2Plq/10 (20);0.1;4.24;0.2;72;1
3605301;3400936053014;;Reckitt;Nurofen;NUROFENTABS 200 mg Cpr orodisp Plq/12;0.1;6.9;0.2;144;1
3605399;3400936053991;;Reckitt;Nurofen;NUROFEN 200 mg Cpr orodisp Plq/12;0.1;6.9;0.2;144;1
3686498;3400936864986;;Reckitt;Nurofen;NUROFEN 400 mg Cpr enr Plq/12;0.1;5.57;0.2;144;1
3841421;3400938414219;;Reckitt;Nurofen;NUROFEN 200 mg Cpr enr Plq/30;0.1;5.71;0.2;72;1
3675247;3400936752474;;Reckitt;Nurofenflash;NUROFENFLASH 200 mg Cpr pell Plq/12;0.1;4.4;0.2;144;1
3676057;3400936760578;;Reckitt;Nurofenflash;NUROFENFLASH 400 mg Cpr pell Plq/12;0.1;6.56;0.2;144;1
6240633;3401562406335;3059946240633;Reckitt;Steradent;STERADENT Cpr eff triple action 3T/30;0.2;10.58;0.1;12;1
6316371;3401563163718;3059946316376;Reckitt;Steradent;STERADENT Cpr eff triple action T/30;0.2;4.95;0.1;96;1
6316388;3401563163886;3059946316383;Reckitt;Steradent;STERADENT Cpr eff triple action 2T/30;0.2;8.54;0.1;12;1
3203778;3400932037780;;Reckitt;Strepsils;STREPSILS Past à sucer menthe glaciale Plq/24;0.1;7.36;0.2;144;1
3322661;3400933226619;;Reckitt;Strepsils;STREPSILS Past à sucer miel citron Plq/24;0.1;7.36;0.2;144;1
3400088;3400934000881;;Reckitt;Strepsils;STREPSILSPRAY Collut Pulv/20ml;0.1;9.2;0.2;48;1
3529511;3400935295118;;Reckitt;Strepsils;STREPSILS lidocaïne Past Plq/24;0.1;8.91;0.2;144;1
3695474;3400936954748;;Reckitt;Strepsils;STREPSILS Vitamine C Past orange Plq/24;0.1;7.36;0.2;144;1
3741211;3400937412117;;Reckitt;Strepsils;STREPSILS FRAISE Past s suc éd iso,mal Plq/24;0.1;7.36;0.2;144;1
3741346;3400937413466;;Reckitt;Strepsils;STREPSILS sans sucre Past citron Plq/24;0.1;7.36;0.2;144;1
3851218;3400938512182;;Reckitt;Strepsils;STREPSILS Past à sucer miel citron Plq/36;0.1;9.55;0.2;96;1
3851371;3400938513714;3528285210923;Reckitt;Strepsils;STREPSILS lidocaïne Past Plq/36;0.1;10.54;0.2;96;1
9711079;;0850803002776;Reckitt;Therapearl;THERAPEARL Manchon genoux B/1;0.2;11;0.27;12;1
9711085;;0850803002769;Reckitt;Therapearl;THERAPEARL Manchon articulations B/1;0.2;8.5;0.27;24;1
9711091;;0850803002714;Reckitt;Therapearl;THERAPEARL Masque oculaire B/1;0.2;7.5;0.27;24;1
9711139;;0850803002721;Reckitt;Therapearl;THERAPEARL Compresse anatomique dos B/1;0.2;14;0.27;3;1
9713049;;0850803002738;Reckitt;Therapearl;THERAPEARL Compr anat epaule/cervical B/1;0.2;15;0.27;12;1
9713055;;0850803002622;Reckitt;Therapearl;THERAPEARL Compresse multi zones B/1;0.2;6.5;0.27;24;1
;;7090001493195;Rhino Horn;Non renseigné;RHINO HORN JUNIOR App lav fosses nas;0.2;6.84;0.1;139;1
6419757;3401564197576;7090001493164;Rhino Horn;Non renseigné;RHINO HORN App lav fosses nas rge;0.2;6.84;0.1;100;1
7797846;3401577978469;7090001493157;Rhino Horn;Non renseigné;RHINO HORN App lav fosses nas bleu;0.2;6.84;0.1;100;1
;;8888650403073;Richesses du Monde;Non renseigné;TB Baume du tigre blanc Pot/21g;0.2;7.42;0.3;48;1
;;8888650404070;Richesses du Monde;Non renseigné;TB Baume du tigre extra fort roug P/21g;0.2;7.42;0.3;48;1
;;4015630066209;Roche Diabetes Care France;Non renseigné;ACCU-CHEK GUIDE Lecteur mg/dl;0.055;19.59;0.91;25;1
;;4015630082841;Roche Diabetes Care France;Non renseigné;ACCU CHEK GUIDE Kit glycémie mg/dl B/1;0.055;27.37;0.9;27;1
;;4015630082889;Roche Diabetes Care France;Non renseigné;ACCU-CHEK GUIDE Bandlette 2Fl/50;0.055;32.75;0.07;24;1
;;5903999600334;Roche Diabetes Care France;Non renseigné;ACCU FINE Aig p stylo inject 31Gx5mm B/100;0.055;12.8;0.38;24;1
;;5903999600358;Roche Diabetes Care France;Non renseigné;ACCU FINE Aig p stylo inject 32Gx4mm B/100;0.055;12.8;0.38;24;1
;;5903999600372;Roche Diabetes Care France;Non renseigné;ACCU FINE Aig p stylo inject 31Gx8mm B/100;0.055;12.8;0.38;24;1
4326098;3401043260982;4015630006038;Roche Diabetes Care France;Non renseigné;ACCU-CHEK SAFE-T-PRO PLUS Lancette B/200;0.055;16.48;0.04;10;1
4702354;3401047023545;4015630982028;Roche Diabetes Care France;Non renseigné;ACCU-CHEK PERFORMA Bandelette 2Fl/50;0.055;32.91;0.07;49;1
5162285;3401051622857;4015630064779;Roche Diabetes Care France;Non renseigné;ACCU-CHEK MOBILE Cassette B/2x50;0.055;31.13;0.04;70;1
5162291;;4015630063253;Roche Diabetes Care France;Non renseigné;ACCU-CHEK MOBILE Kit mg/dl;0.055;71.92;0.31;25;1
7685225;3401076852253;4015630018260;Roche Diabetes Care France;Non renseigné;ACCU-CHEK SOFTCLIX Lancette B/200;0.055;12.29;0.12;59;1
7685231;3401076852314;4015630018239;Roche Diabetes Care France;Non renseigné;ACCU-CHEK SOFTCLIX Autopiqueur;0.055;9.47;0.9;59;1
9985776;3401099857761;4015630065561;Roche Diabetes Care France;Non renseigné;ACCU-CHEK FASTCLIX Autopiqueur;0.055;9.47;0.9;59;1
9985782;;4015630057009;Roche Diabetes Care France;Non renseigné;ACCU-CHEK FASTCLIX Lancette B/204;0.055;12.71;0.12;54;1
3949897;3400939498973;;Rottendorf (Esberiven);Non renseigné;ESBERIVEN FORT Cpr enr Plq/60;0.1;13.45;0.34;49;1
;;3664359000073;S.I.D. Nutrition;Non renseigné;SIDN SPIRULINE BIO 500 Cpr B/200;0.055;21;0.25;1;1
;;3664359000448;S.I.D. Nutrition;Non renseigné;SIDN PREVENTLIFE BAOBAB Cpr cholestéro Bte/60;0.055;15.8;0.25;0;1
;;3664359000455;S.I.D. Nutrition;Non renseigné;SIDN VITAMINE D3 Gél B/30;0.055;7.7;0.25;1;1
;3401560037098;;S.I.D. Nutrition;Non renseigné;SIDN VISIOACTIV Caps B/180;0.055;64;0.25;1;1
4705565;3401547055657;;S.I.D. Nutrition;Oligo;SIDN OLIGO CLASSICS Zn Gél B/30;0.055;7.6;0.25;96;1
4705619;3401547056197;;S.I.D. Nutrition;Oligo;SIDN OLIGO CLASSICS Fe Gél B/30;0.055;7.6;0.25;0;1
4705625;3401547056258;;S.I.D. Nutrition;Oligo;SIDN OLIGO CLASSICS Cr Gél B/30;0.055;7.6;0.25;0;1
9532810;3401595328109;;S.I.D. Nutrition;Oligoroyal;SIDN OLIGOROYAL Gel roy Mg S buv 20A/10ml;0.055;14.9;0.25;12;1
;;3664359000042;S.I.D. Nutrition;Phyto Classics 30 Gélules;SIDN PHYTO CLASSICS Gingembre Gél B/30;0.055;8;0.25;0;1
4646696;3401546466966;;S.I.D. Nutrition;Phyto Classics 30 Gélules;SIDN PHYTO CLASSICS Canneberge Gél B/30;0.055;8;0.25;0;1
4646704;3401546467048;;S.I.D. Nutrition;Phyto Classics 30 Gélules;SIDN PHYTO CLASSICS Aubépine Gél B/30;0.055;8;0.25;0;1
4646710;3401546467109;;S.I.D. Nutrition;Phyto Classics 30 Gélules;SIDN PHYTO CLASSICS Courge pépins Gél B/30;0.055;8;0.25;0;1
4646727;3401546467277;;S.I.D. Nutrition;Phyto Classics 30 Gélules;SIDN PHYTO CLASSICS Ginseng Gél B/30;0.055;8;0.25;0;1
4646779;3401546467796;;S.I.D. Nutrition;Phyto Classics 30 Gélules;SIDN PHYTO CLASSICS Myrtille baie Gél B/30;0.055;8;0.25;1;1
4646791;3401546467918;;S.I.D. Nutrition;Phyto Classics 30 Gélules;SIDN PHYTO CLASSICS Vigne rouge Gél B/30;0.055;8;0.25;0;1
4646851;3401546468519;;S.I.D. Nutrition;Phyto Classics 30 Gélules;SIDN PHYTO CLASSICS Thé vert Gél B/30;0.055;8;0.25;0;1
4754598;3401547545981;;S.I.D. Nutrition;Phyto Classics 30 Gélules;SIDN PHYTO CLASSICS Curcuma Gél B/30;0.055;8;0.25;0;1
4754658;3401547546582;;S.I.D. Nutrition;Phyto Classics 30 Gélules;SIDN PHYTO CLASSICS Levure de bière Gél B/30;0.055;8;0.25;0;1
4754687;3401547546872;;S.I.D. Nutrition;Phyto Classics 30 Gélules;SIDN PHYTO CLASSICS Ortie Gél B/30;0.055;8;0.25;0;1
4754693;3401547546933;;S.I.D. Nutrition;Phyto Classics 30 Gélules;SIDN PHYTO CLASSICS Radis noir Gél B/30;0.055;8;0.25;0;1
4754747;3401547547473;;S.I.D. Nutrition;Phyto Classics 30 Gélules;SIDN PHYTO CLASSICS Bambou Gél B/30;0.055;8;0.25;0;1
4754753;3401547547534;;S.I.D. Nutrition;Phyto Classics 30 Gélules;SIDN PHYTO CLASSICS Spiruline Gél B/30;0.055;8;0.25;0;1
4797478;3401547974781;;S.I.D. Nutrition;Phyto Classics 30 Gélules;SIDN PHYTO CLASSICS Harpagophytum Gél B/30;0.055;8;0.25;96;1
5385909;3401553859096;;S.I.D. Nutrition;Phyto Classics 30 Gélules;SIDN PHYTO CLASSICS Rhodiola Gél B/30;0.055;8;0.25;0;1
5385915;3401553859157;;S.I.D. Nutrition;Phyto Classics 30 Gélules;SIDN PHYTO CLASSICS Echinacée Gél B/30;0.055;8;0.25;0;1
6071343;3401560713435;;S.I.D. Nutrition;Phyto Classics 30 Gélules;SIDN PHYTO CLASSICS Chardon marie Gél B/30;0.055;8;0.25;1;1
6071366;3401560713664;;S.I.D. Nutrition;Phyto Classics 30 Gélules;SIDN PHYTO CLASSICS Desmodium Gél B/30;0.055;8;0.25;1;1
6071596;3401560715965;;S.I.D. Nutrition;Phyto Classics 30 Gélules;SIDN PHYTO CLASSICS Onagre Caps B/30;0.055;8;0.25;1;1
6082683;3401560826838;;S.I.D. Nutrition;Phyto Classics 30 Gélules;SIDN PHYTO CLASSICS Foie Morue Caps B/30;0.055;8;0.25;1;1
6147508;3401561475080;;S.I.D. Nutrition;Phyto Classics 30 Gélules;SIDN PHYTO CLASSICS Charbon végétal Gél B/30;0.055;8;0.25;96;1
6147678;3401561476780;;S.I.D. Nutrition;Phyto Classics 30 Gélules;SIDN PHYTO CLASSICS Marronnier d'Ind Gél B/30;0.055;8;0.25;0;1
6147721;3401561477213;;S.I.D. Nutrition;Phyto Classics 30 Gélules;SIDN PHYTO CLASSICS Ginkgo Gél B/30;0.055;8;0.25;0;1
6147750;3401561477503;;S.I.D. Nutrition;Phyto Classics 30 Gélules;SIDN PHYTO CLASSICS Prêle Gél B/30;0.055;8;0.25;0;1
6147767;3401561477671;;S.I.D. Nutrition;Phyto Classics 30 Gélules;SIDN PHYTO CLASSICS Valériane Gél B/30;0.055;8;0.25;0;1
6148086;3401561480862;;S.I.D. Nutrition;Phyto Classics 30 Gélules;SIDN PHYTO CLASSICS Passiflore Gél B/30;0.055;8;0.25;0;1
6148525;3401561485256;;S.I.D. Nutrition;Phyto Classics 30 Gélules;SIDN PHYTO CLASSICS Escholtzia Gél B/30;0.055;8;0.25;0;1
9532856;3401595328567;;S.I.D. Nutrition;Phyto Classics 30 Gélules;SIDN PHYTO CLASSICS Griffonia Gél B/30;0.055;8;0.25;0;1
9832802;3401598328021;;S.I.D. Nutrition;Phyto Classics 30 Gélules;SIDN PHYTO CLASSICS Bourrache Caps B/30;0.055;8;0.25;0;1
;;3664359000004;S.I.D. Nutrition;Phyto Classics 90 Gélules;SIDN PHYTO CLASSICS Courge pépins Gél B/90;0.055;20.3;0.25;0;1
2017890;3401520178908;;S.I.D. Nutrition;Phyto Classics 90 Gélules;SIDN PHYTO CLASSICS Passiflore Gél B/90;0.055;20.3;0.25;0;1
2108351;3401521083515;;S.I.D. Nutrition;Phyto Classics 90 Gélules;SIDN PHYTO CLASSICS Harpagophytum Gél B/90;0.055;20.3;0.25;1;1
2108380;3401521083805;;S.I.D. Nutrition;Phyto Classics 90 Gélules;SIDN PHYTO CLASSICS Levure de bière Gél B/90;0.055;20.3;0.25;1;1
2108397;3401521083973;;S.I.D. Nutrition;Phyto Classics 90 Gélules;SIDN PHYTO CLASSICS Canneberge Gél B/90;0.055;20.3;0.25;1;1
;;3664359000387;S.I.D. Nutrition;Preventlife Baobab;SIDN PREVENTlIFE BAOBAB Cpr décontr musc B/30;0.055;11.9;0.25;1;1
;;3664359000493;S.I.D. Nutrition;Preventlife Baobab;SIDN PREVENTLIFE BAOBAB Cpr flore&trans B/30;0.055;11.7;0.25;1;1
;;3664359000875;S.I.D. Nutrition;Preventlife Baobab;SIDN PREVENTLIFE BAOBAB Cpr stress B/30;0.055;10.1;0.25;1;1
9532767;3401595327676;;S.I.D. Nutrition;Preventlife Baobab;SIDN PREVENTLIFE BAOBAB Cpr arthr synerg B/60;0.055;14.3;0.25;0;1
9815181;3401598151810;;S.I.D. Nutrition;Preventlife Baobab;SIDN PREVENTLIFE BAOBAB Cpr ménopause B/40;0.055;14.3;0.25;0;1
;;3760099703059;SICOBEL (Pharm'Up);Dolpic;DOLPIC SPRAY CRYO 150ML;0.2;5.07;0.25;12;1
5158243;3401551582439;3760185110020;SICOBEL (Pharm'Up);Dolpic;DOLPIC Bme chauff Capsaïcine T/100ml;0.2;13.38;0.25;50;1
4363389;3401043633892;5035883002068;SICOBEL (Pharm'Up);Douce nuit;DOUCENUIT GORGE S buc anti-ronflem Spr/23.5ml;0.2;17.01;0.3;48;1
5167733;3401551677333;;SICOBEL (Pharm'Up);Douce nuit;DOUCENUIT Past dble act B/16;0.2;7.49;0.3;24;1
6449497;;3760185110365;SICOBEL (Pharm'Up);Douce nuit;DOUCENUIT Bdlette nasale GM B/20;0.2;16.25;0.3;1;1
7887466;3401078874666;0000050049769;SICOBEL (Pharm'Up);Douce nuit;DOUCENUIT NEZ S nas anti-ronflem Vapo/10ml;0.2;11.51;0.3;78;1
9582535;3401095825351;;SICOBEL (Pharm'Up);Douce nuit;DOUCENUIT Flle anti-ronfl long durée Sach/14;0.2;7.33;0.3;36;1
9593817;3401095938174;;SICOBEL (Pharm'Up);Douce nuit;DOUCENUIT Flle anti-ronfl long durée Sach/28;0.2;12.44;0.3;30;1
;;7070866026943;SICOBEL (Pharm'Up);Möller's;MOLLERS Oméga-3 Huile de foie de morue sans arome S buv Fl/250ml;0.055;26.16;0.25;1;1
;;7070866026974;SICOBEL (Pharm'Up);Möller's;MOLLERS Oméga-3 Huile de foie de morue arome naturel citron S buv 250ml;0.055;26.16;0.25;1;1
;;3760185110303;SICOBEL (Pharm'Up);Non renseigné;RECETTES D'ANTAN savon d'Alep 20% pain 200g;0.2;4.32;0.25;50;1
;;5703428251690;SICOBEL (Pharm'Up);Non renseigné;MEDIDOSE Pilulier bleu saphir Trousse;0.2;14.46;0.3;20;1
;;3701265100340;SICOBEL (Pharm'Up);Nutriveggies;NUTRIVEGGIES Ginkgo biloba bio Gél Pilulier/40;0.055;20.25;0.9;1;1
;;3701265100364;SICOBEL (Pharm'Up);Nutriveggies;NUTRIVEGGIES Valériane bio Gél Pilulier/40;0.055;14.56;0.9;1;1
;;3701265100371;SICOBEL (Pharm'Up);Nutriveggies;NUTRIVEGGIES Passiflore bio Gél Pilulier/40;0.055;14.56;0.9;1;1
;;3701265100418;SICOBEL (Pharm'Up);Nutriveggies;NUTRIVEGGIES Mix VM Gél Pilulier/60;0.055;16.29;0.9;1;1
4639727;3401546397277;;SICOBEL (Pharm'Up);Papier d'Arménie;PAPIERS d'ARMENIE;0.2;3.94;0.25;30;1
6135238;;3292030000113;SICOBEL (Pharm'Up);Papier d'Arménie;PAPIER D'ARMENIE Classique Flle triple;0.2;2.83;0.25;30;1
9615252;3401596152529;;SICOBEL (Pharm'Up);Papier d'Arménie;PAPIERS d'ARMENIE Flle rose Pack;0.2;4.01;0.25;30;1
;;3760099701666;SICOBEL (Pharm'Up);Solens;SOLENS SANS SUCRE Bonbon angélique B/50g;0.2;2.28;0.25;1;1
;;3760099702489;SICOBEL (Pharm'Up);Solens;SOLENS Bonbon caramel tendre Sach/100g;0.2;3.53;0.25;20;1
;;3760099702618;SICOBEL (Pharm'Up);Solens;SOLENS SANS SUCRE Bonbon café B/66g;0.2;2.28;0.25;1;1
;;3760099702625;SICOBEL (Pharm'Up);Solens;SOLENS SANS SUCRE Bonbon caramel B/66g;0.2;2.28;0.25;1;1
;;3760099702632;SICOBEL (Pharm'Up);Solens;SOLENS SANS SUCRE Bonbon mélisse citronnée B/66g;0.2;2.28;0.25;1;1
;;3760099702656;SICOBEL (Pharm'Up);Solens;SOLENS PLANTES DES MONTAGNES SANS SUCRE;0.2;2.28;0.25;1;1
;;3760099703264;SICOBEL (Pharm'Up);Solens;SOLENS SUCRES CUITS PERLE FOURREES MIEL BIO B/110G;0.2;3.49;0.25;20;1
4643775;3401546437751;3595894643770;SICOBEL (Pharm'Up);Solens;SOLENS TENDRE ENF Bonbon tendres jus frt 100g;0.2;4.25;0.25;20;1
4706783;3401547067834;3595894706789;SICOBEL (Pharm'Up);Solens;SOLENS SUCRES CUITS Past miel;0.2;3.53;0.25;20;1
6257912;3401562579121;3595890095054;SICOBEL (Pharm'Up);Solens;SOLENS GOMMES Gom eucalypt menthol;0.2;3.53;0.25;20;1
6257935;3401562579350;3595890094064;SICOBEL (Pharm'Up);Solens;SOLENS BONBONS D'ANTAN Gom guimauve;0.2;3.53;0.25;20;1
6257958;3401562579589;3595890099014;SICOBEL (Pharm'Up);Solens;SOLENS GOMMES Gom mélange pectoral;0.2;3.53;0.25;20;1
6257964;3401562579640;3595890097034;SICOBEL (Pharm'Up);Solens;SOLENS GOMMES Gom miel;0.2;3.53;0.25;20;1
6258001;3401562580011;3595890124006;SICOBEL (Pharm'Up);Solens;SOLENS GOMMES Gom réglisse vanillée;0.2;3.53;0.25;20;1
6258113;3401562581131;3595890139031;SICOBEL (Pharm'Up);Solens;SOLENS SUCRES CUITS Past vichy;0.2;3.53;0.25;20;1
9530260;3401595302604;3595899530266;SICOBEL (Pharm'Up);Solens;SOLENS SANS SUCRE Past vichy ment;0.2;4.25;0.25;20;1
9850160;3401598501608;3595899850166;SICOBEL (Pharm'Up);Solens;SOLENS BONBONS D'ANTAN Guimauve sav d'antan;0.2;3.53;0.25;10;1
;;3662361004089;SVR;ABC;SVR A AMPOULE LIFT Concentré 30ml;0.2;31.1;0.18;1;1
;;3662361000043;SVR;AK Secure;*SVR AK SECURE DM PROTECT Flde Fl air/50ml;0.2;22.7;0.25;72;6
;;3662361001026;SVR;Cicavit;SVR CICAVIT+ SPF50+ Cr répar marq T/40ml;0.2;15.5;0.18;1;1
;;3662361001309;SVR;Cicavit;SVR CICAVIT+ Gel moussant Fl pompe/200ml;0.2;13.26;0.18;1;1
;;3662361001682;SVR;Cicavit;SVR CICAVIT Cr mains T/75ml;0.2;11;0.18;1;1
;;3662361004638;SVR;Cicavit;SVR CICAVIT+ Cr HPPI réparatrice anti-marques T/100ml;0.2;16.5;0.18;1;1
;;3662361004645;SVR;Cicavit;SVR CICAVIT+ Cr HPPI réparatrice anti-marques T/40ml;0.2;10.5;0.18;1;1
;3401060287450;;SVR;Cicavit;*SVR CICAVIT DM+ Cr cicatrices T/15g;0.2;26.5;0.25;1;6
;3401360060753;;SVR;Clairial;SVR CLAIRIAL Sérum correct tache brune T/30ml;0.2;31.2;0.18;1;1
;;3662361001941;SVR;Densitium;*SVR DENSITIUM Cr Pot/50ml;0.2;38;0.25;1;1
;;3662361002023;SVR;Densitium;SVR DENSITIUM BI-SERUM Sérum Fl rechargeable/30ml;0.2;44;0.18;1;1
;;3662361004706;SVR;Densitium;SVR DENSITIUM Bme nuit Recharge/50ml;0.2;34.85;0.18;1;1
;;3662361004713;SVR;Densitium;SVR DENSITIUM Bme nuit Pot rechargeable/50ml;0.2;38;0.18;1;1
;;3662361004720;SVR;Densitium;SVR DENSITIUM Cr riche Pot rechargeable/50ml;0.2;41;0.18;1;1
;;3662361005611;SVR;Densitium;SVR DENSITIUM BI-SERUM Sérum Recharge/30ml;0.2;36.5;0.18;1;1
;;3662361003211;SVR;Hydraliane;SVR HYDRALIANE Gel crème T/50ml;0.2;16.4;0.18;1;1
;;3662361003259;SVR;Non renseigné;SVR FILLER BIOTIC Cr yeux & lèvres T/15ml;0.2;27.5;0.18;1;1
;;3662361003327;SVR;Non renseigné;SVR PALPEBRAL BAUME Bme T/30ml;0.2;16.8;0.18;1;1
;;3662361003273;SVR;Physiopure;SVR PHYSIOPURE Huile démaquillante Fl/150ml;0.2;15.5;0.18;1;1
;;3662361003792;SVR;Physiopure;SVR PHYSIOPURE Gelée moussante T/200ml;0.2;11.9;0.18;1;1
;;3662361003808;SVR;Physiopure;SVR PHYSIOPURE Gelée moussante T/400ml;0.2;15.7;0.18;1;1
8133025;3401381330255;;SVR;Physiopure;SVR PHYSIOPURE Eau micellaire Mg oxyg 400ml;0.2;12.5;0.18;1;1
;;3662361000364;SVR;Sebiaclear;SVR SEBIACLEAR Sérum anti-imperfections Fl pompe/30ml;0.2;19.5;0.18;1;1
;;3662361001590;SVR;Sebiaclear;SVR SEBIACLEAR MICRO PEEL Eau rénov T/150ml;0.2;16.5;0.18;1;1
;;3662361001835;SVR;Sebiaclear;*SVR SEBIACLEAR Gel act correct int T/40ml;0.2;13.4;0.25;60;6
;;3662361002382;SVR;Sebiaclear;SVR SEBIACLEAR SPF50+ Cr T/40ml;0.2;16;0.18;1;1
;;3662361002450;SVR;Sebiaclear;SVR SEBIACLEAR AMPOULE FLASH Concentré 30ml;0.2;31.9;0.25;1;6
;;3662361002726;SVR;Sebiaclear;SVR SEBIACLEAR MAT+PORES Cr matifiante T/40ml;0.2;12.3;0.18;1;1
;;3662361003396;SVR;Sebiaclear;SVR SEBIACLEAR Gel mouss ss sav T/200ml;0.2;9.5;0.18;1;1
;;3662361003402;SVR;Sebiaclear;SVR SEBIACLEAR Gel mouss ss sav Fl ppe/400ml;0.2;13.4;0.18;20;1
;;3662361003419;SVR;Sebiaclear;SVR SEBIACLEAR Gel mouss ss sav Rech/400ml;0.2;11.5;0.18;6;1
;;3662361003594;SVR;Sebiaclear;*SVR SEBIACLEAR HYDRA Cr soin apaisant T/40ml;0.2;13.3;0.25;1;6
;;3662361003853;SVR;Sebiaclear;SVR SEBIACLEAR Spray corps Fl/150ml;0.2;16;0.18;1;1
;;3662361004676;SVR;Sebiaclear;SVR SEBIACLEAR CICAPEEL FLASH Gel T/15ml;0.2;13.9;0.18;1;1
;;3662361005482;SVR;Sebiaclear;SVR SEBIACLEAR PURE Gél Pot/30;0.055;30;0.18;1;1
;;3662361001033;SVR;Sensifine;SVR SENSIFINE Bme démaquillant T/100g;0.2;14;0.18;1;1
;;3662361001842;SVR;Sensifine;SVR SENSIFINE HYDRA Cr hydratant apais T/40ml;0.2;13.5;0.18;1;1
;;3662361002542;SVR;Sensifine;SVR SENSIFINE AR SPF50+ Cr T/40ml;0.2;17.5;0.18;1;1
;;3662361005864;SVR;Sensifine;SVR SENSIFINE HYDRA-CREME Cr Fl pompe airless/40ml;0.2;13.5;0.18;1;1
;3401360167872;;SVR;Sensifine;SVR SENSIFINE AR Cr T/40ml;0.2;16.5;0.18;1;1
;;3662361000098;SVR;Spirial;SVR SPIRIAL DEO-DOUCHE Gel lav déod T/200ml;0.2;10.5;0.18;35;1
;;3662361003860;SVR;Spirial;SVR SPIRIAL Déodorant végétal Roll-on/50ml;0.2;10.8;0.18;1;1
;3401360256323;;SVR;Spirial;SVR SPIRIAL EXTREME Détr intens Roll-on/20ml;0.2;11;0.18;1;1
;3401381328825;;SVR;Spirial;SVR SPIRIAL Cr soin anti-transpirant T/50ml;0.2;10.9;0.18;1;1
;;3662361001699;SVR;Sun Secure;SVR SUN SECURE SPF50+ Brume Aéros/200ml;0.2;22.5;0.18;6;1
;;3662361001705;SVR;Sun Secure;SVR SUN SECURE SPF50+ Cr T/50ml;0.2;17.5;0.18;1;1
;;3662361001729;SVR;Sun Secure;SVR SUN SECURE SPF50+ Fluide T/50ml;0.2;17.5;0.18;1;1
;;3662361001743;SVR;Sun Secure;SVR SUN SECURE SPF50+ Lait T/250ml;0.2;31.5;0.18;1;1
;;3662361001996;SVR;Sun Secure;SVR SUN SECURE SPF50+ Lait T/100ml;0.2;20;0.18;1;1
;;3662361002566;SVR;Sun Secure;SVR SUN SECURE SPF50 Spray pocket Fl/20ml;0.2;16;0.18;1;1
;;3662361002580;SVR;Sun Secure;SVR SUN SECURE Lait après-soleil T/200ml;0.2;18;0.18;1;1
;;3662361002597;SVR;Sun Secure;SVR SUN SECURE BLUR SPF50+ Cr T/50ml;0.2;20;0.18;1;1
;;3662361002603;SVR;Sun Secure;SVR SUN SECURE EXTREME SPF50+ Cr T/50ml;0.2;20;0.18;1;1
;;3662361003181;SVR;Sun Secure;SVR SUN SECURE SPF30 Eau solaire Spray/200ml;0.2;22.5;0.18;1;1
;;3662361005734;SVR;Sun Secure;SVR SUN SECURE Goutte teintée Fl pompe/15ml;0.2;19.5;0.18;1;1
;;3662361005758;SVR;Sun Secure;SVR SUN SECURE EAU SOLAIRE GLOW SPF 50 100 ML;0.2;21.5;0.18;1;1
;;3662361005772;SVR;Sun Secure;SVR SUN SECURE AQUA FLUIDE SPF 50 50ML;0.2;21.5;0.18;1;1
;;3662361001866;SVR;Topialyse;SVR TOPIALYSE Gel lav nettoy dx Fl ppe/1l;0.2;12.6;0.18;6;1
;;3662361001910;SVR;Topialyse;SVR TOPIALYSE Bme protect T/200ml;0.2;18.3;0.18;24;1
;;3662361001927;SVR;Topialyse;*SVR TOPIALYSE Bme protect Fl pompe/400ml;0.2;26.5;0.25;20;6
;;3662361002009;SVR;Topialyse;SVR TOPIALYSE Gel lav nettoy dx Eco rech/1l;0.2;11.1;0.18;6;1
;;3662361002016;SVR;Topialyse;SVR TOPIALYSE Hle lav micellaire Eco rech/1l;0.2;20.6;0.18;6;1
;;3662361002108;SVR;Topialyse;SVR TOPIALYSE Hle lav micellaire Fl/400ml;0.2;16;0.18;24;1
;;3662361002115;SVR;Topialyse;SVR TOPIALYSE Hle lav micellaire Fl ppe/1l;0.2;22;0.18;6;1
;;3662361002443;SVR;Topialyse;SVR TOPIALYSE Cr nourr apais 48H Fl ppe/400ml;0.2;21.5;0.18;20;1
;3401060256340;;SVR;Topialyse;SVR PALPEBRAL Cr apais paup ir 15ml;0.2;15.8;0.18;1;1
;3401360215849;;SVR;Topialyse;SVR TOPIALYSE Bme lav Fl ppe/400ml;0.2;15.5;0.18;20;1
;;3662361002412;SVR;Xerial;SVR XERIAL 10 Lait corps anti-squames T/200ml;0.2;14.1;0.18;30;1
;;3662361002429;SVR;Xerial;*SVR XERIAL 10 Lait corp anti-squames 400ml;0.2;20.6;0.25;20;6
;;3662361002696;SVR;Xerial;*SVR XERIAL 30 Gel crème anti-rugosités T/75m;0.2;11.7;0.25;46;6
;;3662361003235;SVR;Xerial;SVR XERIAL Cr fissure crev main pied T/50ml;0.2;10.5;0.18;1;1
;3401360238091;;SVR;Xerial;SVR XERIAL PEEL Masque chauss exfol pieds 1P;0.2;22;0.18;1;1
8138235;3401381382353;;SVR;Xerial;SVR XERIAL 50 EXT Cr pied anti-callosité 50ml;0.2;13.1;0.18;96;1
8140717;3401381407179;;SVR;Xerial;SVR XERIAL 30 Cr pieds TS callosité T/50ml;0.2;10.2;0.18;96;1
9556609;3401395566091;;SVR;Xerial;SVR XERIAL 40 Gel filmog ongles abîmés T/10ml;0.2;14.5;0.18;0;1
;;3760139290518;SYNERGIA (GSA);D-Stress;D-STRESS SOMMEIL Cpr B/40;0.055;12.59;0.15;1;1
8175822;3401581758224;;SYNERGIA (GSA);Glutaform;GLUTAFORM Pdr sbuv pêche 20Sach;0.055;17.4;0.15;18;1
5136879;3401551368798;;SYNERGIA (GSA);Non renseigné;D-STRESS BOOSTER Pdr sbuv 20Sticks/3,75g;0.055;14.66;0.15;30;1
7641943;3401576419437;;SYNERGIA (GSA);Non renseigné;D-STRESS Cpr anti-stress B/80;0.055;13.47;0.15;40;1
4000215;;9990000010393;Sacs;Non renseigné;Sacs Kraft poign Tors. 22+10x28 Blc Cart/250;0.2;51.12;0.1;1;1
4000216;;9990000010394;Sacs;Non renseigné;Sacs Papier soufflet 12+5x24 Motif Cart/1000;0.2;12.8;0;1;1
4000217;;9990000000010;Sacs;Non renseigné;Sacs Papier soufflet 16+6x28 Dessin Cart/1000;0.2;16.42;0;1;1
4000218;;9990000010392;Sacs;Non renseigné;Sacs Papier soufflet 20+5x34 Motif Cart/1000;0.2;20.9;0;1;1
4000220;;9990000010293;Sacs;Non renseigné;Sacs Kraft poign Plat. 22+10x28 Mar Cart/250;0.2;24.53;0;1;1
4002300;;9990000010523;Sacs;Non renseigné;Sacs Kraft caba 24+14x29 Blc Cart/250;0.2;32.07;0;1;1
3766530;3400937665308;;Sandoz;Ibuprofene;IBUPROF SDZ CO 200mg Cpr enr Plq/20;0.1;2.62;0.5;130;1
3832706;3400938327069;;Sandoz;Ibuprofene;IBUPROF SDZ CO 400mg Cpr pell Plq/15;0.1;3.33;0.5;240;1
;3400930013588;;Sandoz;Non renseigné;AMOROL SDZ CO 5% V ong médic Fl/2,5ml+30 spat;0.1;26.66;0.5;1;1
;3400930055007;;Sandoz;Non renseigné;FINASTERIDE SANDOZ 1 mg Cpr pell Plq PVC/Alu/84;0.1;77.41;0.5;1;1
2242138;3400922421384;;Sandoz;Non renseigné;OMEPRAZ SDZ CONS 20mg Gél gast Plq/7;0.1;9.44;0.5;0;1
2242144;3400922421445;;Sandoz;Non renseigné;OMEPRAZ SDZ CONS 20mg Gél gast Plq/14;0.1;15.01;0.5;0;1
2668972;3400926689728;;Sandoz;Non renseigné;DOXYLAM SDZ CO 15mg Cpr pesé T/10;0.1;3.35;0.5;160;1
2762205;3400927622052;;Sandoz;Non renseigné;LORATADINE SANDOZ CONSEIL 10 mg Cpr Plq/7;0.1;4.19;0.5;240;1
3000996;3400930009963;;Sandoz;Non renseigné;OXOMEMAZ SDZ 0,33mg/ml Sbuv s suc éd Fl/150ml;0.1;4.75;0.5;30;1
3675632;3400936756328;;Sandoz;Non renseigné;MINOXIDIL SDZ CO 5% S a cut 3Fl/60ml+appl;0.1;54.24;0.5;12;1
3775368;3400937753685;;Sandoz;Non renseigné;CETIRIZ SDZ CO 10mg Cpr pesé Plq/7;0.1;3.09;0.5;400;1
3775397;3400937753975;;Sandoz;Non renseigné;ACICLOVIR SANDOZ CONSEIL 5 % Cr T/2g;0.1;3.01;0.5;240;1
3797370;3400937973700;;Sandoz;Non renseigné;LOPERAMIDE SANDOZ CONSEIL 2 mg Gél Plq/12;0.1;3.09;0.5;400;1
3814602;3400938146028;;Sandoz;Non renseigné;MINOXIDIL SDZ CO 2% S a cut 3Fl/60ml;0.1;34.46;0.5;12;1
3921597;3400939215976;;Sandoz;Non renseigné;FINASTERIDE SANDOZ 1 mg Cpr pell Plq/28;0.1;34.83;0.5;0;1
;3400930194898;;Sandoz;Sildenafil Sandoz;SILDENAFIL SDZ 100mg Cpr Plq PVC/PVDC/Alu/12;0.1;38.93;0.65;1;1
;3400930194928;;Sandoz;Sildenafil Sandoz;SILDENAFIL SDZ 50mg Cpr Plq PVC/PVDC/Alu/8;0.1;34.4;0.65;1;1
;3400930194935;;Sandoz;Sildenafil Sandoz;SILDENAFIL SDZ 50mg Cpr Plq PVC/PVDC/Alu/12;0.1;38.93;0.65;1;1
;3400930194966;3400930194966;Sandoz;Sildenafil Sandoz;SILDENAFIL SDZ 25mg Cpr Plq PVC/PVDC/Alu/8;0.1;34.4;0.65;1;1
3019490;3400930194904;;Sandoz;Sildenafil Sandoz;SILDENAFIL SANDOZ 100 mg Cpr Plq PVC/PVDC/Alu/24;0.1;53.07;0.65;1;1
3009857;3400930098578;;Sandoz;Tadalafil Sandoz;TADALAFIL SDZ 5mg Cpr pe Plq PVC/Aclar/Alu/28;0.1;43.2;0.65;96;1
3010007;3400930100073;;Sandoz;Tadalafil Sandoz;TADALAFIL SDZ 5mg Cpr pe Plq PVC/Aclar/Alu/84;0.1;129.99;0.65;1;1
3010010;3400930100103;;Sandoz;Tadalafil Sandoz;TADALAFIL SDZ 10mg Cpr pe Plq PVC/Aclar/Alu/4;0.1;24.54;0.65;1;1
3010038;3400930100387;;Sandoz;Tadalafil Sandoz;TADALAFIL SANDOZ 20 mg Cpr pell Plq PVC/Aclar/Alu/4;0.1;24.54;0.65;1;1
3010041;3400930100417;;Sandoz;Tadalafil Sandoz;TADALAFIL SANDOZ 20 mg Cpr pell Plq PVC/Aclar/Alu/8;0.1;40.39;0.65;1;1
;;3664798081107;Sanofi;Non renseigné;PHYSIOMER HYGIENE DU NEZ S nas Spray/125ml jet dynamique;0.2;7.56;0.15;1;1
;3400930074923;;Sanofi;Non renseigné;IPRAFEINE 400 mg/100 mg Cpr pell Plq/12;0.1;7.16;0.14;108;1
;3400930226162;;Sanofi;Non renseigné;MAGNE B6 48 mg/5 mg Cpr enr Plq/60;0.1;5.75;0.15;160;1
2179813;3400921798135;;Sanofi;Non renseigné;IPRAALOX 20 mg Cpr gastro-rés Plq/14;0.1;15.76;0.15;0;1
2228635;3400922286358;;Sanofi;Non renseigné;LYSOPAÏNE AMBROX 20mg Past mx gorge cit Pl/18;0.1;10.31;0.15;80;1
2789411;3400927894114;;Sanofi;Non renseigné;DOLIPRANELIQUIZ 200 mg Susp buv en sachet 12Sach;0.021;4.52;0.15;25;1
2789747;3400927897474;;Sanofi;Non renseigné;DOLIPRANELIQUIZ 300 mg Susp buv en sachet 12Sach;0.021;4.52;0.15;25;1
3098169;3400930981696;;Sanofi;Non renseigné;SORBITOL DELAL 5g Pdr sbuv sach-dos 20Sach/5g;0.021;12;0.35;27;1
3274063;3400932740635;;Sanofi;Non renseigné;SURBRONC S buv expectorant ambroxol sans sucre Fl/100ml;0.1;7.28;0.15;35;1
3396636;3400933966362;;Sanofi;Non renseigné;DULCOLAX 10 mg Suppos Plq/6;0.1;8;0.15;120;1
3434868;3400934348686;;Sanofi;Non renseigné;MAXILASE ALPHA-AMYLASE 200 U CEIP/ml Sirop maux de gorge Fl/200ml;0.1;6.78;0.15;24;1
3538220;3400935382207;;Sanofi;Non renseigné;MAALOX HYD ALU/MG 400/400mg Cp crq Plq/40;0.1;9.45;0.15;72;1
3545504;3400935455048;;Sanofi;Non renseigné;MAALOX HYD ALU/MG 460mg/400mg Susp mx 20Sach;0.1;9.82;0.15;60;1
3595784;3400935957849;;Sanofi;Non renseigné;TOPLEXIL 0,33 mg/ml Sirop Fl/150ml;0.1;8;0.15;35;1
3632686;3400936326866;;Sanofi;Non renseigné;MAGNEVIE B6 100 mg/10 mg Cpr pell Plaq/60;0.1;12.25;0.15;48;1
3730762;3400937307628;;Sanofi;Non renseigné;TOPLEXIL 0,33mg/ml S buv ss suc éd Fl/150ml;0.1;7.99;0.15;35;1
3802220;3400938022209;;Sanofi;Non renseigné;PLAVIX 75 mg Cpr pell Plq/30;0.021;10.77;0.14;120;1
3903576;3400939035765;;Sanofi;Non renseigné;LYSOPAÏNE CETYL Cpr suc mx gorge ss suc 2T/18;0.1;9.21;0.15;60;1
3906942;3400939069425;;Sanofi;Non renseigné;DULCOLAX 5 mg Cpr enr gastro-rés Plq/30;0.1;9.46;0.15;108;1
6640775;3401566407758;3582910005667;Sanofi;Non renseigné;PHYSIOMER S nas Nourr Fl/115ml;0.2;7.76;0.15;12;1
7608064;3401576080644;3582910010517;Sanofi;Non renseigné;PHYSIOMER S nas Ad/Enf 2Fl/135ml;0.2;12.8;0;6;1
7797763;3401077977634;3582910005650;Sanofi;Non renseigné;PHYSIOMER S nas Ad/Enf Brumis/135ml;0.2;7.76;0.15;12;1
9759264;3401097592640;;Sanofi;Non renseigné;BGSTAR Bdlette B/100;0.055;34.89;0.2;90;1
;;3664798024302;Sanofi;Phytoxil;PHYTOXIL JUNIOR Sirop enfant +2ans Fl/100ml;0.2;8.7;0;1;1
;;3664798025507;Sanofi;Phytoxil;PHYTOXIL TOUX GORGE Sp Ad Enf +2ans Fl/100ml;0.2;8.7;0;1;1
4788864;3401047888649;;Santen;Non renseigné;CATIONORM Emul ophtalm séch ocul 30Unid/0,4ml;0.2;8.82;0.14;112;1
9798867;3401097988672;;Santen;Non renseigné;CATIONORM MULTI Emul ophtalm séch ocul 10ml;0.2;8.24;0.14;80;1
;;3700482600145;Santinov;Fortiline;FORTILINE Pdr protéines digest rapide B/400g;0.055;13.84;0.05;6;1
;;3700482600169;Santinov;Glupiline;GLUPILINE MVM Cpr post-amaigrissement par GLP1 Etui Blister/60;0.055;17.24;0.15;1;1
4868095;3401548680957;3700482600015;Santinov;Surgiline;SURGILINE Cpr Pilul/60;0.055;17.24;0.15;159;1
4868103;3401548681039;3700482600022;Santinov;Surgiline;SURGILINE Pdr sbuv 30Sach;0.055;17.24;0.15;0;1
;;3700695200934;Santé verte;Aloe Vera;NECTALOE Gel externe Bio T/150ml;0.2;11.6;0.22;96;1
;;3700695201146;Santé verte;Aloe Vera;NECTALOE Jus Bio Fl/1l;0.055;15.97;0.22;6;1
9710772;;5060072734253;Santé verte;Aloe Vera;NECTALOE Boisson 20St/10ml;0.055;11.25;0.22;12;1
;;3700695203973;Santé verte;Articulations;SANTE VERTE GCA 2700 Cpr B/60;0.055;21.25;0.22;1;1
;;3700695203980;Santé verte;Articulations;SANTE VERTE GCA 2700 Cpr 3B/60;0.055;42.5;0.22;1;1
9598482;3401595984824;5060072731405;Santé verte;Cholesterol;SANTE VERTE Levure riz rouge Cpr B/30;0.055;18.81;0.22;0;1
9742890;3401597428906;5060072731870;Santé verte;Cholesterol;SANTE VERTE Levure riz rouge Cpr B/60;0.055;26.93;0.22;0;1
5123279;3401551232792;5060072733799;Santé verte;Circulation;CIRCULYMPHE Cpr triple action B/30;0.055;11.25;0.22;110;1
5123316;3401551233164;5060072733805;Santé verte;Circulation;CIRCULYMPHE Cpr triple action B/60;0.055;20.18;0.22;70;1
6265001;3401562650011;5060072733225;Santé verte;Circulation;CIRCULYMPHE Gel ext circul T/150ml;0.2;13.3;0.22;0;1
;;3700695202105;Santé verte;Circulymphe Complexe;CIRCULYMPHE JOUR NUIT Cpr B/56;0.055;22.21;0.22;1;1
;;3700695203614;Santé verte;Circulymphe Complexe;CIRCULYMPHE Spray fraîcheur Fl/100ml;0.2;9.6;0.22;1;1
6100886;;3700695220680;Santé verte;Circulymphe Complexe;CIRCULYMPHE COMPLEXE H S buv 20Sticks;0.055;15.59;0.22;12;1
6100887;;3700695220697;Santé verte;Circulymphe Complexe;CIRCULYMPHE COMPLEXE H Cpr B/16;0.055;12.21;0.22;1;1
;;3700695220512;Santé verte;Equilibre féminin;MENOSCIENCES Cpr B/45;0.055;16.54;0.22;0;1
6093639;;3700695220642;Santé verte;Inecla;INECLA Acide hyaluronique 200 mg Cpr B/30;0.055;27.88;0.22;1;1
;;3700695201344;Santé verte;Inflammation;NUTRALGIC 1000 Cpr action apaisante B/15;0.055;9.36;0.22;1;1
;;3700695201351;Santé verte;Inflammation;NUTRALGIC 1000 Cpr action apaisante B/30;0.055;16.92;0.22;1;1
;;3700695203249;Santé verte;Non renseigné;SANTE VERTE Zinc 15 mg Gél B/60;0.055;11.6;0.22;1;1
;;3700695203560;Santé verte;Non renseigné;SANTE VERTE Collagène Pdr 30Sticks;0.055;22.6;0.22;12;1
;;3700695220451;Santé verte;Non renseigné;SANTE VERTE Cpr prostate B/60;0.055;30.15;0.22;1;1
;;3700695220475;Santé verte;Non renseigné;SANTE VERTE Omega 3 1000mg DHA Gél B/60;0.055;26.93;0.22;1;1
6027666;;3700695220376;Santé verte;Non renseigné;GCA 2700 Gel chauff T/100ml;0.2;10.9;0.22;42;1
6035562;;3700695240107;Santé verte;Non renseigné;NUTRALGIC MUSCLE Cpr décontract muscul B/14;0.055;10.25;0.22;1;1
6091622;;3700695220598;Santé verte;Non renseigné;ACTIRUB Pdr à diluer enfant framboise 20Sach;0.055;12.5;0.22;28;1
9688133;3401596881337;5060072731689;Santé verte;Non renseigné;POLANINE Cpr réact saisonn B/30;0.055;10.87;0.22;0;1
;;3700695203539;Santé verte;Périodes Hivernales;ACTIRUB JOUR NUIT Cpr B/15;0.055;11.5;0.22;1;1
;;3700695203607;Santé verte;Périodes Hivernales;ACTIRUB Past maux de gorge B/20;0.055;6.1;0.22;1;1
;;3700695221014;Santé verte;Périodes Hivernales;ACTIRUB Spray buccal Fl/15ml;0.055;8.41;0.22;1;1
;;3700695221021;Santé verte;Périodes Hivernales;ACTIRUB Sp toux sèche grasse dès 1an Ad 150ml;0.2;7.7;0.22;36;1
;;3700695221229;Santé verte;Périodes Hivernales;ACTIRUB Spray nasal Fl/20ml;0.2;8.32;0.22;1;1
5167555;3401551675551;5060072732501;Santé verte;Périodes Hivernales;ACTI'RUB Cpr B/15;0.055;9.75;0.22;120;1
6043699;;3700695220529;Santé verte;Périodes Hivernales;ACTIRUB Pdr à diluer 15Sach;0.055;9.75;0.22;36;1
;;3700695203553;Santé verte;Stess & Anxiété;SANTE VERTE Magnésium 3 formes 360 mg Cpr B/60;0.055;12.3;0.22;1;1
9664658;3401596646585;5060072731566;Santé verte;Stess & Anxiété;SEROTISOL Cpr stress angoisse B/20;0.055;8.98;0.22;0;1
;;3700695203225;Santé verte;Tonus;TONIPHYT BOOST Cpr eff orange B/45;0.055;15.03;0.22;1;1
;;3700695203232;Santé verte;Tonus;SANTE VERTE Vitamine C liposomale Gél B/60;0.055;16.92;0.22;1;1
6408009;;5060072731245;Santé verte;Tonus;COGNI'SCIENCES Cpr stimulat céréb B/60;0.055;22.6;0.22;0;1
9598447;3401595984473;5060072731399;Santé verte;Tonus;TONIPHYT Cpr B/30;0.055;15.03;0.22;0;1
;;3700695202129;Santé verte;Transit;SANTE VERTE DIGEST CONFORT TRANSIT Cpr B/60;0.055;12.76;0.22;1;1
6408133;;3700695201450;Santé verte;Transit;SANTE VERTE DIGEST CONFORT HEPATO Cpr B/20;0.055;8.41;0.22;1;1
;;3700695201795;Santé verte;Vitamine D3;SANTE VERTE Vit D3 vég 2000UI S buv Spr/20ml;0.055;19.75;0.22;1;1
3385408;3400933854089;;Schering Plough (MSD);Non renseigné;VARNOLINE CONTINU Cpr pell 3Plq/28;0.1;22.86;0.14;0;1
3529020;3400935290205;;Schering Plough (MSD);Non renseigné;CERAZETTE 0,075 mg Cpr pell Plq/28;0.1;10.84;0.14;0;1
3529037;3400935290373;;Schering Plough (MSD);Non renseigné;CERAZETTE 0,075 mg Cpr pell Plq/3x28;0.1;31.84;0.14;180;1
3543586;3400935435866;;Schering Plough (MSD);Non renseigné;LIVIAL 2,5 mg Cpr Plq/28;0.1;29.84;0.14;0;1
;;3059944203418;Scholl;Soin;SCHOLL Masque pieds Huile d'Argan 1 paire;0.2;6.49;0.1;6;1
;;3059949933044;Scholl;Soin;SCHOLL Masque pieds hydratant 1 paire;0.2;6.49;0.1;6;1
;;3059949933198;Scholl;Soin;SCHOLL CR HYDRATATION RENFORCEE 150ML;0.2;12.46;0.1;1;1
;;5038483849255;Scholl;Soin;SCHOLL Cr anti-callosités T/75ml;0.2;6.1;0.1;6;1
;;5056585800677;Scholl;Soin;SCHOLL Masque exfoliant talons Sach/2;0.2;8.34;0.1;24;1
7033037;;5052197038965;Scholl;Soin;SCHOLL V SM EX P Roul rempl grn ext exfol B/2;0.2;16.82;0.1;1;1
;;3059949931590;Scholl;Traitement;SCHOLL Cr reconstit K+ T/60ml;0.2;9.99;0.1;36;1
;;3059949931606;Scholl;Traitement;SCHOLL Cr reconstit K+ T/120ml;0.2;13.7;0.1;6;1
;;3059949932863;Scholl;Traitement;SCHOLL Cr nutrition intense T/150ml;0.2;12.46;0.1;6;1
;;3528285211012;Scholl;Traitement;SCHOLL Cr réparatrice intense T/150ml;0.2;12.46;0.1;1;1
4698233;;5038483494905;Scholl;Traitement;SCHOLL Pansements coricides cors Bte/8;0.2;8.5;0.1;6;1
5368839;;5052197005202;Scholl;Traitement;SCHOLL Feutre protecteur cors Bte/9;0.2;4.52;0.1;12;1
3025259;3400930252598;;Serb;Non renseigné;CONTRATHION 2 % Pdre/solv p sol inj 10Fl/10ml;0.021;195.97;0.05;20;1
3190283;3400931902836;;Serb;Non renseigné;FLUORESCEINE SODIQUE FAURE 10 % S inj Amp/5ml;0.021;5.87;0.14;0;1
3636709;3400936367098;;Serb;Non renseigné;ENDOTELON 150 mg Cpr enr gastro-rés Plq/60;0.1;14.22;0.14;70;1
;;3665351000290;Serelys pharma;Non renseigné;SERELYS OSTEO Gél B/30;0.055;20.57;0.1;1;1
;;3665351000306;Serelys pharma;Non renseigné;SERELYS MENO Gél B/30;0.055;19.51;0.1;39;1
;;3665351000313;Serelys pharma;Non renseigné;SERELYS MENO Gél B/60;0.055;35.99;0.1;20;1
;3701161200014;3701161200021;Serp;Non renseigné;VIBTIL DIGEST Tilleul Gél B/40;0.055;7.98;0.25;30;1
3015798;3400930157985;;Serp;Non renseigné;BRONCHODERMINE Pom T/60g;0.1;7.33;0.15;72;1
3015806;3400930158067;;Serp;Non renseigné;BRONCHODERMINE Suppos adultes Plq/10;0.1;6.1;0.15;80;1
3022315;3400930223154;;Serp;Non renseigné;CHLORUMAGENE Pdr susp buv B/100g;0.1;10.32;0.15;30;1
3031768;3400930317686;;Serp;Non renseigné;DILATRANE 200 mg Gél LP Plq/30;0.1;5.41;0.14;50;1
3031774;3400930317747;;Serp;Non renseigné;DILATRANE 100 mg Gél LP Plq/30;0.1;4.47;0.14;10;1
3040939;3400930409398;;Serp;Non renseigné;FONCITRIL 4000 Glé en sachet-dose 30Sach/10g;0.1;15.25;0.15;24;1
3045411;3400930454114;;Serp;Non renseigné;GLYCO-THYMOLINE 55 S bucc Fl/250ml;0.1;6.8;0.15;30;1
3278782;3400932787821;;Serp;Non renseigné;DILATRANE 50 mg Gél LP Plq/30;0.1;3.18;0.14;70;1
3278799;3400932787999;;Serp;Non renseigné;DILATRANE 300 mg Gél LP Plq/30;0.1;6.35;0.14;72;1
3418869;3400934188695;;Serp;Non renseigné;PRINCI B Cpr pell Plq/30;0.1;11.73;0.25;90;1
3007456;3400930074565;;Servier;Daflon;DAFLON 1000 mg Cpr pell Plq/18;0.1;13.3;0.23;100;1
3834183;3400938341836;;Servier;Daflon;DAFLON 500 mg Cpr pell Plq/60;0.1;16.3;0.23;60;1
2762814;3400927628146;;Servier;Non renseigné;DAFLON 500 mg Cpr pell Plq/120;0.1;30.22;0.23;24;1
3140888;3400931408888;;Servier;Non renseigné;ARCALION 200 mg Cpr enr Plq/30;0.1;10.31;0.23;120;1
3140894;3400931408949;;Servier;Non renseigné;ARCALION 200 mg Cpr enr 2Plq/30 (60);0.1;16.66;0.23;60;1
3220506;3400932205066;;Servier;Non renseigné;VASTAREL 20 mg Cpr pell 2Plq/30 (60);0.1;9.38;0.14;120;1
3572458;3400935724588;;Servier;Non renseigné;VASTAREL 35 mg Cpr pell LM 2Plq/30 (60);0.1;9.85;0.14;0;1
3442744;3400934427442;;Sifi;Non renseigné;DACUDOSES S p lav opht en récipient unidose 16Unid/10ml;0.1;3.61;0.4;28;1
3077144;3400930771440;;Sinclair Pharma France;Non renseigné;OXYPLASTINE 46 % Pom T/135g;0.021;10.8;0.14;72;1
;;5000223491871;Smith & Nephew SAS;Allevyn;ALLEVYN GENT BORD Pans hydroc 10x30cm B/10;0.2;41.64;0.08;6;1
2065653;3401020656531;5000223481469;Smith & Nephew SAS;Allevyn;ALLEVYN LIFE SACR Pans hyd sil 21,6x23cm B/10;0.2;59.61;0.08;4;1
2065676;3401020656760;;Smith & Nephew SAS;Allevyn;ALLEVYN LIFE SACR Pans hyd sil 17,2x17,5 B/10;0.2;37.34;0.08;6;1
2133975;3401021339754;5000223476908;Smith & Nephew SAS;Allevyn;ALLEVYN GE B L OV Pans hyd sil S7,7x8,6 B/10;0.2;6.92;0.08;6;1
2133981;3401021339815;5000223476892;Smith & Nephew SAS;Allevyn;ALLEVYN GENT B LI Pans hydroc 10x20cm B/10;0.2;26.84;0.08;6;1
2133998;3401021339983;5000223476915;Smith & Nephew SAS;Allevyn;ALLEVYN GE B L OV Pans hyd M13,1x15,2cm B/10;0.2;20.94;0.08;6;1
4091057;3401040910576;;Smith & Nephew SAS;Allevyn;ALLEVYN LIFE HEEL Pans hydroce 25x25,2cm B/10;0.2;79.39;0.08;4;1
4499692;3401044996927;5000223448400;Smith & Nephew SAS;Allevyn;ALLEVYN HEEL Pans hydrocel tal coud 10Sach;0.2;35.61;0;3;1
4790743;3401047907432;5000223464035;Smith & Nephew SAS;Allevyn;ALLEVYN GENT BORD Pans hydroc tr abs 8x8cm 16;0.2;13.01;0.08;6;1
4790766;3401047907661;5000223464066;Smith & Nephew SAS;Allevyn;ALLEVYN GENT BORD Pans hyd abs 12,5x12,5cm 16;0.2;31.25;0.08;6;1
5110118;3401051101185;5000223477721;Smith & Nephew SAS;Allevyn;ALLEVYN GEN B L M Pans hydrocel 8x8,4cm B/10;0.2;7.79;0.08;6;1
5165390;3401051653905;5000223478124;Smith & Nephew SAS;Allevyn;ALLEVYN LIFE Pans hydroc comp 15,4x15,4cm 16;0.2;40.06;0.08;3;1
5165415;3401051654155;5000223478100;Smith & Nephew SAS;Allevyn;ALLEVYN LIFE Pans hydroc compo 10,7x10,7cm 16;0.2;20.65;0.08;3;1
6019236;3401060192365;5000223465278;Smith & Nephew SAS;Allevyn;ALLEVYN GENTL B H Pans hydrocel 23x23,2 B/10;0.2;69.08;0.08;4;1
7913382;3401079133823;5000223507176;Smith & Nephew SAS;Allevyn;ALLEVYN NON ADH Pans hydrocel 21,5x21,5cm 10S;0.2;65.64;0.08;6;1
9538439;3401095384391;5000223464004;Smith & Nephew SAS;Allevyn;ALLEVYN GENT BORD Pans hydroc 17,5x17,5cm 10;0.2;41.64;0.08;8;1
9799140;3401097991405;5000223475598;Smith & Nephew SAS;Allevyn;ALLEVYN GENT B LI Pans hyd ad sili 15x15cm 10;0.2;29.29;0.08;6;1
9799157;3401097991573;;Smith & Nephew SAS;Allevyn;ALLEVYN GENT B LI Pans hyd ad si 5,5x12cm 10;0.2;8.72;0.08;6;1
9799163;3401097991634;;Smith & Nephew SAS;Allevyn;ALLEVYN GENT B LI Pans hyd ad silic 8x8cm 10;0.2;8.72;0.08;6;1
9799186;3401097991863;5000223475567;Smith & Nephew SAS;Allevyn;ALLEVYN GENT B LI Pans hydl ad sili 8x15cm 10;0.2;16.1;0.08;6;1
9799192;3401097991924;5000223475505;Smith & Nephew SAS;Allevyn;ALLEVYN GENT B LI Pans hyd ad sili 10x10cm 10;0.2;13.83;0.08;6;1
9851828;3401098518281;5000223476199;Smith & Nephew SAS;Allevyn;ALLEVYN GENT BORD Pans hydroce abs 10x20cm 10;0.2;28.62;0.08;6;1
9981407;3401099814078;5000223476519;Smith & Nephew SAS;Allevyn;ALLEVYN GENTL B M Pans hydroce 17,1x17,9cm 10;0.2;35.12;0.08;6;1
;;6941094060447;Smith & Nephew SAS;Duramax;DURAMAX S Pans hydroc sup abs 10x10cm B/10;0.2;14.9;0.08;40;1
;;6941094060553;Smith & Nephew SAS;Duramax;DURAMAX S Pans hydroc sup abs 20x25cm B/10;0.2;60.67;0.08;16;1
;;6941094060744;Smith & Nephew SAS;Duramax;DURAMAX S Pans hydroc sup abs 15x20cm B/10;0.2;42.06;0.08;20;1
;;6941094060799;Smith & Nephew SAS;Duramax;DURAMAX S Pans hydroc sup abs 20x40cm B/10;0.2;76.77;0.08;10;1
;;6941094060805;Smith & Nephew SAS;Duramax;DURAMAX S Pans hydroc sup abs 20x20cm B/10;0.2;54.39;0.08;20;1
;;6942327015029;Smith & Nephew SAS;Duramax;DURAMAX N Pans hydrocellulaire super absorbant 20x25cm B/10;0.2;60.67;0.08;16;1
;;6942327046245;Smith & Nephew SAS;Duramax;DURAMAX N Pans hydrocellulaire super absorbant 10x10cm B/10;0.2;14.9;0.08;40;1
;;6942327050150;Smith & Nephew SAS;Duramax;DURAMAX N Pans hydrocellulaire super absorbant 20x20cm B/10;0.2;54.39;0.08;20;1
;;6942327065468;Smith & Nephew SAS;Duramax;DURAMAX N Pans hydrocellulaire super absorbant 15x20cm B/10;0.2;42.06;0.08;20;1
;;6942327078253;Smith & Nephew SAS;Duramax;DURAMAX N Pans hydrocellulaire super absorbant 20x40cm B/10;0.2;76.77;0.08;10;1
6441260;3401064412605;5000223074043;Smith & Nephew SAS;Jelonet;JELONET Pans gras 10x10cm B/10;0.2;8.45;0.08;12;1
6441277;3401064412773;5000223074593;Smith & Nephew SAS;Jelonet;JELONET Pans gras 10x40cm B/10;0.2;32.44;0.08;6;1
7050490;3401570504900;3331300097009;Sofibel - Stérimar;Finger Bob;FINGER BOB Dgtier fil tub Ad/Enf blc B/6;0.2;5.64;0.3;0;1
7050509;3401570505099;3331300097108;Sofibel - Stérimar;Finger Bob;FINGER BOB Dgtier fil tub Ad/Enf coul B/6;0.2;5.64;0.3;0;1
4243030;3401042430300;3331300000825;Sofibel - Stérimar;Non renseigné;DELABARRE Gel ging doul pouss dent T/20g;0.2;6.56;0.3;12;6
;;3331300099881;Sofibel - Stérimar;Replens;REPLENS Gel vaginal hydratant T/35g;0.2;10.68;0.23;6;1
9538422;3401095384223;;Sofibel - Stérimar;Replens;REPLENS Gel vag hydrat 8Unid/2,5g;0.2;15.12;0.23;14;1
;;3331300097092;Sofibel - Stérimar;Sterimar;STERIMAR S nas 2Fl pulv/100ml;0.2;12.32;0.3;12;1
;;3331300097122;Sofibel - Stérimar;Sterimar;STERIMAR HYPERTON S nas nez bouché Ad 2/100ml;0.2;15.43;0.3;12;1
2945124;;3331300097788;Sofibel - Stérimar;Sterimar;STERIMAR STOP&PROT S nas nez inf t bouch 20ml;0.2;10.93;0.3;24;1
2945147;;3331300097795;Sofibel - Stérimar;Sterimar;STERIMAR STOP&PROT S nas nez sec irrité 20ml;0.2;10.93;0.3;24;1
4664642;3401046646424;3331300097245;Sofibel - Stérimar;Sterimar;STERIMAR HYPERTON S nas nez bouché Fl p/100ml;0.2;8.77;0.3;48;1
7091856;3401070918566;3331300097214;Sofibel - Stérimar;Sterimar;STERIMAR S nas Fl pulv/100ml;0.2;7;0.3;48;1
7362628;3401573626289;3331300097269;Sofibel - Stérimar;Sterimar;STERIMAR MN S nas Fl pulv/50ml;0.2;7.15;0.3;24;1
7464180;3401074641804;3331300097252;Sofibel - Stérimar;Sterimar;STERIMAR MN S nas Fl pulv/100ml;0.2;10.83;0.3;48;1
7464197;3401074641972;3331300097276;Sofibel - Stérimar;Sterimar;STERIMAR CU S nas Fl pulv/100ml;0.2;10.83;0.3;48;1
7688376;3401076883769;3331300097399;Sofibel - Stérimar;Sterimar;STERIMAR S S nas Fl pulv/50ml;0.2;7.15;0.3;24;1
8148972;;3331300097771;Sofibel - Stérimar;Sterimar;STERIMAR STOP&PROT S nas nez allergique 20ml;0.2;10.93;0.3;24;1
9556667;3401595566679;3331300097450;Sofibel - Stérimar;Sterimar;STERIMAR HYPERTON S nas nez bouch Enf+3 100ml;0.2;8.74;0.3;48;1
9629975;3401596299750;3331300097023;Sofibel - Stérimar;Sterimar;STERIMAR BEBE S nas Fl pulv/100ml;0.2;7.18;0.3;48;1
;;0073950336697;Sofibel - Stérimar;WATER-PIK;WATER-PIK HYDROPUL SANS FIL ULTRA + COUNTER WF-150;0.2;107.63;0.32;4;1
;;5900516603670;Soineo;Bella Baby Happy;BELLA BABY HAPPY Cche pant BB junior T4 8à14kg S/44;0.2;27.44;0.45;5;1
;;5900516603687;Soineo;Bella Baby Happy;BELLA BABY HAPPY Cche pant BB maxi T5 11à18kg S/40;0.2;27.44;0.45;5;1
;;5900516605339;Soineo;Bella Baby Happy;BELLA BABY HAPPY Couche bébé newborn T1 2à5kg Sach/42;0.2;12.88;0.45;8;1
;;5900516605407;Soineo;Bella Baby Happy;BELLA BABY HAPPY Couche bébé T3 5à9kg Sach/70;0.2;26.89;0.45;4;1
;;5900516605445;Soineo;Bella Baby Happy;BELLA BABY HAPPY Couche bébé maxi T4 8à14kg Sach/62;0.2;26.01;0.45;5;1
;;5900516605520;Soineo;Bella Baby Happy;BELLA BABY HAPPY Couche bébé junior T5 11à18kg Sach/52;0.2;24.84;0.45;6;1
;;5900516695477;Soineo;Bella Mama;BELLA MAMA Slip maternité M Sach/2;0.2;2.94;0.4;50;1
;;5900516695484;Soineo;Bella Mama;BELLA MAMA Slip maternité XL Sach/2;0.2;2.94;0.4;50;1
6015626;;5900516601270;Soineo;Bella Mama;BELLA MAMA Serv jet hyg post-accouch Sach/10;0.055;3.38;0.4;12;1
;;3665728015742;Soineo;Non renseigné;SOINEO Mouchoir B/70;0.2;2.97;0.4;20;1
;;3665728019672;Soineo;Non renseigné;MASQUE SOINEO Chir Type IIR Bte/10;0.2;7.2;0.94;1;1
;;3665728019689;Soineo;Non renseigné;MASQUE SOINEO Chirurgical Type IIR B/50;0.2;36;0.95;20;1
;;5900516695514;Soineo;Seni;SENI CONTROL PLUS Protection feminine B/15;0.2;5.96;0.4;16;1
;;5900516695897;Soineo;Seni;SENI ACTIVE Slip élast absorb M B/10;0.2;12.91;0.4;8;1
;;5900516695903;Soineo;Seni;SENI ACTIVE Slip élast absorb L B/10;0.2;14.51;0.4;8;1
;;5900516696283;Soineo;Seni;SENI ACTIVE Slip élast absorb XL B/10;0.2;16.09;0.4;8;1
;;5900516696481;Soineo;Seni;SENI CLASSIC TRIO Slip Change complet M B/30;0.2;34.84;0.4;3;3
;;5900516802325;Soineo;Seni;SENI MAN PROTEC HOM 5 GTTES /15;0.2;8.44;0.4;9;1
;;5900516803582;Soineo;Seni;SENI SUPER PLUS Change complet M Sac/30;0.2;34.02;0.4;3;1
;;5900516803605;Soineo;Seni;SENI SUPER PLUS Change complet L Sac/30;0.2;40.9;0.4;3;1
4794356;3401547943565;5900516692186;Soineo;Seni;SENI ACTIVE PLUS Slip élast absorb lge B/10;0.2;19.33;0.4;8;1
4794362;3401547943626;5900516692193;Soineo;Seni;SENI ACTIVE PLUS Slip élast absorb ex lrge 10;0.2;20.88;0.4;8;1
7303264;3401573032646;5900516692315;Soineo;Seni;SENI SOFT BASIC Alèze 60x90cm Sac/30;0.2;16.47;0.4;4;1
;;3665728015360;Soineo;Soineo Bandes & Adhésifs;SOINEO Sparadrap 2,5cmx9,14m dévidoir;0.2;1.2;0.4;12;1
;;3665728015377;Soineo;Soineo Bandes & Adhésifs;SOINEO Bde de fixation 5cmx10m B/1;0.2;3.51;0.4;6;1
;;3665728015384;Soineo;Soineo Bandes & Adhésifs;SOINEO Bde de fixation 10cmx10m B/1;0.2;5.6;0.4;6;1
;;4004221010271;Soineo;Soineo Bandes & Adhésifs;SOINEO Bde de contention chair 7cmx3m;0.2;6.66;0.4;1;1
;;4004221010301;Soineo;Soineo Bandes & Adhésifs;SOINEO Bde de contention blanc 7cmx3m;0.2;6.66;0.4;10;1
;;4004221010332;Soineo;Soineo Bandes & Adhésifs;SOINEO Bde de contention chair 10cmx3,5m;0.2;8.72;0.4;1;1
;;4004221010363;Soineo;Soineo Bandes & Adhésifs;SOINEO Bde de contention blanc 10cmx3,5m;0.2;8.72;0.4;1;1
;;8428012300000;Soineo;Soineo Bandes & Adhésifs;SOINEO Bde strap 3cmx2,5m;0.2;4.63;0.4;24;1
;;8428012300017;Soineo;Soineo Bandes & Adhésifs;SOINEO Bde strap 6cmx2,5m;0.2;5.87;0.4;18;1
;;8428012300222;Soineo;Soineo Bandes & Adhésifs;SOINEO Bde strap 8cmx2,5m;0.2;7.57;0.4;12;1
;;8428012300239;Soineo;Soineo Bandes & Adhésifs;SOINEO Bde strap 10cmx2,5m;0.2;8.72;0.4;9;1
;;3665728015162;Soineo;Soineo Bandes de crêpes & Extensibles;SOINEO Bde extensible sous cellophane 5cmx4m;0.2;0.25;0.32;20;1
;;3665728015179;Soineo;Soineo Bandes de crêpes & Extensibles;SOINEO Bde extensible sous cellophane 7cmx4m;0.2;0.35;0.32;20;1
;;3665728015186;Soineo;Soineo Bandes de crêpes & Extensibles;SOINEO Bde extensible sous cellophane 10cmx4m;0.2;0.45;0.32;20;1
;;3665728015193;Soineo;Soineo Bandes de crêpes & Extensibles;SOINEO Bde extensible sous cellophane 15cmx4m;0.2;0.74;0.32;10;1
;;3665728015209;Soineo;Soineo Bandes de crêpes & Extensibles;SOINEO Bde extensible sous cellophane 20cmx4m;0.2;0.94;0.32;10;1
;;3665728015230;Soineo;Soineo Bandes de crêpes & Extensibles;SOINEO Bde de crèpe 5cmx4m;0.2;0.68;0.32;10;1
;;3665728015247;Soineo;Soineo Bandes de crêpes & Extensibles;SOINEO Bde de crèpe 7cmx4m;0.2;0.8;0.32;10;1
;;3665728015254;Soineo;Soineo Bandes de crêpes & Extensibles;SOINEO Bde de crèpe 10cmx4m;0.2;1.36;0.32;120;1
;;3665728015261;Soineo;Soineo Bandes de crêpes & Extensibles;SOINEO Bde de crèpe 15cmx4m;0.2;1.74;0.32;80;1
;;3665728016138;Soineo;Soineo Bandes de crêpes & Extensibles;SOINEO Bde de crèpe 20cmx5m;0.2;2.66;0.32;50;1
;;3665728016855;Soineo;Soineo Border Pansements;SOINEO BORDER Pans hydrocellulaire mince 5x5cm B/10;0.2;5.26;0.4;6;1
;;3665728016862;Soineo;Soineo Border Pansements;SOINEO BORDER Pans hydrocellulaire mince 6x12cm B/10;0.2;12.48;0.4;6;1
;;3665728016879;Soineo;Soineo Border Pansements;SOINEO BORDER Pans hydrocellulaire mince 10x10cm B/10;0.2;19.82;0.4;6;1
;;3665728016886;Soineo;Soineo Border Pansements;SOINEO BORDER Pans hydrocellulaire mince 9x15cm B/10;0.2;23.07;0.4;6;1
;;3665728016893;Soineo;Soineo Border Pansements;SOINEO BORDER Pans hydrocellulaire mince 10x20cm B/10;0.2;38.45;0.4;6;1
;;3665728016909;Soineo;Soineo Border Pansements;SOINEO BORDER Pans hydrocellulaire 7,5x8,5cm B/10;0.2;11.96;0.4;6;1
;;3665728016916;Soineo;Soineo Border Pansements;SOINEO BORDER Pans hydrocellulaire 10x10cm B/10;0.2;19;0.4;6;1
;;3665728016923;Soineo;Soineo Border Pansements;SOINEO BORDER Pans hydrocellulaire 12,5x12,5cm B/10;0.2;29.84;0.4;6;1
;;3665728016930;Soineo;Soineo Border Pansements;SOINEO BORDER Pans hydrocellulaire 10x20cm B/10;0.2;37.8;0.4;6;1
;;3665728016947;Soineo;Soineo Border Pansements;SOINEO BORDER Pans hydrocellulaire 14x15cm B/10;0.2;37.8;0.4;6;1
;;3665728016954;Soineo;Soineo Border Pansements;SOINEO BORDER Pans hydrocellulaire 17,5x17,5cm B/10;0.2;52.2;0.4;6;1
;;3665728016961;Soineo;Soineo Border Pansements;SOINEO BORDER Pans hydrocellulaire 10x30cm B/10;0.2;60.4;0.4;6;1
;;3665728016978;Soineo;Soineo Border Pansements;SOINEO BORDER Pans hydrocellulaire ovale 7.8x10cm B/10;0.2;11.96;0.4;6;1
;;3665728016985;Soineo;Soineo Border Pansements;SOINEO BORDER Pans hydrocellulaire ovale 10.8x14cm B/10;0.2;21.9;0.4;6;1
;;3665728016992;Soineo;Soineo Border Pansements;SOINEO BORDER Pans hydrocellulaire ovale 15x19cm B/10;0.2;39.96;0.4;6;1
;;3665728015001;Soineo;Soineo Compresses & Cotons;SOINEO Coton hydrophile 100gr;0.2;1.63;0.4;24;1
;;3665728015018;Soineo;Soineo Compresses & Cotons;SOINEO Compr stérile gaze 7,5x7,5cm 10Sach/2;0.2;0.9;0.4;40;1
;;3665728015025;Soineo;Soineo Compresses & Cotons;SOINEO Compr stérile gaze 7,5x7,5cm 25Sach/2;0.2;1.8;0.4;18;1
;;3665728015032;Soineo;Soineo Compresses & Cotons;SOINEO Compr stérile gaze 7,5x7,5cm 50Sach/2;0.2;3.1;0.4;12;1
;;3665728015049;Soineo;Soineo Compresses & Cotons;SOINEO Compr stérile gaze 10x10cm 10Sach/2;0.2;1.22;0.4;40;1
;;3665728015056;Soineo;Soineo Compresses & Cotons;SOINEO Compr stérile gaze 10x10cm 25Sach/2;0.2;2.45;0.4;18;1
;;3665728015063;Soineo;Soineo Compresses & Cotons;SOINEO Compr stérile gaze 10x10cm 50Sach/2;0.2;4.16;0.4;12;1
;;3665728015070;Soineo;Soineo Compresses & Cotons;SOINEO Compr st n tiss 7,5x7,5 10Sach/2;0.2;0.66;0.4;40;1
;;3665728015087;Soineo;Soineo Compresses & Cotons;SOINEO Compr st n tiss 7,5x7,5 25Sach/2;0.2;1.65;0.4;18;1
;;3665728015094;Soineo;Soineo Compresses & Cotons;SOINEO Compr st n tiss 7,5x7,5 50Sach/2;0.2;2.76;0.4;12;1
;;3665728015100;Soineo;Soineo Compresses & Cotons;SOINEO Compr st n tiss 10x10cm 10Sach/2;0.2;1;0.4;40;1
;;3665728015117;Soineo;Soineo Compresses & Cotons;SOINEO Compr st n tiss 10x10cm 25Sach/2;0.2;2.4;0.4;18;1
;;3665728015124;Soineo;Soineo Compresses & Cotons;SOINEO Compr st n tiss 10x10cm 50Sach/2;0.2;3.75;0.4;12;1
;;3665728015131;Soineo;Soineo Compresses & Cotons;SOINEO Compr oculaire stérile 6x8cm B/10;0.2;1.96;0.4;20;1
;;3665728015148;Soineo;Soineo Compresses & Cotons;SOINEO Compr ns n tiss 7,5x7,5 B/100;0.2;2;0.4;12;1
;;3665728015155;Soineo;Soineo Compresses & Cotons;SOINEO Compr ns n tiss 10x10cm B/100;0.2;2.69;0.4;12;1
;;3665728015667;Soineo;Soineo Compresses & Cotons;SOINEO Coton hydrophile prédécoupé Paq/100g;0.2;1.73;0.4;24;1
;;3665728015674;Soineo;Soineo Compresses & Cotons;SOINEO Disque à démaquiller Sach/80;0.2;1.73;0.4;24;1
;;3665728015681;Soineo;Soineo Compresses & Cotons;SOINEO Carré à démaquiller Sach/50;0.2;1.73;0.4;24;1
;;3665728015698;Soineo;Soineo Compresses & Cotons;SOINEO Carré maxi Sach/50;0.2;2.82;0.4;12;1
;;3665728015704;Soineo;Soineo Compresses & Cotons;SOINEO Rectangle coton Sach/200;0.2;5.4;0.55;10;1
;;3665728015711;Soineo;Soineo Compresses & Cotons;SOINEO Rectangle coton bio Sach/180;0.2;5.4;0.55;12;1
;;3665728015728;Soineo;Soineo Compresses & Cotons;SOINEO Coton-tige B/200;0.2;1.73;0.4;24;1
;;3665728015735;Soineo;Soineo Compresses & Cotons;SOINEO Coton-tige sécurité B/60;0.2;1.73;0.4;24;1
;;3665728015759;Soineo;Soineo Compresses & Cotons;SOINEO Mouchoir 8 pièces x6 sachets;0.2;1.97;0.4;24;1
;;3665728015780;Soineo;Soineo Compresses & Cotons;SOINEO Compr stérile non tissé 7,5x7,5cm B/10;0.2;0.96;0.4;24;1
;;3665728015407;Soineo;Soineo Pansements;SOINEO Pans adh n tis st 5x7cm B/10;0.2;2.4;0.4;10;1
;;3665728015414;Soineo;Soineo Pansements;SOINEO Pans adh n tis st 10x10cm B/10;0.2;4.64;0.4;10;1
;;3665728015421;Soineo;Soineo Pansements;SOINEO Pans adh n tis st 10x15cm B/10;0.2;8.34;0.4;10;1
;;3665728015438;Soineo;Soineo Pansements;SOINEO Pans adh n tis st 10x20cm B/10;0.2;10;0.4;5;1
;;3665728015452;Soineo;Soineo Pansements;SOINEO Pans adhésif PU stérile 5x7cm B/5;0.2;2.6;0.4;10;1
;;3665728015469;Soineo;Soineo Pansements;SOINEO Pans adhésif PU stérile 10x10cm B/5;0.2;4.68;0.4;10;1
;;3665728015476;Soineo;Soineo Pansements;SOINEO Pans adhésif PU stérile 10x15cm B/5;0.2;6.22;0.4;10;1
;;3665728015483;Soineo;Soineo Pansements;SOINEO Pans adhésif PU stérile 10x20cm B/5;0.2;9.6;0.4;5;1
;;3665728015490;Soineo;Soineo Pansements;SOINEO Film adhésif PU stérile 6x7cm B/5;0.2;3.84;0.4;10;1
;;3665728015506;Soineo;Soineo Pansements;SOINEO Film adhésif PU stérile 10x12cm B/5;0.2;7.2;0.4;10;1
;;3665728015513;Soineo;Soineo Pansements;SOINEO Film adhésif PU stérile 10x15cm B/5;0.2;8.3;0.4;10;1
;;3665728015520;Soineo;Soineo Pansements;SOINEO Film adhésif PU stérile 15x20cm B/5;0.2;11.6;0.4;5;1
;;3665728015537;Soineo;Soineo Pansements;SOINEO Pans absorbant 10x10cm B/10;0.2;3.98;0.4;6;1
;;3665728015544;Soineo;Soineo Pansements;SOINEO Pans absorbant 10x20cm B/10;0.2;7.12;0.4;6;1
;;3665728015551;Soineo;Soineo Pansements;SOINEO Pans absorbant 15x20cm B/10;0.2;10.39;0.4;6;1
;;3665728015568;Soineo;Soineo Pansements;SOINEO Pans absorbant 20x25cm B/10;0.2;17.2;0.4;6;1
;;3665728015605;Soineo;Soineo Pansements;SOINEO Pans vaseliné 10x10cm B/10;0.2;6.38;0.4;10;1
;;3665728015919;Soineo;Soineo Pansements;SOINEO Pans vaseliné 5x5cm B/10;0.2;4.59;0.4;10;1
;;3665728015575;Soineo;Soineo Pansements Super absorbants;SOINEO Pans superabsorbant 10x20cm B/10;0.2;24.2;0.4;1;1
;;3665728015582;Soineo;Soineo Pansements Super absorbants;HYDROCEL SUPERABS PANSEMENTS SUPERABSORBANTS - 15 x 20cm /10;0.2;41;0.4;1;1
;;3665728015599;Soineo;Soineo Pansements Super absorbants;SOINEO Pans superabsorbant 20x25cm B/10;0.2;53;0.4;6;1
;;3665728016220;Soineo;Soineo Pansements Super absorbants;HYDROCEL SUPERABS PANSEMENTS SUPERABSORBANTS - 20 x 30cm /10;0.2;61;0.4;1;1
;;3665728016237;Soineo;Soineo Pansements Super absorbants;HYDROCEL SUPERABS PANSEMENTS SUPERABSORBANTS - 10 x 10cm /10;0.2;9.55;0.4;1;1
;;3665728015612;Soineo;Soineo Sets Post-op & Plaies Chroniques;SOINEO Set post-op petites plaies B/3;0.2;5.67;0.32;6;1
;;3665728015629;Soineo;Soineo Sets Post-op & Plaies Chroniques;SOINEO Set post-op moyennes plaies B/3;0.2;6.86;0.32;6;1
;;3665728015636;Soineo;Soineo Sets Post-op & Plaies Chroniques;SOINEO Set post-op grandes plaies B/3;0.2;8.93;0.32;6;1
;;3665728015643;Soineo;Soineo Sets Post-op & Plaies Chroniques;SOINEO Set de détersion B/5;0.2;6.95;0.12;6;1
;;3665728015650;Soineo;Soineo Sets Post-op & Plaies Chroniques;SOINEO Set plaies chroniques B/5;0.2;6.95;0.12;6;1
;;0033984002005;Solgar;Non renseigné;SOLGAR B Complex Vitamine C Tabl P/100;0.055;17.7;0.1;0;1
;;0033984003101;Solgar;Non renseigné;SOLGAR Vitamine B8 Gél P/50;0.055;10.7;0.1;0;1
;;0033984003781;Solgar;Non renseigné;SOLGAR Vitamine E 200 UI Caps Pot/50;0.055;21.7;0.1;1;1
;;0033984004009;Solgar;Non renseigné;SOLGAR Levure de bière Tabl P/250;0.055;18.5;0.1;0;1
;;0033984005204;Solgar;Non renseigné;SOLGAR Calcium Magnésium Zinc Tabl P/100;0.055;13.5;0.1;0;1
;;0033984005372;Solgar;Non renseigné;SOLGAR Bromélaïne 300 mg Gél Pot/60;0.055;23.2;0.1;1;1
;;0033984007000;Solgar;Non renseigné;SOLGAR Magnésium Bisglycinate Cpr P/100;0.055;12.5;0.1;0;1
;;0033984009400;Solgar;Non renseigné;SOLGAR Huile de foie de Morue Caps P/100;0.055;12;0.1;1;1
;;0033984010505;Solgar;Non renseigné;SOLGAR Ester-C Plus 1000 Cpr Pot/30;0.055;15.6;0.1;1;1
;;0033984010574;Solgar;Non renseigné;SOLGAR Huile d'Onagre Caps P/60;0.055;33.5;0.1;0;1
;;0033984012103;Solgar;Non renseigné;SOLGAR Gaba Gél P/50;0.055;20.8;0.1;0;1
;;0033984012493;Solgar;Non renseigné;SOLGAR Gentle Iron fer doux gelule vegetal Pt/90;0.055;14.7;0.1;0;1
;;0033984014176;Solgar;Non renseigné;SOLGAR Acide hyaluronique Tabl P/30;0.055;47;0.1;0;1
;;0033984017009;Solgar;Non renseigné;SOLGAR L-Lysine 1000mg Cpr Tabl P/50;0.055;11.3;0.1;0;1
;;0033984017108;Solgar;Non renseigné;SOLGAR Magnésium Citrate Cpr Pot/60;0.055;15.7;0.1;1;1
;;0033984017207;Solgar;Non renseigné;SOLGAR Magnésium Vitamine B6 Tabl P/100;0.055;7.8;0.1;0;1
;;0033984017351;Solgar;Non renseigné;SOLGAR Tabl chev peau ongl P/60;0.055;14.3;0.1;1;1
;;0033984019508;Solgar;Non renseigné;SOLGAR Méthylcoba Vitamine B12 Cpr croq P/30;0.055;16.9;0.1;1;1
;;0033984020276;Solgar;Non renseigné;SOLGAR Oméga 3.6.9 Caps P/60;0.055;35.9;0.1;0;1
;;0033984020504;Solgar;Non renseigné;SOLGAR Oméga 3 700mg Caps molle P/30;0.055;21.9;0.1;0;1
;;0033984023154;Solgar;Non renseigné;SOLGAR Psyllium Gél P/200;0.055;22.8;0.1;0;1
;;0033984024007;Solgar;Non renseigné;SOLGAR Vitamine C 1000 mg Rose Hips Cpr Pot/100;0.055;19.7;0.1;1;1
;;0033984025516;Solgar;Non renseigné;SOLGAR Sélénium Tabl P/100;0.055;13.4;0.1;0;1
;;0033984028005;Solgar;Non renseigné;SOLGAR Vegetarian Digestive Enzymes Tabl P/50;0.055;11.4;0.1;0;1
;;0033984032095;Solgar;Non renseigné;SOLGAR Vitamine B12 500MCG gelule vegetal P/50;0.055;8.9;0.1;0;1
;;0033984392731;Solgar;Non renseigné;SOLGAR ZINC PICOLINATE 15MG COMPRIME BOITE 100;0.055;12.5;0.1;1;1
;;0033984523081;Solgar;Non renseigné;SOLGAR Super Mélatonine 1,9mg Cpr P/60;0.055;11.3;0.1;1;1
;;0033984531673;Solgar;Non renseigné;SOLGAR Multi 1 Tabl P/30;0.055;16.5;0.1;1;1
;;0033984549562;Solgar;Non renseigné;SOLGAR Vitamine D3 1000UI Cpr croq P/100;0.055;14;0.1;1;1
5207875;3401052078752;4054596950900;Solventum (3M healthcare);Actisorb;ACTISORB Pans 10,5x10,5cm B/12;0.2;15.6;0.08;60;1
6021740;3401060217402;4054596952072;Solventum (3M healthcare);Adaptic;ADAPTIC TOUCH Pans n adhér silic 12,7x15cm B/10;0.2;34.65;0.12;1;1
6021741;3401060217419;4054596952188;Solventum (3M healthcare);Adaptic;ADAPTIC TOUCH Pans n adhér silic 20x32cm B/5;0.2;85.34;0.08;1;1
7071026;3401070710269;4054596950573;Solventum (3M healthcare);Adaptic;ADAPTIC DOIG Pans av jersey tubul ptt D2cm B/3;0.2;8.22;0.08;42;1
7071032;3401070710320;4054596950603;Solventum (3M healthcare);Adaptic;ADAPTIC DOIG Pans av jersey tubul moy D2,4cm B/3;0.2;9.41;0.08;42;1
7071049;3401070710498;4054596950634;Solventum (3M healthcare);Adaptic;ADAPTIC DOIGTIER Pans av jersey tubul gd D2,8cm B/3;0.2;10.98;0.08;42;1
7357395;3401073573953;4054596950368;Solventum (3M healthcare);Adaptic;ADAPTIC Pans non adhér 7,6x20,3cm 10Sach;0.2;8.45;0.35;6;1
7357426;3401073574264;4054596950535;Solventum (3M healthcare);Adaptic;ADAPTIC Pans non adhér 12,7x22,9cm 12Sach;0.2;25.56;0.35;6;1
9968128;3401099681281;4054596950016;Solventum (3M healthcare);Adaptic;ADAPTIC Pans n adhér 10x10cm 10Sach;0.2;8.45;0.35;63;1
4480959;;4054596068377;Solventum (3M healthcare);Adheban Plus;ADHEBAN PLUS Bde élast ad 10cmx2,5m;0.2;9.2;0.5;9;1
4481120;;4054596068346;Solventum (3M healthcare);Adheban Plus;ADHEBAN PLUS Bde élast ad 3cmx2,5m;0.2;4.54;0.5;12;1
4481137;;4054596068353;Solventum (3M healthcare);Adheban Plus;ADHEBAN PLUS Bde élast ad 6cmx2,5m;0.2;6.18;0.5;12;1
4481143;;4054596068384;Solventum (3M healthcare);Adheban Plus;ADHEBAN PLUS Bde élast ad 8cmx2,5m;0.2;7.58;0.5;12;1
4334525;3401543345257;0707387792145;Solventum (3M healthcare);Cavilon;CAVILON 3M Cr prot cutan longue durée T/92g;0.2;14.37;0.35;12;1
;;0707387809249;Solventum (3M healthcare);Coban;COBAN Bde cohésive bleu 7,5cmx2,3m;0.2;5.82;0.5;24;1
5387943;;4046719022380;Solventum (3M healthcare);Coban;COBAN 2 Syst compress 10cmx2,7m ; 10cmx4,7m;0.2;12.04;0;8;1
6369077;;4046719318261;Solventum (3M healthcare);Coheban;COHEBAN Bde cohés content chair 7cmx3m;0.2;8.42;0.5;48;1
6369083;;4046719318223;Solventum (3M healthcare);Coheban;COHEBAN Bde cohés content chair 10cmx3,5m;0.2;11.58;0.5;48;1
6422305;;4046719318254;Solventum (3M healthcare);Coheban;COHEBAN Bde cohés content blanc 70mmx3m;0.2;8.42;0.5;48;1
6481489;;4046719318247;Solventum (3M healthcare);Coheban;COHEBAN Bde cohés content bleu 70mmx3m;0.2;8.42;0.5;48;1
6613494;;4046719318216;Solventum (3M healthcare);Coheban;COHEBAN Bde cohés content blanc 100mmx3,5m;0.2;11.58;0.5;48;1
;;4064035174996;Solventum (3M healthcare);Gamme conseil OTC Solventum;3M STERI-STRIP GAMME CONSEIL Bdlette adhésive suture 6mmx100mm /10;0.2;3.84;0.5;20;1
6394641;;4064035174903;Solventum (3M healthcare);Gamme conseil OTC Solventum;MEDIPORE+ PAD Pans adh str+comp5x7,2cm B/10;0.2;3.5;0.5;12;1
6394642;;4064035174934;Solventum (3M healthcare);Gamme conseil OTC Solventum;MEDIPORE+ PAD Pans adh str+compL 10x10cm B/10;0.2;6.87;0.5;12;1
6394643;;4064035175023;Solventum (3M healthcare);Gamme conseil OTC Solventum;3M STERI-STRIP GAMME CONSEIL Bdlette adhésive suture 3mmx75mm /5;0.2;3.48;0.5;1;1
6394644;;4064035174965;Solventum (3M healthcare);Gamme conseil OTC Solventum;3M STERI-STRIP GAMME CONSEIL Bdlette adhésive suture 6mmx75mm /3;0.2;3.42;0.5;20;1
6394646;;4064035174842;Solventum (3M healthcare);Gamme conseil OTC Solventum;TEGADERM+ PAD Pans adhésif stérile avec compresse GAMME CONSEIL 5x7cm B/5;0.2;5.81;0.5;6;1
6394647;;4064035174873;Solventum (3M healthcare);Gamme conseil OTC Solventum;TEGADERM+ PAD Pans adhésif stérile avec compresse GAMME CONSEIL 9x10cm B/5;0.2;8.67;0.5;6;1
;;4054596952850;Solventum (3M healthcare);Kerramax;KERRAMAX CARE Pans supabsor 10x10cm B/10;0.2;14.9;0.35;110;1
;;4054596952966;Solventum (3M healthcare);Kerramax;KERRAMAX CARE Pans supabsor 13.5x15.5cm B/10;0.2;28.91;0.35;1;1
;;4054596953154;Solventum (3M healthcare);Kerramax;KERRAMAX CARE Pans supabsor 10x22cm B/10;0.2;28.91;0.35;1;1
;;4054596953215;Solventum (3M healthcare);Kerramax;KERRAMAX CARE Pans supabsor 20x22cm B/10;0.2;54.39;0.35;1;1
;;4054596953307;Solventum (3M healthcare);Kerramax;KERRAMAX CARE Pans supabsor 20x30cm B/10;0.2;78.57;0.35;24;1
;;4054596953369;Solventum (3M healthcare);Kerramax;KERRAMAX CARE Pans supabsor 20x50cm B/10;0.2;76.77;0.35;15;1
7737873;;4001895903700;Solventum (3M healthcare);Medipore Liner;MEDIPORE LINER Sparad 5cmx10m Rouleau;0.2;4.8;0.5;24;1
7737896;;4001895903724;Solventum (3M healthcare);Medipore Liner;MEDIPORE LINER Sparad 10cmx10m Rouleau;0.2;8.67;0.5;12;1
7947381;;8711428076356;Solventum (3M healthcare);Medipore+ Pad;MEDIPORE+ PAD Pans adh str+comp 5x7,2cm B/10;0.2;3.33;0.5;12;1
7947398;;8711428076363;Solventum (3M healthcare);Medipore+ Pad;MEDIPORE+ PAD Pans adh str+comp 10x10cm B/10;0.2;6.54;0.5;12;1
7947406;;8711428076370;Solventum (3M healthcare);Medipore+ Pad;MEDIPORE+ PAD Pans adh str+comp 10x15cm B/10;0.2;11.72;0.5;12;1
7947412;;8711428076387;Solventum (3M healthcare);Medipore+ Pad;MEDIPORE+ PAD Pans adh str+comp 10x20cm B/10;0.2;15.42;0.5;12;1
;;3666002027789;Solventum (3M healthcare);Mefra;3M Bde extensible 10cmx4m Sach/1;0.2;0.72;0.5;20;1
;;3666002027826;Solventum (3M healthcare);Mefra;3M Bde extensible 7cmx4m Sach/1;0.2;0.56;0.5;400;1
;;3666002027864;Solventum (3M healthcare);Mefra;3M Bde extensible 5cmx4m Sach/1;0.2;0.4;0.5;20;1
;;3666002027901;Solventum (3M healthcare);Mefra;3M Bde crêpe 10cmx4m Sach/1;0.2;1.45;0.5;20;1
;;3666002027949;Solventum (3M healthcare);Mefra;3M Bde crêpe 7cmx4m Sach/1;0.2;1.33;0.5;20;1
;;3666002027987;Solventum (3M healthcare);Mefra;3M Bde crêpe 5cmx4m Sach/1;0.2;1.08;0.5;20;1
;;3666002028038;Solventum (3M healthcare);Mefra;MEFRA Compr n tis st 7,5x7,5 10Sach/2;0.2;1.07;0.57;60;1
;;3666002028052;Solventum (3M healthcare);Mefra;MEFRA Compr n tis st 7,5x7,5 50Sach/2;0.2;3.81;0.57;12;1
;;3666002028069;Solventum (3M healthcare);Mefra;MEFRA Compr n tis st 10x10cm 10Sach/2;0.2;1.37;0.57;60;1
;;3666002028083;Solventum (3M healthcare);Mefra;MEFRA Compr n tis st 10x10cm 50Sach/2;0.2;4.93;0.57;12;1
;;3666002028090;Solventum (3M healthcare);Mefra;MEFRA Compr gaze stérile 7,5x7,5cm 10Sach/2;0.2;1.32;0.52;60;1
;;3666002028106;Solventum (3M healthcare);Mefra;MEFRA Compr gaze stérile 7,5x7,5cm 50Sach/2;0.2;4.47;0.52;12;1
;;3666002028113;Solventum (3M healthcare);Mefra;MEFRA Compr gaze stérile 10x10cm 10Sach/2;0.2;1.78;0.52;60;1
;;3666002028120;Solventum (3M healthcare);Mefra;MEFRA Compr gaze stérile 10x10cm 50Sach/2;0.2;6.75;0.52;12;1
;;3666002028137;Solventum (3M healthcare);Mefra;3M Pans vaseliné stérile 10cmx10cm B/10;0.2;7.85;0.5;6;1
6606821;;4054596748293;Solventum (3M healthcare);Micropore;MICROPORE Sparad micropor 1,25cmx5m Rouleau;0.2;1.54;0.5;240;1
7078264;;4054596749948;Solventum (3M healthcare);Micropore;MICROPORE Sparad micropor 25mmx5m Dévidoir;0.2;1.98;0.6;48;1
7078270;;4054596754881;Solventum (3M healthcare);Micropore;MICROPORE Sparad micropor chair 25mmx5m Dév;0.2;1.98;0.6;48;1
7078287;;4054596747456;Solventum (3M healthcare);Micropore;MICROPORE Sparad micropor 25mmx9,1m Dévidoir;0.2;2.55;0.57;48;1
9931042;;4046719535552;Solventum (3M healthcare);Micropore;MICROPORE SILI 3M Sparad micropor 2,5cmx5m;0.2;5.4;0.57;96;1
;;0197998384875;Solventum (3M healthcare);Opticlude;OPTICLUDE DESIGN BOY Pans orthoptique silicone midi 5,3x7cm B/50;0.2;32;0.35;12;1
;;0197998384905;Solventum (3M healthcare);Opticlude;OPTICLUDE DESIGN GIRL Pans orthoptique silicone midi 5,3x7cm B/50;0.2;32;0.35;12;1
;;0197998385056;Solventum (3M healthcare);Opticlude;OPTICLUDE DESIGN GIRL Pans orthoptique silicone maxi 5,7x8cm B/50;0.2;33.5;0.35;12;1
;;0197998385179;Solventum (3M healthcare);Opticlude;OPTICLUDE DESIGN BOY Pans orthoptique silicone mini 5x6cm B/50;0.2;30.5;0.35;12;1
6093959;;5000485024886;Solventum (3M healthcare);Opticlude;OPTICLUDE Pans écr orth Ad B/20;0.2;12.2;0.35;24;1
6295019;;4054596757868;Solventum (3M healthcare);Opticlude;OPTICLUDE GIRL Pans orthopt silic mini B/50;0.2;30.5;0.35;12;1
6295031;;4054596748187;Solventum (3M healthcare);Opticlude;OPTICLUDE GIRL Pans orthopt silic midi B/50;0.2;32;0.35;12;1
9940029;;8711428075434;Solventum (3M healthcare);Opticlude;OPTICLUDE Pans écr orthoptique Ad B/50;0.2;30;0.35;12;1
9494860;3401094948600;;Solventum (3M healthcare);Sets Pansements 3M;SETS PANSEM 3M Set plaies postop >10cm B/3;0.2;13.97;0.35;12;1
9494877;3401094948778;3401094948778;Solventum (3M healthcare);Sets Pansements 3M;SETS PANSEM 3M Set plaies postop <5cm B/3;0.2;7.63;0.35;18;1
6599340;;8470003025218;Solventum (3M healthcare);Steri-strip;STERI-STRIP Bdlette adhés suture 3x75mm B/5;0.2;2.55;0.35;20;1
6599357;;8470002674271;Solventum (3M healthcare);Steri-strip;STERI-STRIP Bdlette adhés suture 6x75mm B/3;0.2;2.51;0.35;20;1
6603975;;8470003025058;Solventum (3M healthcare);Steri-strip;STERI-STRIP Bdlette adhés suture 6x100mm B/10;0.2;2.81;0.35;20;1
;;4054596781191;Solventum (3M healthcare);Tegaderm;TEGADERM ROLL Pans n stér 10cmx2m Rouleau;0.2;12.76;0.5;4;1
5387995;3401053879952;4064035107352;Solventum (3M healthcare);Tegaderm;TEGADERM+ PAD Pans adh str+comp tr 9x20cm B/5;0.2;13.38;0.5;6;1
6345958;;4064035126643;Solventum (3M healthcare);Tegaderm;TEGADERM Pans polyur 6x7cm B/5;0.2;6.43;0.5;6;1
6345964;;4064035126605;Solventum (3M healthcare);Tegaderm;TEGADERM Pans polyur 10x12cm B/5;0.2;10.12;0.5;6;1
7307397;;4064035107987;Solventum (3M healthcare);Tegaderm;TEGADERM+ PAD Pans adh str+c transp 5x7cm B/5;0.2;5.53;0.5;6;1
7307405;;4064035107598;Solventum (3M healthcare);Tegaderm;TEGADERM+ PAD Pans adh str+c trsp 9x10cm B/5;0.2;8.67;0.5;6;1
7307428;;4064035107420;Solventum (3M healthcare);Tegaderm;TEGADERM+ PAD Pans adh str+c trsp 9x15cm B/5;0.2;12.1;0.5;6;1
7737732;;4064035126636;Solventum (3M healthcare);Tegaderm;TEGADERM Pans polyur 6x7cm B/10;0.2;12.86;0.5;6;1
7737749;;4064035126599;Solventum (3M healthcare);Tegaderm;TEGADERM Pans polyur 10x12cm B/10;0.2;14.62;0.5;6;1
9613141;3401596131418;0707387807818;Solventum (3M healthcare);Tegaderm;TEGADERM Pans polyuréthane 15x20cm B/10;0.2;22.21;0.5;8;1
9756892;3401597568923;4064035107659;Solventum (3M healthcare);Tegaderm;TEGADERM+ PAD Pans adh str+c trsp 9x10cm B/10;0.2;12.45;0.5;6;1
9756900;3401597569005;4064035107956;Solventum (3M healthcare);Tegaderm;TEGADERM+ PAD Pans adh str+c trsp 5x7cm B/10;0.2;7.91;0.5;6;1
6050387;;4001895903571;Solventum (3M healthcare);Transpore;TRANSPORE Sparad micr pla 50mmx5m Rouleau;0.2;6.5;0.55;60;1
7078293;;4046719318803;Solventum (3M healthcare);Transpore;TRANSPORE Sparad micr pla 25mmx5m Dévidoir;0.2;4.16;0.55;48;1
3113644;3400931136446;;Substipharm;Non renseigné;VITAMINE B12 GERDA 250 µg Cpr séc Fl/24;0.1;5.34;0.12;150;1
3473590;3400934735905;;Substipharm;Non renseigné;ASPEGIC 1000 mg Pdr sol buv en sachet-dose adulte 15Sach;0.1;3.35;0.12;120;1
3473615;3400934736155;;Substipharm;Non renseigné;ASPEGIC 500 mg Pdr sol buv en sachet-dose 30Sach;0.1;3.4;0.12;0;1
3570672;3400935706720;;Substipharm;Non renseigné;ASPEGIC 1000 mg Pdr sol buv en sachet-dose adulte 30Sach;0.1;5.57;0.12;60;1
;;3428883603007;Super Diet;Herbesan;HERBESAN Psylllium bld Bio Tégument P/200g;0.055;16.6;0.25;6;1
;;3428883615109;Super Diet;Herbesan;HERBESAN NOCTAPHYT LP SOMMEIL Cpr B/30;0.055;10.12;0.25;1;1
;;3428883620608;Super Diet;Herbesan;HERBESAN Miel de Manuka Past B/16;0.055;9.19;0.25;12;1
;;3428883621605;Super Diet;Herbesan;HERBESAN TRANSIPHYT Gél transit facile B/60;0.055;11.56;0.25;3;1
;;3428883624705;Super Diet;Herbesan;HERBESAN MG LP STRESS Cpr B/30;0.055;10.7;0.25;6;1
2059865;3401520598652;3428883639006;Super Diet;Herbesan;HERBESAN INFUS BIO Tis brûle graisses 20Sach;0.055;4.7;0.25;6;1
4567790;3401545677905;3428883629809;Super Diet;Herbesan;HERBESAN CARBOGAZ Gél gaz ballonn B/45;0.055;10.25;0.25;0;1
9833782;3401598337825;3428883657802;Super Diet;Herbesan;HERBESAN INFUS BIO Tis sommeil serein 20Sach;0.055;4.7;0.25;6;1
9843591;3401598435910;3428883660208;Super Diet;Herbesan;HERBESAN INFUS BIO Tis transit facile 20Sach;0.055;4.7;0.25;6;1
9946144;3401599461444;3428883616007;Super Diet;Herbesan;HERBESAN Gelée roy Gelée P/40g;0.055;27.95;0.25;0;1
;;3428881119302;Super Diet;Hygiaflore;HYGIAFLORE TRANSIT PSYLLIUM Gél B/100;0.055;19.55;0.25;0;1
;;3428883920500;Super Diet;OM3;HERBESAN Oméga 3 Caps morue B/120;0.055;21.18;0.25;1;1
;;3428883939007;Super Diet;OM3;OM3 DHA COEUR CERVEAU VISION Caps B/60;0.055;26.25;0.25;1;1
7918847;3401579188477;5425013130011;Super Diet;OM3;OM3 ISODISNATURA Caps équilib émotion B/60;0.055;37.22;0.25;0;1
9841304;3401598413048;3428883934002;Super Diet;OM3;OM3 ISODISNATURA Hle poiss riche om3 Caps 120;0.055;22.03;0.25;0;1
;;3428881296003;Super Diet;PMH;PMH Plasma Marin Hypertonique S buv 20A/15ml;0.055;17.22;0.25;1;1
6404394;3401564043941;;Super Diet;Ricqles;RICQLES 90° Spray bucc ment Fl/15ml;0.2;7.6;0.25;12;1
7765763;3401577657630;;Super Diet;Ricqles;RICQLES Spray bucc ss alc ment Fl/15ml;0.2;7.6;0.25;12;1
9773689;3401597736896;;Super Diet;Ricqles;RICQLES 80° Alcool menthe Fl/30ml;0.055;8.36;0.25;72;1
;;3760054330016;TRB Chemedica;Non renseigné;HYLOVIS MULTI S opht lubrif inst oc Fl/15ml;0.2;9.69;0.12;160;1
;;3760054331013;TRB Chemedica;Non renseigné;HYLOVIS LIPO Emuls oculaire 30Unidose/0,4ml;0.2;9.42;0.1;1;1
;;3760054331020;TRB Chemedica;Non renseigné;HYLOVIS LIPO MULTI Emuls oculaire Fl/15ml;0.2;9.69;0.12;306;1
;;3760054331037;TRB Chemedica;Non renseigné;HYLOVIS GEL MULTI Sol ocul ss cons Fl/15ml;0.2;9.56;0.0993;160;1
;;7640449380115;TRB Chemedica;Non renseigné;RELYS S ophtalm Fl multidose/10ml;0.2;13.8;0.1;1;1
;;8057018170142;TRB Chemedica;Non renseigné;DROP TONIC 5% S ophtalm hypertonique sans conservateur Fl multidose/10ml;0.2;7.53;0.1;36;1
4607118;3401046071189;4028694001406;TRB Chemedica;Non renseigné;HYLOVIS S opht lubrif inst oc 20Unid/0,3ml;0.2;7.05;0.1;66;1
;;3665445000038;Techni-Pharma;Calyplantes;CALYPLANTES Spray respiratoire Fl/75ml;0.2;11.5;0.27;24;1
;;3665445000045;Techni-Pharma;Calyplantes;CALYPLANTES S buv gorge pharynx Fl/140ml;0.055;6.85;0.27;24;1
3017455;3400930174555;;Techni-Pharma;Calyptol;CALYPTOL INHALANT Emuls p inh/fumiga 10Amp/5ml;0.1;5.66;0.27;60;1
3302204;3400933022044;;Techni-Pharma;Psylia;PSYLIA Pdr eff susp buv en sachet 10Sach/6,9g;0.1;3.75;0.27;24;1
3302227;3400933022273;;Techni-Pharma;Psylia;PSYLIA Pdr eff susp buv en sachet 24Sach/6,9g;0.1;5.38;0.27;1;1
2238220;3400922382203;;Teofarma;Non renseigné;NICOBION 500 mg Cpr pell Plq/30;0.1;15.25;0.14;144;1
3081789;3400930817896;;Teofarma;Non renseigné;PERIACTINE 4 mg Cpr 2Plq/15 (30);0.021;5.49;0.12;36;1
;;3662042003615;Thea - Europhta;Non renseigné;BLEPHACLEAN Compr st imprégné hyg paup B/20;0.2;10.85;0.17;64;1
;;3662042004759;Thea - Europhta;Non renseigné;THEALOZ DUO GEL Gel opht 10Unidoses/0,4g;0.2;8.04;0.37;1;1
;;3662042004940;Thea - Europhta;Non renseigné;BLEPHADEMODEX Compr stérile nettoyante B/30;0.2;14;0.13;40;1
;;3662042005664;Thea - Europhta;Non renseigné;THEALOSE S ocul oeil sec modéré sévère 15ml;0.2;9.76;0.14;120;1
;;3662042008733;Thea - Europhta;Non renseigné;OFTAMAC + Caps visée oc B/60;0.055;37.7;0.32;54;1
;;3662042008740;Thea - Europhta;Non renseigné;OFTAMAC + Caps visée oculaire B/180;0.055;82.75;0.32;20;1
;;3662042009006;Thea - Europhta;Non renseigné;THEALOSE UD S ocul oeil sec mod sév 30U/0,4ml;0.2;9.09;0.1;48;1
;;3662042015311;Thea - Europhta;Non renseigné;THEAPHY Sol isotonique stérile 10Unidoses/5ml;0.2;1.86;0.37;1;1
;;3662042015342;Thea - Europhta;Non renseigné;OPHTAKIT OEIL ROUGE Kit de premiers soins 3 en 1 lavage THEAPHY;0.2;14.9;0.37;1;1
;;3662042015502;Thea - Europhta;Non renseigné;LARMECRAN JOUR & NUIT S ophtalm Fl/10ml;0.2;14.4;0.37;1;1
;;3664490020251;Thea - Europhta;Non renseigné;NATUROPHTA MACULA Cpr B/180;0.055;77.35;0.3;1;1
;;8034135273109;Thea - Europhta;Non renseigné;ZASPRAY Spray ocul apais lubrif Fl/10ml;0.2;15.5;0.37;1;1
;3400930095645;;Thea - Europhta;Non renseigné;SOFTACORT 3,35 mg/ml Collyre sol récip unidose 30R-unid/0,4ml;0.021;13.86;0.14;45;1
;3400930262313;;Thea - Europhta;Non renseigné;VITABACT 0,05 % Collyre Fl PEBD/10ml;0.1;4.58;0.14;400;1
3442678;3400934426780;;Thea - Europhta;Non renseigné;NAABAK 19,6 mg/0,4 ml Collyre récip unidose 10unid;0.1;8.16;0.37;86;1
3485506;3400934855061;;Thea - Europhta;Non renseigné;VIT B12 THEA 0,05% (0,2mg/0,4ml) 20unid/0,4ml;0.1;8.4;0.37;55;1
3537284;3400935372840;;Thea - Europhta;Non renseigné;MYDRIASERT Insert opht Sach;0.021;14.1;0.14;0;1
4272675;3401542726750;;Thea - Europhta;Non renseigné;NUTRILARM Caps visée ophtal B/60;0.055;18.5;0.37;0;1
4476188;;3662042006067;Thea - Europhta;Non renseigné;NUTROF TOTAL Caps visée oculaire B/60;0.055;26.45;0.13;60;1
5204026;;3662042001949;Thea - Europhta;Non renseigné;BLEPHAGEL Gel nettoy paup cils T air/30g;0.2;11.85;0.15;120;1
5204032;;3662042006074;Thea - Europhta;Non renseigné;NUTROF TOTAL Caps visée oculaire B/180;0.055;73.5;0.22;12;1
6374190;;3662042009952;Thea - Europhta;Non renseigné;BLEPHADERM Cr apaisante paupières et contour des yeux T/40ml;0.2;19.05;0.15;72;1
7639136;;3662042004001;Thea - Europhta;Non renseigné;BLEPHASOL Sol démaq yeux sens Fl/100ml;0.2;13.35;0.15;64;1
;;3111791705016;Thuasne;COMPRESSION;KIT BIFLEX Bde content T1;0.2;46.8;0.3;1;1
;;3111791705023;Thuasne;COMPRESSION;KIT BIFLEX Bde content T2;0.2;49.6;0.3;1;1
;3401060258597;3111790263630;Thuasne;COMPRESSION;VENOFLEX FAST 2 Chauss Lin F ligne no T2N;0.055;38.1;0.3;1;1
2942769;3401029427699;3111790259695;Thuasne;COMPRESSION;VENOFLEX SECRET 2 Chauss F bge doré T1N;0.055;19.49;0.3;1;1
2942775;3401029427750;3111790259916;Thuasne;COMPRESSION;VENOFLEX SECRET 2 Chauss F bge doré T2N;0.055;19.49;0.3;1;1
2942781;3401029427811;3111790260134;Thuasne;COMPRESSION;VENOFLEX SECRET 2 Chauss F bge doré T3N;0.055;19.49;0.3;1;1
2942858;3401029428580;3111790261476;Thuasne;COMPRESSION;VENOFLEX SECRET 2 Bas AG F bge doré T2N;0.055;30.64;0.3;1;1
4347775;3401043477755;3111790259534;Thuasne;COMPRESSION;VENOFLEX SECRET 2 Chauss F noir T1N;0.055;19.49;0.3;0;1
4347781;3401043477816;3111790259756;Thuasne;COMPRESSION;VENOFLEX SECRET 2 Chauss F noir T2N;0.055;19.49;0.3;0;1
4347798;3401043477984;3111790259978;Thuasne;COMPRESSION;VENOFLEX SECRET 2 Chauss F noir T3N;0.055;19.49;0.3;0;1
4642451;3401046424510;3111790230182;Thuasne;COMPRESSION;THUASNE SH STR Bde coton anti-oed blc 11cmx4m;0.2;5.79;0.3;0;1
6014517;3401060145170;3111790259893;Thuasne;COMPRESSION;VENOFLEX SECRET 2 Chauss F bge nat T2N;0.055;19.49;0.3;0;1
6029482;3401060294823;3111790261278;Thuasne;COMPRESSION;VENOFLEX SECRET 2 Bas AG F noir T2N;0.055;30.64;0.3;0;1
6302570;3401063025707;3111790234081;Thuasne;COMPRESSION;BIFLEX ETALONNEE Bde cont lég bge 10cmx4m;0.2;31.48;0.3;0;1
6305723;3401063057234;3111790259169;Thuasne;COMPRESSION;THUASNE Agrafe pour bande élastique B/4;0.2;6.31;0.3;1;1
7367146;3401173671467;3111790240549;Thuasne;COMPRESSION;CEMEN Bde ceint cont 18cmx2,5m;0.2;27.28;0.3;1;1
7401618;3401074016183;3111790234142;Thuasne;COMPRESSION;BIFLEX 16 PRATIC Bde cont lég chair 10cmx3m;0.2;25.52;0.3;0;1
7401624;3401074016244;3111790234166;Thuasne;COMPRESSION;BIFLEX 16 PRATIC Bde cont lég chair 10cmx4m;0.2;32.47;0.3;0;1
7721286;3401077212865;3111790248996;Thuasne;COMPRESSION;VENOFLEX ELEG 2 Chauss mlle côt H noir T2N;0.055;19.49;0.3;0;1
7721292;3401077212926;3111790249085;Thuasne;COMPRESSION;VENOFLEX ELEG 2 Chauss mlle côt H noir T3N;0.055;19.49;0.3;0;1
7871229;3401078712296;3111790248767;Thuasne;COMPRESSION;VENOFLEX ELEG 2 Bas cuis AG m côt H noir T2N;0.055;30.64;0.3;0;1
;;3111790076414;Thuasne;Non renseigné;LOMBATECH Ceinture lombaire H21cm T3;0.055;53.32;0.3;1;1
;;3111790041504;Thuasne;ORTHOPEDIE;SILISTAB EPI V2 Coudière gris T3;0.2;33.1;0.3;1;1
;;3111790041566;Thuasne;ORTHOPEDIE;SILISTAB ACHILLO V2 Chevillère gris T3;0.055;44.32;0.3;1;1
;;3111790045625;Thuasne;ORTHOPEDIE;LIGASTEP FIX WALKER LONG Bott mar gris M;0.055;49.93;0.3;1;1
;;3111790045670;Thuasne;ORTHOPEDIE;LIGASTEP FIX WALKER SHORT Bott mar gris M;0.055;49.93;0.3;1;1
;;3111790045878;Thuasne;ORTHOPEDIE;LIGASTEP AIR WALKER SHORT Bott mar gris M;0.055;61.49;0.3;1;1
;;3111790047346;Thuasne;ORTHOPEDIE;LIGAFLEX IMMO Att genou marine T2;0.055;51.05;0.4;1;1
;;3111790047377;Thuasne;ORTHOPEDIE;LIGAFLEX IMMO 0° Att genou H40cm TS;0.055;45.7;0.3;1;1
;;3111790057741;Thuasne;ORTHOPEDIE;GENUPRO COMFORT Genouillère T3;0.055;48.72;0.3;1;1
;;3111790069607;Thuasne;ORTHOPEDIE;THUASNE C1 ANATO Collier cerv mar 9cm T2;0.055;13.75;0.3;1;1
;;3111790070672;Thuasne;ORTHOPEDIE;LIGACAST Chevillère noir/bleu T1;0.055;22.13;0.4;1;1
;;3111790070696;Thuasne;ORTHOPEDIE;LIGACAST ICE Chevillère noir/bleu T1;0.055;26.48;0.3;1;1
;;3111790070719;Thuasne;ORTHOPEDIE;LIGACAST AIR + Chevill stabil noir/ble T1;0.055;25.55;0.3;1;1
;;3111790072546;Thuasne;ORTHOPEDIE;LE GILET Gilet immob avec sangle noir T2;0.2;17.2;0.4;1;1
;;3111790076254;Thuasne;ORTHOPEDIE;LOMBACROSS ACTIVITY Ceinture lombaire H26cm T3;0.055;59.98;0.3;1;1
;;3111790076315;Thuasne;ORTHOPEDIE;LOMBACROSS ACTIVITY Ceinture lombaire H21cm T4;0.055;48.32;0.3;1;1
;;3111790076353;Thuasne;ORTHOPEDIE;LOMBATECH Ceinture lombaire H26cm T3;0.055;63.32;0.3;1;1
;;3111790076575;Thuasne;ORTHOPEDIE;LOMBASTART Ceinture lombaire maintien H26cm T3;0.055;47.98;0.45;1;1
;;3111790076629;Thuasne;ORTHOPEDIE;LOMBASTART Ceinture lombaire maintien H21cm T3;0.055;45.98;0.4;1;1
;;3111790082583;Thuasne;ORTHOPEDIE;SILISTAB GENU GO Genouillère ouverte T3;0.055;33.6;0.3;1;1
;;3111790084013;Thuasne;ORTHOPEDIE;SILISTAB GENU GO Genouillère fermée T3;0.055;33.6;0.3;1;1
;;3111790093657;Thuasne;ORTHOPEDIE;MALLEO DYNASTAB BOA Chevillère ouverte gris T2;0.055;47.98;0.3;1;1
;;3111790853831;Thuasne;ORTHOPEDIE;LOMBASTAB Ceint lo maintien noir ble H26cm T3;0.055;100.95;0.3;1;1
;;3111790873136;Thuasne;ORTHOPEDIE;LOMBASTART Ceint lo maintien noir H26cm T3;0.055;44.91;0.45;1;1
;;3111790874133;Thuasne;ORTHOPEDIE;LOMBASTART Ceint lo maintien noir H21cm T3;0.055;44.91;0.45;1;1
;;3111790874188;Thuasne;ORTHOPEDIE;LIGASTRAP GENU V2 Genouill ligament gris T3;0.055;43.81;0.3;1;1
;;3111790874249;Thuasne;ORTHOPEDIE;LIGASTRAP MALLEO V2 Chevill ligament T2;0.055;34.16;0.3;1;1
;;3111790874256;Thuasne;ORTHOPEDIE;LIGASTRAP MALLEO V2 Chevill ligament T3;0.055;34.16;0.3;1;1
;;3111792351014;Thuasne;ORTHOPEDIE;MALLEO DYNASTAB BOA V2 Chevillère gris T1;0.055;45.33;0.3;1;1
;;3111792351021;Thuasne;ORTHOPEDIE;MALLEO DYNASTAB BOA V2 Chevillère gris T2;0.055;45.33;0.3;1;1
;;3111792351038;Thuasne;ORTHOPEDIE;MALLEO DYNASTAB BOA V2 Chevillère gris T3;0.055;45.33;0.3;1;1
;;3111792375065;Thuasne;ORTHOPEDIE;GENU LIGAFLEX Genouillère ouverte gris T4C;0.055;94.63;0.3;1;1
;;3111792432133;Thuasne;ORTHOPEDIE;DIGI IMMO Att poignet doigt T3;0.055;27.04;0.3;1;1
;;3111797400588;Thuasne;ORTHOPEDIE;GENUACTION Genouillère rotulienne gris T2;0.055;20.48;0.3;1;1
;;3111797400595;Thuasne;ORTHOPEDIE;GENUACTION Genouillère rotulienne gris T3;0.055;20.48;0.4;1;1
;;3111797400601;Thuasne;ORTHOPEDIE;GENUACTION Genouillère rotulienne gris T4;0.055;20.48;0.3;1;1
;;3111797400656;Thuasne;ORTHOPEDIE;GENU EXTREM V2 Genouillère rotulienne gris T3;0.055;25.85;0.3;1;1
;;3111797400984;Thuasne;ORTHOPEDIE;GENU DYNASTAB V2 Genouill artic régl gris T4;0.055;72.68;0.4;1;1
;;4035459333313;Thuasne;ORTHOPEDIE;EPIMED PROMASTER Bracelet ant-épicond gris M;0.2;26.44;0.3;1;1
;3401060108175;3111790239864;Thuasne;ORTHOPEDIE;MANUACTION Ort poig drt gris T3;0.055;51.15;0.3;1;1
;3401060108229;3111790239468;Thuasne;ORTHOPEDIE;MANUIMMO PRO Att poig main ambidext grise T1;0.055;52.44;0.3;1;1
;3401060108236;3111790239475;Thuasne;ORTHOPEDIE;MANUIMMO PRO Att poig main ambidext grise T2;0.055;52.44;0.3;1;1
;3401060171698;3111790239482;Thuasne;ORTHOPEDIE;MANUIMMO PRO Att poig main ambidext grise T3;0.055;52.44;0.3;1;1
;3401060171803;3111790239529;Thuasne;ORTHOPEDIE;MANURHIZO PRO Att poig pce drt grise T2;0.055;50.28;0.3;1;1
2060414;3401020604143;3111790235859;Thuasne;ORTHOPEDIE;DYNASTAB Chevill malléo av laçag gris T2;0.055;34.77;0.3;0;1
4264977;3401042649771;3111790238591;Thuasne;ORTHOPEDIE;ORTEL C1 ANATOMIC Colli cerv hss mar 7,5cm T2;0.055;13.59;0.3;0;1
4486318;3401044863182;3111790235217;Thuasne;ORTHOPEDIE;LIGACAST AIR + Chevill stabil T uniq;0.055;24.36;0.3;0;1
6311920;;3111790057789;Thuasne;ORTHOPEDIE;GENUSTART ICE Genouillère de cryothérapie TU;0.055;85.55;0.4;1;1
7326302;3401073263021;3111790240426;Thuasne;ORTHOPEDIE;ORTEL Bdge her unilatér gris T2;0.055;45.45;0.3;0;1
7757930;3401077579302;3111790265771;Thuasne;ORTHOPEDIE;DYNABELT Ceint ab H16cm T3;0.055;49.77;0.3;0;1
7910739;3401079107398;3111790231042;Thuasne;ORTHOPEDIE;LOMBACROSS ACTIVITY Ceint lomb noir H26cm T4;0.055;70.96;0.4;0;1
9486091;3401094860919;3111790265740;Thuasne;ORTHOPEDIE;CONDYLEX Bracel tennis elbow gris ble T2;0.2;13.56;0.3;0;1
9585060;3401095850605;3111790239765;Thuasne;ORTHOPEDIE;MANUIMMO Ort p/m drte T2;0.055;44.11;0.3;0;1
9727241;3401097272412;3111790230410;Thuasne;ORTHOPEDIE;LOMBAMUM Ceint lo maternit parme TU;0.055;68.61;0.3;0;1
9728022;3401097280226;3111797400717;Thuasne;ORTHOPEDIE;MALLEOACTION Chevill cont T2;0.055;17.61;0.3;0;1
9728039;3401097280394;3111797400724;Thuasne;ORTHOPEDIE;MALLEOACTION Chevill cont T3;0.055;17.61;0.3;0;1
9742080;3401097420806;3111790239024;Thuasne;ORTHOPEDIE;GENU IMMO 0° Att gen courte anthr H50cm TM;0.055;55.13;0.3;0;1
9789791;3401097897912;3111790265917;Thuasne;ORTHOPEDIE;LEPOIGNET Ort poig ambidext noir T2;0.055;33.68;0.4;0;1
9789874;3401097898742;3111790239413;Thuasne;ORTHOPEDIE;MANURHIZO Att poig pce gche T2;0.2;43.15;0.4;0;1
9832541;3401098325414;3111790266310;Thuasne;ORTHOPEDIE;RHIZOIMMO Ort pce drte rhizarthrose T1;0.055;45.28;0.3;0;1
9832558;3401098325582;3111790266334;Thuasne;ORTHOPEDIE;RHIZOIMMO Ort pce drte rhizarthrose T2;0.055;45.28;0.3;0;1
9832564;3401098325643;3111790266327;Thuasne;ORTHOPEDIE;RHIZOIMMO Ort pce gche rhizarthrose T1;0.055;45.28;0.3;0;1
9832570;3401098325704;3111790266341;Thuasne;ORTHOPEDIE;RHIZOIMMO Ort pce gche rhizarthrose T2;0.055;45.28;0.3;0;1
9935695;3401099356950;3111790239949;Thuasne;ORTHOPEDIE;MANUIMMO OPEN Ort p/m ambidext T1;0.055;44.6;0.3;0;1
9935703;3401099357032;3111790239956;Thuasne;ORTHOPEDIE;MANUIMMO OPEN Ort p/m ambidext T2;0.055;44.6;0.4;0;1
9951582;3401099515821;3111790235309;Thuasne;ORTHOPEDIE;THUASNE Att chev stab rig droite/gche noir TU;0.055;19.95;0.3;0;1
9951607;3401099516071;3111792442026;Thuasne;ORTHOPEDIE;THUASNE Gilet immob scapulo-huméral noir T2;0.2;16.11;0.3;0;1
9951613;3401099516132;3111792442033;Thuasne;ORTHOPEDIE;THUASNE Gilet immob scapulo-huméral noir T3;0.2;16.11;0.3;0;1
3257656;3400932576562;;Thérabel Lucien Pharma;Non renseigné;NAFTILUX 200 mg Gél Plq/20;0.1;3.88;0.12;360;1
4190836;3400941908361;;Théramex;Non renseigné;ZOELY 2,5mg/1,5mg Cpr Plq/3x28 (24+4 Placebo);0.1;37.27;0.14;84;1
;;3665519000056;Tradiphar;Non renseigné;CADAQUES Cure-oreille;0.2;4.92;0.2;18;1
3024001;3400930240014;;Tradiphar;Non renseigné;POMMADE M.O. COCHON Pom B/10g;0.1;10.7;0.1;100;1
3118044;3400931180449;3401526532322;Tradiphar;Non renseigné;DENTOBAUME S gingivale Fl/4ml;0.1;9.32;0.1;72;1
3291392;3400932913923;5000174845235;Tradiphar;Non renseigné;FLUODONTYL 1350 mg Pâte dentifrice T/75ml;0.1;10.9;0.1;60;1
6547900;3401565479008;;Tradiphar;Non renseigné;CADAQUES Bâtnet bois ouaté B/200;0.2;5.82;0.2;24;1
3634828;3400936348288;;Téva Santé;Non renseigné;VOGALIB 7,5mg Lyoph or ss suc Plq/8;0.1;7.85;0.25;160;1
;;8710604763172;U.Labs;Fluocaril;FLUOC BI-FLUOR 145mg Dentif ment 2T/75ml;0.2;8.32;0.15;12;1
;;8710604763189;U.Labs;Fluocaril;FLUOC BI-FLUOR 145mg Dentif blanch 2T/75ml;0.2;8.32;0.15;12;1
;;8710604763219;U.Labs;Fluocaril;FLUOC BI-FLUOR 145mg Dentif blanch T/75ml;0.2;5.08;0.15;24;1
;;8710604763233;U.Labs;Fluocaril;FLUOC BI-FLUOR 145mg Dentif ment T/75ml;0.2;5.08;0.15;24;1
;;8710604763271;U.Labs;Fluocaril;FLUOC JUNIOR Dentif frt rge 6-12ans 2T/75ml;0.2;7.47;0.15;12;1
;;8710604763288;U.Labs;Fluocaril;FLUOC JUNIOR Dentif bubble gum 6-12ans 2/75ml;0.2;7.47;0.15;12;1
;;8710604763295;U.Labs;Fluocaril;FLUOCARIL JUNIOR Gel dtf frt rge 6-12ans 75ml;0.2;4.36;0.15;24;1
;;8710604763301;U.Labs;Fluocaril;FLUOC JUNIOR Dentif bubble gum 6-12ans T/75ml;0.2;4.36;0.15;24;1
;;8710604763592;U.Labs;Fluocaril;FLUOCARIL BDB BI-FLUORE 500ML;0.2;7.3;0.15;12;1
;;8720181491542;U.Labs;Fluocaril;FLUOCARIL KIDS Dentifrice fraise 3-6ans 2T/75ml;0.2;7.09;0.15;12;1
;;8720181491559;U.Labs;Fluocaril;FLUOCARIL JUNIOR Dentifrice menthe douce 6-13ans T/75ml;0.2;4.36;0.15;24;1
;;8720181502798;U.Labs;Fluocaril;FLUOCARIL Brosse dents kids extra-souple 0-6ans;0.2;1.98;0.15;12;1
;;8720181509803;U.Labs;Fluocaril;FLUOCARIL JUNIOR Dentifrice menthe douce 6-13ans 2T/75ml;0.2;7.47;0.15;12;1
;;8720181512490;U.Labs;Fluocaril;FLUOCARIL Dentifrice protection complète Zinc Fluor T/75ml;0.2;5.13;0.15;1;1
3500849;3400935008497;8710604763493;U.Labs;Fluocaril;FLUOCARIL bi-fluoré 250 mg Pâte dentifrice menthe T/75ml;0.1;5.95;0.15;60;1
3625611;3400936256118;8710604763509;U.Labs;Fluocaril;FLUOCARIL bi-fluoré 250 mg Gel dentifrice menthe T/75ml;0.1;6.12;0.15;60;1
3625628;3400936256286;8710604763448;U.Labs;Fluocaril;FLUOCARIL bi-fluoré 250 mg Gel dentifrice menthe T/125ml;0.1;7.46;0.15;48;1
3627389;3400936273894;8710604763479;U.Labs;Fluocaril;FLUOCARIL bi-fluoré 250 mg Pâte dentifrice menthe 2T/125ml;0.1;12.82;0.15;24;1
3627395;3400936273955;8710604763486;U.Labs;Fluocaril;FLUOCARIL bi-fluoré 250 mg Pâte dentifrice menthe 2T/75ml;0.1;10.31;0.15;30;1
;;8710604763356;U.Labs;Non renseigné;PAROGENCYL Dentif prévention gencives 2T/75ml;0.2;7.62;0.15;12;1
3500861;3400935008619;8710604763431;U.Labs;Non renseigné;FLUOCARIL bi-fluoré 250 mg Pâte dentifrice menthe T/125ml;0.1;7.61;0.15;48;1
;;8720181369605;U.Labs;Parogencyl;PAROGENCYL Pâte dtf soin int gencives 2T/75ml;0.2;8.64;0.15;12;1
;;8720181397233;U.Labs;Parogencyl;PAROGENCYL Pâte dtf soin int gencives T/75ml;0.2;5.04;0.15;24;1
;;8720182034410;U.Labs;Parogencyl;PAROGENCYL Dentif prévent genc blanch T/75ml;0.2;4.67;0.15;24;1
;;8712561170277;U.Labs;Regenerate;REGENERATE Dentifrice expert T/75ml;0.2;10.5;0.15;24;1
3266371;3400932663712;;Ucb Pharma;Non renseigné;NOOTROPYL 800 mg Cpr pell B/45;0.1;6.56;0.12;0;1
3007681;3400930076811;;Upsa;Non renseigné;ASPIRINE UPSA VITAMINE C Cpr eff tamponnée effervescente 2T/10;0.1;4;0.1;96;1
3270591;3400932705917;;Upsa;Non renseigné;FERVEX Glé s buv en sachet adulte 8Sach;0.1;6.5;0.1;50;1
3335959;3400933359591;;Upsa;Non renseigné;FERVEX Glé s buv en sachet sans sucre adulte B/8;0.1;6.5;0.1;60;1
3351579;3400933515799;;Upsa;Non renseigné;FERVEX Glé s buv en sachet sans sucre enfant 8Sach/3g;0.1;6.5;0.1;50;1
3406518;3400934065187;;Upsa;Non renseigné;MUCOMYST 200 mg Pdr sol buv en sachet B/18;0.1;4;0.1;72;1
3482152;3400934821523;;Upsa;Non renseigné;EFFERALGAN 500 mg Cpr orodisp 2T/8;0.021;3.6;0.1;96;1
3483016;3400934830167;;Upsa;Non renseigné;POLYSILANE UPSA Gel oral en tube T/170g;0.1;5.2;0.1;36;1
3496585;3400934965852;;Upsa;Non renseigné;CITRATE DE BETAINE UPSA 2 g Cpr eff sans sucre citron 2T/10;0.1;5.85;0.1;50;1
3637324;3400936373242;;Upsa;Non renseigné;EFFERALGAN VITAMINE C 500 mg/200 mg Cpr eff 2T/8;0.1;2.7;0.1;96;1
3675193;3400936751934;;Upsa;Non renseigné;DONORMYL 15 mg Cpr pell séc T/10;0.1;3.2;0.1;100;1
3675201;3400936752016;;Upsa;Non renseigné;DONORMYL 15 mg Cpr eff séc T/10;0.1;3.95;0.1;120;1
4989835;3400949898350;;Upsa;Non renseigné;FERVEX Glé s buv en sachet framboise adulte 8Sach;0.1;6.5;0.1;50;1
4997409;3400949974092;;Upsa;Non renseigné;CIT BETA UPSA 2g Cpr eff ss suc ment édu T/20;0.1;5.85;0.1;50;1
;;3546890040261;Urgo;Non renseigné;URGOSTART PL COMP Pans hyd adh 15x20cm B/16;0.2;169.7;0.05;4;1
;;3546890040285;Urgo;Non renseigné;URGOSTART PL COMP Pans hyd adh 13X12cm B/16;0.2;90.68;0.05;4;1
;;3664492000350;Urgo;Non renseigné;HUMEX SINUSITE S nas Spray/15ml;0.2;11.59;0.1;1;1
;;3664492000787;Urgo;Non renseigné;URGO RESISTANT Pans bde décou antisep 6cmx1 m;0.2;2.94;0.1;1;1
;;3664492018935;Urgo;Non renseigné;ALVITYL CHONDROFLEX Cpr B/60;0.055;14.68;0.1;24;1
;;3664492019697;Urgo;Non renseigné;HUMER Gomme gorge sensible citron Sach/30;0.055;5.82;0.1;1;1
;;3664492021898;Urgo;Non renseigné;URGO FILMOGEL Film gel bouton fièvre 3ml+24Ap;0.2;12.77;0.1;1;1
;;3664492024691;Urgo;Non renseigné;URGO LEVRES ABIMEES Bme ultra riche T/10ml;0.2;6.9;0.1;1;1
;;3664492024844;Urgo;Non renseigné;URGOFIX Sparad adh tissu resis chair 2,5cmx5;0.2;2.42;0.3;1;1
;;3664492024936;Urgo;Non renseigné;URGO Syndet nettoyant purifiant Fl/200ml;0.2;8.7;0.1;1;1
;;3664492024981;Urgo;Non renseigné;URGO BOUTONS Patch micro-needling B/9;0.2;8.5;0.1;1;1
;;3664492025001;Urgo;Non renseigné;URGO Concentré sébo-régulateur Fl/30ml;0.2;13.4;0.1;1;1
;;3664492025056;Urgo;Non renseigné;URGO FILMOGEL Gel boutons localisés Fl/3,25ml;0.2;11.8;0.1;6;1
;3401060254452;3546890042418;Urgo;Non renseigné;URGOTUL LITE BORD Pans hydroc adh 8x8cm B/10;0.2;8.77;0.06;16;1
;3401528561948;3664492000183;Urgo;Non renseigné;GOVITAL MELA-SOMMEIL Gél B/30;0.055;9.62;0.1;12;1
2031878;3401020318781;3664492022314;Urgo;Non renseigné;URGO FILMOGEL Sol crev tal fend Fl/7,5ml;0.2;15.23;0.1;12;1
2064470;3401020644705;3546890037797;Urgo;Non renseigné;URGOK2 Syst bi-bande compress veine 25-32/12;0.2;14.12;0.05;24;1
2064487;3401020644873;3546890029488;Urgo;Non renseigné;URGOK2 LATEX FREE Syst bi-b comp v 25-32/10;0.2;13.86;0.05;27;1
2064493;3401020644934;3546890029495;Urgo;Non renseigné;URGOK2 LATEX FREE Syst bi-b comp v 18-25/10;0.2;12;0.05;21;1
3335988;3400933359881;;Urgo;Non renseigné;HUMEXLIB Paracétamol chlorphenamine 500 mg/4 mg Gél Plq/16;0.1;5.92;0.1;48;1
3768836;3400937688369;;Urgo;Non renseigné;HUMEX 10 mg Cpr pell séc allergie cétirizine Plq/7;0.1;3.2;0.1;30;1
3853559;3400938535594;;Urgo;Non renseigné;HUMEX 0,30/0,03g p100ml Collut m gorg Fl/35ml;0.1;4.6;0.1;30;1
4499261;3401044992615;;Urgo;Non renseigné;SPARAPLAIE Pans adh préd 7x10cm B/10;0.2;5.18;0.33;70;1
4555344;3401545553445;3664492022864;Urgo;Non renseigné;ALVITYL PLUS Cpr B/40;0.055;14.54;0.1;96;1
4725438;3401047254383;3664492020273;Urgo;Non renseigné;URGO BRULURES Pans PM B/6;0.2;11.01;0.1;1;1
4810718;3401048107183;3664492000589;Urgo;Non renseigné;URGO FILMOGEL Sol ongles abîmés Fl/3,3ml;0.2;20.47;0.1;12;1
6208055;3401062080554;3664492021874;Urgo;Non renseigné;URGO FILMOGEL Sol crevasses mains Fl/3,25ml;0.2;13.08;0.1;12;1
6275442;3401562754429;3664492022789;Urgo;Non renseigné;ALVITYL S buv Multivit prune Fl/150ml;0.055;12.78;0.1;12;1
6293262;3401062932624;3664492024837;Urgo;Non renseigné;URGOSYVAL Sparad 2,50cmx5m;0.2;2.37;0.3;1;1
6382853;3401063828537;;Urgo;Non renseigné;URGOSTRIPS Bdlette adhés suture 6x100mm B/10;0.2;2.93;0.35;1;1
6600505;3401066005058;3664492001159;Urgo;Non renseigné;NYLEX Bde extens blanc 5cmx4m;0.2;0.43;0.3;150;1
6600511;3401066005119;3664492001173;Urgo;Non renseigné;NYLEX Bde extens blanc 7cmx4m;0.2;0.54;0.3;100;1
7065988;3401070659889;3664492001081;Urgo;Non renseigné;URGOPORE GEANT Sparad 2,5cmx9,14m dévidoir;0.2;1.28;0.15;0;1
7719361;3401077193614;3664492018027;Urgo;Non renseigné;URGO STERILE Pans adh str+comp 5,3x8cm B/10;0.2;3.36;0.25;1;1
9584385;3401095843850;;Urgo;Non renseigné;URGOTUL AG Pans lip-co s 10x12cm B/16;0.2;30.47;0.06;16;1
9674579;3401096745795;3546890047246;Urgo;Non renseigné;URGOK2 Syst bi-bande compress veine 18-25/10;0.2;12;0.05;21;1
9674585;3401096745856;3546890037803;Urgo;Non renseigné;URGOK2 Syst bi-bande compress veine 25-32/10;0.2;13.86;0.05;27;1
9717283;3401097172835;3546890042029;Urgo;Non renseigné;URGOTUL Pans lipidocolloïde 10x12cm 16Sach;0.2;30.47;0.06;16;1
9808927;3401098089279;3664492021881;Urgo;Non renseigné;URGO FILMOGEL Sol aphtes Fl/6ml;0.2;12.17;0;12;1
;;3661434004728;Uriage;Bariederm;URIAGE BARIEDERM CICA Cr mains T/50ml;0.2;6.3;0.19;30;1
;;3661434004735;Uriage;Bariederm;URIAGE BARIEDERM CICA Cr vis corp siè;0.2;7.5;0.19;64;1
;;3661434004742;Uriage;Bariederm;URIAGE BARIEDERM CICA Cr répar Cu Zn vis corp T/100ml;0.2;11.7;0.19;36;1
;;3661434005367;Uriage;Bariederm;URIAGE BARIEDERM CICA Spray Fl/100ml;0.2;9;0.19;32;1
;;3661434005459;Uriage;Bariederm;URIAGE BARIEDERM CICA LEVRES Bme répar T/15ml;0.2;6.3;0.19;96;1
;;3661434006159;Uriage;Bariederm;URIAGE BARIEDERM CICA Cr répar T/15ml;0.2;4.7;0.19;96;1
;;3661434007736;Uriage;Bariederm;URIAGE BARIEDERM CICA LEVRES Bme 2T/15ml;0.2;8.55;0.19;1;1
;;3661434008962;Uriage;Bariederm;URIAGE BARIEDERM CICA Gel nettoy T/200ml;0.2;9.5;0.19;25;1
;;3661434011955;Uriage;Bariederm;URIAGE BARIEDERM CICA Hle dermato Flppe/100ml;0.2;12.6;0.19;24;1
2065073;3401520650732;3661434005442;Uriage;Bariederm;URIAGE BARIEDERM FISSURES Stick anti-crev 2;0.2;10.7;0.19;0;1
4501851;3401345018519;3661434005435;Uriage;Bariederm;URIAGE BARIEDERM FISSURES Cr anti-crev P/40;0.2;12.8;0.19;24;1
7821929;3401378219297;3661434000508;Uriage;Bariederm;URIAGE BARIEDERM Cr isolante répar T/75ml;0.2;9.5;0.19;42;1
;;3661434008320;Uriage;Bariesun;URIAGE BARIESUN SPF30 Cr hydratante T/30ml;0.2;14.5;0.19;1;1
;;3661434008375;Uriage;Bariesun;URIAGE BARIESUN SPF30 Spray invis Fl/200ml;0.2;22.5;0.19;1;1
;;3661434008405;Uriage;Bariesun;URIAGE BARIESUN SPF50+ Spray inv n parf 200ml;0.2;24;0.19;1;1
;;3661434008948;Uriage;Bariesun;URIAGE BARIESUN SPF50+ Lait hyd T cart/200ml;0.2;19.8;0.19;1;1
;;3661434009815;Uriage;Bariesun;URIAGE BARIESUN SPF50+ Spray invis Fl/200ml;0.2;24;0.3;35;1
;;3661434009846;Uriage;Bariesun;URIAGE BARIESUN SPF50+ Lait soyeux T/100ml;0.2;16;0.19;30;1
;;3661434014116;Uriage;Bariesun;URIAGE BARIESUN SPF50+ Stick minéral extra large Etui/18g;0.2;16.5;0.19;1;1
;;3661434014123;Uriage;Bariesun;URIAGE BARIESUN SPF50+ Stick invisible Etui/18g;0.2;16.5;0.19;1;1
;;3661434027512;Uriage;Bariesun;URIAGE BARIESUN AQUA FLUIDE SPF50+ Fluide ultra-mat T/50ml;0.2;19.3;0.19;1;1
;;3661434027857;Uriage;Bariesun;URIAGE BARIESUN SPF30 Stick lèvres hydratant avec parfum T/4g;0.2;10.55;0.19;1;1
;;3661434028014;Uriage;Bariesun;URIAGE BARIESUN SPF50+ Spray enfant hydratant non parfumé Fl/200ml;0.2;24;0.19;1;1
;;3661434028069;Uriage;Bariesun;URIAGE BARIESUN SPF50+ Cr protectrice hydratante T/50ml;0.2;18.5;0.19;1;1
;;3661434028076;Uriage;Bariesun;URIAGE BARIESUN SPF50+ Cr protectrice hydratante non parfumée T/50ml;0.2;18.5;0.19;1;1
;;3661434028090;Uriage;Bariesun;URIAGE BARIESUN SPF50+ Fluide correcteur anti-taches T/40ml;0.2;19.7;0.19;1;1
;;3661434028106;Uriage;Bariesun;URIAGE BARIESUN SPF50+ Lait enfant hydratant T/100ml;0.2;17.5;0.19;1;1
;;3661434028113;Uriage;Bariesun;URIAGE BARIESUN SPF50+ Cr minérale hydratante T/100ml;0.2;18.5;0.19;1;1
;;3661434028120;Uriage;Bariesun;URIAGE BARIESUN Bme réparateur après-soleil T/150ml;0.2;15.45;0.19;1;1
;;3661434028151;Uriage;Bariesun;URIAGE BARIESUN Brume autobronzante Brumisateur/100ml;0.2;17;0.19;1;1
;;3661434028175;Uriage;Bariesun;URIAGE BARIESUN 100 SPF50+ Fluide protection extrême Fl pompe airless/50ml;0.2;25;0.19;1;1
6020912;;3661434005473;Uriage;Bariesun;URIAGE BARIESUN SPF30 Brume sèche 200ml;0.2;19;0.19;12;1
6020915;;3661434005596;Uriage;Bariesun;URIAGE BARIESUN MAT SPF50+ Flde T/50ml;0.2;16;0.19;42;1
9739072;3401597390722;3661434001475;Uriage;Bariesun;URIAGE BARIESUN Brume apais Brumisateur/150ml;0.2;14;0.19;12;1
6414748;3401364147481;3661434000522;Uriage;Eau thermale;URIAGE Eau thermale Psens Brumis/300ml;0.2;7.1;0.19;12;3
6414754;3401364147542;3661434000515;Uriage;Eau thermale;URIAGE Eau thermale Psens Spr/150ml;0.2;5.6;0.19;12;1
;;3661434004704;Uriage;Hydratation visage & Hydratation corps;URIAGE Lait velouté corps 500ml;0.2;14;0.19;12;1
;;3661434005503;Uriage;Hydratation visage & Hydratation corps;URIAGE EAU THERM Masque d'eau nuit T/50ml;0.2;15.9;0.19;24;1
;;3661434008245;Uriage;Hydratation visage & Hydratation corps;URIAGE Stick lèv hydrat pdre 4g;0.2;4.5;0.19;1;1
6009889;;3661434004711;Uriage;Hydratation visage & Hydratation corps;URIAGE EAU THERM Bme fondant corps Fl/200ml;0.2;14.5;0.19;24;1
6009891;;3661434004698;Uriage;Hydratation visage & Hydratation corps;URIAGE EAU THERM Lait velouté corps T/200ml;0.2;11.9;0.19;1;1
6010227;;3661434004995;Uriage;Hydratation visage & Hydratation corps;URIAGE EAU THERM Cr d'eau riche PS/PTS T/40ml;0.2;14.5;0.19;42;1
6010228;;3661434005008;Uriage;Hydratation visage & Hydratation corps;URIAGE EAU THERM Cr d'eau légère PN/Mx T/40ml;0.2;14.5;0.19;42;1
6010230;;3661434005039;Uriage;Hydratation visage & Hydratation corps;URIAGE EAU THERM SPF20 Cr d'eau légère 40ml;0.2;15.5;0.19;1;1
6334290;;3661434009525;Uriage;Hydratation visage & Hydratation corps;URIAGE EAU THERM Sérum booster HA Fl air/30ml;0.2;23.5;0.19;1;1
;;3661434004575;Uriage;Hygiène;URIAGE Déod puissance 3 Roll-on/50ml;0.2;8.1;0.19;1;1
;;3661434009303;Uriage;Hygiène;URIAGE DS HAIR Shamp trait antipell Fl/200ml;0.2;10;0.19;24;1
;;3661434009310;Uriage;Hygiène;URIAGE DS HAIR Shamp trait kératoréd T/150ml;0.2;13.5;0.19;25;1
;;3661434009327;Uriage;Hygiène;URIAGE Eau micellaire therm Psens Fl/250ml;0.2;7.6;0.19;18;1
;;3661434009334;Uriage;Hygiène;URIAGE Eau micellaire therm Psens Fl/500ml;0.2;9.45;0.19;12;1
;;3661434009365;Uriage;Hygiène;URIAGE Eau micellaire therm PMx/G Fl/500ml;0.2;9.45;0.19;12;1
;;3661434009389;Uriage;Hygiène;URIAGE Eau micellaire therm PN/PS Fl/250ml;0.2;7.6;0.19;18;1
;;3661434009396;Uriage;Hygiène;URIAGE Eau micellaire therm PN/PS Fl/500ml;0.2;9.45;0.19;12;1
;;3661434009402;Uriage;Hygiène;URIAGE Lait démaquillant Fl/250ml;0.2;11.9;0.19;1;1
;;3661434009419;Uriage;Hygiène;URIAGE Mousse d'eau nettoyante Fl pompe/150ml;0.2;11.9;0.19;1;1
;;3661434009433;Uriage;Hygiène;URIAGE Huile démaquillante Fl pompe/100ml;0.2;10.9;0.19;1;1
;;3661434011962;Uriage;Hygiène;URIAGE DS HAIR Shamp dx équilib Fl ppe/500ml;0.2;10.9;0.19;12;1
;;3661434034756;Uriage;Hygiène;URIAGE DERM-PHY Cr lavante dermatologique Fl pompe/1l;0.2;14.8;0.19;6;1
;;3661434034770;Uriage;Hygiène;URIAGE DERM-PHY Cr lavante dermatologique Fl pompe/500ml;0.2;7.2;0.19;12;1
;;3661434034800;Uriage;Hygiène;URIAGE DERM-PHY Gel surgras dermatologique Fl pompe/1l;0.2;12.2;0.19;6;1
;;3661434034817;Uriage;Hygiène;URIAGE DERM-PHY Gel surgras dermatologique Fl pompe/500ml;0.2;8.8;0.19;12;1
;;3661434034831;Uriage;Hygiène;URIAGE DERM-PHY Huile lavante dermatologique Fl pompe/1l;0.2;14;0.19;6;1
;;3661434034848;Uriage;Hygiène;URIAGE DERM-PHY Huile lavante dermatologique Fl pompe/500ml;0.2;9.9;0.19;12;1
2106441;;3661434002687;Uriage;Hygiène;URIAGE Déodorant douceur Roll-on/50ml;0.2;8.1;0.19;35;1
2956613;;3661434003691;Uriage;Hygiène;URIAGE Lot démaq yeux waterp Fl/100ml;0.2;9.7;0.19;1;1
6062864;3401360628649;3661434003844;Uriage;Hygiène;URIAGE Pain surgras vis/corps E/100g;0.2;4.9;0.19;72;1
6386176;;3661434003110;Uriage;Hygiène;URIAGE Déod fraîcheur Aér/125ml;0.2;8.1;0.19;24;1
;;3661434009983;Uriage;Hyséac;URIAGE HYSEAC Gel nettoyant doux T/150ml;0.2;8.9;0.19;1;1
;;3661434009990;Uriage;Hyséac;URIAGE HYSEAC Gel nettoyant doux Fl pompe/500ml;0.2;11.3;0.19;12;1
;;3661434010019;Uriage;Hyséac;URIAGE HYSEAC Masque gommant T/100ml;0.2;9.9;0.19;1;1
;;3661434010026;Uriage;Hyséac;URIAGE HYSEAC Gel SOS T/15ml;0.2;9.9;0.19;1;1
;;3661434010040;Uriage;Hyséac;URIAGE HYSEAC HYDRA Cr soin restructurant T/40ml;0.2;11.7;0.19;1;1
;;3661434010064;Uriage;Hyséac;URIAGE HYSEAC Masque peel-off doux T/50ml;0.2;11.5;0.19;1;1
;;3661434010071;Uriage;Hyséac;URIAGE HYSEAC Huile démaquillante purifiante Fl pompe/100ml;0.2;10.8;0.19;1;1
;;3661434010088;Uriage;Hyséac;URIAGE HYSEAC 3-REGUL + Cr soin global T/40ml;0.2;13.5;0.19;1;1
;;3661434010095;Uriage;Hyséac;URIAGE HYSEAC 3-REGUL SPF30 Cr soin global teintée T/40ml;0.2;15.2;0.19;1;1
;;3661434010101;Uriage;Hyséac;URIAGE HYSEAC Sérum T/30ml;0.2;22.2;0.19;1;1
;;3661434010118;Uriage;Hyséac;URIAGE HYSEAC Pâte SOS Pot/15g;0.2;10.9;0.19;1;1
;;3661434010125;Uriage;Hyséac;URIAGE HYSEAC Lot tonique purifiant Fl/250ml;0.2;11;0.19;1;1
;;3661434027901;Uriage;Hyséac;URIAGE HYSEAC 3-REGUL + SPF50+ Fluide soin global anti-imperfections T/50ml;0.2;15.5;0.19;24;1
;;3661434036644;Uriage;Hyséac;URIAGE HYSEAC Hydra Cr nettoyante apaisante T/150ml;0.2;9.9;0.19;1;1
;;3661434036651;Uriage;Hyséac;URIAGE Eau Thermale Hyseac MAT 40ml;0.2;11.5;0.19;1;1
;;3661434005510;Uriage;Non renseigné;URIAGE Cr d'eau mains T/50ml;0.2;5.1;0.19;30;1
;;3661434005923;Uriage;Non renseigné;URIAGE XEMOSE C8+ Hle lav apais Fl ppe/500ml;0.2;14.2;0.19;12;1
;;3661434006234;Uriage;Non renseigné;URIAGE Cr gommante corps T/200ml;0.2;13.9;0.19;1;1
;;3661434006548;Uriage;Non renseigné;URIAGE BARIEDERM CICA SPF50+ Cr T/40ml;0.2;10.2;0.19;36;1
;;3661434008641;Uriage;Non renseigné;URIAGE BB 1ER SPR CU-ZN+ Spray anti-irr 100ml;0.2;9;0.19;32;1
;;3661434011924;Uriage;Non renseigné;URIAGE CICA DAILY Gel crème T/40ml;0.2;19.9;0.19;1;1
;;3661434032837;Uriage;Non renseigné;URIAGE DS HAIR Shampooing traitant antipelliculaire Fl pompe/500ml;0.2;15.3;0.19;1;1
4207347;3401342073474;3661434000171;Uriage;Non renseigné;URIAGE XEMOSE C8+ SYNDET Gel cr nettoy dx 200ml;0.2;9.7;0.19;0;1
6044844;;3661434006968;Uriage;Non renseigné;URIAGE XEMOSE C8+ Bme relipidant anti-gratt Fl pp/500ml;0.2;17.9;0.19;12;1
6114906;;3661434007408;Uriage;Non renseigné;URIAGE DS HAIR Shamp équilib Fl/200ml;0.2;8.2;0.19;1;1
6361837;;3661434011917;Uriage;Non renseigné;URIAGE CICA DAILY CONCENTRE Cr P Pot/50ml;0.2;24.5;0.19;1;1
8133769;;3661434004421;Uriage;Non renseigné;URIAGE Stick lèv nourriss E/4g;0.2;4.5;0.19;12;1
;;3661434023422;Uriage;Roséliane;URIAGE ROSELIANE Sérum lissant correcteur anti-rougeurs Fl/30ml;0.2;23.9;0.19;1;1
;;3661434023446;Uriage;Roséliane;URIAGE ROSELIANE SPF30 Cr anti-roug T/40ml;0.2;13.9;0.19;42;1
;;3661434023491;Uriage;Roséliane;URIAGE ROSELIANE Fluide dermo-nettoyant Fl/250ml;0.2;10.3;0.19;18;1
6265600;;3661434023484;Uriage;Roséliane;URIAGE ROSELIANE SPF50+ Cr anti-roug T/40ml;0.2;14.9;0.19;36;1
7235522;;3661434023477;Uriage;Roséliane;URIAGE ROSELIANE CC CREAM Cr teint T/40ml;0.2;14.5;0.19;0;1
7244917;;3661434023460;Uriage;Roséliane;URIAGE ROSELIANE Cr riche anti-roug P/40ml;0.2;13.2;0.19;45;1
7697205;3401376972057;3661434023453;Uriage;Roséliane;URIAGE ROSELIANE Cr anti-roug T/40ml;0.2;13;0.19;42;1
;;3661434009228;Uriage;Soins anti-age Protect, Absolu et Lift Filler;URIAGE AGE LIFT Crème nuit lissante revitalisante 40ml;0.2;29.5;0.19;1;1
;;3661434009242;Uriage;Soins anti-age Protect, Absolu et Lift Filler;URIAGE AGE LIFT Crème jour lissante fermeté 40ml;0.2;29.5;0.19;1;1
;;3661434009259;Uriage;Soins anti-age Protect, Absolu et Lift Filler;URIAGE AGE LIFT Crème jour lissante protectrice SPF30 40ml;0.2;30.9;0.19;1;1
;;3661434023439;Uriage;Soins anti-age Protect, Absolu et Lift Filler;URIAGE AGE ABSOLU Bme regard flouteur redensifiant T/15ml;0.2;29.9;0.19;1;1
;;3661434005725;Uriage;Soins bébé;URIAGE 1ERE CREME MINERALE SPF50+ Cr BB 50ml;0.2;11.8;0.19;42;1
;;3661434005763;Uriage;Soins bébé;URIAGE BB 1ER LINIM Liniment Oléotherm 500ml;0.2;6.5;0.19;12;1
;;3661434008597;Uriage;Soins bébé;URIAGE BB 1ER CHANGE Pâte à l'eau prot 100ml;0.2;8.1;0.19;36;1
;;3661434008603;Uriage;Soins bébé;URIAGE BB 1ER COLD CREAM Cr protect T/75ml;0.2;7.7;0.19;1;1
;;3661434008610;Uriage;Soins bébé;URIAGE BB 1ER LAIT Lait hydrat vis corp 500ml;0.2;13.8;0.19;12;1
;;3661434008627;Uriage;Soins bébé;URIAGE BEBE 1ER SHAMPOOING Shampooing T/200ml;0.2;8.1;0.19;1;1
;;3661434008634;Uriage;Soins bébé;URIAGE BEBE 1ER SOIN Cr soin péri-oral T/30ml;0.2;7.3;0.19;1;1
;;3661434008658;Uriage;Soins bébé;URIAGE BEBE 1ERE CREME Cr hydratante T/40ml;0.2;7.2;0.19;42;1
;;3661434008689;Uriage;Soins bébé;URIAGE BEBE 1ERE CREME Cr lavante Fl pompe/1;0.2;15.2;0.19;6;1
;;3661434008719;Uriage;Soins bébé;URIAGE BB 1ERE EAU Eau nettoy Fl ppe/500ml;0.2;9.1;0.19;6;1
;;3661434008726;Uriage;Soins bébé;URIAGE BB 1ERE EAU Eau nettoy Fl ppe/1l;0.2;12;0.19;6;1
;;3661434008740;Uriage;Soins bébé;URIAGE BB 1ERE HUILE Hle lavante Fl ppe/500ml;0.2;13.2;0.19;12;1
;;3661434008757;Uriage;Soins bébé;URIAGE BB 1ERES LINGETTES Ling nettoy Paq/70;0.2;6.9;0.19;12;1
;;3661434008832;Uriage;Soins bébé;URIAGE BB 1ER SERUM PHY NAT Sérum 15Unid/5ml;0.2;2.9;0;24;1
;;3661434008795;Uriage;Soins dermatologiques;URIAGE Cr lav vis corp chev T/200ml;0.2;7.2;0.19;1;1
;;3661434008818;Uriage;Soins dermatologiques;URIAGE Cr lavante solide B/125g;0.2;4.8;0.19;24;1
;;3661434009679;Uriage;Soins dermatologiques;URIAGE PRURICED Gel frais apaisant T/100ml;0.2;10.3;0.19;1;1
;;3661434009693;Uriage;Soins dermatologiques;URIAGE PRURICED SOS Gel apais ap piqûre 15ml;0.2;8.7;0.19;1;1
;;3661434010156;Uriage;Soins dermatologiques;URIAGE COLD CREAM Cr protectrice T/100ml;0.2;10.5;0.19;1;1
2628949;;3661434004773;Uriage;Soins dermatologiques;URIAGE Stick lèv nourriss 2E/4g;0.2;7.45;0.19;1;1
6334294;;3661434009686;Uriage;Soins dermatologiques;URIAGE PRURICED Cr confort apaisante T/100ml;0.2;10.3;0.19;36;1
7789166;3401377891661;3661434000072;Uriage;Soins dermatologiques;URIAGE D.S. EMULSION Emul soin régulat T/40;0.2;10.9;0.19;42;1
6275745;;3661434023514;Uriage;Toléderm;URIAGE TOLEDERM CONTROL Cr riche T/40ml;0.2;14.5;0.19;1;1
6275746;;3661434023507;Uriage;Toléderm;URIAGE TOLEDERM Control Soin calmant intensif T/40ml;0.2;14.5;0.19;1;1
;;3661434004858;Uriage;Xémose;URIAGE XEMOSE C8+ Cr relipid anti-irrit 400ml;0.2;17.4;0.19;12;1
;;3661434004865;Uriage;Xémose;URIAGE XEMOSE C8+ Cr vis restruct T/40ml;0.2;13;0.19;42;1
;;3661434005916;Uriage;Xémose;URIAGE XEMOSE C8+ SYNDET Gel cr nettoy dx 500ml;0.2;12.9;0.19;12;1
;;3661434007903;Uriage;Xémose;URIAGE XEMOSE C8+ Cr apais cont yeux T/15ml;0.2;13.5;0.19;1;1
;;3661434007910;Uriage;Xémose;URIAGE XEMOSE C8+ Brume SOS anti-gratt 200ml;0.2;15;0.19;20;1
;;3661434008955;Uriage;Xémose;URIAGE XEMOSE C8+ PSO Soin Concentré T/150ml;0.2;15;0.19;25;1
2941801;;3661434003004;Uriage;Xémose;URIAGE XEMOSE C8+ Hle nettoy T/200ml;0.2;10.3;0.19;28;1
6004307;;3661434004834;Uriage;Xémose;URIAGE XEMOSE Cérat relipid anti-irrit 200m;0.2;17.8;0.19;24;1
6004308;;3661434004841;Uriage;Xémose;URIAGE XEMOSE C8+ Cr relipid anti-irrit T/200ml;0.2;13.2;0.19;25;1
8145933;;3661434003370;Uriage;Xémose;URIAGE XEMOSE C8+ Hle nettoy Fl ppe/1l;0.2;18.8;0.19;6;1
;;3664478000008;Ursapharm;Non renseigné;POSIFORLID SPRAY OCCULAIRE 15 ML;0.2;8.9;0.06;1;1
;;3664478000015;Ursapharm;Non renseigné;HYLO LIPID Collyre Fl multidose/3ml;0.2;8.3;0.03;360;1
;3401060162207;;Ursapharm;Non renseigné;PASIFLORID Masque thermique oculaire;0.2;9.7;0.06;1;1
4066912;3401040669122;;Ursapharm;Non renseigné;HYLO CONFORT S opht hydrat Fl/10ml;0.2;7.3;0.03;280;1
4066958;3401040669580;;Ursapharm;Non renseigné;HYLO CONFORT PLUS S opht hydrat Fl/10ml;0.2;7.3;0.03;280;1
4067018;3401040670180;;Ursapharm;Non renseigné;HYLO CARE S opht hydrat Fl/10ml;0.2;10.95;0.07;0;1
4067030;3401040670302;;Ursapharm;Non renseigné;HYLO FRESH S opht hydrat Fl/10ml;0.2;7.2;0.1;0;1
4067053;3401040670531;;Ursapharm;Non renseigné;HYLO CORNEAL S opht hydrat Fl/10ml;0.2;12.75;0.07;0;1
6625184;3401166251843;;Ursapharm;Non renseigné;HYLO DUAL S opht hydrat Fl/10ml;0.2;12.8;0.07;1;1
;;3770008195325;Valdispharm;Non renseigné;BODYGUARD Bouchon silicone oreilles B/3;0.2;3.67;0.27;24;1
7483616;3401574836168;;Valdispharm;Non renseigné;CHUTT POCKET Obturat auricul coul 2paires;0.2;1.99;0.3;48;1
;;3605870112005;Vetoquinol;Drontal;DRONTAL 525/175/175 mg Cpr chien xl B/2;0.2;17.55;0.2;96;1
5466329;;4007221032229;Vetoquinol;Drontal;DRONTAL Cpr chat B/2;0.2;7.59;0.2;12;1
5916809;;3605870111992;Vetoquinol;Drontal;DRONTAL 150/50/50 mg Cpr chien (>10 Kg) B/2;0.2;7.97;0.2;144;1
5916815;;3605870112340;Vetoquinol;Drontal;DRONTAL 150/50/50 mg Cpr chien (>10 Kg) B/4;0.2;14.17;0.2;12;1
5916821;;3605870112302;Vetoquinol;Drontal;DRONTAL 150/50/50 mg Cpr chien (>10 Kg) B/6;0.2;20.21;0.2;12;1
5917298;;4007221050186;Vetoquinol;Drontal;DRONTAL CHAT Cpr Ct B/4;0.2;13.8;0.2;144;1
6871411;;3605874673243;Vetoquinol;Non renseigné;DRONSTOP Susp buv chiot Fl/50ml;0.2;12.71;0.2;32;1
;;;Vetoquinol;Profender;PROFENDER SPOT-ON S ext grand chat 96mg/24mg 2Pipettes/1,12ml;0.2;16.65;0.2;96;1
6789299;;3605870104796;Vetoquinol;Profender;PROFENDER SPOT-ON S ext petit chat 2Pipettes/0,35ml;0.2;7.63;0.2;104;1
6789313;;3605870105243;Vetoquinol;Profender;PROFENDER 60 mg/15 mg Spot-on cha m 2P/0,7ml;0.2;12.9;0.2;104;1
6789342;;3605870105540;Vetoquinol;Profender;PROFENDER SPOT-ON S ext grand chat 2Pipettes/1,12ml;0.2;16.65;0.2;96;1
;;3605874645523;Vetoquinol;Zylkene;ZYLKENE CHEW 75 mg Bouchée Sach/14 - petit chien moins de 10kg;0.2;12.35;0.2;1;1
;3400930061374;;Viatris Mylan;Betadine;BETADINE ALCOOLIQUE 5 % S appl cut Fl PEHD/125ml;0.021;6.06;0.1;60;1
;3400930010211;;Viatris Mylan;Mylan;AMOROLFINE VIATRIS CONSEIL 5 % V ongles médicamenteux Fl/2,5ml+30spat;0.1;16.43;0.4;120;1
;3400930060155;;Viatris Mylan;Mylan;OMEPRAZOLE VIATRIS CONSEIL 20 mg Gél gastro-rés Plq PVC/PVDC/Alu/7;0.1;5.61;0.4;100;1
;3400930060162;;Viatris Mylan;Mylan;OMEPRAZOLE VIATRIS CONSEIL 20 mg Gél gastro-rés Plq PVC/PVDC/Alu/14;0.1;9.99;0.4;100;1
;3400930170021;;Viatris Mylan;Mylan;TIBOLONE VIATRIS 2,5 mg Cpr Plq/28;0.1;17.79;0.4;1;1
;3400930185360;;Viatris Mylan;Mylan;CHLORHEX VIATRIS 0,25g/0,025g/4mlpFl pul/50ml;0.1;4;0.4;1;1
;3400930213988;;Viatris Mylan;Mylan;IBUPROFENE VIATRIS CONSEIL 400 mg Susp buv en sachet 10Sach/10ml;0.1;6.52;0.4;1;1
;3400930240311;3400930240311;Viatris Mylan;Mylan;RIVASTIGMINE VIATRIS 9,5 mg/24 h Disp transderm Sach PET/30;0.1;37.85;0.4;1;1
;3400930241929;;Viatris Mylan;Mylan;LOPERAMIDE VIATRIS CONSEIL 2 mg Lyophilisat oral Plq/12;0.1;5.07;0.4;1;1
;3400930271261;;Viatris Mylan;Mylan;MOGADON 5 mg Cpr séc Plq PVC/Alu/5;0.021;2.5;0;1;1
;3400930279762;;Viatris Mylan;Mylan;METOPIMAZ VIATRIS 7,5mg Cp Plq Alu/PVC/PVDC/8;0.1;8.14;0;50;1
2187497;3400921874976;;Viatris Mylan;Mylan;MINOXIDIL VIATRIS CONSEIL 2 % S appl cut 3Fl/60ml+appl;0.1;19.87;0.4;10;1
2190476;3400921904765;;Viatris Mylan;Mylan;DROSPIRENONE/ETHINYLESTRADIOL VIATRIS 3 mg/0,02 mg Cpr pell Plq/3x21;0.1;22.32;0.4;297;1
2190507;3400921905076;;Viatris Mylan;Mylan;DROSPI/ETH VIATRIS 3mg/0,03mg Cp Plq/3x21(63);0.1;22.74;0.4;0;1
2190559;3400921905595;;Viatris Mylan;Mylan;DROSP/ETH VIATRIS 3mg/0,02mg Cp Plq/3x28 (84);0.1;22.47;0.4;0;1
2661585;3400926615857;3400926615857;Viatris Mylan;Mylan;LOPERAMIDE VIATRIS CONSEIL 2 mg Gél Plq/12;0.1;2.35;0.4;150;1
2668995;3400926689957;;Viatris Mylan;Mylan;DOXYLAMINE VIATRIS CONSEIL 15 mg Cpr pell séc T/10;0.1;1.79;0.4;160;1
2674429;3400926744298;;Viatris Mylan;Mylan;ATOVAQUONE/PROGUANIL VIATRIS 250 mg/100 mg Cpr pell Plaq/12x1;0.021;24.07;0.4;135;1
2692278;3400926922788;;Viatris Mylan;Mylan;ESPIZENE CONTINU 3 mg/0,02 mg Cpr pell Plq/3x28 (84);0.1;21.85;0.4;0;1
2744756;3400927447563;;Viatris Mylan;Mylan;MEMANTINE MYLAN 20 mg Cpr pell Plq préd/28;0.1;17.33;0.4;0;1
2754714;3400927547140;;Viatris Mylan;Mylan;DIOSMECTITE VIATRIS 3 g Pdr susp buv 18Sach/3g;0.1;5.16;0.4;0;1
2794889;3400927948893;;Viatris Mylan;Mylan;DEXPANTHENOL VIATRIS 5 % Pom T/100g;0.021;6.58;0.4;48;1
2795802;3400927958021;;Viatris Mylan;Mylan;ALG SOD/BIC VIATR s suc 500mg/267mg 12Sa/10ml;0.1;5.46;0.4;36;1
3000745;3400930007457;;Viatris Mylan;Mylan;DESOGESTREL/ETHINYLESTRADIOL VIATRIS 150 µg/30 µg Cpr Plq/3x21;0.1;14.24;0.4;1;1
3000747;3400930007471;;Viatris Mylan;Mylan;DESOG/ETH VIATRIS 150µg/20µg Cpr Plq/3x21;0.1;14.24;0.4;1;1
3018992;3400930189924;;Viatris Mylan;Mylan;CARLYTENE 30 mg Cpr enr Plq/32;0.1;3.93;0.14;0;1
3468092;3400934680922;;Viatris Mylan;Mylan;CHLORHEX/CHL VIATRIS 0,5ml/0,5gp100mlFl/200ml;0.1;4.21;0.4;20;1
3468117;3400934681172;;Viatris Mylan;Mylan;CHLORHEX/CHL VIATRIS 0,5ml/0,5gp100ml 500ml+g;0.1;7.02;0.4;15;1
3491151;3400934911514;;Viatris Mylan;Mylan;DIOSMINE VIATRIS CONSEIL 600 mg Cpr Plq/2x15 (30);0.1;6.36;0.4;100;1
3540056;3400935400567;;Viatris Mylan;Mylan;ACICLOVIR VIATRIS CONSEIL 5 % Cr T/2g;0.1;2.36;0.4;360;1
3583137;3400935831378;;Viatris Mylan;Mylan;IBUPROFENE VIATRIS 200 mg Cpr enr Plq/20;0.1;1.58;0.4;180;1
3587738;3400935877383;;Viatris Mylan;Mylan;TRIMEBUTINE VIATRIS 100mg Cpr 1Plq/20;0.1;3.75;0.4;320;1
3617698;3400936176980;;Viatris Mylan;Mylan;AMBROXOL VIATRIS CONSEIL 0,6 % S buv Fl/150ml;0.1;3.56;0.4;24;1
3646323;3400936463233;;Viatris Mylan;Mylan;ACETYLCYSTEINE VIATRIS CONSEIL 200 mg Pdr sol buv en sachet-dose 20Sach/3g;0.1;3.45;0.4;72;1
3669985;3400936699854;;Viatris Mylan;Mylan;CETIRIZINE VIATRIS CONSEIL 10 mg Cpr pell séc Plq/7;0.1;2.6;0.4;240;1
3697094;3400936970946;;Viatris Mylan;Mylan;PHLOROGLUCINOL VIATRIS 80 mg Cpr orodisp Plq/20;0.1;3.54;0.4;0;1
3741168;3400937411684;;Viatris Mylan;Mylan;CARBOCISTEINE VIATRIS CONSEIL 2 % Sirop enfant Fl/125ml;0.1;2.8;0.4;30;1
3741234;3400937412346;;Viatris Mylan;Mylan;CARBOCISTEINE VIATRIS CONSEIL 5 % Sirop adulte Fl/200ml;0.1;4.2;0.4;20;1
3749514;3400937495141;;Viatris Mylan;Mylan;CARBOCIST VIATRIS 5% S buv ss suc Ad Fl/200ml;0.1;3.5;0.4;20;1
3759659;3400937596596;;Viatris Mylan;Mylan;GESTODENE/ETHINYLESTRADIOL VIATRIS 75 µg/20 µg Cpr enr Plq/3x21;0.1;14.48;0.4;0;1
3759694;3400937596947;;Viatris Mylan;Mylan;GESTO/ETH VIATRIS 75µg/30µg Cpr enr Plq/3x21;0.1;14.48;0.4;0;1
3768606;3400937686068;;Viatris Mylan;Mylan;ACICLOVIR VIATRIS CONSEIL 5 % Cr Fl/2g;0.1;6.64;0.4;0;1
3769296;3400937692960;;Viatris Mylan;Mylan;VITALOGINK 40 mg Cpr pell Plq/90;0.1;10.81;0.4;60;1
3867484;3400938674842;;Viatris Mylan;Mylan;MAGNESIUM/VITAMINE B6 VIATRIS CONSEIL 48 mg/5 mg Cpr pell Plq/50;0.1;5.38;0.4;160;1
3893056;3400938930566;;Viatris Mylan;Mylan;DONEPEZIL VIATRIS 5 mg Cpr pell Plq/28+semai;0.1;16.69;0.4;0;1
3893234;3400938932348;;Viatris Mylan;Mylan;DONEPEZIL VIATRIS 10 mg Cpr pell Plq/28+semai;0.1;16.69;0.4;0;1
4919415;3400949194155;;Viatris Mylan;Mylan;GESTO/ETH VIATRIS 60µg/15µg Cpr pell 3Plq/28;0.1;17.38;0.4;0;1
4933467;3400949334674;;Viatris Mylan;Mylan;MINOXIDIL VIATRIS 5% S a cut 3Fl/60ml;0.1;33.1;0.4;18;1
;3400930040652;;Viatris Mylan;Non renseigné;/PHENIR VIATRIS 500mg/200mg/25mg 8Sach/5g;0.1;4.45;0.4;60;1
;3400930075166;;Viatris Mylan;Non renseigné;PARACETAMOL/CAFEINE/CODEINE VIATRIS Cpr Plq/18;0.1;5.89;0.4;66;1
;3400930088524;;Viatris Mylan;Non renseigné;BISACODYL VIATRIS CONSEIL 5 mg Cpr enr gastro-rés Plq/30;0.1;5.37;0.4;1;1
;3400930118948;;Viatris Mylan;Non renseigné;ETONOGES/ETH VIATRIS 120µg/15µg/24h Sach/1ann;0.1;11.73;0.4;1;1
;3400930118962;;Viatris Mylan;Non renseigné;ETONOGES/ETH VIATRIS 120µg/15µg/24h 3Sac/1ann;0.1;33.75;0.4;1;1
;3400930145449;;Viatris Mylan;Non renseigné;IBUPROFENE VIATRIS CONSEIL 400 mg Cpr pell Plq PVC/PE/PVDC/12;0.1;3.64;0.4;280;1
;3400930155448;;Viatris Mylan;Non renseigné;LIERRE GRIMP VIATRIS CO buv s suc Fl/100ml;0.1;4.94;0.4;1;1
;3400930188385;;Viatris Mylan;Non renseigné;PARACETAMOL VIATRIS CONSEIL 500 mg Cpr Plq/16;0.1;1.53;0.4;1;1
;3400930188439;;Viatris Mylan;Non renseigné;PARACETAMOL VIATRIS CONSEIL 1000 mg Cpr séc Plq/8;0.1;1.53;0.4;1;1
;3400930190630;;Viatris Mylan;Non renseigné;BORAX/AC BOR VIATRIS 12mg/18mg/ml 10Unid/5ml;0.1;2.49;0.4;60;1
;3400930200889;;Viatris Mylan;Non renseigné;FLAVONOÏDES VIATRIS CONSEIL 500 mg Cpr pell Plq/60;0.1;12.34;0.4;72;1
;3400930200896;;Viatris Mylan;Non renseigné;FLAVONOÏDES VIATRIS CONSEIL 500 mg Cpr pell Plq/120;0.1;23.99;0.4;48;1
;3400930240335;;Viatris Mylan;Non renseigné;RIVASTIGMINE VIATRIS 4,6 mg/24 h Disp transderm Sach PET/30;0.1;37.85;0.4;1;1
2203463;3400922034638;;Viatris Mylan;Non renseigné;ESOMEPRAZOLE VIATRIS CONSEIL 20 mg Gél gastro-rés Plq/7;0.1;5.61;0.4;1;1
2203492;3400922034928;;Viatris Mylan;Non renseigné;ESOMEPRAZOLE VIATRIS CONSEIL 20 mg Gél gastro-rés Plq/14;0.1;9.99;0.4;120;1
2773812;3400927738128;;Viatris Mylan;Non renseigné;ZANEA 10 mg/0,25 mg par g Gel T/30g;0.1;19.2;0.14;1;1
2794872;3400927948725;;Viatris Mylan;Non renseigné;DEXPANTHENOL VIATRIS 5 % Pom T/30g;0.021;3.68;0.4;1;1
2853801;3401528538018;3700343901039;Viatris Mylan;Non renseigné;TULLE GRAS M.S. Pans stér vaseliné 5x10cm B/5;0.2;36.43;0.13;60;1
3239776;3400932397761;;Viatris Mylan;Non renseigné;X-PREP Pdr or en sachet Sach/5g;0.021;2.8;0;0;1
3553952;3400935539526;;Viatris Mylan;Non renseigné;LIBRAX Cpr enr Plq/30;0.1;5.33;0.14;80;1
3560610;3400935606105;;Viatris Mylan;Non renseigné;THIOCOLCHICOSIDE VIATRIS 4 mg Cpr Plq/12;0.1;3.36;0.4;0;1
3588264;3400935882646;;Viatris Mylan;Non renseigné;THIOCOLCHIC VIATRIS 4mg Cpr 2Plq/12 (24);0.1;6.61;0.4;0;1
3612353;3400936123533;;Viatris Mylan;Non renseigné;ACICLOVIR VIATRIS 5 % Cr T/10g;0.1;6.79;0.4;0;1
3718933;3400937189330;;Viatris Mylan;Non renseigné;CARBOCIST VIAT CO 2% S buv ss suc malti Enf;0.1;2.8;0.4;30;1
4199323;3400941993237;;Viatris Mylan;Non renseigné;HEXETIDINE VIATRIS CONSEIL 0,1 % S bain bouche Fl PET/200ml;0.1;3.33;0.4;20;1
4199346;3400941993466;;Viatris Mylan;Non renseigné;HEXETIDINE VIATRIS CONSEIL 0,1 % S bain bouche Fl PET/400ml;0.1;6.63;0.4;15;1
4919450;3400949194506;;Viatris Mylan;Non renseigné;RIVASTIGMINE VIATRIS 1,5 mg Gél Plq/28;0.1;9.96;0.4;0;1
4919639;3400949196395;;Viatris Mylan;Non renseigné;RIVASTIGMINE VIATRIS 3 mg Gél Plq/28;0.1;9.96;0.4;0;1
4919786;3400949197866;;Viatris Mylan;Non renseigné;RIVASTIGMINE VIATRIS 4,5 mg Gél Plq/28;0.1;9.96;0.4;0;1
7892332;3401078923326;;Viatris Mylan;Non renseigné;TULLE GRAS M.S. Pans stér vasel 10x10cm B/10;0.2;8.18;0.13;60;1
9950097;3401599500976;3700343901367;Viatris Mylan;Saugella;SAUGELLA Serv pér nuit B/12;0.055;7.77;0.1;24;1
4980308;3400949803088;;Viatris Mylan;Sildenafil Viatris;SILDENAFIL VIATRIS 25 mg Cpr pell Plq/8;0.021;33.26;0.4;0;1
;3400930145241;;Viatris Mylan;Tadalafil Mylan;TADALAFIL MYLAN 20 mg Cpr pell Plq/24;0.021;99.91;0.4;1;1
;;3337875585217;Vichy;Capital Soleil;*VICHY IDEAL SOL SPF30 Eau prot sol hâle 200ml;0.2;18.8;0.19;1;1
;;3337875695152;Vichy;Capital Soleil;*VICHY CAPITAL SOL SPF50 Eau hâle sub 200ml;0.2;18.8;0.19;1;1
;;3337875810838;Vichy;Capital Soleil;*VICHY CAPITAL SOL SPF50+ Spray douc Enf 200ml;0.2;20.9;0.19;36;1
;;3337875810869;Vichy;Capital Soleil;*VICHY IDEAL SOL SPF50+ Spray prot réhyd 200ml;0.2;19;0.19;1;1
;;3337875940139;Vichy;Capital Soleil;*VICHY CAPITAL SOLEIL UV AQUA SPRAY 200 ML SPF 50;0.2;20;0.19;1;1
9840919;3401398409197;3337871322724;Vichy;Capital Soleil;*VICHY CAPITAL SOL Lait ap/sol Fl/300ml;0.2;16;0.19;24;1
;;3337875678094;Vichy;Dercos;*DERCOS ENERGY+ Bme après-shampooing fortifiant T/200ml;0.2;11.7;0.17;6;1
;;3337875787222;Vichy;Dercos;*DERCOS Shamp antipell PSO Fl/200ml;0.2;12.8;0.17;12;1
;;3337875874366;Vichy;Dercos;*DERCOS Shampooing sébo-correcteur oil correct Fl/200ml;0.2;10;0.17;24;1
;;3337875902380;Vichy;Dercos;*DERCOS Shampooing antipelliculaire 2 en 1 Fl/200ml;0.2;11.2;0.17;24;1
;;3337875902823;Vichy;Dercos;*DERCOS ENERGY+ Shampooing énergisant Aminexil Eco-recharge/400ml;0.2;12.7;0.17;6;1
;;3337875902830;Vichy;Dercos;*DERCOS DS Shampooing antipelliculaire cheveux gras Eco-recharge/400ml;0.2;13.3;0.17;6;1
;;3337875902847;Vichy;Dercos;*DERCOS DS Shampooing antipelliculaire cheveux secs Eco-recharge/400ml;0.2;13.3;0.17;1;1
;;3337875906760;Vichy;Dercos;*DERCOS DS Shampooing fluide moussant antipelliculaire T/50ml;0.2;12.2;0.17;6;1
2855958;;3337871330262;Vichy;Dercos;*DERCOS TECHNIQUES Shamp antip sec Fl/200ml;0.2;10;0.17;12;1
2855970;;3337871330286;Vichy;Dercos;*DERCOS TECHNIQUES Shamp antip gras Fl/200ml;0.2;10;0.17;12;1
6016546;;3337875485128;Vichy;Dercos;*DERCOS TECHNIQUES Shamp sensit normalis 200m;0.2;10;0.17;12;1
7986398;3401379863987;3337871316600;Vichy;Dermablend;VICHY DERMABLEND Fd teint corr n°25 nude 30ml;0.2;16.5;0.13;0;1
7986406;3401379864069;3337871316617;Vichy;Dermablend;VICHY DERMABLEND Fd teint corr n°35 sand 30ml;0.2;16.5;0.13;0;1
7986412;3401379864120;3337871316624;Vichy;Dermablend;VICHY DERMABLEND Fd teint corr n°45 gold 30ml;0.2;16.5;0.13;0;1
7986429;3401379864298;3337871316631;Vichy;Dermablend;VICHY DERMABLEND Fd teint corr n°55 bron 30ml;0.2;16.5;0.13;0;1
;;3337875703154;Vichy;Déodorants;*VICHY HOMME Déod 48H tolér optim 100ml;0.2;10.6;0.17;6;1
;;3337875805025;Vichy;Déodorants;*VICHY HOMME Détr clinical control 96H 50ml;0.2;8.8;0.17;1;1
;;3337875894234;Vichy;Déodorants;*VICHY HOMME Déodorant invisible resist 72H Roll-on/50ml;0.2;8.8;0.17;1;1
;;3337875894265;Vichy;Déodorants;*VICHY Déod invis resist 72H Roll-on/50ml;0.2;8.8;0.17;1;1
2122138;3401321221384;3337871322595;Vichy;Déodorants;*VICHY Déod sans sels d'aluminium Bille/50ml;0.2;8.3;0.17;72;1
2124657;3401321246578;3337871324001;Vichy;Déodorants;*VICHY Détr intensif transp exces Bille/50ml;0.2;8.8;0.17;48;1
4732674;3401347326742;3337871320324;Vichy;Déodorants;*VICHY Déod Psens Bille/50ml;0.2;8.3;0.17;48;1
5384376;3401353843769;3337871324599;Vichy;Déodorants;*VICHY Déod anti-transp trace Bille/30ml;0.2;8.3;0.17;48;1
5384382;3401353843820;3337871324582;Vichy;Déodorants;*VICHY Déod anti-transp trace Aér/125ml;0.2;8.3;0.17;6;1
6035676;;3337875553155;Vichy;Déodorants;*VICHY Déod spray ss sels d'alu 48H Spr/125ml;0.2;8.3;0.17;6;1
6035677;;3337875553278;Vichy;Déodorants;*VICHY Déod ss sels d'alu 48H Bille/50ml;0.2;8.3;0.17;72;1
7710147;3401377101470;3337871310592;Vichy;Déodorants;*VICHY Déod anti-transp Aér/125ml;0.2;8.3;0.17;6;1
7710182;3401377101821;3337871310455;Vichy;Déodorants;*VICHY Déod cr anti-transp 7j T/30ml;0.2;8.8;0.17;78;1
7710271;3401377102712;3337871310868;Vichy;Déodorants;*VICHY Déod anti-transp Bille/50ml;0.2;8.3;0.17;48;1
;;3337875805728;Vichy;Déodorants lot/2;*VICHY Détr clinical control 96H 2Roll-on/50m;0.2;17.6;0.2;36;1
;;3337875805896;Vichy;Déodorants lot/2;*VICHY HOMME Détr clinical control 96H 2/50m;0.2;17.6;0.2;24;1
;;3337875895613;Vichy;Déodorants lot/2;*VICHY HOMME Déodorant invisible resist 72H 2Roll-on/50ml;0.2;17.6;0.2;24;1
;;3337875895620;Vichy;Déodorants lot/2;*VICHY Déod invis resist 72H 2Roll-on/50ml;0.2;17.6;0.2;1;1
;;3433425135779;Vichy;Déodorants lot/2;*VICHY Déod sans sels d'aluminium 2Billes/50m;0.2;16.6;0.2;36;1
;;3433425202792;Vichy;Déodorants lot/2;*VICHY Déod ss sels d'alu 48H 2Billes/50ml;0.2;16.6;0.2;24;1
;;3433425202846;Vichy;Déodorants lot/2;*VICHY Déod ss sels d'alu 48H 2Spr/125ml;0.2;16.6;0.2;3;1
;;3433425221649;Vichy;Déodorants lot/2;*VICHY HOMME Déod anti-transp 48H 2Billes/50m;0.2;16.6;0.2;36;1
2535662;3401325356624;3337871397845;Vichy;Déodorants lot/2;*VICHY Déod anti-transp 2Aér/125ml;0.2;16.6;0.2;3;1
2593168;3401325931685;3337871324728;Vichy;Déodorants lot/2;*VICHY Déod Psens 2Billes/50ml;0.2;16.6;0.2;24;1
2593180;3401325931807;3433425000596;Vichy;Déodorants lot/2;*VICHY Déod anti-transp 2Billes/50ml;0.2;16.6;0.2;24;1
2593636;3401325936369;3433425000657;Vichy;Déodorants lot/2;*VICHY HOMME Déod antitransp 48H Psens 2Bille;0.2;16.6;0.2;24;1
2593642;3401325936420;3433425000640;Vichy;Déodorants lot/2;*VICHY HOMME Déod antitransp 72H 2Billes/50ml;0.2;16.6;0.2;24;1
2593659;3401325936598;3433425000664;Vichy;Déodorants lot/2;*VICHY HOMME Déod antitransp 2Vapos/100ml;0.2;17.6;0.2;18;1
2631414;3401326314142;3337871324711;Vichy;Déodorants lot/2;*VICHY Détr intensif transp exces 2Billes/50m;0.2;17.6;0.2;24;1
2657632;;3433425095462;Vichy;Déodorants lot/2;*VICHY Déod anti-transp trace 2Billes/50ml;0.2;16.6;0.2;24;1
2657649;;3433425095417;Vichy;Déodorants lot/2;*VICHY Déod anti-transp trace 2Aér/125ml;0.2;16.6;0.2;3;1
7336418;3401373364183;3337871305802;Vichy;Dépilatoires;VICHY Cr dépil dermo-tolér T/150ml;0.2;11.2;0.13;30;1
;;3337875796583;Vichy;Liftactiv;*VICHY LIFTACTIV SUPREME Sérum Vit C Fl/20ml;0.2;30.5;0.17;1;1
;;3337875832724;Vichy;Liftactiv;*VICHY LIFTACTIV COLLAG SPECIAL SPF50 Cr 50ml;0.2;35;0.17;1;1
;;3337875873086;Vichy;Liftactiv;*VICHY LIFTACTIV RETINOL Cr B3 nuit Pot/50ml;0.2;35;0.17;1;1
;;3337875921947;Vichy;Liftactiv;*VICHY LIFTACTIV COLLAGEN SPECIALIST 16 SPF50 Cr Recharge/50ml;0.2;32.5;0.17;1;1
;;3337875922852;Vichy;Liftactiv;*VICHY LIFTACTIV COLLAGEN SPECIALIST 16 SPF50 Cr Pot/50ml;0.2;38;0.17;1;1
6113552;;3337875607254;Vichy;Liftactiv;*VICHY LIFTACTIV COLLAGEN SPECIALIST Cr P/50m;0.2;35;0.17;1;1
6433800;;3337871328795;Vichy;Liftactiv;*VICHY LIFTACTIV SUPREME Cr PN/Mx P/50ml;0.2;27.5;0.17;45;1
9876366;3401398763664;3337871322502;Vichy;Liftactiv;*VICHY LIFTACTIV SUPREME Cr anti-rid nuit P/5;0.2;27.5;0.17;0;1
9934649;3401599346499;3337871323332;Vichy;Liftactiv;*VICHY LIFTACTIV SUPREME Cr cont yeux T/15ml;0.2;21.5;0.17;0;1
;;3337875596763;Vichy;Mineral 89;VICHY MINERAL 89 Cr soin yeux T/15ml;0.2;16.15;0.13;1;1
;;3337875916998;Vichy;Mineral 89;VICHY MINERAL 89 Cr nuit Mélatonine Pot/50ml;0.2;21;0.13;1;1
6037670;;3337875543248;Vichy;Mineral 89;VICHY MINERAL 89 Cr Fl pompe /50ml;0.2;19.5;0.13;24;1
;;3337875574358;Vichy;Non renseigné;*DERCOS DENSISOLUTION Shamp Fl ppe/250ml;0.2;10.9;0.17;1;1
;;3337875588225;Vichy;Non renseigné;VICHY AQUALIA THERMAL Cr riche Pot/50ml;0.2;17.5;0.13;1;1
4051537;3401340515372;3337871324629;Vichy;Non renseigné;*DERCOS NEOGENIC Shamp anti-chute Fl/200ml;0.2;10;0.17;12;1
4632820;3401346328204;3337871318888;Vichy;Non renseigné;*VICHY H SENSI BME Bme conf anti-réact T/75ml;0.2;15;0.17;24;1
6015313;;3337871332297;Vichy;Non renseigné;VICHY DERMABLEND 3D Fd teint resurf n°15 30ml;0.2;18.5;0.13;2;1
6015319;;3337871332327;Vichy;Non renseigné;VICHY DERMABLEND 3D Fd teint resurf n°45 30ml;0.2;18.5;0.13;2;1
6015325;;3337871332334;Vichy;Non renseigné;VICHY DERMABLEND 3D Fd teint resurf n°55 30ml;0.2;18.5;0.13;2;1
6077369;;3337875586078;Vichy;Non renseigné;*VICHY HOMME HYDRACOOL Cr Fl ppe/50ml;0.2;15;0.17;1;1
7283863;3401372838630;3337871311292;Vichy;Non renseigné;*DERCOS TECHNIQUES Shamp Aminex énerg 200ml;0.2;10;0.17;12;1
9460275;3401594602750;3337871323394;Vichy;Non renseigné;*DERCOS TECHNIQUES Shamp antipell sensit 200m;0.2;10.1;0.17;12;1
;;3337875774031;Vichy;Néovadiol;*VICHY NEOVADIOL POST-MENOP Cr jour P/50ml;0.2;32;0.17;45;1
;;3337875930581;Vichy;Néovadiol;*VICHY NEOVADIOL LONGEVITY Cr revolumisante Recharge/50ml;0.2;47.5;0.17;1;1
;;3337875930611;Vichy;Néovadiol;*VICHY NEOVADIOL LONGEVITY Cr revolumisante Pot/50ml;0.2;56;0.17;1;1
6037680;;3337875579919;Vichy;Néovadiol;*VICHY NEOVADIOL ROSE PLATINIUM Cr P/50ml;0.2;30;0.17;45;1
;;3337875674423;Vichy;Pureté thermale;VICHY PURETE THER Flde démaq apais yx 100ml;0.2;8.5;0.13;24;1
7522776;3401375227769;3337871321994;Vichy;Pureté thermale;VICHY PURETE THER Lait démaq 3en1 T/300ml;0.2;10.2;0.13;24;1
9536989;3401395369890;3337871320980;Vichy;Pureté thermale;VICHY PURETE THER Eau mouss nettoy 150ml;0.2;10.2;0.13;0;1
;;3337875585750;Vichy;Soins homme;*VICHY HOMME Déod anti-transp 48H Bille/50ml;0.2;8.3;0.17;1;1
4450160;3401344501609;3337871318901;Vichy;Soins homme;*VICHY HOMME Msse ras Psens Aér/200ml;0.2;6.8;0.17;6;1
4450177;3401344501777;3337871318895;Vichy;Soins homme;*VICHY HOMME Gel ras P sens Aér/150ml;0.2;6.8;0.17;6;1
4786517;3401347865173;3337871320355;Vichy;Soins homme;*VICHY H MAG C Gel dche corp chev Fl/200ml;0.2;7.5;0.17;36;1
4786523;3401347865234;3337871320362;Vichy;Soins homme;*VICHY HOMME Déod antitransp 72H Bille/50ml;0.2;8.3;0.17;72;1
4786552;3401347865524;3337871320379;Vichy;Soins homme;*VICHY HOMME Déod Psens antitranpi 48H Bille/;0.2;8.3;0.17;72;1
9934773;3401599347731;3337871322571;Vichy;Soins homme;*VICHY H HYDRA MAG C + Gel cr soin hyd 50ml;0.2;15.3;0.17;0;1
;;8445291270480;Vital Proteins;Non renseigné;VITAL PROTEINS Marine Collagen Pdr Pot/221g;0.055;30.12;0.2;1;1
;;8445291847309;Vital Proteins;Non renseigné;VITAL PROTEINS ACTIVE COMPLEX COLLAGEN SAVEUR CITRON PDR/357G;0.055;27;0.2;1;1
;;4250120701080;Vivian Gray (Go Pharma);Vivian Grey Eau de parfum;VIVIAN GRAY EAU DE PARFUM SENSATION 10ML;0.2;4;0.5;30;1
;;4250120701134;Vivian Gray (Go Pharma);Vivian Grey Eau de parfum;VIVIAN GRAY EAU DE PARFUM UNITY 10ML;0.2;4;0.5;30;1
;;4250120710570;Vivian Gray (Go Pharma);Vivian Grey Eau de parfum;VIVIAN GRAY EAU DE PARFUM LOVE BOMB 10ML;0.2;4;0.5;30;1
;;4250120710679;Vivian Gray (Go Pharma);Vivian Grey Eau de parfum;VIVIAN GRAY EAU DE PARFUM TEMPTATION 10ML;0.2;4;0.5;30;1
;;4250120710778;Vivian Gray (Go Pharma);Vivian Grey Eau de parfum;VIVIAN GRAY WILD FLOWERS EAU PARFUM 10 ML;0.2;4;0.5;30;1
;;4250120710655;Vivian Gray (Go Pharma);Vivian Grey crèmes mains;VIVIAN GRAY TEMPTATION CREME MAINS 30ML;0.2;1.6;0.5;100;1
;;4250120710754;Vivian Gray (Go Pharma);Vivian Grey crèmes mains;VIVIAN GRAY WILD FLOWERS CREME MAINS 30ML;0.2;1.6;0.5;100;1
;;4250120713038;Vivian Gray (Go Pharma);Vivian Grey crèmes mains;VIVIAN GRAY CREME MAINS GARDEN ROSES 30ML;0.2;1.6;0.5;100;1
;;4250120713137;Vivian Gray (Go Pharma);Vivian Grey crèmes mains;VIVIAN GRAY CREME MAINS GREEN TEA 30ML;0.2;1.6;0.5;100;1
;;4250120713236;Vivian Gray (Go Pharma);Vivian Grey crèmes mains;VIVIAN GRAY CREME MAINS ORANGE BLOSSOM 30ML;0.2;1.6;0.5;100;1
;;3596200050756;Weleda;Compléments alimentaires;WELEDA Argousier Bio Jus Fl/200ml;0.055;10.71;0.18;6;1
;;3596200050763;Weleda;Compléments alimentaires;WELEDA Bouleau Jus Fl/200ml;0.055;9.49;0.18;6;1
;;7611916124501;Weleda;Crèmes de douche;WELEDA SOINS CORPS Cr dche vivif Citrus 200ml;0.2;5.93;0.18;6;1
;3401360222106;;Weleda;Démaquillants Hamamélis;WELEDA NETTOY VIS Msse nettoy douc 150ml;0.2;12.15;0.18;1;1
;;3596200062513;Weleda;Déodorants Fraicheurs;WELEDA GESTES FRAICH Déod Citrus Spr/100ml;0.2;9.09;0.18;42;1
;;3596200062520;Weleda;Déodorants Fraicheurs;WELEDA GESTES FRAICH Déod sauge Spr/100ml;0.2;9.09;0.18;1;1
;;3596200062537;Weleda;Déodorants Fraicheurs;WELEDA GESTES FRAICH Déod Rose Spr/100ml;0.2;9.09;0.18;42;1
;;3596200079627;Weleda;Déodorants Fraicheurs;WELEDA GESTES FRAICH Déod Argousier 24H 50ml;0.2;8.28;0.18;1;1
;;3596200625114;Weleda;Déodorants Fraicheurs;WELEDA GESTES FRAICH Déod Citrus 2Spr/100ml;0.2;15.86;0.18;14;1
;;3596200625213;Weleda;Déodorants Fraicheurs;WELEDA GESTES FRAICH Déod Sauge 2Spr/100ml;0.2;15.86;0.18;1;1
;;3596200952319;Weleda;Déodorants Fraicheurs;WELEDA GESTES FRAICH Déod Citrus 24H 2/50ml;0.2;14.54;0.18;1;1
6010461;3401360104617;;Weleda;Déodorants Fraicheurs;WELEDA GESTES FR Déod Roll-on Citrus 24H 50ml;0.2;8.28;0.18;1;1
6197966;3401361979665;4001638098250;Weleda;Essences de Bain aux huiles essentielles naturelles;WELEDA ESS BAIN Bain relaxant Lavande 200ml;0.2;13.7;0.18;30;1
;;3596200062209;Weleda;Grenade;WELEDA VISAGE GRENADE MACA Cr jour raff 40ml;0.2;25.13;0.18;1;1
;;3596200069376;Weleda;Hygiène intime;WELEDA INTIME Gel soin lavant sécheresse Fl/200ml;0.2;7.44;0.18;1;1
;;8711776657306;Weleda;Médicaments Homéopathiques;WELEDA Cr à l'Arnica bio T/70g;0.2;11.1;0.18;64;1
;3400930275368;;Weleda;Médicaments Homéopathiques;DOMILA Suppos Plq/6;0.1;10.2;0.18;130;1
3009114;3400930091142;;Weleda;Médicaments Homéopathiques;CHOLEODORON S buv en gouttes Fl/30ml;0.1;8.53;0.18;66;1
3052658;3400930526583;3596203052658;Weleda;Médicaments Homéopathiques;INFLUDO S buv en gouttes Fl/30ml;0.1;8.53;0.18;66;1
3119782;3400931197829;3596203119788;Weleda;Médicaments Homéopathiques;PERTUDORON S buv en gouttes Fl/30ml;0.1;7.9;0.18;66;1
3441609;3400934416095;;Weleda;Médicaments Homéopathiques;EUPHRASIA 3DH WELEDA Collyre sol récip unidose 10unid;0.1;7.99;0.18;184;1
3775405;3400937754057;;Weleda;Médicaments Homéopathiques;ARNICAGEL Gel T/25g;0.1;6.72;0.18;120;1
6259348;;4001638065269;Weleda;Médicaments Homéopathiques;VISIODORON MALVA S opht 20Unid/0,4ml;0.2;9.3;0.18;70;1
;;3596200077579;Weleda;Non renseigné;WELEDA SKIN FOOD Bme lèv nourriss int T/8ml;0.2;5.86;0.18;6;1
;;3596200978005;Weleda;Non renseigné;WELEDA Coffret sport Noël;0.2;24.8;0.18;3;1
;;4001638065085;Weleda;Non renseigné;RHINODORON S nas Spray/20ml;0.2;7.9;0.18;1;1
;;4001638540162;Weleda;Non renseigné;WELEDA SOIN LEVRES EVERON SANS CARTON 4.8G;0.2;4.74;0.18;1;1
;;8711776653018;Weleda;Non renseigné;WELEDA Arnica bio crème T/25g;0.2;5.88;0.18;1;1
4526176;3401045261765;3596204526172;Weleda;Non renseigné;WELEDA SOINS HOMME Bme ap/ras Fl/100ml;0.2;12.77;0.18;0;1
5152186;3401351521867;3596205152189;Weleda;Non renseigné;WELEDA SOINS CAPILLAIRES Lot tonif 100ml;0.2;10.85;0.18;9;1
9530283;3401395302835;3596209530280;Weleda;Protection Intense;WELEDA VISAGE SPECIF Cr Cold cream T/30ml;0.2;8.86;0.18;0;1
6198003;3401361980036;3596206198001;Weleda;Savons Végétaux;WELEDA Sav végét très doux Calendula 100g;0.2;4.43;0.18;66;1
;;3596200064623;Weleda;Soins Bucco-dentaires;WELEDA SOINS BUCCO-DENT Gel dentif vég T/75ml;0.2;4.75;0.18;1;1
;;3596200095603;Weleda;Soins Bucco-dentaires;WELEDA SOINS BUCCO-DENT Gel dtf vég 2T/75ml;0.2;8.28;0.18;1;1
2561932;3401525619321;3596202561939;Weleda;Soins Bucco-dentaires;WELEDA SOINS BUCCO-DENT Pâte dtf Ratan 2/75ml;0.2;8.28;0.18;0;1
2561949;3401525619499;3596202561946;Weleda;Soins Bucco-dentaires;WELEDA SOINS BUCCO-DENT Pâte dtf salin 2/75ml;0.2;8.28;0.18;26;1
4471707;3401544717077;3596204471700;Weleda;Soins Bucco-dentaires;WELEDA SOINS BUCCO-DENT Bain bch Myrrhe 50ml;0.2;7.14;0.18;0;1
6181103;3401361811033;3596206181102;Weleda;Soins Bucco-dentaires;WELEDA SOINS BUCCO-DENT Pâte dtf Ratanhi 75ml;0.2;4.75;0.18;36;1
6351568;3401363515687;3596206351567;Weleda;Soins Bucco-dentaires;WELEDA SOINS BUCCO-DENT Pâte dtf saline 75ml;0.2;4.75;0.18;36;1
6462871;3401364628713;3596206462874;Weleda;Soins Bucco-dentaires;WELEDA SOINS BUCCO-DENT Gel ging Sauge T/30ml;0.2;7.14;0.18;0;1
7496872;3401374968724;3596207496878;Weleda;Soins Bucco-dentaires;WELEDA SOINS BUCCO-DENT Pâte dtf Calen 75ml;0.2;4.75;0.18;36;1
9936743;3401599367432;3596209936747;Weleda;Soins Bucco-dentaires;WELEDA SOINS BUCCO-DENT Gel dtf Enf bio 50ml;0.2;4.14;0.18;60;1
;;3596200061448;Weleda;Soins Femmes enceintes et nourrissons;WELEDA MATERNITE Bme massage verget T/150ml;0.2;17.57;0.18;1;1
;;3596200976056;Weleda;Soins Femmes enceintes et nourrissons;WELEDA MATERNITE Hle mass verget 2Flppe/100ml;0.2;30.91;0.18;18;1
4519986;3401345199867;3596204519983;Weleda;Soins Femmes enceintes et nourrissons;WELEDA SOINS CORPS Hle mass périnée Fl/50ml;0.2;10.61;0.18;48;1
4791211;3401347912112;3596204791211;Weleda;Soins Femmes enceintes et nourrissons;WELEDA Tis allait 20Sach/2g;0.055;5.33;0.18;20;1
6019114;3401560191141;;Weleda;Soins Femmes enceintes et nourrissons;WELEDA Tis allaitem frt rge 20Sach/2g;0.055;5.33;0.18;10;1
6022693;3401360226937;;Weleda;Soins Femmes enceintes et nourrissons;WELEDA SOINS CORPS Hle mass verget Fl p/100ml;0.2;17.57;0.18;42;1
;;3596200086564;Weleda;Soins Homme;WELEDA SOINS HOMME Cr hydratante T/30ml;0.2;12.85;0.18;1;1
;;7611916153600;Weleda;Soins Homme;WELEDA SOINS HOMME Gel dche Act Fresh 200ml;0.2;5.93;0.18;6;1
6010462;3401360104624;;Weleda;Soins Homme;WELEDA HOMME Déod Roll-on 24H 50ml;0.2;8.28;0.18;1;1
6289119;3401362891195;3596206289112;Weleda;Soins Homme;WELEDA SOINS HOMME Cr ras T/75ml;0.2;7.31;0.18;48;1
;;3596200050381;Weleda;Soins du Corps;WELEDA SPORT Roller relaxation et récupération Arnica 75ml;0.2;11.73;0.18;54;1
;;7611916154317;Weleda;Soins du Corps;WELEDA SOINS CORPS Gel dche sport Arnic 200ml;0.2;5.93;0.18;6;1
;3401360226999;;Weleda;Soins du Corps;WELEDA SOINS CORPS Hle mass minc Boulea 100ml;0.2;18.36;0.18;1;1
4850468;3401348504682;3596204850468;Weleda;Soins du Corps;WELEDA URTIGEL Gel apais soulag rafraîch P T/25g;0.2;6.62;0.18;120;1
6022696;3401360226968;;Weleda;Soins du Corps;WELEDA SOINS CORPS Hle régé Grenade Flp/100ml;0.2;20.71;0.18;1;1
6022697;3401360226975;;Weleda;Soins du Corps;WELEDA SOINS CORPS Hle relax Lavand Flp/100ml;0.2;15.24;0.18;1;1
6022701;3401360227019;;Weleda;Soins du Corps;WELEDA SOINS CORPS Hle mass calendula 100ml;0.2;13.7;0.18;42;1
6022702;3401360227026;;Weleda;Soins du Corps;WELEDA SOINS CORPS Hle mass Arnica Flp/100ml;0.2;12.24;0.18;42;1
6176757;3401361767576;3596206176757;Weleda;Soins du Corps;WELEDA SOINS CORPS Hle massage Arnica 200ml;0.2;18.67;0.18;30;1
6227791;3401362277913;3596206227794;Weleda;Soins du Corps;WELEDA SOINS CORPS Hle massage Arnica 50ml;0.2;8.96;0.18;56;1
6332826;3401363328263;3596206332825;Weleda;Soins du Corps;WELEDA SOINS CORPS Cr Calendula T/75ml;0.2;9.68;0.18;36;1
8131150;;5013455140196;Weleda;Soins du Corps;WELEDA ESS BAIN Bain récup sport Arnica 200ml;0.2;13.7;0.18;30;1
;;3596200055461;Weleda;Soins du bébé;WELEDA SOINS BEBE DERMA Cr pour le change 3 en 1 T/50ml;0.2;7.4;0.18;60;1
;;3596200057656;Weleda;Soins du bébé;WELEDA SOINS BB Cr lav corp ch Calend 400ml;0.2;8.24;0.18;20;1
;;3596200079900;Weleda;Soins du bébé;WELEDA SOINS BB Liniment change caland 400ml;0.2;8.24;0.18;1;1
;;3596209831103;Weleda;Soins du bébé;WELEDA SOINS BB Cr change Calendula 2T/75ml;0.2;11.86;0.18;23;1
4358508;;3596204358506;Weleda;Soins du bébé;WELEDA SOINS BB Lait corp Calendula Fl/200ml;0.2;9.87;0.18;36;1
4358520;;3596204358520;Weleda;Soins du bébé;WELEDA SOINS BB Cr protect Calendula 50ml;0.2;6.67;0.18;60;1
4696180;3401346961807;3596204696189;Weleda;Soins du bébé;WELEDA SOINS BB Cr lav corp ch Calend 200ml;0.2;5.93;0.18;6;1
6529629;3401565296292;3596206529621;Weleda;Soins du bébé;WELEDA SOINS BB Cr change Calendula T/75ml;0.2;6.73;0.18;50;1
;;4012824404229;Yogi Tea;Non renseigné;YOGI TEA Tis ayurvédi christmas tee bio 17/2g;0.055;3.24;0.1;1;6
;;4012824404373;Yogi Tea;Non renseigné;YOGI TEA Tis assort découvert bio 18sach/1,9g;0.055;3.63;0.1;1;6
;;4012824404601;Yogi Tea;Non renseigné;YOGI TEA Tis doux rêves bio 20sach/2,1g;0.055;3.24;0.1;1;6
;;4012824404755;Yogi Tea;Non renseigné;YOGI TEA Tis bien-être naturel bio 20Sach/2g;0.055;3.24;0.1;1;6
;;4012824404816;Yogi Tea;Non renseigné;YOGI TEA Tis ayurvédi bien-être intest bio 17;0.055;3.24;0.1;1;6
;;4012824404953;Yogi Tea;Non renseigné;YOGI TEA Tis ayurvédi chlorel ment bio 17/2g;0.055;3.24;0.1;1;6
;;4012824405141;Yogi Tea;Non renseigné;YOGI TEA Thé énergie positive 17Sach;0.055;3.24;0.1;0;6
;;4012824405158;Yogi Tea;Non renseigné;YOGI TEA Tis ayurvédi chaï curcuma bio 17/2g;0.055;3.24;0.1;1;6
;;4012824405165;Yogi Tea;Non renseigné;YOGI TEA Tis ayurvédi curcu orange bio 17/2g;0.055;3.24;0.1;1;6
;;4012824405264;Yogi Tea;Non renseigné;YOGI TEA Tis ayurvédi défenses nat 17Sach;0.055;3.24;0.1;1;6
;;4012824405271;Yogi Tea;Non renseigné;YOGI TEA Thé blanc aloé vera 17Sach;0.055;3.24;0.1;1;6
;;4012824405295;Yogi Tea;Non renseigné;YOGI TEA Tis ayurvédi équil basiq bio 17/2,1g;0.055;3.24;0.1;1;6
;;4012824405332;Yogi Tea;Non renseigné;YOGI TEA Thé vert matcha citron 17Sach;0.055;3.24;0.1;1;6
;;4012824405417;Yogi Tea;Non renseigné;YOGI TEA Tis regain d'énergie bio 20Sach/2g;0.055;3.24;0.1;1;6
2052567;;4012824405240;Yogi Tea;Non renseigné;YOGI TEA Tis ayurvédi rooibos vanille 17Sach;0.055;3.24;0.1;0;6
5180231;;4012824402553;Yogi Tea;Non renseigné;YOGI TEA Tis Classic cannelle 17Sach;0.055;3.24;0.1;0;6
5180337;;4012824402560;Yogi Tea;Non renseigné;YOGI TEA Tis Himalaya harmonie 17Sach;0.055;3.24;0.1;0;6
5180490;;4012824402577;Yogi Tea;Non renseigné;YOGI TEA Tis Choco 17Sach;0.055;3.24;0.1;0;6
5180538;;4012824402584;Yogi Tea;Non renseigné;YOGI TEA Tis Réglisse 17Sach;0.055;3.24;0.1;0;6
5180544;;4012824402591;Yogi Tea;Non renseigné;YOGI TEA Tis Rooibos 17Sach;0.055;3.24;0.1;0;6
5180550;;4012824405134;Yogi Tea;Non renseigné;YOGI TEA Tis Réglisse Menthe 17Sach;0.055;3.24;0.1;0;6
5180604;;4012824402607;Yogi Tea;Non renseigné;YOGI TEA Tis Menthe Ciron vert 17Sach;0.055;3.24;0.1;0;6
5180662;;4012824402621;Yogi Tea;Non renseigné;YOGI TEA Tis Chaï assam 17Sach;0.055;3.24;0.1;0;6
5180679;;4012824402638;Yogi Tea;Non renseigné;YOGI TEA Tis Chaï doux 17Sach;0.055;3.24;0.1;0;6
5180691;;4012824402645;Yogi Tea;Non renseigné;YOGI TEA Tis Chaï vert 17Sach;0.055;3.24;0.1;0;6
5180739;;4012824402652;Yogi Tea;Non renseigné;YOGI TEA Thé Tao Tea rose 17Sach;0.055;3.24;0.1;0;6
5180840;;4012824402676;Yogi Tea;Non renseigné;YOGI TEA Tis ayurvédi digest 17Sach;0.055;3.24;0.1;0;6
5180857;;4012824402690;Yogi Tea;Non renseigné;YOGI TEA Tis ayurvédi grand calme 17Sach;0.055;3.24;0.1;0;6
5180900;;4012824402706;Yogi Tea;Non renseigné;YOGI TEA Tis ayurvédi bonne nuit 17Sach;0.055;3.24;0.1;0;6
5180923;;4012824402713;Yogi Tea;Non renseigné;YOGI TEA Tis ayurvédi detox 17Sach;0.055;3.24;0.1;0;6
5180952;;4012824402720;Yogi Tea;Non renseigné;YOGI TEA Tis ayurvédi gingembre citron 17Sach;0.055;3.24;0.1;0;6
5181012;;4012824405189;Yogi Tea;Non renseigné;YOGI TEA Tis ayurvédiq l'homme 17Sach;0.055;3.24;0.1;0;6
5181041;;4012824402744;Yogi Tea;Non renseigné;YOGI TEA Tis ayurvédi ginkgo 17Sach;0.055;3.24;0.1;0;6
5181064;;4012824405196;Yogi Tea;Non renseigné;YOGI TEA Tis ayurvédi bonheur 17Sach;0.055;3.24;0.1;0;6
5181070;;4012824402751;Yogi Tea;Non renseigné;YOGI TEA Tis ayurvédi echinacea 17Sach;0.055;3.24;0.1;0;6
5181093;;4012824405202;Yogi Tea;Non renseigné;YOGI TEA Tis F éclat jeunesse 17Sach;0.055;3.24;0.1;0;6
5181101;;4012824402775;Yogi Tea;Non renseigné;YOGI TEA Tis ayurvédi joie de vivre 17Sach;0.055;3.24;0.1;0;6
5181124;;4012824405226;Yogi Tea;Non renseigné;YOGI TEA Tis ayurvédi gingemb orange v 17Sach;0.055;3.24;0.1;0;6
5181147;;4012824405233;Yogi Tea;Non renseigné;YOGI TEA Tis ayurvédi gingembre 17Sach;0.055;3.24;0.1;0;6
5181176;;4012824402782;Yogi Tea;Non renseigné;YOGI TEA Tis ayurvédi detox citron 17Sach;0.055;3.24;0.1;0;6
5181182;;4012824402683;Yogi Tea;Non renseigné;YOGI TEA Tis ayurvédi femme 17Sach;0.055;3.24;0.1;0;6
5181207;;4012824402768;Yogi Tea;Non renseigné;YOGI TEA Tis F équil féminin 17Sach;0.055;3.24;0.1;0;6
5181242;;4012824405219;Yogi Tea;Non renseigné;YOGI TEA Tis ayurvédi énergie féminine 17Sach;0.055;3.24;0.1;0;6
5181302;;4012824402799;Yogi Tea;Non renseigné;YOGI TEA Thé énergie thé vert 17Sach;0.055;3.24;0.1;0;6
5181319;;4012824405318;Yogi Tea;Non renseigné;YOGI TEA Thé thé vert jasmin 17Sach;0.055;3.24;0.1;0;6
5181360;;4012824405325;Yogi Tea;Non renseigné;YOGI TEA Thé thé vert gingembre citron 17Sach;0.055;3.24;0.1;0;6
5184890;;4012824405172;Yogi Tea;Non renseigné;YOGI TEA Tis Chili doux 17Sach;0.055;3.24;0.1;0;6
5184921;;4012824402669;Yogi Tea;Non renseigné;YOGI TEA Tis ayurvédi profonde respir 17Sach;0.055;3.24;0.1;0;6
5184938;;4012824402737;Yogi Tea;Non renseigné;YOGI TEA Tis ayurvédi réconfort gorge 17Sach;0.055;3.24;0.1;0;6
;3400930253359;;Zambon;Autres otc;VIRPAX 50 mg cpr buccogingiv muco-adh Plq/1;0.1;9.14;0.25;140;1
5137301;3401051373018;7290017847917;Zambon;Autres otc;PANAURETTE Spray aur Fl/30ml;0.2;6.95;0.25;24;1
;;3701160000073;Zambon;Fluimucil;FLUINATURAL Sirop eucalyptus toux Fl/158ml;0.2;7.97;0.25;24;1
;3400930241677;3400930241677;Zambon;Fluimucil;FLUIMUCIL 600mg Glé buvS édul sor Ad 10Sac/3g;0.1;5.66;0.25;96;1
3237369;3400932373697;;Zambon;Fluimucil;FLUIMUCIL 200mg Glé buvS édul sor 30Sach;0.1;4.88;0.25;80;1
3506869;3400935068699;;Zambon;Fluimucil;FLUIMUCIL 200mg Glé buvS édul sor Ad 18Sach;0.1;3.38;0.25;112;1
3531956;3400935319562;;Zambon;Fluimucil;FLUIMUCIL 2% enf S buv sa cy su Fl/100ml gob;0.1;3.9;0.25;40;1
3539283;3400935392831;;Zambon;Fluimucil;FLUIMUCIL 2% ad S buv sac cycl sucra Fl/200ml;0.1;5.39;0.25;30;1
2855941;3401528559419;;Zambon;Non renseigné;ASCAFLASH Spray anti-acar Fl/500ml;0.2;10.18;0;6;1
3263711;3400932637119;;Zambon;Non renseigné;RHINOFLUIMUCIL S pulv nas Fl/10ml;0.1;5.38;0.15;120;1
3525105;3400935251053;;Zambon;Spedifen;SPEDIFEN 400mg Glé buv sach-dos 12Sach;0.1;5.45;0.25;96;1
3608133;3400936081338;;Zambon;Spedifen;SPEDIFEN 200 mg Cpr Plq/20;0.1;3.67;0.25;70;1
3625189;3400936251892;;Zambon;Spedifen;SPEDIFEN 400 mg Cpr pell Plq/12;0.1;4.73;0.25;140;1
3646168;3400936461680;;Zambon;Zyrtecset;ZYRTECSET 10 mg Cpr pell séc Plq/7;0.1;5.41;0.4;168;1
;3400930076149;;Zentiva;Non renseigné;DOXYLAM ZENT CO 15mg Cpr pesé T/10;0.1;1.9;0.35;1;1
;3400930224984;;Zentiva;Non renseigné;FLAVONOIDES ZENT 500mg Cpr pell Plq/60;0.1;8.9;0.35;120;1
;3400930248713;;Zentiva;Non renseigné;IBUPROFENE ZENTIVA CONSEIL 400 mg Cpr pell Plq PVC/Alu/15;0.1;2.09;0.35;1;1
;3400930274705;;Zentiva;Non renseigné;FLAVONOIDES ZENTIVA CONSEIL 1000 mg Cpr pell Plq/18;0.1;10.5;0.35;1;1
;3400930292334;;Zentiva;Non renseigné;MELATONINE ZENTIVA LP 2 mg Cpr LP Plq/30;0.1;16.2;0.35;1;1
;3400930320181;;Zentiva;Non renseigné;OMEPRAZOLE ZENTIVA CONSEIL 20 mg Gél Plq/7;0.1;5.8;0.35;1;1
;3400930320198;;Zentiva;Non renseigné;OMEPRAZOLE ZENTIVA CONSEIL 20 mg Gél Plq/14;0.1;9.8;0.35;1;1
2748978;3400927489785;;Zentiva;Non renseigné;ATOVA/PROG ZENT 62,5mg/25mg Cp pel Enf Plq/12;0.1;15;0.35;0;1
2748984;3400927489846;;Zentiva;Non renseigné;ATOVA/PROG ZENT 250mg/100mg Cpr pell Plq/12;0.1;19.9;0.35;0;1
2764859;3400927648595;;Zentiva;Non renseigné;MEMANTINE ZENTIVA 20 mg Cpr pell séc Plq/28;0.1;22.46;0.6;0;1
2764865;3400927648656;;Zentiva;Non renseigné;MEMANTINE ZENTIVA 10 mg Cpr pell séc Plq/56;0.1;22.46;0.6;0;1
3024870;3400930248706;;Zentiva;Non renseigné;IBUPROFENE ZENTIVA CONSEIL 400 mg Cpr pell Plq PVC/Alu/10;0.1;1.8;0.35;120;1
3496622;3400934966224;;Zentiva;Non renseigné;LOPERAMIDE ZENTIVA CONSEIL 2 mg Gél B/12;0.1;3;0.35;96;1
3673834;3400936738348;;Zentiva;Non renseigné;THIOCOLCHICOSIDE ZENTIVA 4 mg Cpr Plq/12;0.1;2.8;0.35;0;1
3673840;3400936738409;;Zentiva;Non renseigné;THIOCOLCHICOSIDE ZENTIVA 4 mg Cpr Plq/24;0.1;5.32;0.35;1;1
3674199;3400936741997;;Zentiva;Non renseigné;ACICLOVIR ZENTIVA 5 % Cr T/10g;0.1;5.5;0.35;0;1
3674377;3400936743779;;Zentiva;Non renseigné;CARBOCIST ZENT CO 2% Sp s suc éd Enf Fl/125ml;0.1;2.4;0.35;35;1
4198996;3400941989964;;Zentiva;Non renseigné;DONEPEZIL ZENTIVA 5 mg Cpr pell Plq/28;0.1;22.46;0.6;0;1
4199056;3400941990564;;Zentiva;Non renseigné;DONEPEZIL ZENTIVA 10 mg Cpr pell Plq/28;0.1;22.46;0.6;0;1
;;3701185800009;Zydus;Non renseigné;ZYDUS Set soi&pans plaies chroniqu B/5;0.2;9.8;0.3;1;1
;;3701185800030;Zydus;Non renseigné;THERMOMETRE DIGITAL ELECTRONIQUE ZYDUS;0.2;2;0.3;12;1
;;3701185800054;Zydus;Non renseigné;ZYDUS Pans adhésif stérile 5x7,2cm B/10;0.2;0.7;0.3;1;1
;;3701185800078;Zydus;Non renseigné;ZYDUS Compr gaze 10x10cm B/25;0.2;2.3;0.3;1;1
;;3701185800085;Zydus;Non renseigné;ZYDUS Compr gaze 10x10cm B/10;0.2;1;0.3;1;1
;;3701185800092;Zydus;Non renseigné;ZYDUS Compr gaze 7,5x7,5cm B/10;0.2;0.6;0.3;1;1
;;3701185800108;Zydus;Non renseigné;ZYDUS Compr gaze 7,5x7,5cm B/25;0.2;1.45;0.3;1;1
;;3701185800115;Zydus;Non renseigné;ZYDUS Compr gaze 7,5x7,5cm B/50;0.2;2.8;0.3;1;1
;;3701185800139;Zydus;Non renseigné;PANSEMENT EXTENSIBLE ZYD 1,9x7,2cm B/20;0.2;0.65;0.3;50;1
;;3701185800146;Zydus;Non renseigné;ZYDUS PANSEMENT WATERPROOF 1,9x7,2cm B/20;0.2;0.7;0.3;50;1
;;3701185800160;Zydus;Non renseigné;TENSIOMETRE AUTOMATIQUE BRAS ZYDUS;0.2;20.6;0.3;1;1
;;3701185800184;Zydus;Non renseigné;TENSIOMETRE AUTOMATIQUE POIGNET ZYDUS;0.2;14.85;0.3;1;1
;;8435253560025;Zydus;Non renseigné;JOCCA PHARMA TEST DE GROSEESE;0.055;0.85;0.3;1;1
;3401060009670;3701185800023;Zydus;Non renseigné;ZYDUS Compr n tis st 10x100cm 50Sach/2;0.2;3.15;0.3;12;1
;3401060009687;3701185800016;Zydus;Non renseigné;ZYDUS Compr n tis st 7,5x7,5 50Sach/2;0.2;2.15;0.3;12;1
;3401060215798;;Zydus;Non renseigné;SYLAPADS Cot hydroph 8x10cm Sach/200;0.2;3.2;0.3;10;1
;3401060230470;;Zydus;Non renseigné;ZYDUS Set pans grd plaie >10cm B/3;0.2;8.3;0.3;6;1
;3401060230494;;Zydus;Non renseigné;ZYDUS Set pans plai moy 5-10cm B/3;0.2;6.6;0.3;1;1
;3401060230500;;Zydus;Non renseigné;ZYDUS Set pans plaies <5cm B/3;0.2;5.85;0.3;1;1
;3401060241933;;Zydus;Non renseigné;ZYDUS Bde extens 5cmx4m;0.2;0.25;0.3;1;1
;3401060241940;;Zydus;Non renseigné;ZYDUS Bde extens 7cmx4m;0.2;0.2;0.3;1;1
;3401060241957;;Zydus;Non renseigné;ZYDUS Compr n tis st 10x10cm 10Sach/2;0.2;0.65;0.3;1;1
;3401060241964;;Zydus;Non renseigné;ZYDUS Compr n tis st 10x10cm 25Sach/2;0.2;1.6;0.3;1;1
;3401060241971;;Zydus;Non renseigné;ZYDUS Compr n tis st 7,5x7,5 10Sach/2;0.2;0.5;0.3;1;1
;3401060253837;;Zydus;Non renseigné;ZYDUS Bde ext crêpe 10cmx4m;0.2;0.6;0.3;1;1
;3401060284022;;Zydus;Non renseigné;ZYDUS Bde adh ext 6cmx2,5m;0.2;2.3;0.3;1;1
2184547;3400921845471;;Zydus;Non renseigné;IBUPROF ZYD FR 200mg Cpr pell Plq/20;0.1;1.5;0.13;52;1
2676500;3400926765002;;Zydus;Non renseigné;PANTOPRAZOLE ZF 20 mg Cpr gastro-rés Plq/7;0.1;1;0.13;120;1
3642466;3400936424661;;Zydus;Non renseigné;ACICLOVIR ZYDUS 5 % Cr T/10g;0.1;2.8;0.13;0;1
3935524;3400939355245;;Zydus;Non renseigné;LOPERAMIDE ZYDUS FRANCE 2 mg Gél Plq/12;0.1;0.5;0.13;160;1
3985611;3400939856117;;Zydus;Non renseigné;DONEPEZIL ZYDUS 5 mg Cpr pell Plq/28;0.1;2.3;0.13;0;1
3985769;3400939857695;;Zydus;Non renseigné;DONEPEZIL ZYDUS 10 mg Cpr pell Plq/28;0.1;2.3;0.13;0;1
4175920;3400941759208;;Zydus;Non renseigné;IBUPROFENE ZF 400 mg Cpr pell Plq/12;0.1;0.65;0.13;208;1
4925491;3400949254910;;Zydus;Non renseigné;LORATADINE ZF 10 mg Cpr Plq/7;0.1;0.4;0.13;132;1
6376960;3401060009649;3701185800047;Zydus;Non renseigné;ZYDUS Bde extens 10cmx4m;0.2;0.2;0.3;1;1
;3400930146514;;Zydus;Sildenafil Zydus;SILDENAFIL ZYD 50mg Cpr pe Plq PVC/PVDC/Alu/4;0.1;1.37;0.13;264;1
;3400930146538;;Zydus;Sildenafil Zydus;SILDENAFIL ZYD 50mg Cpr pe Plq PVC/PVDC/Alu/8;0.1;2.43;0.13;68;1
;3400930146545;;Zydus;Sildenafil Zydus;SILDENAFIL ZYD 50mg Cpr Plq PVC/PVDC/Alu/12;0.1;3.43;0.13;351;1
;3400930146644;;Zydus;Sildenafil Zydus;SILDENAFIL ZYD 100mg Cpr Plq PVC/PVDC/Alu/4;0.1;1.43;0.13;264;1
;3400930146651;;Zydus;Sildenafil Zydus;SILDENAFIL ZYD 100mg Cpr Plq PVC/PVDC/Alu/8;0.1;2.71;0.13;560;1
;3400930146668;;Zydus;Sildenafil Zydus;SILDENAFIL ZYD 100mg Cpr Plq PVC/PVDC/Alu/12;0.1;4;0.13;297;1
;3400930156742;;Zydus;Sildenafil Zydus;SILDENAFIL ZYD 50mg Cpr Plq PVC/PVDC/Alu/24;0.1;7.14;0.13;162;1
;3400930156797;;Zydus;Sildenafil Zydus;SILDENAFIL ZYD 100mg Cpr Plq PVC/PVDC/Alu/24;0.1;8;0.13;189;1
;3400930080269;;Zydus;Tadalafil Zydus;TADALAFIL ZYDUS 5 mg Cpr pell Plq/28;0.1;4.29;0.13;144;1
;3400930080276;;Zydus;Tadalafil Zydus;TADALAFIL ZYDUS 10 mg Cpr pell Plq/4;0.1;1.43;0.13;264;1
;3400930080283;;Zydus;Tadalafil Zydus;TADALAFIL ZYDUS 20 mg Cpr pell Plq/4;0.1;2.14;0.13;504;1
;3400930080290;;Zydus;Tadalafil Zydus;TADALAFIL ZYDUS 20 mg Cpr pell Plq/8;0.1;4.29;0.13;264;1
;3400930167472;;Zydus;Tadalafil Zydus;TADALAFIL ZYDUS 5 mg Cpr pell Plq/84;0.1;12.86;0.13;70;1
;3400930318249;;Zydus;Tadalafil Zydus;TADALAFIL ZYDUS 20 mg Cpr pell Plq/28;0.1;12.86;0.13;1;1
