CIP7;CIP13;EAN13;Laboratoire;Gamme;Libellé;TVA;Prix A HT;Remise1;Colisage;QteMin
;3400930042489;;ABBVIE;Non renseigné;HUMIRA 40 mg/0,4 ml S inj en seringue préremplie 2Ser/0,4ml;0.021;350.02;0;21;1
;3400930116494;;ABBVIE;Non renseigné;HUMIRA 80 mg S inj en seringue préremplie Ser/0,8ml+Tamp;0.021;350.02;0;1;1
;3400930126165;;ABBVIE;Non renseigné;HUMIRA 20 mg S inj en seringue préremplie 2Ser/0,2ml+2Tamp;0.021;194.18;0;1;1
2756162;3400927561627;;ABBVIE;Non renseigné;GANFORT 0,3 mg/ml + 5 mg/ml Collyre sol récip unidose 30unid;0.021;7.4;0;64;1
3317080;3400933170806;;ABBVIE;Non renseigné;EXOCINE 0,3 % Collyre Fl/5ml;0.021;2.29;0;0;1
3342959;3400933429591;;ABBVIE;Non renseigné;ACULAR 0,5 % Collyre Fl/5ml;0.021;2.17;0;288;1
3379744;3400933797447;;ABBVIE;Non renseigné;CELLUVISC 4 mg/0,4 ml Collyre 30unid/0,4ml;0.021;2.46;0;64;1
3379750;3400933797508;;ABBVIE;Non renseigné;CELLUVISC 4 mg/0,4 ml Collyre 90Unid/0,4ml;0.021;6.85;0;16;1
3440751;3400934407512;;ABBVIE;Non renseigné;NORVIR 100 mg Cpr pell Fl/30;0.021;15.66;0;0;1
3454730;3400934547300;;ABBVIE;Non renseigné;ALPHAGAN 0,2 % (2 mg/ml) Collyre sol Fl/5ml;0.021;5.03;0;0;1
3592202;3400935922021;;ABBVIE;Non renseigné;LUMIGAN 0,3 mg/ml Collyre en sol Fl/3ml;0.021;8.22;0;0;1
3598529;3400935985293;;ABBVIE;Non renseigné;LUMIGAN 0,1 mg/ml Collyre sol Fl/3ml;0.021;4.86;0;160;1
3622653;3400936226531;;ABBVIE;Non renseigné;PURIVIST 0,5 mg/ml Collyre sol Fl/5ml;0.021;4.68;0;0;1
3717224;3400937172240;;ABBVIE;Non renseigné;COMBIGAN 2 mg/ml + 5 mg/ml Collyre sol Fl/5ml;0.021;5.34;0;144;1
3757413;3400937574136;;ABBVIE;Non renseigné;GANFORT 0,3 mg/ml + 5 mg/ml Collyre sol Fl/3ml;0.021;7.4;0;288;1
3760993;3400937609937;;ABBVIE;Non renseigné;KALETRA 200 mg/50 mg Cpr pell Fl PEHD/120;0.021;161.15;0;1;1
4940711;3400949407118;;ABBVIE;Non renseigné;OZURDEX 700 µg Implant intravitr Sach;0.021;846.63;0;20;1
;3400930037577;;ACCORD HEALTHCARE FRANCE SAS;Non renseigné;ARIPIPRAZOLE ACCORD 5 mg Cpr Plq/28;0.021;8.74;0.4;1;1
;3400930037614;;ACCORD HEALTHCARE FRANCE SAS;Non renseigné;ARIPIPRAZOLE ACCORD 10 mg Cpr Plq/28;0.021;8.74;0.4;100;1
;3400930037652;;ACCORD HEALTHCARE FRANCE SAS;Non renseigné;ARIPIPRAZOLE ACCORD 15 mg Cpr Plq/28;0.021;8.74;0.4;120;1
;3400930038864;;ACCORD HEALTHCARE FRANCE SAS;Non renseigné;QUETIAPINE ACCORD LP 50 mg Cpr LP Plq/30;0.021;4.28;0.4;1;1
;3400930040133;;ACCORD HEALTHCARE FRANCE SAS;Non renseigné;PREGABALINE ACCORD 50 mg Gél Plq/84;0.021;4.87;0.4;1;1
;3400930040171;;ACCORD HEALTHCARE FRANCE SAS;Non renseigné;PREGABALINE ACCORD 100 mg Gél Plq/84;0.021;7.24;0.4;1;1
;3400930044186;;ACCORD HEALTHCARE FRANCE SAS;Non renseigné;DUTASTERIDE ACCORD 0,5 mg Caps molle Plq/30;0.021;3.49;0.4;1;1
;3400930044520;;ACCORD HEALTHCARE FRANCE SAS;Non renseigné;VORICONAZOLE ACCORD 50 mg Cpr pell Plq/28x1;0.021;62.29;0.4;1;1
;3400930053775;;ACCORD HEALTHCARE FRANCE SAS;Non renseigné;ROSUVASTATINE ACCORD 5 mg Cpr pell Plq alu/90;0.021;5.96;0.4;1;1
;3400930085967;;ACCORD HEALTHCARE FRANCE SAS;Non renseigné;EZETIMIBE ACCORD 10 mg Cpr Plq Alu/PVC/Aclar/28;0.021;5.59;0.4;1;1
;3400930086483;;ACCORD HEALTHCARE FRANCE SAS;Non renseigné;EPLERENONE ACCORD 25 mg Cpr pell Plq/30x1;0.021;6.56;0.4;1;1
;3400930086490;;ACCORD HEALTHCARE FRANCE SAS;Non renseigné;EPLERENONE ACCORD 25 mg Cpr pell Plq/90x1;0.021;18.7;0.4;1;1
;3400930110836;;ACCORD HEALTHCARE FRANCE SAS;Non renseigné;SOLIFENACINE ACCORD 5 mg Cpr pell Plq/30;0.021;3.19;0.4;1;1
;3400930110935;;ACCORD HEALTHCARE FRANCE SAS;Non renseigné;SOLIFENACINE ACCORD 10 mg Cpr pell Plq/30;0.021;3.19;0.4;1;1
;3400930115664;;ACCORD HEALTHCARE FRANCE SAS;Non renseigné;TELMISARTAN/HYDROCHLOROTHIAZIDE ACCORD 80 mg/25 mg Cpr Plq/90;0.021;5.4;0.4;1;1
;3400930118757;;ACCORD HEALTHCARE FRANCE SAS;Non renseigné;ENTECAVIR ACCORD 0,5 mg Cpr pell Plq/30;0.021;68.62;0.4;1;1
;3400930119150;;ACCORD HEALTHCARE FRANCE SAS;Non renseigné;LACOSAMIDE ACCORD 100 mg Cpr pell Plq/56;0.021;12.23;0.4;1;1
;3400930119259;;ACCORD HEALTHCARE FRANCE SAS;Non renseigné;LACOSAMIDE ACCORD 200 mg Cpr pell Plq/56;0.021;24.46;0.4;1;1
;3400930137383;;ACCORD HEALTHCARE FRANCE SAS;Non renseigné;RASAGILINE ACCORD 1 mg Cpr Plq/30;0.021;17.45;0.4;1;1
;3400930157640;;ACCORD HEALTHCARE FRANCE SAS;Non renseigné;PELGRAZ 6 mg S inj en seringue préremplie Ser+Tamp;0.021;339.26;0;1;1
;3400930171059;;ACCORD HEALTHCARE FRANCE SAS;Non renseigné;FULVESTRANT ACCORD 250 mg S inj en seringue préremplie 2Ser;0.021;96;0.4;1;1
;3400930187951;;ACCORD HEALTHCARE FRANCE SAS;Non renseigné;PELGRAZ 6 mg S inj en stylo prérempli Stylo + Tamp;0.021;339.26;0;1;1
;3400930228265;;ACCORD HEALTHCARE FRANCE SAS;Non renseigné;DEFERASIROX ACCORD 180 mg Cpr pell Plq/30x1;0.021;68.48;0.4;1;1
;3400930236130;;ACCORD HEALTHCARE FRANCE SAS;Non renseigné;METFORMINE ACCORD 850 mg Cpr pell Plq/90;0.021;2.63;0.4;1;1
;3400930243473;;ACCORD HEALTHCARE FRANCE SAS;Non renseigné;ABIRATERONE ACCORD 500 mg Cpr pell Plq/60x1;0.021;449.62;0.4;1;1
;3400930258330;;ACCORD HEALTHCARE FRANCE SAS;Non renseigné;ORGOVYX 120 mg Cpr pell Fl/30;0.021;79.74;0;100;1
;3400930278345;;ACCORD HEALTHCARE FRANCE SAS;Non renseigné;RIVAROXABAN ACCORD 10 mg Cpr pell Plq/30;0.021;6.41;0.4;1;1
;3400930278352;;ACCORD HEALTHCARE FRANCE SAS;Non renseigné;RIVAROXABAN ACCORD 15 mg Cpr pell Plq/28;0.021;5.98;0.4;160;1
;3400930278369;;ACCORD HEALTHCARE FRANCE SAS;Non renseigné;RIVAROXABAN ACCORD 20 mg Cpr pell Plq/28;0.021;5.98;0.4;160;1
;3400930280324;;ACCORD HEALTHCARE FRANCE SAS;Non renseigné;DEGARELIX ACCORD 80 mg Pdre/solv p sol inj Fl+ser/4,2ml;0.021;35.91;0.05;1;1
;3400930316191;;ACCORD HEALTHCARE FRANCE SAS;Non renseigné;ELTROMBOPAG ACCORD 25 mg Cpr pell Plq/28;0.021;138.5;0.4;1;1
;3400930316207;;ACCORD HEALTHCARE FRANCE SAS;Non renseigné;ELTROMBOPAG ACCORD 50 mg Cpr pell Plq/28;0.021;277;0.4;1;1
2229712;3400922297125;;ACCORD HEALTHCARE FRANCE SAS;Non renseigné;BISOPROLOL ACCORD HEALTHCARE 2,5 mg Cpr pell séc Plq/90;0.021;5.51;0.4;0;1
2229830;3400922298306;;ACCORD HEALTHCARE FRANCE SAS;Non renseigné;BISOPROLOL ACCORD HEALTHCARE 5 mg Cpr pell séc Plq/30;0.021;0.97;0.4;0;1
2229882;3400922298825;;ACCORD HEALTHCARE FRANCE SAS;Non renseigné;BISOPROLOL ACCORD HEALTHCARE 5 mg Cpr pell séc Plq/90;0.021;2.76;0.4;0;1
2232128;3400922321288;;ACCORD HEALTHCARE FRANCE SAS;Non renseigné;CIPROFLOXACINE ACCORD 500 mg Cpr pell Plq/12;0.021;4.54;0.4;0;1
2238160;3400922381602;;ACCORD HEALTHCARE FRANCE SAS;Non renseigné;LEVETIRACETAM ACCORD 500 mg Cpr pell Plq unit/60;0.021;10.67;0.4;0;1
2739057;3400927390579;;ACCORD HEALTHCARE FRANCE SAS;Non renseigné;CAPECITABINE ACCORD 500 mg Cpr pell Plq/120;0.021;75.77;0.4;0;1
2798367;3400927983672;;ACCORD HEALTHCARE FRANCE SAS;Non renseigné;CLOPIDOGREL ACCORD 75 mg Cpr pell Plq/30;0.021;3.97;0.4;72;1
3011910;3400930119105;;ACCORD HEALTHCARE FRANCE SAS;Non renseigné;LACOSAMIDE ACCORD 50 mg Cpr pell Plq/56;0.021;6.11;0.4;1;1
3886197;3400938861976;;ACCORD HEALTHCARE FRANCE SAS;Non renseigné;NALTREXONE ACCORD 50 mg Cpr pell séc Plq blanc opaq/28;0.021;17.57;0.2;0;1
3943937;3400939439372;;ACCORD HEALTHCARE FRANCE SAS;Non renseigné;LETROZOLE ACCORD HEALTHCARE 2,5 mg Cpr pell Plq/30;0.021;16.74;0.4;0;1
4948569;3400949485697;;ACCORD HEALTHCARE FRANCE SAS;Non renseigné;ATENOLOL ACCORD HEALTHCARE 100 mg Cpr séc Plq/90;0.021;5.17;0.4;0;1
;3400930188828;;ADVANZ PHARMA / CSP COURNON;Non renseigné;COLISTIME SOD AMDI 1MUI P/S inh nébul 5Fl+5A;0.021;49.79;0;14;1
3004613;3400930046135;;ADVANZ PHARMA / CSP COURNON;Non renseigné;ANDROTARDYL 250 mg/1 ml S inj intramusculaire Amp/1ml;0.021;4.82;0;220;1
3209551;3400932095513;;ADVANZ PHARMA / CSP COURNON;Non renseigné;NOOTROPYL 20 % S buv Fl/125ml;0.021;2.3;0;24;1
3235100;3400932351008;;ADVANZ PHARMA / CSP COURNON;Non renseigné;ANDROCUR 50 mg Cpr séc Plq/20;0.021;7.44;0;0;1
3290381;3400932903818;;ADVANZ PHARMA / CSP COURNON;Non renseigné;RULID 150 mg Cpr enr Plq/10;0.021;5.11;0;0;1
3313113;3400933131135;;ADVANZ PHARMA / CSP COURNON;Non renseigné;OROKEN 200 mg Cpr pell Plq/8;0.021;6.1;0;1;1
3358989;3400933589899;;ADVANZ PHARMA / CSP COURNON;Non renseigné;OROKEN 100 mg Pdr susp buv en flacon enfant Fl/200doses;0.021;5.87;0;50;1
3358995;3400933589950;;ADVANZ PHARMA / CSP COURNON;Non renseigné;OROKEN 40 mg Pdr susp buv en flacon nourrisson Fl/80Doses;0.021;4.35;0;50;1
3376131;3400933761318;;ADVANZ PHARMA / CSP COURNON;Non renseigné;RULID 150 mg Cpr enr 2plq/8 (16);0.021;8.15;0;0;1
3650589;3400936505896;;ADVANZ PHARMA / CSP COURNON;Non renseigné;COLISTIME SOD AMDI 1MUI P/S inh nébulise Fl+A;0.021;9.96;0;72;1
3720083;3400937200837;;ADVANZ PHARMA / CSP COURNON;Non renseigné;TENORETIC 50 mg/12,5 mg Cpr pell Plq/30;0.021;4.65;0;0;1
3720114;3400937201148;;ADVANZ PHARMA / CSP COURNON;Non renseigné;TENORETIC 50 mg/12,5 mg Cpr pell Plq/90;0.021;13.28;0;0;1
;3400930035221;;AGUETTANT;Non renseigné;NUTRYELT S diluer perf 10Amp PP/10ml;0.021;24.87;0;120;1
;3400930202524;;AGUETTANT;Non renseigné;APOKINON 5 mg/ml S perf 5Cart/20ml;0.021;61.5;0;18;1
3691068;3400936910683;;AGUETTANT;Non renseigné;MORPHINE (CHLORHYDRATE) AGUETTANT 10 mg/ml S inj 10Amp/1ml;0.021;7.22;0;0;1
3691163;3400936911635;;AGUETTANT;Non renseigné;MORPHINE (CHLORHYDRATE) AGUETTANT 10 mg/ml S inj 10Amp/10ml;0.021;13.72;0;0;1
4974064;3400949740642;;AGUETTANT;Non renseigné;APOKINON 5 mg/ml S perf 10Amp/10ml;0.021;61.5;0;32;1
3085362;3400930853627;;ALCON;Non renseigné;ATROPINE ALCON 1% Collyre Fl/10ml;0.021;2.2;0;91;1
3085385;3400930853856;;ALCON;Non renseigné;ATROPINE ALCON 0,5 % Collyre Fl/10ml;0.021;2.2;0;91;1
;3400930009666;;ALFASIGMA FRANCE / CSP COURNON;Non renseigné;TIXTAR 550 mg Cpr pell Plq/56;0.021;174.71;0;1;1
;3400930081457;;ALFASIGMA FRANCE / CSP COURNON;Non renseigné;XIMEPEG Pdr sol buv Sachet A/4+Sachet B/4;0.021;6.48;0;24;1
;3400930215227;;ALFASIGMA FRANCE / CSP COURNON;Non renseigné;JYSELECA 200 mg Cpr pell Fl/30;0.021;505.9;0;1;1
3004346;3400930043462;;ALFASIGMA FRANCE / CSP COURNON;Non renseigné;ANAFRANIL 25 mg/2 ml S inj 5Amp/2ml;0.021;1.69;0;0;1
3004352;3400930043523;;ALFASIGMA FRANCE / CSP COURNON;Non renseigné;ANAFRANIL 25 mg Cpr enr Plq/50;0.021;2.75;0;0;1
3010967;3400930109670;;ALFASIGMA FRANCE / CSP COURNON;Non renseigné;BETNESOL 4 mg/1 ml S inj 3Amp/1ml;0.021;1.77;0;154;1
3010973;3400930109731;;ALFASIGMA FRANCE / CSP COURNON;Non renseigné;BETNESOL 0,50 mg Cpr eff Film/3x10 (30);0.021;1.65;0;0;1
3037015;3400930370155;;ALFASIGMA FRANCE / CSP COURNON;Non renseigné;ANAFRANIL 10 mg Cpr enr Plq/60;0.021;1.72;0;96;1
3066933;3400930669334;;ALFASIGMA FRANCE / CSP COURNON;Non renseigné;METEOXANE Gél Plq/60;0.021;2.72;0;84;1
3182869;3400931828693;;ALFASIGMA FRANCE / CSP COURNON;Non renseigné;SYNACTHENE 0,25 mg/1 ml S inj Amp/1ml;0.021;6.61;0;88;1
3183662;3400931836629;;ALFASIGMA FRANCE / CSP COURNON;Non renseigné;LYSANXIA 10 mg Cpr B/40;0.021;1.78;0;0;1
3244843;3400932448432;;ALFASIGMA FRANCE / CSP COURNON;Non renseigné;ANAFRANIL 75 mg Cpr pell séc Plq/20;0.021;2.16;0;0;1
3244895;3400932448951;;ALFASIGMA FRANCE / CSP COURNON;Non renseigné;ZADITEN 1 mg/5 ml S buv Fl/150ml;0.021;3.65;0;12;1
3311686;3400933116866;;ALFASIGMA FRANCE / CSP COURNON;Non renseigné;LYSANXIA 15 mg/ml S buv en gouttes Fl/20ml;0.021;1.71;0;0;1
3369214;3400933692148;;ALFASIGMA FRANCE / CSP COURNON;Non renseigné;ZADITEN LP 2 mg Cpr pell LP Plq/30;0.021;7.83;0;0;1
3387726;3400933877262;;ALFASIGMA FRANCE / CSP COURNON;Non renseigné;CALCIPRAT 500 mg Cpr à sucer Fl/60;0.021;4.62;0;0;1
3394146;3400933941468;;ALFASIGMA FRANCE / CSP COURNON;Non renseigné;CALCIPRAT 1000 mg Cpr à sucer Fl/30;0.021;4.62;0;0;1
3411560;3400934115608;;ALFASIGMA FRANCE / CSP COURNON;Non renseigné;CALCIPRAT VITAMINE D3 500 mg/400 UI Cpr à sucer Fl/2x30 (60);0.021;4.62;0;0;1
3601243;3400936012431;;ALFASIGMA FRANCE / CSP COURNON;Non renseigné;CALCIPRAT VITAMINE D3 1000 mg/800 UI Cpr à sucer Fl/30;0.021;4.62;0;64;1
3657114;3400936571143;;ALFASIGMA FRANCE / CSP COURNON;Non renseigné;LEVOCARNIL 100 mg/ml S buv 10Fl/10ml;0.021;6.23;0;60;1
3657120;3400936571204;;ALFASIGMA FRANCE / CSP COURNON;Non renseigné;LEVOCARNIL 1 g/5 ml S inj 5Amp/5ml;0.021;5.28;0;80;1
3738953;3400937389532;;ALFASIGMA FRANCE / CSP COURNON;Non renseigné;CALCIPRAT VITAMINE D3 1000 mg/800 UI Cpr à sucer Pilul/90;0.021;13.19;0;0;1
;3400930038291;;ALK ABELLO AS;Non renseigné;JEXT 150 µg S inj en stylo prérempli 2Stylo/0,15ml;0.021;55.44;0;1;1
;3400930038307;;ALK ABELLO AS;Non renseigné;JEXT 300 µg S inj en stylo prérempli 2Stylo/0,30ml;0.021;55.44;0;40;1
;3400930045343;;ALK ABELLO AS;Non renseigné;ACARIZAX 12 SQ-HDM Lyoph sublingual Plq/30;0.021;61.9;0;180;1
;3400930190128;;ALK ABELLO AS;Non renseigné;ITULAZAX 12 SQ-Bet Lyoph sublingual 3Plq/10;0.021;97.12;0;1;1
3780116;3400937801164;;ALK ABELLO AS;Non renseigné;GRAZAX 75 000 SQ-T Lyoph sublingual Plq/30;0.021;52.75;0;180;1
3357694;3400933576943;;ALLOGA FRANCE;Non renseigné;PEVARYL 1 % S appl loc Fl pulv/30g;0.021;3.74;0;0;1
3973499;3400939734996;;ALLOGA FRANCE;Non renseigné;ZEBINIX 800 mg Cpr Plq PVC/alu/30;0.021;52.41;0;0;1
3185135;3400931851356;;ALMIRALL SAS;Non renseigné;PRESTOLE Gél Plq/30;0.021;4.17;0;0;1
3222675;3400932226757;;ALMIRALL SAS;Non renseigné;CEBUTID 100 mg Cpr enr Plq/15;0.021;2.26;0;0;1
3304634;3400933046347;;ALMIRALL SAS;Non renseigné;MUPIDERM 2% Pom T/15g;0.021;3.53;0;0;1
3319908;3400933199081;;ALMIRALL SAS;Non renseigné;CEBUTID LP 200 Gél Fl/16;0.021;5.16;0;0;1
3403537;3400934035371;;ALMIRALL SAS;Non renseigné;KESTIN 10 mg Cpr pell Plq/15;0.021;2.56;0;0;1
3403566;3400934035661;;ALMIRALL SAS;Non renseigné;KESTIN 10 mg Cpr pell Plq/30;0.021;5.03;0;0;1
3406955;3400934069550;;ALMIRALL SAS;Non renseigné;SPAGULAX Pdr eff susp buv en sachet-dose 20Sach;0.021;2.41;0;48;1
3456657;3400934566578;;ALMIRALL SAS;Non renseigné;CARTREX 100 mg Cpr pell B/30;0.021;2.97;0;0;1
3556146;3400935561466;;ALMIRALL SAS;Non renseigné;ALMOGRAN 12,5 mg Cpr pell Plq/6;0.021;5.77;0;180;1
3586070;3400935860705;;ALMIRALL SAS;Non renseigné;ALMOGRAN 12,5 mg Cpr pell Plq/12;0.021;11.53;0;180;1
3600516;3400936005167;;ALMIRALL SAS;Non renseigné;SPAGULAX Pdr eff susp buv en sachet-dose sans sucre 20Sach;0.021;2.41;0;48;1
3675916;3400936759169;;ALMIRALL SAS;Non renseigné;KESTINLYO 10 mg Lyophilisat oral Plq/30;0.021;3.46;0;100;1
3950110;3400939501109;;ALMIRALL SAS;Non renseigné;ONYTEC 80 mg/g V ongles médicamenteux Fl/6,6ml;0.021;13.1;0;126;1
3046787;3400930467879;;AMDIPHARM;Non renseigné;GYNERGENE CAFEINE Cpr Plq/20;0.021;2;0;0;1
3106779;3400931067795;;AMDIPHARM;Non renseigné;TOFRANIL 25 mg Cpr enr 10Plq/10 (100);0.021;3.07;0;0;1
3260664;3400932606641;;AMDIPHARM;Non renseigné;VERATRAN 5 mg Cpr 1Plq/30;0.021;1.01;0;100;1
3260670;3400932606702;;AMDIPHARM;Non renseigné;VERATRAN 10 mg Cpr séc 3Plq/10 (30);0.021;1.66;0;100;1
3319133;3400933191337;;AMDIPHARM;Non renseigné;FUCITHALMIC 1 % Gel ophtalm T/3g;0.021;2.15;0;1;1
3413027;3400934130274;;AMDIPHARM;Non renseigné;HYTRINE 5 mg Cpr B/28;0.021;12.68;0;0;1
3424315;3400934243158;;AMDIPHARM;Non renseigné;DYSALFA 5 mg Cpr Plq/28;0.021;10.61;0;0;1
3431580;3400934315800;;AMDIPHARM;Non renseigné;EDEX 10 µg/1 ml Pdre/solv p sol inj 2Cart bi-comp+Ser/1ml;0.021;15.5;0;50;1
3431858;3400934318580;;AMDIPHARM;Non renseigné;EDEX 20 µg/1 ml Pdre/solv p sol inj 2Cart bi-comp+Ser/1ml;0.021;15.5;0;50;1
3473822;3400934738227;;AMDIPHARM;Non renseigné;DIERGOSPRAY 4 mg/ml S pulv nas Fl pulv/1ml;0.021;3.91;0;0;1
3611106;3400936111066;;AMDIPHARM;Non renseigné;NEO-MERCAZOLE 5 mg Cpr T/50;0.021;2.42;0;80;1
3616227;3400936162273;;AMDIPHARM;Non renseigné;NEO-MERCAZOLE 20 mg Cpr T/30;0.021;2.97;0;80;1
3659426;3400936594265;;AMDIPHARM;Non renseigné;ZONEGRAN 25 mg Gél Plq/14;0.021;3.59;0;0;1
3659455;3400936594555;;AMDIPHARM;Non renseigné;ZONEGRAN 100 mg Gél Plq/56;0.021;14.27;0;1;1
3692033;3400936920330;;AMDIPHARM;Non renseigné;ZONEGRAN 50 mg Gél Plq/14;0.021;3.59;0;1;1
;3400930008881;;AMGEN / CSP MOVIANTO MOUSSY;Non renseigné;OTEZLA 10 mg/20 mg/30 mg Cpr pell Etui/27 (4x10mg+4x20mg+19x30mg);0.021;163.75;0;1;1
;3400930008898;;AMGEN / CSP MOVIANTO MOUSSY;Non renseigné;OTEZLA 30 mg Cpr pell Plq/56;0.021;339.62;0;1;1
;3400930028582;;AMGEN / CSP MOVIANTO MOUSSY;Non renseigné;REPATHA 140 mg S inj en stylo prérempli Stylo;0.021;168.73;0;72;1
;3400930289907;;AMGEN / CSP MOVIANTO MOUSSY;Non renseigné;XGEVA 120 mg Sol inj ser préremplie 1Ser préremplie;0.021;188.81;0;1;1
;3400930294482;;AMGEN / CSP MOVIANTO MOUSSY;Non renseigné;AMGEVITA 40 mg Sol inj ser préremplie (100 mg/ml) 2Ser/0,4ml;0.021;350.02;0;1;1
;3400930294505;;AMGEN / CSP MOVIANTO MOUSSY;Non renseigné;AMGEVITA 40 mg Sol inj stylo prérempli (100 mg/ml) Stylo/0,4ml;0.021;175.26;0;1;1
;3400930294512;;AMGEN / CSP MOVIANTO MOUSSY;Non renseigné;AMGEVITA 40 mg Sol inj stylo prérempli (100 mg/ml) 2Stylo/0,4ml;0.021;350.02;0;1;1
;3400930294529;;AMGEN / CSP MOVIANTO MOUSSY;Non renseigné;AMGEVITA 40 mg Sol inj stylo prérempli (100 mg/ml) 6Stylo (3x2)/0,4ml;0.021;1019.97;0;1;1
;3400930294567;;AMGEN / CSP MOVIANTO MOUSSY;Non renseigné;AMGEVITA 80 mg Sol inj stylo prérempli (100 mg/ml) Stylo/0,8ml;0.021;350.02;0;1;1
;3400930295496;;AMGEN / CSP MOVIANTO MOUSSY;Non renseigné;WEZENLA 45 mg Sol inj ser préremplie Ser/0,5ml;0.021;1046.54;0;1;1
;3400930295502;;AMGEN / CSP MOVIANTO MOUSSY;Non renseigné;WEZENLA 90 mg Sol inj ser préremplie Ser/1ml;0.021;1046.54;0;1;1
2172538;3400921725384;;AMGEN / CSP MOVIANTO MOUSSY;Non renseigné;XGEVA 120 mg S inj Fl/1,7ml;0.021;188.81;0;0;1
3539515;3400935395153;;AMGEN / CSP MOVIANTO MOUSSY;Non renseigné;NEUPOGEN 48 MU/0,5 ml (0,96 mg/ml) S inj en seringue préremplie Ser/0,5ml;0.021;87.2;0;0;1
3539538;3400935395382;;AMGEN / CSP MOVIANTO MOUSSY;Non renseigné;NEUPOGEN 30 MU/0,5 ml (0,6 mg/ml) S inj en seringue préremplie Ser/0,5ml;0.021;53.79;0;0;1
3567813;3400935678133;;AMGEN / CSP MOVIANTO MOUSSY;Non renseigné;ARANESP 10 µg Sol inj ser préremplie Ser/0,4ml;0.021;9.88;0;0;1
3598558;3400935985583;;AMGEN / CSP MOVIANTO MOUSSY;Non renseigné;NPLATE 250 µg Pdre/solv p sol inj Fl+Ser/0,72ml+kit;0.021;477.24;0;0;1
3599641;3400935996411;;AMGEN / CSP MOVIANTO MOUSSY;Non renseigné;NPLATE 500 µg Pdre/solv p sol inj Fl+Ser/1,2ml+kit;0.021;929.89;0;0;1
3658852;3400936588523;;AMGEN / CSP MOVIANTO MOUSSY;Non renseigné;ARANESP 40 µg S inj en stylo prérempli (Sureclick) Stylo/0,4ml;0.021;38;0;0;1
3658875;3400936588752;;AMGEN / CSP MOVIANTO MOUSSY;Non renseigné;ARANESP 60 µg Sol inj stylo prérempli Sureclick Stylo/0,3ml;0.021;56.73;0;0;1
3659314;3400936593145;;AMGEN / CSP MOVIANTO MOUSSY;Non renseigné;ARANESP 80 µg Sol inj stylo prérempli Sureclick Stylo/0,4ml;0.021;75.47;0;0;1
3659320;3400936593206;;AMGEN / CSP MOVIANTO MOUSSY;Non renseigné;ARANESP 100 µg Sol inj stylo prérempli (Sureclick) Stylo/0,5ml;0.021;94.22;0;0;1
3659337;3400936593374;;AMGEN / CSP MOVIANTO MOUSSY;Non renseigné;ARANESP 150 µg Sol inj stylo prérempli (Sureclick) Stylo/0,3ml;0.021;141.08;0;0;1
3659343;3400936593435;;AMGEN / CSP MOVIANTO MOUSSY;Non renseigné;ARANESP 300 µg Sol inj stylo prérempli Sureclick Stylo/0,6ml;0.021;281.67;0;0;1
3659366;3400936593664;;AMGEN / CSP MOVIANTO MOUSSY;Non renseigné;ARANESP 500 µg Sol inj stylo prérempli Sureclick Stylo/1ml;0.021;469.12;0;0;1
3959157;3400939591575;;AMGEN / CSP MOVIANTO MOUSSY;Non renseigné;ARANESP 20 µg Sol inj ser préremplie Ser/0,5ml;0.021;19.23;0;0;1
3959186;3400939591865;;AMGEN / CSP MOVIANTO MOUSSY;Non renseigné;ARANESP 30 µg Sol inj ser préremplie Ser/0,3ml;0.021;28.62;0;0;1
3959200;3400939592008;;AMGEN / CSP MOVIANTO MOUSSY;Non renseigné;ARANESP 40 µg Sol inj ser préremplie Ser/0,4ml;0.021;38;0;0;1
3959223;3400939592237;;AMGEN / CSP MOVIANTO MOUSSY;Non renseigné;ARANESP 50 µg Sol inj ser préremplie Ser/0,5ml;0.021;47.37;0;0;1
3959252;3400939592527;;AMGEN / CSP MOVIANTO MOUSSY;Non renseigné;ARANESP 60 µg Sol inj ser préremplie Ser/0,3ml;0.021;56.73;0;0;1
3959275;3400939592756;;AMGEN / CSP MOVIANTO MOUSSY;Non renseigné;ARANESP 80 µg Sol inj ser préremplie Ser/0,4ml;0.021;75.47;0;0;1
3959298;3400939592985;;AMGEN / CSP MOVIANTO MOUSSY;Non renseigné;ARANESP 100 µg Sol inj ser préremplie Ser/0,5ml;0.021;94.22;0;0;1
3959312;3400939593128;;AMGEN / CSP MOVIANTO MOUSSY;Non renseigné;ARANESP 130 µg Sol inj ser préremplie Ser/0,65ml;0.021;122.34;0;0;1
3959335;3400939593357;;AMGEN / CSP MOVIANTO MOUSSY;Non renseigné;ARANESP 150 µg Sol inj ser préremplie Ser/0,3ml;0.021;141.08;0;0;1
3959358;3400939593586;;AMGEN / CSP MOVIANTO MOUSSY;Non renseigné;ARANESP 300 µg Sol inj ser préremplie Ser/0,6ml;0.021;281.67;0;0;1
4928578;3400949285785;;AMGEN / CSP MOVIANTO MOUSSY;Non renseigné;PROLIA 60 mg S inj en seringue préremplie Ser sécur/1ml sous Plq;0.021;114.34;0;0;1
;3400930230039;;ANGELINI PHARMA FRANCE;Non renseigné;ONTOZRY 12,5 mg/25 mg Cpr kit d'initiation Plq/14 (12,5mg)+Plq/14 (25mg);0.021;44.57;0;1;1
;3400930230046;;ANGELINI PHARMA FRANCE;Non renseigné;ONTOZRY 50 mg Cpr pell Plq/14;0.021;22.28;0;1;1
;3400930230053;;ANGELINI PHARMA FRANCE;Non renseigné;ONTOZRY 50 mg Cpr pell Plq/28;0.021;44.57;0;1;1
;3400930230060;;ANGELINI PHARMA FRANCE;Non renseigné;ONTOZRY 100 mg Cpr pell Plq/14;0.021;22.28;0;1;1
;3400930271162;;ARROW GENERIQUES-SAG FROID;Non renseigné;TERROSA 20 µg/80 µl Sol inj stylo prérempli Stylo/2,4ml;0.021;182.81;0;1;1
2175057;3400921750577;;ARROW GENERIQUES-SAG FROID;Non renseigné;OCTREOTIDE ARROW 100 µg/1 ml Sol inj ou p perf 6Amp/1ml;0.021;22.99;0.025;1;1
2175123;3400921751239;;ARROW GENERIQUES-SAG FROID;Non renseigné;OCTREOTIDE ARROW 50 µg/1 ml Sol inj ou p perf 6Amp/1ml;0.021;12.29;0.025;1;1
2231620;3400922316208;;ARROW GENERIQUES-SAG FROID;Non renseigné;LATANOPROST/TIMOLOL ARROW 50 µg/5 mg par ml Collyre sol Fl/2,5ml;0.021;5.55;0.025;0;1
2231637;3400922316376;;ARROW GENERIQUES-SAG FROID;Non renseigné;LATANOPROST/TIMOLOL ARROW 50 µg/5 mg par ml Collyre sol 3Fl/2,5ml;0.021;14.6;0.1;0;1
;3400930068519;;ARROW GENERIQUES-SAG STUPEFIANT;Non renseigné;OXYCODONE ARROW 5 mg Gél Plq/14;0.021;0.82;0.025;120;1
;3400930068571;;ARROW GENERIQUES-SAG STUPEFIANT;Non renseigné;OXYCODONE ARROW 10 mg Gél Plq/14;0.021;1.43;0.05;240;1
;3400930068649;;ARROW GENERIQUES-SAG STUPEFIANT;Non renseigné;OXYCODONE ARROW 20 mg Gél Plq/14;0.021;2.85;0.05;1;1
;3400930189122;;ARROW GENERIQUES-SAG STUPEFIANT;Non renseigné;FENTANYL ARROW 200 µg Cpr buccogingiv Plq/28;0.021;70.57;0.025;1;1
;3400930189146;;ARROW GENERIQUES-SAG STUPEFIANT;Non renseigné;FENTANYL ARROW 100 µg Cpr buccogingiv Plq/28;0.021;70.57;0.025;1;1
;3400930227886;;ARROW GENERIQUES-SAG STUPEFIANT;Non renseigné;METHYLPHENIDATE ARROW LP 10 mg Gél LP Fl/28;0.021;6.24;0;96;1
;3400930227893;;ARROW GENERIQUES-SAG STUPEFIANT;Non renseigné;METHYLPHENIDATE ARROW LP 20 mg Gél LP Fl/28;0.021;9.34;0;1;1
;3400930227909;;ARROW GENERIQUES-SAG STUPEFIANT;Non renseigné;METHYLPHENIDATE ARROW LP 30 mg Gél LP Fl/28;0.021;11.9;0;1;1
;3400930227916;;ARROW GENERIQUES-SAG STUPEFIANT;Non renseigné;METHYLPHENIDATE ARROW LP 40 mg Gél LP Fl/28;0.021;15.31;0;1;1
3964098;3400939640983;;ARROW GENERIQUES-SAG STUPEFIANT;Non renseigné;FENTANYL ARROW 25 µg/h Disp transderm 5Sach;0.021;10.16;0.2;0;1
3964135;3400939641355;;ARROW GENERIQUES-SAG STUPEFIANT;Non renseigné;FENTANYL ARROW 100 µg/h Disp transderm 5Sach;0.021;22.76;0.2;0;1
3964170;3400939641706;;ARROW GENERIQUES-SAG STUPEFIANT;Non renseigné;FENTANYL ARROW 50 µg/h Disp transderm 5Sach PET/Alu/Surlyn;0.021;13.37;0.2;0;1
3969925;3400939699257;;ARROW GENERIQUES-SAG STUPEFIANT;Non renseigné;FENTANYL ARROW 75 µg/h Disp transderm 5Sach PET/Alu/Surlyn;0.021;18.54;0.2;0;1
;3400930249611;;ARROW GÉNÉRIQUES - SAG /GEODIS-PHARMALOG;Arrow;BETAHISTINE ARROW GENERIQUES 8 mg Cpr Plq/90;0.021;3.16;0.3;1;1
;3400930252673;;ARROW GÉNÉRIQUES - SAG /GEODIS-PHARMALOG;Arrow;FENOFIBRATE ARROW LAB 200 mg Gél Plq/30;0.021;3.8;0.1;1;1
3665616;3400936656161;;ARROW GÉNÉRIQUES - SAG /GEODIS-PHARMALOG;Ibuprofene;IBUPROFENE ARROW 400 mg Cpr pell Plq/20;0.021;0.86;0.2;126;1
3665622;3400936656222;;ARROW GÉNÉRIQUES - SAG /GEODIS-PHARMALOG;Ibuprofene;IBUPROFENE ARROW 400 mg Cpr pell Plq unit/30x1;0.021;1.22;0.2;80;1
;3400930004548;;ARROW GÉNÉRIQUES - SAG /GEODIS-PHARMALOG;Non renseigné;CHOLECALCIFEROL ARROW 100 000 UI S buv en ampoule Amp/2ml;0.021;0.68;0.025;264;1
;3400930008966;;ARROW GÉNÉRIQUES - SAG /GEODIS-PHARMALOG;Non renseigné;VALGANCICLOVIR ARROW 450 mg Cpr pell Plq/60;0.021;362.88;0.3;1;1
;3400930035320;;ARROW GÉNÉRIQUES - SAG /GEODIS-PHARMALOG;Non renseigné;ATORVASTATINE ARROW GENERIQUES 10 mg Cpr pell Fl/30;0.021;2.03;0.2;1;1
;3400930035436;;ARROW GÉNÉRIQUES - SAG /GEODIS-PHARMALOG;Non renseigné;ATORVASTATINE ARROW GENERIQUES 20 mg Cpr pell Fl/30;0.021;2.03;0.2;1;1
;3400930035528;;ARROW GÉNÉRIQUES - SAG /GEODIS-PHARMALOG;Non renseigné;ATORVASTATINE ARROW GENERIQUES 40 mg Cpr pell Fl/30;0.021;2.03;0.2;1;1
;3400930035603;;ARROW GÉNÉRIQUES - SAG /GEODIS-PHARMALOG;Non renseigné;ATORVASTATINE ARROW GENERIQUES 80 mg Cpr pell Fl/30;0.021;2.29;0.1;1;1
;3400930039106;;ARROW GÉNÉRIQUES - SAG /GEODIS-PHARMALOG;Non renseigné;LEVODOPA/CARBIDOPA/ENTACAPONE ARROW 50 mg/12,5 mg/200 mg Cpr pell Fl/100;0.021;30;0.2;1;1
;3400930039175;;ARROW GÉNÉRIQUES - SAG /GEODIS-PHARMALOG;Non renseigné;LEVODOPA/CARBIDOPA/ENTACAPONE ARROW 75 mg/18,75 mg/200 mg Cpr pell Fl/100;0.021;30.8;0.2;1;1
;3400930039243;;ARROW GÉNÉRIQUES - SAG /GEODIS-PHARMALOG;Non renseigné;LEVODOPA/CARBIDOPA/ENTACAPONE ARROW 100 mg/25 mg/200 mg Cpr pell Fl/100;0.021;31.2;0.2;1;1
;3400930039304;;ARROW GÉNÉRIQUES - SAG /GEODIS-PHARMALOG;Non renseigné;LEVODOPA/CARBIDOPA/ENTACAPONE ARROW 125 mg/31,25 mg/200 mg Cpr pell Fl/100;0.021;32.2;0.2;1;1
;3400930039366;;ARROW GÉNÉRIQUES - SAG /GEODIS-PHARMALOG;Non renseigné;LEVODOPA/CARBIDOPA/ENTACAPONE ARROW 150 mg/37,5 mg/200 mg Cpr pell Fl/100;0.021;32.8;0.2;1;1
;3400930039434;;ARROW GÉNÉRIQUES - SAG /GEODIS-PHARMALOG;Non renseigné;LEVODOPA/CARBIDOPA/ENTACAPONE ARROW 175 mg/43,75 mg/200 mg Cpr pell Fl/100;0.021;40.95;0.025;1;1
;3400930039519;;ARROW GÉNÉRIQUES - SAG /GEODIS-PHARMALOG;Non renseigné;LEVODOPA/CARBIDOPA/ENTACAPONE ARROW 200 mg/50 mg/200 mg Cpr pell Fl/100;0.021;41.93;0.025;1;1
;3400930058428;;ARROW GÉNÉRIQUES - SAG /GEODIS-PHARMALOG;Non renseigné;DOMPERIDONE ARROW 10 mg Cpr pell Plq/20;0.021;0.66;0.2;130;1
;3400930059531;;ARROW GÉNÉRIQUES - SAG /GEODIS-PHARMALOG;Non renseigné;DIAZEPAM ARROW 10 mg Cpr séc Plq/30;0.021;0.89;0;248;1
;3400930060148;;ARROW GÉNÉRIQUES - SAG /GEODIS-PHARMALOG;Non renseigné;BRINZOLAMIDE ARROW 10 mg/ml Collyre susp Fl/5ml;0.021;3.05;0.1;520;1
;3400930060988;;ARROW GÉNÉRIQUES - SAG /GEODIS-PHARMALOG;Non renseigné;METFORMINE ARROW LAB 500 mg Cpr pell Fl/90;0.021;2.71;0.2;1;1
;3400930060995;;ARROW GÉNÉRIQUES - SAG /GEODIS-PHARMALOG;Non renseigné;METFORMINE ARROW LAB 850 mg Cpr pell Fl/90;0.021;3.5;0.2;1;1
;3400930061411;;ARROW GÉNÉRIQUES - SAG /GEODIS-PHARMALOG;Non renseigné;METFORMINE ARROW LAB 1000 mg Cpr pell séc Fl/90;0.021;3.5;0.2;1;1
;3400930070574;;ARROW GÉNÉRIQUES - SAG /GEODIS-PHARMALOG;Non renseigné;LANSOPRAZOLE ARROW 30 mg Cpr orodisp Plq alu/28;0.021;3.28;0.025;64;1
;3400930070604;;ARROW GÉNÉRIQUES - SAG /GEODIS-PHARMALOG;Non renseigné;LANSOPRAZOLE ARROW 15 mg Cpr orodisp Plq alu/28;0.021;3.28;0.025;64;1
;3400930071007;;ARROW GÉNÉRIQUES - SAG /GEODIS-PHARMALOG;Non renseigné;CARVEDILOL ARROW 6,25 mg Cpr pell séc Plq/28;0.021;2.48;0.3;60;1
;3400930071199;;ARROW GÉNÉRIQUES - SAG /GEODIS-PHARMALOG;Non renseigné;CARVEDILOL ARROW 25 mg Cpr pell séc Plq/28;0.021;2.48;0.3;60;1
;3400930072394;;ARROW GÉNÉRIQUES - SAG /GEODIS-PHARMALOG;Non renseigné;ROSUVASTATINE ARROW 5 mg Cpr pell Plq/30;0.021;2.32;0.3;225;1
;3400930072431;;ARROW GÉNÉRIQUES - SAG /GEODIS-PHARMALOG;Non renseigné;ROSUVASTATINE ARROW 5 mg Cpr pell Plq/90;0.021;6.96;0.3;105;1
;3400930072561;;ARROW GÉNÉRIQUES - SAG /GEODIS-PHARMALOG;Non renseigné;ROSUVASTATINE ARROW 10 mg Cpr pell Plq/30;0.021;2.59;0.3;200;1
;3400930072608;;ARROW GÉNÉRIQUES - SAG /GEODIS-PHARMALOG;Non renseigné;ROSUVASTATINE ARROW 10 mg Cpr pell Plq/90;0.021;7.77;0.3;56;1
;3400930072745;;ARROW GÉNÉRIQUES - SAG /GEODIS-PHARMALOG;Non renseigné;ROSUVASTATINE ARROW 20 mg Cpr pell Plq/30;0.021;2.59;0.3;1;1
;3400930072783;;ARROW GÉNÉRIQUES - SAG /GEODIS-PHARMALOG;Non renseigné;ROSUVASTATINE ARROW 20 mg Cpr pell Plq/90;0.021;7.77;0.3;48;1
;3400930074282;;ARROW GÉNÉRIQUES - SAG /GEODIS-PHARMALOG;Non renseigné;IMATINIB ARROW LAB 100 mg Cpr pell séc Plq/60;0.021;187.81;0.3;1;1
;3400930074404;;ARROW GÉNÉRIQUES - SAG /GEODIS-PHARMALOG;Non renseigné;IMATINIB ARROW LAB 400 mg Cpr pell Plq/30;0.021;375.63;0.3;1;1
;3400930075357;;ARROW GÉNÉRIQUES - SAG /GEODIS-PHARMALOG;Non renseigné;MUPIROCINE ARROW 2 % Pom T/15g;0.021;2.37;0.025;132;1
;3400930077665;;ARROW GÉNÉRIQUES - SAG /GEODIS-PHARMALOG;Non renseigné;RUPATADINE ARROW 10 mg Cpr Plq/30;0.021;1.96;0.1;96;1
;3400930079676;;ARROW GÉNÉRIQUES - SAG /GEODIS-PHARMALOG;Non renseigné;MONTELUKAST ARROW LAB 10 mg Cpr pell Plq/28;0.021;5.24;0.3;120;1
;3400930080238;;ARROW GÉNÉRIQUES - SAG /GEODIS-PHARMALOG;Non renseigné;DICLOFENAC ARROW 1 % Gel en fl pressurisé Fl/100ml;0.021;2.01;0.025;40;1
;3400930080436;;ARROW GÉNÉRIQUES - SAG /GEODIS-PHARMALOG;Non renseigné;BISOPROLOL QUIVER LAB 2,5 mg Cpr pell séc Plq/90;0.021;6.43;0.3;105;1
;3400930080559;;ARROW GÉNÉRIQUES - SAG /GEODIS-PHARMALOG;Non renseigné;BISOPROLOL QUIVER LAB 3,75 mg Cpr pell séc Plq/90;0.021;6.43;0.3;1;1
;3400930080702;;ARROW GÉNÉRIQUES - SAG /GEODIS-PHARMALOG;Non renseigné;BISOPROLOL QUIVER LAB 7,5 mg Cpr pell séc Plq/90;0.021;6.43;0.3;1;1
;3400930080788;;ARROW GÉNÉRIQUES - SAG /GEODIS-PHARMALOG;Non renseigné;BISOPROLOL QUIVER LAB 10 mg Cpr pell séc Plq/90;0.021;6.43;0.3;1;1
;3400930085332;;ARROW GÉNÉRIQUES - SAG /GEODIS-PHARMALOG;Non renseigné;LAMIVUDINE ARROW 150 mg Cpr pell séc Plq/60;0.021;38.66;0.3;1;1
;3400930085370;;ARROW GÉNÉRIQUES - SAG /GEODIS-PHARMALOG;Non renseigné;LAMIVUDINE ARROW 300 mg Cpr pell Plq/30;0.021;38.66;0.3;1;1
;3400930088272;;ARROW GÉNÉRIQUES - SAG /GEODIS-PHARMALOG;Non renseigné;MEROPENEM ARROW LAB 1 g Pdre p sol inj/p perf 10Fl;0.021;121.37;0;10;1
;3400930088333;;ARROW GÉNÉRIQUES - SAG /GEODIS-PHARMALOG;Non renseigné;RAMIPRIL ARROW GENERIQUES 5 mg Cpr séc Plq/90;0.021;5.52;0.3;120;1
;3400930088364;;ARROW GÉNÉRIQUES - SAG /GEODIS-PHARMALOG;Non renseigné;RAMIPRIL ARROW GENERIQUES 10 mg Cpr séc Plq/90;0.021;5.52;0.3;100;1
;3400930088746;;ARROW GÉNÉRIQUES - SAG /GEODIS-PHARMALOG;Non renseigné;OROCAL VITAMINE D3 500 mg/1000 UI Cpr à croquer Pilul/30;0.021;4.62;0;60;1
;3400930088890;;ARROW GÉNÉRIQUES - SAG /GEODIS-PHARMALOG;Non renseigné;SERTRALINE ARROW LAB 25 mg Gél Plq/7;0.021;0.6;0.3;192;1
;3400930088951;;ARROW GÉNÉRIQUES - SAG /GEODIS-PHARMALOG;Non renseigné;SERTRALINE ARROW LAB 50 mg Gél Plq/28;0.021;2.39;0.3;112;1
;3400930090015;;ARROW GÉNÉRIQUES - SAG /GEODIS-PHARMALOG;Non renseigné;CETIRIZINE ARROW LAB 10 mg Cpr pell séc Plq/15;0.021;1.1;0.3;240;1
;3400930090213;;ARROW GÉNÉRIQUES - SAG /GEODIS-PHARMALOG;Non renseigné;SEVELAMER CARBONATE ARROW 2,4 g Pdr susp buv 90Sach;0.021;83.5;0.05;16;1
;3400930091357;;ARROW GÉNÉRIQUES - SAG /GEODIS-PHARMALOG;Non renseigné;VENLAFAXINE ARROW GENERIQUES LP 37,5 mg Gél LP Plq/30;0.021;2.67;0.3;150;1
;3400930091517;;ARROW GÉNÉRIQUES - SAG /GEODIS-PHARMALOG;Non renseigné;VENLAFAXINE ARROW GENERIQUES LP 75 mg Gél LP Plq/30;0.021;2.89;0.3;120;1
;3400930091678;;ARROW GÉNÉRIQUES - SAG /GEODIS-PHARMALOG;Non renseigné;VENLAFAXINE ARROW GENERIQUES LP 150 mg Gél LP Plq/30;0.021;10.09;0.025;72;1
;3400930092330;;ARROW GÉNÉRIQUES - SAG /GEODIS-PHARMALOG;Non renseigné;PRAMIPEXOLE ARROW LAB 0,18 mg Cpr séc Plq/30;0.021;3.02;0.3;1;1
;3400930092385;;ARROW GÉNÉRIQUES - SAG /GEODIS-PHARMALOG;Non renseigné;PRAMIPEXOLE ARROW LAB 0,18 mg Cpr séc Plq/100;0.021;10.05;0.3;1;1
;3400930092460;;ARROW GÉNÉRIQUES - SAG /GEODIS-PHARMALOG;Non renseigné;PRAMIPEXOLE ARROW LAB 0,7 mg Cpr séc Plq/30;0.021;12.05;0.3;1;1
;3400930095225;;ARROW GÉNÉRIQUES - SAG /GEODIS-PHARMALOG;Non renseigné;ETORICOXIB ARROW 30 mg Cpr pell Plq OPA/Alu/PVC/28;0.021;2.6;0.3;1;1
;3400930096284;;ARROW GÉNÉRIQUES - SAG /GEODIS-PHARMALOG;Non renseigné;TENOFOVIR DISOPROXIL ARROW 245 mg Cpr pell Plq PVC/PVDC/Alu/30;0.021;66.47;0.3;1;1
;3400930098660;;ARROW GÉNÉRIQUES - SAG /GEODIS-PHARMALOG;Non renseigné;DUTASTERIDE ARROW LAB 0,5 mg Caps molle Plq/30;0.021;4.07;0.3;90;1
;3400930099957;;ARROW GÉNÉRIQUES - SAG /GEODIS-PHARMALOG;Non renseigné;SOLIFENACINE ARROW 5 mg Cpr pell Plq/30;0.021;3.72;0.3;200;1
;3400930100035;;ARROW GÉNÉRIQUES - SAG /GEODIS-PHARMALOG;Non renseigné;SOLIFENACINE ARROW 10 mg Cpr pell Plq/30;0.021;3.72;0.3;1;1
;3400930101735;;ARROW GÉNÉRIQUES - SAG /GEODIS-PHARMALOG;Non renseigné;CELECOXIB ARROW LAB 100 mg Gél Plq/30;0.021;1.89;0.1;1;1
;3400930101773;;ARROW GÉNÉRIQUES - SAG /GEODIS-PHARMALOG;Non renseigné;CELECOXIB ARROW LAB 200 mg Gél Plq/30;0.021;2.94;0.3;120;1
;3400930103272;;ARROW GÉNÉRIQUES - SAG /GEODIS-PHARMALOG;Non renseigné;BETAHISTINE ARROW GENERIQUES 24 mg Cpr Plq/60;0.021;3.47;0.3;48;1
;3400930106396;;ARROW GÉNÉRIQUES - SAG /GEODIS-PHARMALOG;Non renseigné;ARIPIPRAZOLE ARROW 10 mg Cpr orodisp Plq Polya/Alu/PVC/28;0.021;10.19;0.3;1;1
;3400930106419;;ARROW GÉNÉRIQUES - SAG /GEODIS-PHARMALOG;Non renseigné;ARIPIPRAZOLE ARROW 15 mg Cpr orodisp Plq Polya/Alu/PVC/28;0.021;10.19;0.3;1;1
;3400930106761;;ARROW GÉNÉRIQUES - SAG /GEODIS-PHARMALOG;Non renseigné;LANSOPRAZOLE ARROW LAB 15 mg Gél gastro-rés Fl/15;0.021;1.76;0.025;1;1
;3400930106792;;ARROW GÉNÉRIQUES - SAG /GEODIS-PHARMALOG;Non renseigné;LANSOPRAZOLE ARROW LAB 15 mg Gél gastro-rés Fl/30;0.021;2.88;0.2;140;1
;3400930107218;;ARROW GÉNÉRIQUES - SAG /GEODIS-PHARMALOG;Non renseigné;LANSOPRAZOLE ARROW LAB 30 mg Gél gastro-rés Fl/14;0.021;1.34;0.2;1;1
;3400930107232;;ARROW GÉNÉRIQUES - SAG /GEODIS-PHARMALOG;Non renseigné;LANSOPRAZOLE ARROW LAB 30 mg Gél gastro-rés Fl/28;0.021;2.69;0.2;140;1
;3400930112038;;ARROW GÉNÉRIQUES - SAG /GEODIS-PHARMALOG;Non renseigné;IVABRADINE ARROW 5 mg Cpr pell séc Plq/56;0.021;8.76;0.3;1;1
;3400930112045;;ARROW GÉNÉRIQUES - SAG /GEODIS-PHARMALOG;Non renseigné;PANTOPRAZOLE ARROW GENERIQUES 20 mg Cpr gastro-rés Plq/14;0.021;0.95;0.3;216;1
;3400930112090;;ARROW GÉNÉRIQUES - SAG /GEODIS-PHARMALOG;Non renseigné;IVABRADINE ARROW 7,5 mg Cpr pell Plq/56;0.021;8.76;0.3;0;1
;3400930112106;;ARROW GÉNÉRIQUES - SAG /GEODIS-PHARMALOG;Non renseigné;PANTOPRAZOLE ARROW GENERIQUES 20 mg Cpr gastro-rés Plq/28;0.021;1.9;0.3;162;1
;3400930112205;;ARROW GÉNÉRIQUES - SAG /GEODIS-PHARMALOG;Non renseigné;PANTOPRAZOLE ARROW GENERIQUES 40 mg Cpr gastro-rés Plq/14;0.021;0.95;0.3;1;1
;3400930112229;;ARROW GÉNÉRIQUES - SAG /GEODIS-PHARMALOG;Non renseigné;PANTOPRAZOLE ARROW GENERIQUES 40 mg Cpr gastro-rés Plq/28;0.021;1.9;0.3;162;1
;3400930112427;;ARROW GÉNÉRIQUES - SAG /GEODIS-PHARMALOG;Non renseigné;ATORVASTATINE ARROW GENERIQUES 40 mg Cpr pell Plq PVC/PE/PVDC/Alu/30;0.021;1.78;0.3;144;1
;3400930112441;;ARROW GÉNÉRIQUES - SAG /GEODIS-PHARMALOG;Non renseigné;ATORVASTATINE ARROW GENERIQUES 40 mg Cpr pell Plq PVC/PE/PVDC/Alu/90;0.021;5.33;0.3;64;1
;3400930112489;;ARROW GÉNÉRIQUES - SAG /GEODIS-PHARMALOG;Non renseigné;ATORVASTATINE ARROW GENERIQUES 80 mg Cpr pell Plq PVC/PE/PVDC/Alu/30;0.021;1.78;0.3;72;1
;3400930112502;;ARROW GÉNÉRIQUES - SAG /GEODIS-PHARMALOG;Non renseigné;ATORVASTATINE ARROW GENERIQUES 80 mg Cpr pell Plq PVC/PE/PVDC/Alu/90;0.021;5.33;0.3;36;1
;3400930113820;;ARROW GÉNÉRIQUES - SAG /GEODIS-PHARMALOG;Non renseigné;MOXIFLOXACINE ARROW 400 mg Cpr pell Plq/7;0.021;5.47;0.3;1;1
;3400930117460;;ARROW GÉNÉRIQUES - SAG /GEODIS-PHARMALOG;Non renseigné;ENTECAVIR ARROW 1 mg Cpr pell Plq/30;0.021;80.06;0.3;1;1
;3400930117507;;ARROW GÉNÉRIQUES - SAG /GEODIS-PHARMALOG;Non renseigné;ENTECAVIR ARROW 0,5 mg Cpr pell Plq/30;0.021;80.06;0.3;1;1
;3400930121528;;ARROW GÉNÉRIQUES - SAG /GEODIS-PHARMALOG;Non renseigné;SEVELAMER CARBONATE ARROW 800 mg Cpr pell Fl/180;0.021;52.73;0.1;1;1
;3400930123157;;ARROW GÉNÉRIQUES - SAG /GEODIS-PHARMALOG;Non renseigné;DULOXETINE ARROW 30 mg Gél gastro-rés Plq/28;0.021;2.56;0.3;72;1
;3400930123188;;ARROW GÉNÉRIQUES - SAG /GEODIS-PHARMALOG;Non renseigné;DULOXETINE ARROW 60 mg Gél gastro-rés Plq/28;0.021;2.93;0.2;56;1
;3400930125045;;ARROW GÉNÉRIQUES - SAG /GEODIS-PHARMALOG;Non renseigné;RASAGILINE ARROW 1 mg Cpr Plq OPA/Alu/PVC/30;0.021;20.36;0.3;1;1
;3400930125533;;ARROW GÉNÉRIQUES - SAG /GEODIS-PHARMALOG;Non renseigné;NAPROXENE SODIQUE ARROW 550 mg Cpr pell séc Plq/16;0.021;1.3;0.2;210;1
;3400930128145;;ARROW GÉNÉRIQUES - SAG /GEODIS-PHARMALOG;Non renseigné;ABACAVIR/LAMIVUDINE ARROW 600 mg/300 mg Cpr pell Plq/30;0.021;80.48;0.3;1;1
;3400930131640;;ARROW GÉNÉRIQUES - SAG /GEODIS-PHARMALOG;Non renseigné;AMLODIPINE/VALSARTAN ARROW 5 mg/80 mg Cpr pell Plq/30;0.021;3.06;0.3;1;1
;3400930131664;;ARROW GÉNÉRIQUES - SAG /GEODIS-PHARMALOG;Non renseigné;AMLODIPINE/VALSARTAN ARROW 5 mg/80 mg Cpr pell Plq/90;0.021;8.72;0.3;60;1
;3400930131701;;ARROW GÉNÉRIQUES - SAG /GEODIS-PHARMALOG;Non renseigné;AMLODIPINE/VALSARTAN ARROW 5 mg/160 mg Cpr pell Plq/30;0.021;3.5;0.3;1;1
;3400930131725;;ARROW GÉNÉRIQUES - SAG /GEODIS-PHARMALOG;Non renseigné;AMLODIPINE/VALSARTAN ARROW 5 mg/160 mg Cpr pell Plq/90;0.021;9.97;0.3;1;1
;3400930131787;;ARROW GÉNÉRIQUES - SAG /GEODIS-PHARMALOG;Non renseigné;AMLODIPINE/VALSARTAN ARROW 10 mg/160 mg Cpr pell Plq/30;0.021;3.5;0.3;81;1
;3400930134504;;ARROW GÉNÉRIQUES - SAG /GEODIS-PHARMALOG;Non renseigné;RIZATRIPTAN ARROW 10 mg Cpr orodisp Plq/12;0.021;7.85;0.3;1;1
;3400930136898;;ARROW GÉNÉRIQUES - SAG /GEODIS-PHARMALOG;Non renseigné;DESLORATADINE ARROW LAB 5 mg Cpr pell Plq/15;0.021;0.91;0.3;1;1
;3400930136904;;ARROW GÉNÉRIQUES - SAG /GEODIS-PHARMALOG;Non renseigné;DESLORATADINE ARROW LAB 5 mg Cpr pell Plq/30;0.021;1.82;0.3;200;1
;3400930137260;;ARROW GÉNÉRIQUES - SAG /GEODIS-PHARMALOG;Non renseigné;AMOXICILLINE ARROW LAB 1 g Cpr disp séc Plq/6;0.021;1.2;0.2;192;1
;3400930137284;;ARROW GÉNÉRIQUES - SAG /GEODIS-PHARMALOG;Non renseigné;AMOXICILLINE ARROW LAB 1 g Cpr disp séc Plq/14;0.021;3.24;0.05;112;1
;3400930139578;;ARROW GÉNÉRIQUES - SAG /GEODIS-PHARMALOG;Non renseigné;EZETIMIBE ARROW 10 mg Cpr Plq/30;0.021;6.99;0.3;112;1
;3400930139585;;ARROW GÉNÉRIQUES - SAG /GEODIS-PHARMALOG;Non renseigné;EZETIMIBE ARROW 10 mg Cpr Plq/90;0.021;19.92;0.3;168;1
;3400930140093;;ARROW GÉNÉRIQUES - SAG /GEODIS-PHARMALOG;Non renseigné;ARIPIPRAZOLE ARROW 5 mg Cpr Plq/28;0.021;10.19;0.3;154;1
;3400930140185;;ARROW GÉNÉRIQUES - SAG /GEODIS-PHARMALOG;Non renseigné;ARIPIPRAZOLE ARROW 10 mg Cpr Plq/28;0.021;10.19;0.3;1;1
;3400930140246;;ARROW GÉNÉRIQUES - SAG /GEODIS-PHARMALOG;Non renseigné;ARIPIPRAZOLE ARROW 15 mg Cpr Plq/28;0.021;10.19;0.3;140;1
;3400930144251;;ARROW GÉNÉRIQUES - SAG /GEODIS-PHARMALOG;Non renseigné;EFAVIRENZ ARROW 600 mg Cpr pell Plq/30;0.021;69.03;0.3;1;1
;3400930144718;;ARROW GÉNÉRIQUES - SAG /GEODIS-PHARMALOG;Non renseigné;CEFIXIME ARROW LAB 200 mg Cpr pell Plq/8;0.021;5.08;0.05;120;1
;3400930145821;;ARROW GÉNÉRIQUES - SAG /GEODIS-PHARMALOG;Non renseigné;ESCITALOPRAM ARROW LAB 10 mg Cpr pell séc Plq/28;0.021;2.2;0.3;144;1
;3400930145852;;ARROW GÉNÉRIQUES - SAG /GEODIS-PHARMALOG;Non renseigné;ESCITALOPRAM ARROW LAB 15 mg Cpr pell séc Plq/28;0.021;2.2;0.3;144;1
;3400930145906;;ARROW GÉNÉRIQUES - SAG /GEODIS-PHARMALOG;Non renseigné;ESCITALOPRAM ARROW LAB 20 mg Cpr pell séc Plq/28;0.021;2.2;0.3;144;1
;3400930147603;;ARROW GÉNÉRIQUES - SAG /GEODIS-PHARMALOG;Non renseigné;AMOX/AC CLAV ARRW LAB 100mg/12,5mgpml Pd Enf;0.021;3.48;0.05;84;1
;3400930147610;;ARROW GÉNÉRIQUES - SAG /GEODIS-PHARMALOG;Non renseigné;AMOX/AC CLAV ARRW LAB 100mg/12,5mgpml nour Fl;0.021;1.89;0.05;126;1
;3400930147627;;ARROW GÉNÉRIQUES - SAG /GEODIS-PHARMALOG;Non renseigné;ENALAPRIL/LERCANIDIPINE ARROW 20 mg/10 mg Cpr pell Plq/30;0.021;3.56;0.3;1;1
;3400930147634;;ARROW GÉNÉRIQUES - SAG /GEODIS-PHARMALOG;Non renseigné;ENALAPRIL/LERCANIDIPINE ARROW 20 mg/10 mg Cpr pell Plq/90;0.021;10.13;0.3;1;1
;3400930147689;;ARROW GÉNÉRIQUES - SAG /GEODIS-PHARMALOG;Non renseigné;PREGABALINE ARROW 25 mg Gél Plq/56;0.021;2.28;0.3;100;1
;3400930147696;;ARROW GÉNÉRIQUES - SAG /GEODIS-PHARMALOG;Non renseigné;PREGABALINE ARROW 25 mg Gél Plq/84;0.021;3.4;0.3;1;1
;3400930147757;;ARROW GÉNÉRIQUES - SAG /GEODIS-PHARMALOG;Non renseigné;PREGABALINE ARROW 50 mg Gél Plq/84;0.021;5.68;0.3;42;1
;3400930147801;;ARROW GÉNÉRIQUES - SAG /GEODIS-PHARMALOG;Non renseigné;PREGABALINE ARROW 75 mg Gél Plq/56;0.021;5.64;0.3;60;1
;3400930147856;;ARROW GÉNÉRIQUES - SAG /GEODIS-PHARMALOG;Non renseigné;PREGABALINE ARROW 100 mg Gél Plq/84;0.021;8.45;0.3;40;1
;3400930147894;;ARROW GÉNÉRIQUES - SAG /GEODIS-PHARMALOG;Non renseigné;PREGABALINE ARROW 150 mg Gél Plq/56;0.021;8.41;0.3;50;1
;3400930147955;;ARROW GÉNÉRIQUES - SAG /GEODIS-PHARMALOG;Non renseigné;PREGABALINE ARROW 200 mg Gél Plq/84;0.021;12.61;0.3;36;1
;3400930147979;;ARROW GÉNÉRIQUES - SAG /GEODIS-PHARMALOG;Non renseigné;PREGABALINE ARROW 300 mg Gél Plq/56;0.021;11.67;0.3;42;1
;3400930148440;;ARROW GÉNÉRIQUES - SAG /GEODIS-PHARMALOG;Non renseigné;ANAGRELIDE ARROW 0,5 mg Gél Plq/100;0.021;92.3;0.3;1;1
;3400930151488;;ARROW GÉNÉRIQUES - SAG /GEODIS-PHARMALOG;Non renseigné;MOMETASONE ARROW 50 µg/dose Susp pulv nas Fl/18g;0.021;3;0.2;144;1
;3400930151884;;ARROW GÉNÉRIQUES - SAG /GEODIS-PHARMALOG;Non renseigné;BETAHISTINE ARROW 16 mg Cpr séc Blister/45;0.021;2.42;0.025;1;1
;3400930152645;;ARROW GÉNÉRIQUES - SAG /GEODIS-PHARMALOG;Non renseigné;EVEROLIMUS ARROW 5 mg Cpr Plq/30;0.021;557.16;0.3;1;1
;3400930152720;;ARROW GÉNÉRIQUES - SAG /GEODIS-PHARMALOG;Non renseigné;ZOPICLONE ARROW LAB 7,5 mg Cpr pell Plq/5;0.021;0.69;0;1;1
;3400930152744;;ARROW GÉNÉRIQUES - SAG /GEODIS-PHARMALOG;Non renseigné;ZOPICLONE ARROW LAB 7,5 mg Cpr pell Plq/14;0.021;0.94;0.3;216;1
;3400930152812;;ARROW GÉNÉRIQUES - SAG /GEODIS-PHARMALOG;Non renseigné;ZOPICLONE ARROW LAB 3,75 mg Cpr pell Plq/14;0.021;0.91;0;288;1
;3400930154243;;ARROW GÉNÉRIQUES - SAG /GEODIS-PHARMALOG;Non renseigné;ELETRIPTAN ARROW 40 mg Cpr pell Plq/6;0.021;4.49;0.2;1;1
;3400930154250;;ARROW GÉNÉRIQUES - SAG /GEODIS-PHARMALOG;Non renseigné;ELETRIPTAN ARROW 40 mg Cpr pell Plq/10;0.021;7.48;0.2;168;1
;3400930154281;;ARROW GÉNÉRIQUES - SAG /GEODIS-PHARMALOG;Non renseigné;ELETRIPTAN ARROW 20 mg Cpr pell Plq/6;0.021;4.49;0.2;1;1
;3400930155141;;ARROW GÉNÉRIQUES - SAG /GEODIS-PHARMALOG;Non renseigné;IVERMECTINE ARROW LAB 3 mg Cpr Plq/4;0.021;4.48;0.3;120;1
;3400930156032;;ARROW GÉNÉRIQUES - SAG /GEODIS-PHARMALOG;Non renseigné;RIVAROXABAN ARROW 10 mg Cpr pell Plq/30;0.021;6.41;0.4;1;1
;3400930156070;;ARROW GÉNÉRIQUES - SAG /GEODIS-PHARMALOG;Non renseigné;RIVAROXABAN ARROW 15 mg Cpr pell Plq/28;0.021;5.98;0.4;1;1
;3400930156100;;ARROW GÉNÉRIQUES - SAG /GEODIS-PHARMALOG;Non renseigné;RIVAROXABAN ARROW 20 mg Cpr pell Plq/28;0.021;5.98;0.4;168;1
;3400930157183;;ARROW GÉNÉRIQUES - SAG /GEODIS-PHARMALOG;Non renseigné;OLANZAPINE ARROW 5 mg Cpr orodisp Plq/28;0.021;10.19;0.3;1;1
;3400930157206;;ARROW GÉNÉRIQUES - SAG /GEODIS-PHARMALOG;Non renseigné;OLANZAPINE ARROW 10 mg Cpr orodisp Plq/28;0.021;5.78;0.3;1;1
;3400930157510;;ARROW GÉNÉRIQUES - SAG /GEODIS-PHARMALOG;Non renseigné;CHLORHEXIDINE ARROW 0,12 % S bain bouche Fl/300ml;0.021;1.85;0.025;20;1
;3400930159040;;ARROW GÉNÉRIQUES - SAG /GEODIS-PHARMALOG;Non renseigné;LOSARTAN ARROW LAB 100 mg Cpr pell B/30;0.021;2.1;0.3;1;1
;3400930159057;;ARROW GÉNÉRIQUES - SAG /GEODIS-PHARMALOG;Non renseigné;LOSARTAN ARROW LAB 100 mg Cpr pell B/90;0.021;6.3;0.3;1;1
;3400930159064;;ARROW GÉNÉRIQUES - SAG /GEODIS-PHARMALOG;Non renseigné;LOSARTAN ARROW LAB 50 mg Cpr pell séc B/30;0.021;2.1;0.3;1;1
;3400930159071;;ARROW GÉNÉRIQUES - SAG /GEODIS-PHARMALOG;Non renseigné;LOSARTAN ARROW LAB 50 mg Cpr pell séc B/90;0.021;6.3;0.3;1;1
;3400930161142;;ARROW GÉNÉRIQUES - SAG /GEODIS-PHARMALOG;Non renseigné;TRAVOPROST ARROW 40 µg/ml Collyre sol Fl/2,5ml;0.021;3.31;0.3;1;1
;3400930162019;;ARROW GÉNÉRIQUES - SAG /GEODIS-PHARMALOG;Non renseigné;CLOZAPINE ARROW 25 mg Cpr séc Plq/28;0.021;2.26;0.2;1;1
;3400930162033;;ARROW GÉNÉRIQUES - SAG /GEODIS-PHARMALOG;Non renseigné;CLOZAPINE ARROW 100 mg Cpr séc Plq/28;0.021;7.35;0.2;112;1
;3400930163276;;ARROW GÉNÉRIQUES - SAG /GEODIS-PHARMALOG;Non renseigné;ATAZANAVIR ARROW 300 mg Gél Plq préd/30;0.021;93.73;0.3;1;1
;3400930163344;;ARROW GÉNÉRIQUES - SAG /GEODIS-PHARMALOG;Non renseigné;ATAZANAVIR ARROW 200 mg Gél Plq préd/60;0.021;93.73;0.3;1;1
;3400930165478;;ARROW GÉNÉRIQUES - SAG /GEODIS-PHARMALOG;Non renseigné;ARIPIPRAZOLE ARROW 1 mg/ml S buv Fl/150ml;0.021;14.85;0.025;20;1
;3400930169780;;ARROW GÉNÉRIQUES - SAG /GEODIS-PHARMALOG;Non renseigné;APREPITANT ARROW 80 mg Gél Plq/2;0.021;8.44;0.3;1;1
;3400930169858;;ARROW GÉNÉRIQUES - SAG /GEODIS-PHARMALOG;Non renseigné;APREPITANT ARROW 125 mg/80 mg Gél Plq/125mg+2x80mg;0.021;12.66;0.3;45;1
;3400930170885;;ARROW GÉNÉRIQUES - SAG /GEODIS-PHARMALOG;Non renseigné;FEBUXOSTAT ARROW 120 mg Cpr pell Plq PVC/alu/28;0.021;4.7;0.3;1;1
;3400930170908;;ARROW GÉNÉRIQUES - SAG /GEODIS-PHARMALOG;Non renseigné;FEBUXOSTAT ARROW 80 mg Cpr pell Plq PrédPVC/alu/28;0.021;4.7;0.3;96;1
;3400930171301;;ARROW GÉNÉRIQUES - SAG /GEODIS-PHARMALOG;Non renseigné;CITALOPRAM ARROW LAB 20 mg Cpr pell séc Plq/30;0.021;2.81;0.3;168;1
;3400930173534;;ARROW GÉNÉRIQUES - SAG /GEODIS-PHARMALOG;Non renseigné;TAMSULOSINE ARROW LAB LP 0,4 mg Gél LP Plq/30;0.021;2.63;0.3;96;1
;3400930174425;;ARROW GÉNÉRIQUES - SAG /GEODIS-PHARMALOG;Non renseigné;ACICLOVIR ARROW GENERIQUES 200 mg Cpr Plq/25;0.021;4.85;0.3;84;1
;3400930174913;;ARROW GÉNÉRIQUES - SAG /GEODIS-PHARMALOG;Non renseigné;MACROGOL 4000 ARROW 4 g Pdr sol buv en sachet 20Sach;0.021;1.37;0.025;42;1
;3400930174968;;ARROW GÉNÉRIQUES - SAG /GEODIS-PHARMALOG;Non renseigné;MACROGOL 4000 ARROW 10 g Pdr sol buv en sachet 20Sach/10g;0.021;2.08;0;45;1
;3400930174999;;ARROW GÉNÉRIQUES - SAG /GEODIS-PHARMALOG;Non renseigné;CICLOPIROX OLAMINE ARROW 1,5 % Shampooing Fl/100ml;0.021;4.24;0.025;48;1
;3400930175972;;ARROW GÉNÉRIQUES - SAG /GEODIS-PHARMALOG;Non renseigné;FLUOXETINE ARROW LAB 20 mg Gél Plq/14;0.021;1.03;0.3;224;1
;3400930176665;;ARROW GÉNÉRIQUES - SAG /GEODIS-PHARMALOG;Non renseigné;EZETIMIBE/SIMVASTATINE ARROW 10 mg/20 mg Cpr Plq/30;0.021;7.92;0.3;96;1
;3400930176689;;ARROW GÉNÉRIQUES - SAG /GEODIS-PHARMALOG;Non renseigné;EZETIMIBE/SIMVASTATINE ARROW 10 mg/20 mg Cpr Plq/90;0.021;22.57;0.3;48;1
;3400930176702;;ARROW GÉNÉRIQUES - SAG /GEODIS-PHARMALOG;Non renseigné;EZETIMIBE/SIMVASTATINE ARROW 10 mg/40 mg Cpr Plq/30;0.021;7.92;0.3;96;1
;3400930176719;;ARROW GÉNÉRIQUES - SAG /GEODIS-PHARMALOG;Non renseigné;EZETIMIBE/SIMVASTATINE ARROW 10 mg/40 mg Cpr Plq/90;0.021;22.57;0.3;40;1
;3400930176955;;ARROW GÉNÉRIQUES - SAG /GEODIS-PHARMALOG;Non renseigné;SOTALOL ARROW LAB 80 mg Cpr séc Plq/30;0.021;1.36;0.2;200;1
;3400930176979;;ARROW GÉNÉRIQUES - SAG /GEODIS-PHARMALOG;Non renseigné;SOTALOL ARROW LAB 160 mg Cpr séc Plq/30;0.021;1.68;0.2;1;1
;3400930177822;;ARROW GÉNÉRIQUES - SAG /GEODIS-PHARMALOG;Non renseigné;GLICLAZIDE ARROW LAB 30 mg Cpr LM Plq OPA/Alu/PVC/30;0.021;2.32;0.3;120;1
;3400930177846;;ARROW GÉNÉRIQUES - SAG /GEODIS-PHARMALOG;Non renseigné;GLICLAZIDE ARROW LAB 30 mg Cpr LM Plq OPA/Alu/PVC/60;0.021;4.4;0.3;1;1
;3400930177884;;ARROW GÉNÉRIQUES - SAG /GEODIS-PHARMALOG;Non renseigné;GLICLAZIDE ARROW LAB 30 mg Cpr LM Plq OPA/Alu/PVC/180;0.021;13.22;0.3;1;1
;3400930177914;;ARROW GÉNÉRIQUES - SAG /GEODIS-PHARMALOG;Non renseigné;ATORVASTATINE ARROW GENERIQUES 10 mg Cpr pell Plq PVC/PE/PVDC/Alu/30;0.021;1.78;0.3;216;1
;3400930177921;;ARROW GÉNÉRIQUES - SAG /GEODIS-PHARMALOG;Non renseigné;ATORVASTATINE ARROW GENERIQUES 10 mg Cpr pell Plq PVC/PE/PVDC/Alu/90;0.021;5.33;0.3;108;1
;3400930178140;;ARROW GÉNÉRIQUES - SAG /GEODIS-PHARMALOG;Non renseigné;ATORVASTATINE ARROW GENERIQUES 20 mg Cpr pell Plq PVC/PE/PVDC/Alu/30;0.021;1.78;0.3;144;1
;3400930178157;;ARROW GÉNÉRIQUES - SAG /GEODIS-PHARMALOG;Non renseigné;ATORVASTATINE ARROW GENERIQUES 20 mg Cpr pell Plq PVC/PE/PVDC/Alu/90;0.021;5.33;0.3;64;1
;3400930178775;;ARROW GÉNÉRIQUES - SAG /GEODIS-PHARMALOG;Non renseigné;PANTOPRAZOLE ARROW GENERIQUES 40 mg Cpr gastro-rés Fl/28;0.021;2.17;0.2;120;1
;3400930178782;;ARROW GÉNÉRIQUES - SAG /GEODIS-PHARMALOG;Non renseigné;PANTOPRAZOLE ARROW GENERIQUES 20 mg Cpr gastro-rés Fl/28;0.021;2.17;0.2;120;1
;3400930178799;;ARROW GÉNÉRIQUES - SAG /GEODIS-PHARMALOG;Non renseigné;AMIODARONE ARROW LAB 200 mg Cpr séc Plq/30;0.021;4.2;0.3;144;1
;3400930180044;;ARROW GÉNÉRIQUES - SAG /GEODIS-PHARMALOG;Non renseigné;HYDROCHLOROTHIAZIDE ARROW 25 mg Cpr séc Plq/30;0.021;0.82;0.025;288;1
;3400930180051;;ARROW GÉNÉRIQUES - SAG /GEODIS-PHARMALOG;Non renseigné;HYDROCHLOROTHIAZIDE ARROW 25 mg Cpr séc Plq/90;0.021;2.33;0.025;168;1
;3400930180174;;ARROW GÉNÉRIQUES - SAG /GEODIS-PHARMALOG;Non renseigné;CINACALCET ARROW 30 mg Cpr pell Plq/28;0.021;42.46;0.3;1;1
;3400930180181;;ARROW GÉNÉRIQUES - SAG /GEODIS-PHARMALOG;Non renseigné;CINACALCET ARROW 60 mg Cpr pell séc Plq/28;0.021;78.38;0.3;1;1
;3400930180198;;ARROW GÉNÉRIQUES - SAG /GEODIS-PHARMALOG;Non renseigné;CINACALCET ARROW 90 mg Cpr pell séc Plq/28;0.021;117.58;0.3;1;1
;3400930180570;;ARROW GÉNÉRIQUES - SAG /GEODIS-PHARMALOG;Non renseigné;ACEBUTOLOL ARROW LAB 200 mg Cpr pell séc Plq/30;0.021;2.09;0.3;1;1
;3400930180594;;ARROW GÉNÉRIQUES - SAG /GEODIS-PHARMALOG;Non renseigné;ACEBUTOLOL ARROW LAB 200 mg Cpr pell séc Plq/90;0.021;5.96;0.3;40;1
;3400930180624;;ARROW GÉNÉRIQUES - SAG /GEODIS-PHARMALOG;Non renseigné;ACEBUTOLOL ARROW LAB 400 mg Cpr pell séc Plq/30;0.021;2.77;0.3;1;1
;3400930180631;;ARROW GÉNÉRIQUES - SAG /GEODIS-PHARMALOG;Non renseigné;ACEBUTOLOL ARROW LAB 400 mg Cpr pell séc Plq/90;0.021;8.32;0.3;1;1
;3400930180822;;ARROW GÉNÉRIQUES - SAG /GEODIS-PHARMALOG;Non renseigné;EBASTINE ARROW LAB 10 mg Cpr orodisp Plq/30;0.021;2.67;0.2;240;1
;3400930181072;;ARROW GÉNÉRIQUES - SAG /GEODIS-PHARMALOG;Non renseigné;CANDESARTAN/HYDROCHLOROTHIAZIDE ARROW LAB 8 mg/12,5 mg Cpr séc Plq/30;0.021;2.1;0.3;1;1
;3400930181102;;ARROW GÉNÉRIQUES - SAG /GEODIS-PHARMALOG;Non renseigné;CANDESARTAN/HYDROCHLOROTHIAZIDE ARROW LAB 8 mg/12,5 mg Cpr séc Plq/90;0.021;6.3;0.3;1;1
;3400930181133;;ARROW GÉNÉRIQUES - SAG /GEODIS-PHARMALOG;Non renseigné;CANDESARTAN/HYDROCHLOROTHIAZIDE ARROW LAB 16 mg/12,5 mg Cpr séc Plq/30;0.021;2.1;0.3;1;1
;3400930181164;;ARROW GÉNÉRIQUES - SAG /GEODIS-PHARMALOG;Non renseigné;CANDESARTAN/HYDROCHLOROTHIAZIDE ARROW LAB 16 mg/12,5 mg Cpr séc Plq/90;0.021;6.3;0.3;1;1
;3400930182017;;ARROW GÉNÉRIQUES - SAG /GEODIS-PHARMALOG;Non renseigné;NEBIVOLOL ARROW LAB 5 mg Cpr quadriséc Plq/30;0.021;2.15;0.3;220;1
;3400930182048;;ARROW GÉNÉRIQUES - SAG /GEODIS-PHARMALOG;Non renseigné;NEBIVOLOL ARROW LAB 5 mg Cpr quadriséc Plq/90;0.021;6.2;0.3;48;1
;3400930182147;;ARROW GÉNÉRIQUES - SAG /GEODIS-PHARMALOG;Non renseigné;AZITHROMYCINE ARROW LAB 500 mg Cpr pell séc Plq/3;0.021;6.1;0.025;1;1
;3400930183434;;ARROW GÉNÉRIQUES - SAG /GEODIS-PHARMALOG;Non renseigné;LOPERAMIDE ARROW LAB 2 mg Gél Plq/20;0.021;0.99;0.3;224;1
;3400930184585;;ARROW GÉNÉRIQUES - SAG /GEODIS-PHARMALOG;Non renseigné;DARUNAVIR ARROW 800 mg Cpr pell Plq/60;0.021;93.74;0.3;1;1
;3400930185728;;ARROW GÉNÉRIQUES - SAG /GEODIS-PHARMALOG;Non renseigné;AZITHROMYCINE ARROW LAB 250 mg Cpr pell Plq/6;0.021;4.38;0.3;192;1
;3400930185957;;ARROW GÉNÉRIQUES - SAG /GEODIS-PHARMALOG;Non renseigné;VORICONAZOLE ARROW 200 mg Cpr pell séc Plq/56;0.021;533.44;0.3;1;1
;3400930186169;;ARROW GÉNÉRIQUES - SAG /GEODIS-PHARMALOG;Non renseigné;ALLOPURINOL ARROW LAB 100 mg Cpr Plq/28;0.021;0.74;0.025;280;1
;3400930186206;;ARROW GÉNÉRIQUES - SAG /GEODIS-PHARMALOG;Non renseigné;ALLOPURINOL ARROW LAB 200 mg Cpr Plq/28;0.021;0.96;0.2;135;1
;3400930186251;;ARROW GÉNÉRIQUES - SAG /GEODIS-PHARMALOG;Non renseigné;ALLOPURINOL ARROW LAB 300 mg Cpr Plq/28;0.021;1.22;0.2;135;1
;3400930186374;;ARROW GÉNÉRIQUES - SAG /GEODIS-PHARMALOG;Non renseigné;SILODOSINE ARROW 4 mg Gél Plq/30;0.021;3.17;0.1;1;1
;3400930186473;;ARROW GÉNÉRIQUES - SAG /GEODIS-PHARMALOG;Non renseigné;SILODOSINE ARROW 8 mg Gél Plq/30;0.021;3.43;0.025;96;1
;3400930187050;;ARROW GÉNÉRIQUES - SAG /GEODIS-PHARMALOG;Non renseigné;DUTASTERIDE/TAMSULOSINE ARROW 0,5 mg/0,4 mg Gél Fl/30;0.021;5.94;0.3;1;1
;3400930187159;;ARROW GÉNÉRIQUES - SAG /GEODIS-PHARMALOG;Non renseigné;PROPRANOLOL ARROW 40 mg Cpr pell séc Plq/50;0.021;1.17;0.025;126;1
;3400930188354;;ARROW GÉNÉRIQUES - SAG /GEODIS-PHARMALOG;Non renseigné;METRONIDAZOLE ARROW 250 mg Cpr pell Plq/20;0.021;1.51;0.025;1;1
;3400930188361;;ARROW GÉNÉRIQUES - SAG /GEODIS-PHARMALOG;Non renseigné;METRONIDAZOLE ARROW 500 mg Cpr pell séc Plq/4;0.021;1.24;0.05;216;1
;3400930188378;;ARROW GÉNÉRIQUES - SAG /GEODIS-PHARMALOG;Non renseigné;METRONIDAZOLE ARROW 500 mg Cpr pell séc Plq/14;0.021;2.18;0.05;192;1
;3400930191057;;ARROW GÉNÉRIQUES - SAG /GEODIS-PHARMALOG;Non renseigné;PARACETAMOL ARROW LAB 500 mg Gél Fl/16;0.021;0.74;0.025;140;1
;3400930191071;;ARROW GÉNÉRIQUES - SAG /GEODIS-PHARMALOG;Non renseigné;PARACETAMOL ARROW LAB 300 mg Pdr sol buv 12Sach;0.021;0.94;0;84;1
;3400930192214;;ARROW GÉNÉRIQUES - SAG /GEODIS-PHARMALOG;Non renseigné;ABACAVIR ARROW 300 mg Cpr pell séc Plq/60;0.021;71.25;0.2;1;1
;3400930193532;;ARROW GÉNÉRIQUES - SAG /GEODIS-PHARMALOG;Non renseigné;MIDODRINE ARROW 2,5 mg Cpr Plq/30;0.021;4.02;0.2;1;1
;3400930193549;;ARROW GÉNÉRIQUES - SAG /GEODIS-PHARMALOG;Non renseigné;MIDODRINE ARROW 2,5 mg Cpr Plq/90;0.021;12.06;0.2;1;1
;3400930193679;;ARROW GÉNÉRIQUES - SAG /GEODIS-PHARMALOG;Non renseigné;AMISULPRIDE ARROW LAB 100 mg Cpr séc Plq PVC/alu/30;0.021;5.61;0.3;1;1
;3400930193792;;ARROW GÉNÉRIQUES - SAG /GEODIS-PHARMALOG;Non renseigné;AMISULPRIDE ARROW LAB 200 mg Cpr séc Plq PVC/alu/60;0.021;21.84;0.3;1;1
;3400930193891;;ARROW GÉNÉRIQUES - SAG /GEODIS-PHARMALOG;Non renseigné;AMISULPRIDE ARROW LAB 400 mg Cpr pell séc Plq PVC/alu/30;0.021;7.92;0.3;1;1
;3400930194843;;ARROW GÉNÉRIQUES - SAG /GEODIS-PHARMALOG;Non renseigné;TOPIRAMATE ARROW LAB 200 mg Cpr pell Plq/30;0.021;6.72;0.3;1;1
;3400930194850;;ARROW GÉNÉRIQUES - SAG /GEODIS-PHARMALOG;Non renseigné;TOPIRAMATE ARROW LAB 100 mg Cpr pell Plq/30;0.021;6.72;0.3;1;1
;3400930194867;;ARROW GÉNÉRIQUES - SAG /GEODIS-PHARMALOG;Non renseigné;TOPIRAMATE ARROW LAB 50 mg Cpr pell Plq/30;0.021;4.01;0.2;1;1
;3400930198667;;ARROW GÉNÉRIQUES - SAG /GEODIS-PHARMALOG;Non renseigné;EMTRICITABINE/TENOFOVIR DISOPROXIL ARROW 200 mg/245 mg Cpr pell Plq/30;0.021;90.44;0.3;24;1
;3400930199671;;ARROW GÉNÉRIQUES - SAG /GEODIS-PHARMALOG;Non renseigné;ENOXAPARINE ARROW 2000 UI (20 mg)/0,2 ml S inj en seringue préremplie 6Ser;0.021;11.21;0;1;1
;3400930199718;;ARROW GÉNÉRIQUES - SAG /GEODIS-PHARMALOG;Non renseigné;ENOXAPARINE ARROW 4000 UI (40 mg)/0,4 ml S inj en seringue préremplie 2Ser;0.021;7.48;0;108;1
;3400930199725;;ARROW GÉNÉRIQUES - SAG /GEODIS-PHARMALOG;Non renseigné;ENOXAPARINE ARROW 4000 UI (40 mg)/0,4 ml S inj en seringue préremplie 6Ser;0.021;22.43;0;48;1
;3400930200919;;ARROW GÉNÉRIQUES - SAG /GEODIS-PHARMALOG;Non renseigné;BISOPROLOL/HYDROCHLOROTHIAZIDE ARROW LAB 2,5 mg/6,25 mg Cpr pell Plq/30;0.021;2.25;0.3;1;1
;3400930200926;;ARROW GÉNÉRIQUES - SAG /GEODIS-PHARMALOG;Non renseigné;BISOPROLOL/HYDROCHLOROTHIAZIDE ARROW LAB 2,5 mg/6,25 mg Cpr pell Plq/90;0.021;6.43;0.3;1;1
;3400930200933;;ARROW GÉNÉRIQUES - SAG /GEODIS-PHARMALOG;Non renseigné;BISOPROLOL/HYDROCHLOROTHIAZIDE ARROW LAB 5 mg/6,25 mg Cpr pell Plq/30;0.021;2.25;0.3;1;1
;3400930200940;;ARROW GÉNÉRIQUES - SAG /GEODIS-PHARMALOG;Non renseigné;BISOPROLOL/HYDROCHLOROTHIAZIDE ARROW LAB 5 mg/6,25 mg Cpr pell Plq/90;0.021;6.43;0.3;1;1
;3400930200957;;ARROW GÉNÉRIQUES - SAG /GEODIS-PHARMALOG;Non renseigné;BISOPROLOL/HYDROCHLOROTHIAZIDE ARROW LAB 10 mg/6,25 mg Cpr pell Plq/30;0.021;2.25;0.3;1;1
;3400930200964;;ARROW GÉNÉRIQUES - SAG /GEODIS-PHARMALOG;Non renseigné;BISOPROLOL/HYDROCHLOROTHIAZIDE ARROW LAB 10 mg/6,25 mg Cpr pell Plq/90;0.021;6.43;0.3;1;1
;3400930200971;;ARROW GÉNÉRIQUES - SAG /GEODIS-PHARMALOG;Non renseigné;ACIDE URSODESOXYCHOLIQUE ARROW 500 mg Cpr pell séc Plq/60;0.021;27.94;0.2;1;1
;3400930201343;;ARROW GÉNÉRIQUES - SAG /GEODIS-PHARMALOG;Non renseigné;ENOXAPAR ARRW 10000UI(100mg)/1ml S inj 10Ser;0.021;60.03;0;1;1
;3400930201428;;ARROW GÉNÉRIQUES - SAG /GEODIS-PHARMALOG;Non renseigné;ENOXAPARINE ARROW 8000 UI (80 mg)/0,8 ml S inj en seringue préremplie 2Ser;0.021;9.66;0;1;1
;3400930201459;;ARROW GÉNÉRIQUES - SAG /GEODIS-PHARMALOG;Non renseigné;ENOXAPARINE ARROW 8000 UI (80 mg)/0,8 ml S inj en seringue préremplie 10Ser;0.021;48.25;0;1;1
;3400930201749;;ARROW GÉNÉRIQUES - SAG /GEODIS-PHARMALOG;Non renseigné;ENOXAPARINE ARROW 6000 UI (60 mg)/0,6 ml S inj en seringue préremplie 2Ser;0.021;8.62;0;1;1
;3400930201763;;ARROW GÉNÉRIQUES - SAG /GEODIS-PHARMALOG;Non renseigné;ENOXAPARINE ARROW 6000 UI (60 mg)/0,6 ml S inj en seringue préremplie 10Ser;0.021;43.1;0;1;1
;3400930201824;;ARROW GÉNÉRIQUES - SAG /GEODIS-PHARMALOG;Non renseigné;TIXOCORTOL ARROW 1 % Susp nas Fl/10ml;0.021;1.29;0.025;144;1
;3400930203132;;ARROW GÉNÉRIQUES - SAG /GEODIS-PHARMALOG;Non renseigné;URAPIDIL ARROW LP 60 mg Gél LP Fl/30;0.021;4.04;0.2;144;1
;3400930203187;;ARROW GÉNÉRIQUES - SAG /GEODIS-PHARMALOG;Non renseigné;URAPIDIL ARROW LP 30 mg Gél LP Fl/30;0.021;2.02;0.2;144;1
;3400930205631;;ARROW GÉNÉRIQUES - SAG /GEODIS-PHARMALOG;Non renseigné;FLUCONAZOLE ARROW LAB 50 mg Gél Plq/7;0.021;5.73;0.3;1;1
;3400930205686;;ARROW GÉNÉRIQUES - SAG /GEODIS-PHARMALOG;Non renseigné;FLUCONAZOLE ARROW LAB 100 mg Gél Plq/7;0.021;8.78;0.3;1;1
;3400930205730;;ARROW GÉNÉRIQUES - SAG /GEODIS-PHARMALOG;Non renseigné;FLUCONAZOLE ARROW LAB 200 mg Gél Plq/7;0.021;16.65;0.3;1;1
;3400930205808;;ARROW GÉNÉRIQUES - SAG /GEODIS-PHARMALOG;Non renseigné;FLUCONAZOLE ARROW LAB 150 mg Gél Plq;0.021;1.81;0.1;1;1
;3400930205822;;ARROW GÉNÉRIQUES - SAG /GEODIS-PHARMALOG;Non renseigné;FLUCONAZOLE ARROW LAB 150 mg Gél Plq/4;0.021;7.84;0.025;1;1
;3400930205853;;ARROW GÉNÉRIQUES - SAG /GEODIS-PHARMALOG;Non renseigné;TRAVOPROST/TIMOLOL ARROW 40 µg/ml/5 mg/ml Collyre sol Fl;0.021;4.2;0.3;1;1
;3400930208458;;ARROW GÉNÉRIQUES - SAG /GEODIS-PHARMALOG;Non renseigné;RACECADOTRIL ARROW 100 mg Gél Plq/20;0.021;2.93;0.2;1;1
;3400930208793;;ARROW GÉNÉRIQUES - SAG /GEODIS-PHARMALOG;Non renseigné;ALG SOD/BIC ARRW 500mg/267mgp10ml 24Sach/10ml;0.021;2.34;0.025;18;1
;3400930208854;;ARROW GÉNÉRIQUES - SAG /GEODIS-PHARMALOG;Non renseigné;ASPIRINE ARROW 100 mg Cpr gastro-rés Plq/30;0.021;1.21;0.025;80;1
;3400930210178;;ARROW GÉNÉRIQUES - SAG /GEODIS-PHARMALOG;Non renseigné;TELMISARTAN/AMLODIPINE ARROW 40 mg/5 mg Cpr Plq/30;0.021;3.39;0.025;1;1
;3400930210185;;ARROW GÉNÉRIQUES - SAG /GEODIS-PHARMALOG;Non renseigné;TELMISARTAN/AMLODIPINE ARROW 40 mg/10 mg Cpr Plq/30;0.021;3.39;0.025;1;1
;3400930210192;;ARROW GÉNÉRIQUES - SAG /GEODIS-PHARMALOG;Non renseigné;TELMISARTAN/AMLODIPINE ARROW 80 mg/5 mg Cpr Plq/30;0.021;3.39;0.025;1;1
;3400930210215;;ARROW GÉNÉRIQUES - SAG /GEODIS-PHARMALOG;Non renseigné;TELMISARTAN/AMLODIPINE ARROW 80 mg/10 mg Cpr Plq/30;0.021;3.39;0.025;1;1
;3400930211441;;ARROW GÉNÉRIQUES - SAG /GEODIS-PHARMALOG;Non renseigné;ACARBOSE ARROW 50 mg Cpr Plq PVC/PE/PVDC/Alu/90;0.021;6.98;0.2;1;1
;3400930211465;;ARROW GÉNÉRIQUES - SAG /GEODIS-PHARMALOG;Non renseigné;ACARBOSE ARROW 100 mg Cpr séc Plq PVC/PE/PVDC/Alu/90;0.021;9.5;0.2;1;1
;3400930212691;;ARROW GÉNÉRIQUES - SAG /GEODIS-PHARMALOG;Non renseigné;FLUCONAZOLE ARROW LAB 200 mg Gél Plq/30;0.021;67.35;0.3;1;1
;3400930217191;;ARROW GÉNÉRIQUES - SAG /GEODIS-PHARMALOG;Non renseigné;LETROZOLE ARROW LAB 2,5 mg Cpr pell Plq/30;0.021;19.53;0.3;154;1
;3400930217726;;ARROW GÉNÉRIQUES - SAG /GEODIS-PHARMALOG;Non renseigné;LAMIVUDINE ARROW 100 mg Cpr pell Plq/28;0.021;28.06;0.025;1;1
;3400930218365;;ARROW GÉNÉRIQUES - SAG /GEODIS-PHARMALOG;Non renseigné;PERINDOPRIL TERT-BUTYLAMINE/AMLODIPINE ARROW 4 mg/5 mg Cpr Plq/30;0.021;4.35;0.2;1;1
;3400930218372;;ARROW GÉNÉRIQUES - SAG /GEODIS-PHARMALOG;Non renseigné;PERINDOPRIL TERT-BUTYLAMINE/AMLODIPINE ARROW 4 mg/5 mg Cpr Plq/90;0.021;12.4;0.2;1;1
;3400930218402;;ARROW GÉNÉRIQUES - SAG /GEODIS-PHARMALOG;Non renseigné;PERINDOPRIL TERT-BUTYLAMINE/AMLODIPINE ARROW 4 mg/10 mg Cpr Plq/30;0.021;4.35;0.2;1;1
;3400930218419;;ARROW GÉNÉRIQUES - SAG /GEODIS-PHARMALOG;Non renseigné;PERINDOPRIL TERT-BUTYLAMINE/AMLODIPINE ARROW 4 mg/10 mg Cpr Plq/90;0.021;12.4;0.2;1;1
;3400930218464;;ARROW GÉNÉRIQUES - SAG /GEODIS-PHARMALOG;Non renseigné;PERINDOPRIL TERT-BUTYLAMINE/AMLODIPINE ARROW 8 mg/5 mg Cpr Plq/30;0.021;5.92;0.2;1;1
;3400930218488;;ARROW GÉNÉRIQUES - SAG /GEODIS-PHARMALOG;Non renseigné;PERINDOPRIL TERT-BUTYLAMINE/AMLODIPINE ARROW 8 mg/5 mg Cpr Plq/90;0.021;16.87;0.2;1;1
;3400930218495;;ARROW GÉNÉRIQUES - SAG /GEODIS-PHARMALOG;Non renseigné;PERINDOPRIL TERT-BUTYLAMINE/AMLODIPINE ARROW 8 mg/10 mg Cpr Plq/30;0.021;5.92;0.2;1;1
;3400930218501;;ARROW GÉNÉRIQUES - SAG /GEODIS-PHARMALOG;Non renseigné;PERINDOPRIL TERT-BUTYLAMINE/AMLODIPINE ARROW 8 mg/10 mg Cpr Plq/90;0.021;16.87;0.2;1;1
;3400930218525;;ARROW GÉNÉRIQUES - SAG /GEODIS-PHARMALOG;Non renseigné;TAMSULOSINE ARROW LP 0,4 mg Cpr LP Plq/30;0.021;2.63;0.3;1;1
;3400930218655;;ARROW GÉNÉRIQUES - SAG /GEODIS-PHARMALOG;Non renseigné;IBUPROFENE ARROW LAB 200 mg Cpr enr Plq/30;0.021;0.74;0.2;147;1
;3400930218730;;ARROW GÉNÉRIQUES - SAG /GEODIS-PHARMALOG;Non renseigné;ANASTROZOLE ARROW LAB 1 mg Cpr pell Plq/30;0.021;14.61;0.3;1;1
;3400930218747;;ARROW GÉNÉRIQUES - SAG /GEODIS-PHARMALOG;Non renseigné;ANASTROZOLE ARROW LAB 1 mg Cpr pell Plq/90;0.021;41.63;0.3;1;1
;3400930222133;;ARROW GÉNÉRIQUES - SAG /GEODIS-PHARMALOG;Non renseigné;NEVIRAPINE ARROW LP 400 mg Cpr LP Plq/30;0.021;19.92;0.4;1;1
;3400930222713;;ARROW GÉNÉRIQUES - SAG /GEODIS-PHARMALOG;Non renseigné;TELMISARTAN/AMLODIPINE ARROW 40 mg/5 mg Cpr Plq/90;0.021;10.18;0.025;1;1
;3400930222720;;ARROW GÉNÉRIQUES - SAG /GEODIS-PHARMALOG;Non renseigné;TELMISARTAN/AMLODIPINE ARROW 40 mg/10 mg Cpr Plq/90;0.021;10.18;0.025;1;1
;3400930222737;;ARROW GÉNÉRIQUES - SAG /GEODIS-PHARMALOG;Non renseigné;TELMISARTAN/AMLODIPINE ARROW 80 mg/5 mg Cpr Plq/90;0.021;10.18;0.025;1;1
;3400930222744;;ARROW GÉNÉRIQUES - SAG /GEODIS-PHARMALOG;Non renseigné;TELMISARTAN/AMLODIPINE ARROW 80 mg/10 mg Cpr Plq/90;0.021;10.18;0.025;40;1
;3400930222751;;ARROW GÉNÉRIQUES - SAG /GEODIS-PHARMALOG;Non renseigné;PROPIO FLUT ARRW 100µg/50µg/d Pd inh 1x60Unid;0.021;13.45;0.025;1;1
;3400930222768;;ARROW GÉNÉRIQUES - SAG /GEODIS-PHARMALOG;Non renseigné;PROPIO FLUT ARRW 250µg/50µg/dose Pdr 60unid;0.021;15.77;0.025;18;1
;3400930222775;;ARROW GÉNÉRIQUES - SAG /GEODIS-PHARMALOG;Non renseigné;PROPIO FLUT ARRW 500µg/50µg/dose Pdr 1x60Unid;0.021;17.65;0.025;18;1
;3400930226308;;ARROW GÉNÉRIQUES - SAG /GEODIS-PHARMALOG;Non renseigné;ENALAPRIL/LERCANIDIPINE ARROW 20 mg/20 mg Cpr pell Plq/30;0.021;4.57;0.1;1;1
;3400930226315;;ARROW GÉNÉRIQUES - SAG /GEODIS-PHARMALOG;Non renseigné;ENALAPRIL/LERCANIDIPINE ARROW 20 mg/20 mg Cpr pell Plq/90;0.021;13.02;0.1;1;1
;3400930226711;;ARROW GÉNÉRIQUES - SAG /GEODIS-PHARMALOG;Non renseigné;ROPINIROLE ARROW GENERIQUES 0,50 mg Cpr pell B/21;0.021;2.14;0.2;1;1
;3400930226728;;ARROW GÉNÉRIQUES - SAG /GEODIS-PHARMALOG;Non renseigné;ROPINIROLE ARROW GENERIQUES 1 mg Cpr pell B/21;0.021;3.38;0.2;1;1
;3400930226735;;ARROW GÉNÉRIQUES - SAG /GEODIS-PHARMALOG;Non renseigné;ROPINIROLE ARROW GENERIQUES 2 mg Cpr pell B/21;0.021;5.39;0.2;1;1
;3400930228111;;ARROW GÉNÉRIQUES - SAG /GEODIS-PHARMALOG;Non renseigné;BORAX/AC BOR ARRW 12mg/18mg/ml Sla 20Unid/5ml;0.021;1.36;0.025;42;1
;3400930229620;;ARROW GÉNÉRIQUES - SAG /GEODIS-PHARMALOG;Non renseigné;LACOSAMIDE ARROW 50 mg Cpr pell Plq/56;0.021;7.13;0.3;1;1
;3400930229637;;ARROW GÉNÉRIQUES - SAG /GEODIS-PHARMALOG;Non renseigné;LACOSAMIDE ARROW 100 mg Cpr pell séc Plq/56;0.021;14.27;0.3;1;1
;3400930229644;;ARROW GÉNÉRIQUES - SAG /GEODIS-PHARMALOG;Non renseigné;LACOSAMIDE ARROW 150 mg Cpr pell séc Plq/56;0.021;21.41;0.3;1;1
;3400930229651;;ARROW GÉNÉRIQUES - SAG /GEODIS-PHARMALOG;Non renseigné;LACOSAMIDE ARROW 200 mg Cpr pell séc Plq/56;0.021;28.54;0.3;1;1
;3400930232163;;ARROW GÉNÉRIQUES - SAG /GEODIS-PHARMALOG;Non renseigné;DEFERASIROX ARROW 90 mg Cpr pell Plq PVC/alu/30;0.021;39.95;0.3;1;1
;3400930232217;;ARROW GÉNÉRIQUES - SAG /GEODIS-PHARMALOG;Non renseigné;DEFERASIROX ARROW 360 mg Cpr pell Plq PVC/alu/30;0.021;159.8;0.3;1;1
;3400930233948;;ARROW GÉNÉRIQUES - SAG /GEODIS-PHARMALOG;Non renseigné;SUMATRIPTAN ARROW 50 mg Cpr Plq/6;0.021;5.28;0.2;1;1
;3400930234075;;ARROW GÉNÉRIQUES - SAG /GEODIS-PHARMALOG;Non renseigné;CEFIXIME ARROW 100 mg/5 ml Pdr susp buv en flacon enfants Fl/60ml;0.021;4.28;0;90;1
;3400930235522;;ARROW GÉNÉRIQUES - SAG /GEODIS-PHARMALOG;Non renseigné;RITONAVIR ARROW 100 mg Cpr pell Plq/30;0.021;6.93;0.05;1;1
;3400930236864;;ARROW GÉNÉRIQUES - SAG /GEODIS-PHARMALOG;Non renseigné;CHLORHEXIDINE ARROW 0,12 % S bain bouche Fl/200ml;0.021;1.66;0.025;20;1
;3400930237625;;ARROW GÉNÉRIQUES - SAG /GEODIS-PHARMALOG;Non renseigné;PIPERACILLINE/TAZOBACTAM ARROW 2 g/250 mg Pdr sol perf Fl;0.021;3.48;0.2;1;1
;3400930237663;;ARROW GÉNÉRIQUES - SAG /GEODIS-PHARMALOG;Non renseigné;PIPERACILLINE/TAZOBACTAM ARROW 4 g/500 mg Pdr sol perf Fl;0.021;5.25;0.3;120;1
;3400930237786;;ARROW GÉNÉRIQUES - SAG /GEODIS-PHARMALOG;Non renseigné;MONTELUKAST ARROW LAB 4 mg Glé en sachet-dose Sach/28;0.021;5.24;0.3;1;1
;3400930239919;;ARROW GÉNÉRIQUES - SAG /GEODIS-PHARMALOG;Non renseigné;QUETIAPINE ARROW LAB LP 50 mg Cpr LP Plq/30;0.021;5;0.3;112;1
;3400930240007;;ARROW GÉNÉRIQUES - SAG /GEODIS-PHARMALOG;Non renseigné;QUETIAPINE ARROW LAB LP 300 mg Cpr LP Plq/60;0.021;17.74;0.3;64;1
;3400930240038;;ARROW GÉNÉRIQUES - SAG /GEODIS-PHARMALOG;Non renseigné;QUETIAPINE ARROW LAB LP 400 mg Cpr LP Plq/30;0.021;13.17;0.3;1;1
;3400930242940;;ARROW GÉNÉRIQUES - SAG /GEODIS-PHARMALOG;Non renseigné;CICLOPIROX OLAMINE ARROW 1 % Cr T/30g;0.021;1.89;0.025;1;1
;3400930246535;;ARROW GÉNÉRIQUES - SAG /GEODIS-PHARMALOG;Non renseigné;TELMISARTAN ARROW 40 mg Cpr séc Plq/30;0.021;2.1;0.3;140;1
;3400930246542;;ARROW GÉNÉRIQUES - SAG /GEODIS-PHARMALOG;Non renseigné;TELMISARTAN ARROW 40 mg Cpr séc Plq/90;0.021;6.3;0.3;1;1
;3400930246559;;ARROW GÉNÉRIQUES - SAG /GEODIS-PHARMALOG;Non renseigné;TELMISARTAN ARROW 80 mg Cpr séc Plq/30;0.021;2.1;0.3;1;1
;3400930246573;;ARROW GÉNÉRIQUES - SAG /GEODIS-PHARMALOG;Non renseigné;TELMISARTAN ARROW 80 mg Cpr séc Plq/90;0.021;6.3;0.3;1;1
;3400930246979;;ARROW GÉNÉRIQUES - SAG /GEODIS-PHARMALOG;Non renseigné;AMLODIPINE ARROW 10 mg Gél Fl PEHD/30;0.021;1.94;0.2;1;1
;3400930246986;;ARROW GÉNÉRIQUES - SAG /GEODIS-PHARMALOG;Non renseigné;AMLODIPINE ARROW 5 mg Gél Fl PEHD/30;0.021;1.94;0.2;108;1
;3400930250594;;ARROW GÉNÉRIQUES - SAG /GEODIS-PHARMALOG;Non renseigné;ZONISAMIDE ARROW 25 mg Gél Plq/14;0.021;2.18;0.3;1;1
;3400930250617;;ARROW GÉNÉRIQUES - SAG /GEODIS-PHARMALOG;Non renseigné;ZONISAMIDE ARROW 100 mg Gél Plq/56;0.021;8.75;0;48;1
;3400930251546;;ARROW GÉNÉRIQUES - SAG /GEODIS-PHARMALOG;Non renseigné;ABIRATERONE ARROW 500 mg Cpr pell Plq/60;0.021;524.55;0.3;1;1
;3400930252635;;ARROW GÉNÉRIQUES - SAG /GEODIS-PHARMALOG;Non renseigné;FENOFIBRATE ARROW LAB 67 mg Gél Plq/60;0.021;2.13;0.3;1;1
;3400930252703;;ARROW GÉNÉRIQUES - SAG /GEODIS-PHARMALOG;Non renseigné;FENOFIBRATE ARROW LAB 200 mg Gél Plq/90;0.021;11.39;0.1;1;1
;3400930253069;;ARROW GÉNÉRIQUES - SAG /GEODIS-PHARMALOG;Non renseigné;VILDAGLIPTINE ARROW 50 mg Cpr Plq/30;0.021;3.26;0.025;1;1
;3400930254004;;ARROW GÉNÉRIQUES - SAG /GEODIS-PHARMALOG;Non renseigné;BETAHISTINE ARROW GENERIQUES 8 mg Cpr Plq/30;0.021;1.46;0.05;1;1
;3400930255131;;ARROW GÉNÉRIQUES - SAG /GEODIS-PHARMALOG;Non renseigné;FESOTERODINE ARROW LP 4 mg Cpr LP Plq/30;0.021;4.57;0.2;56;1
;3400930255148;;ARROW GÉNÉRIQUES - SAG /GEODIS-PHARMALOG;Non renseigné;FESOTERODINE ARROW LP 8 mg Cpr LP Plq/30;0.021;4.57;0.2;56;1
;3400930255216;;ARROW GÉNÉRIQUES - SAG /GEODIS-PHARMALOG;Non renseigné;SITAGLIPTINE ARROW 50 mg Cpr pell Plq/30;0.021;4.89;0.3;154;1
;3400930255223;;ARROW GÉNÉRIQUES - SAG /GEODIS-PHARMALOG;Non renseigné;SITAGLIPTINE ARROW 100 mg Cpr pell Plq/30;0.021;5.58;0.2;144;1
;3400930258378;;ARROW GÉNÉRIQUES - SAG /GEODIS-PHARMALOG;Non renseigné;VILDAGLIPTINE ARROW 50 mg Cpr B/60;0.021;5.34;0.2;1;1
;3400930259108;;ARROW GÉNÉRIQUES - SAG /GEODIS-PHARMALOG;Non renseigné;CYAMEMAZINE ARROW 25 mg Cpr pell séc Plq/30;0.021;2.33;0.2;240;1
;3400930259122;;ARROW GÉNÉRIQUES - SAG /GEODIS-PHARMALOG;Non renseigné;CYAMEMAZINE ARROW 100 mg Cpr pell séc Plq/25;0.021;7.29;0.025;1;1
;3400930262405;;ARROW GÉNÉRIQUES - SAG /GEODIS-PHARMALOG;Non renseigné;FENOFIBRATE ARROW 145 mg Cpr pell Plq/30;0.021;2.95;0.3;1;1
;3400930262412;;ARROW GÉNÉRIQUES - SAG /GEODIS-PHARMALOG;Non renseigné;FENOFIBRATE ARROW 145 mg Cpr pell Plq/90;0.021;8.43;0.3;54;1
;3400930262788;;ARROW GÉNÉRIQUES - SAG /GEODIS-PHARMALOG;Non renseigné;ELETRIPTAN QUIVER LAB 20 mg Cpr pell Plq PVC/PVDC/Alu/6;0.021;4.49;0.2;1;1
;3400930262931;;ARROW GÉNÉRIQUES - SAG /GEODIS-PHARMALOG;Non renseigné;ELETRIPTAN QUIVER LAB 40 mg Cpr pell séc Plq PVC/PVDC/Alu/6;0.021;4.49;0.2;1;1
;3400930262948;;ARROW GÉNÉRIQUES - SAG /GEODIS-PHARMALOG;Non renseigné;ELETRIPTAN QUIVER LAB 40 mg Cpr pell séc Plq PVC/PVDC/Alu/10;0.021;7.48;0.2;1;1
;3400930265260;;ARROW GÉNÉRIQUES - SAG /GEODIS-PHARMALOG;Non renseigné;SITAGLIPTINE/METFORMINE ARROW LAB 50 mg/1000 mg Cpr pell Plq/60;0.021;6.81;0.025;48;1
;3400930266717;;ARROW GÉNÉRIQUES - SAG /GEODIS-PHARMALOG;Non renseigné;ESLICARBAZEPINE ARROW 800 mg Cpr séc Plq/30;0.021;24.86;0.025;66;1
;3400930268032;;ARROW GÉNÉRIQUES - SAG /GEODIS-PHARMALOG;Non renseigné;TRAMADOL ARROW 50 mg Cpr Plq/10;0.021;1.05;0;1;1
;3400930268087;;ARROW GÉNÉRIQUES - SAG /GEODIS-PHARMALOG;Non renseigné;MANIDIPINE ARROW 10 mg Cpr séc Plq/30;0.021;3.15;0.3;1;1
;3400930268094;;ARROW GÉNÉRIQUES - SAG /GEODIS-PHARMALOG;Non renseigné;MANIDIPINE ARROW 10 mg Cpr séc Plq/90;0.021;9.45;0.3;1;1
;3400930268117;;ARROW GÉNÉRIQUES - SAG /GEODIS-PHARMALOG;Non renseigné;MANIDIPINE ARROW 20 mg Cpr séc Plq/30;0.021;3.15;0.3;1;1
;3400930268124;;ARROW GÉNÉRIQUES - SAG /GEODIS-PHARMALOG;Non renseigné;MANIDIPINE ARROW 20 mg Cpr séc Plq/90;0.021;9.45;0.3;1;1
;3400930270530;;ARROW GÉNÉRIQUES - SAG /GEODIS-PHARMALOG;Non renseigné;FIXICAL 500 mg Cpr à croquer/sucer Pilul/60;0.021;4.62;0;1;1
;3400930270547;;ARROW GÉNÉRIQUES - SAG /GEODIS-PHARMALOG;Non renseigné;FIXICAL VITAMINE D3 500 mg/400 UI Cpr à croquer/sucer Pilulier/60;0.021;4.62;0;1;1
;3400930270561;;ARROW GÉNÉRIQUES - SAG /GEODIS-PHARMALOG;Non renseigné;ALPRAZOLAM ARROW LAB 0,50 mg Cpr séc Plq/30;0.021;0.84;0.3;210;1
;3400930271278;;ARROW GÉNÉRIQUES - SAG /GEODIS-PHARMALOG;Non renseigné;ALPRAZOLAM ARROW LAB 0,25 mg Cpr séc Plq/30;0.021;0.66;0.2;210;1
;3400930274095;;ARROW GÉNÉRIQUES - SAG /GEODIS-PHARMALOG;Non renseigné;METOPIMAZ ARRW 7,5mg Cpr orod s sucre Plq/16;0.021;1.32;0;240;1
;3400930274217;;ARROW GÉNÉRIQUES - SAG /GEODIS-PHARMALOG;Non renseigné;ESOMEPRAZOLE ARROW LAB 20 mg Gél gastro-rés Plq/14;0.021;1.12;0.3;1;1
;3400930274224;;ARROW GÉNÉRIQUES - SAG /GEODIS-PHARMALOG;Non renseigné;ESOMEPRAZOLE ARROW LAB 20 mg Gél gastro-rés Plq/28;0.021;2.24;0.3;60;1
;3400930274262;;ARROW GÉNÉRIQUES - SAG /GEODIS-PHARMALOG;Non renseigné;ESOMEPRAZOLE ARROW LAB 40 mg Gél gastro-rés Plq/14;0.021;1.12;0.3;1;1
;3400930274279;;ARROW GÉNÉRIQUES - SAG /GEODIS-PHARMALOG;Non renseigné;ESOMEPRAZOLE ARROW LAB 40 mg Gél gastro-rés Plq/28;0.021;2.24;0.3;60;1
;3400930276853;;ARROW GÉNÉRIQUES - SAG /GEODIS-PHARMALOG;Non renseigné;ALFUZOSINE ARROW LP 10 mg Cpr pell LP Plq/30;0.021;5.13;0.3;60;1
;3400930277867;;ARROW GÉNÉRIQUES - SAG /GEODIS-PHARMALOG;Non renseigné;ASPIRINE ARROW 75 mg Cpr gastro-rés Plq/30;0.021;1.21;0.025;1;1
;3400930278079;;ARROW GÉNÉRIQUES - SAG /GEODIS-PHARMALOG;Non renseigné;AMOX/AC CLAV ARRW 1g/125mg Pdr subu 8Sach;0.021;3.75;0.05;144;1
;3400930278086;;ARROW GÉNÉRIQUES - SAG /GEODIS-PHARMALOG;Non renseigné;AMOX/AC CLAV ARRW 1g/125mg Pdr sub 12Sach;0.021;4.71;0.05;112;1
;3400930278208;;ARROW GÉNÉRIQUES - SAG /GEODIS-PHARMALOG;Non renseigné;ROTIGOTINE ARROW 2 mg/24 h Disp transderm Sach/30;0.021;25.32;0.025;1;1
;3400930278253;;ARROW GÉNÉRIQUES - SAG /GEODIS-PHARMALOG;Non renseigné;ROTIGOTINE ARROW 4 mg/24 h Disp transderm Sach/30;0.021;36.3;0.025;1;1
;3400930278291;;ARROW GÉNÉRIQUES - SAG /GEODIS-PHARMALOG;Non renseigné;ROTIGOTINE ARROW 6 mg/24 h Disp transderm Sach/30;0.021;47.27;0.025;1;1
;3400930278338;;ARROW GÉNÉRIQUES - SAG /GEODIS-PHARMALOG;Non renseigné;ROTIGOTINE ARROW 8 mg/24 h Disp transderm Sach/30;0.021;58.07;0.025;1;1
;3400930280560;;ARROW GÉNÉRIQUES - SAG /GEODIS-PHARMALOG;Non renseigné;CABERGOLINE ARROW 0,5 mg Cpr séc Fl/8;0.021;12.31;0.4;1;1
;3400930280881;;ARROW GÉNÉRIQUES - SAG /GEODIS-PHARMALOG;Non renseigné;HYDROCORTISONE ARROW 10 mg Cpr séc Plq/25;0.021;1.33;0;150;1
;3400930282403;;ARROW GÉNÉRIQUES - SAG /GEODIS-PHARMALOG;Non renseigné;NEFOPAM ARROW 20 mg/2 ml S inj 5Amp/2ml;0.021;1.42;0.3;144;1
;3400930286180;;ARROW GÉNÉRIQUES - SAG /GEODIS-PHARMALOG;Non renseigné;PHLOROGLUCINOL ARROW 160 mg Cpr orodisp Plq/5;0.021;1.12;0;180;1
;3400930289532;;ARROW GÉNÉRIQUES - SAG /GEODIS-PHARMALOG;Non renseigné;ASPIRINE ARROW 75 mg Cpr gastro-rés Plq/90;0.021;3.63;0.025;250;1
;3400930290316;;ARROW GÉNÉRIQUES - SAG /GEODIS-PHARMALOG;Non renseigné;OMEPRAZOLE ARROW 10 mg Gél gastro-rés Plq/14;0.021;0.72;0.3;1;1
;3400930290323;;ARROW GÉNÉRIQUES - SAG /GEODIS-PHARMALOG;Non renseigné;OMEPRAZOLE ARROW 10 mg Gél gastro-rés Plq/28;0.021;1.45;0.3;252;1
;3400930290347;;ARROW GÉNÉRIQUES - SAG /GEODIS-PHARMALOG;Non renseigné;OMEPRAZOLE ARROW 20 mg Gél gastro-rés Plq/7;0.021;0.54;0.025;1;1
;3400930290354;;ARROW GÉNÉRIQUES - SAG /GEODIS-PHARMALOG;Non renseigné;OMEPRAZOLE ARROW 20 mg Gél gastro-rés Plq/14;0.021;0.76;0.3;1;1
;3400930290361;;ARROW GÉNÉRIQUES - SAG /GEODIS-PHARMALOG;Non renseigné;OMEPRAZOLE ARROW 20 mg Gél gastro-rés Plq/28;0.021;1.54;0.3;252;1
;3400930294604;;ARROW GÉNÉRIQUES - SAG /GEODIS-PHARMALOG;Non renseigné;FEXOFENADINE ARROW 120 mg Cpr pell Plq/15;0.021;1.84;0.025;1;1
;3400930294611;;ARROW GÉNÉRIQUES - SAG /GEODIS-PHARMALOG;Non renseigné;FEXOFENADINE ARROW 180 mg Cpr pell Plq/15;0.021;2.01;0;1;1
;3400930295311;;ARROW GÉNÉRIQUES - SAG /GEODIS-PHARMALOG;Non renseigné;LOXAPINE ARROW 50 mg Cpr pell séc Plq/30;0.021;4.52;0;1;1
;3400930295793;;ARROW GÉNÉRIQUES - SAG /GEODIS-PHARMALOG;Non renseigné;EZETIMIBE/ATORVASTATINE ARROW 10 mg/10 mg Cpr pell Plq/30;0.021;5.88;0.3;1;1
;3400930295816;;ARROW GÉNÉRIQUES - SAG /GEODIS-PHARMALOG;Non renseigné;EZETIMIBE/ATORVASTATINE ARROW 10 mg/10 mg Cpr pell Plq/90;0.021;17.64;0.3;1;1
;3400930295847;;ARROW GÉNÉRIQUES - SAG /GEODIS-PHARMALOG;Non renseigné;EZETIMIBE/ATORVASTATINE ARROW 10 mg/20 mg Cpr pell Plq/30;0.021;5.88;0.3;225;1
;3400930295854;;ARROW GÉNÉRIQUES - SAG /GEODIS-PHARMALOG;Non renseigné;EZETIMIBE/ATORVASTATINE ARROW 10 mg/20 mg Cpr pell Plq/90;0.021;17.64;0.3;1;1
;3400930295878;;ARROW GÉNÉRIQUES - SAG /GEODIS-PHARMALOG;Non renseigné;EZETIMIBE/ATORVASTATINE ARROW 10 mg/40 mg Cpr pell Plq/30;0.021;5.88;0.3;80;1
;3400930295885;;ARROW GÉNÉRIQUES - SAG /GEODIS-PHARMALOG;Non renseigné;EZETIMIBE/ATORVASTATINE ARROW 10 mg/40 mg Cpr pell Plq/90;0.021;17.64;0.3;1;1
;3400930295908;;ARROW GÉNÉRIQUES - SAG /GEODIS-PHARMALOG;Non renseigné;EZETIMIBE/ATORVASTATINE ARROW 10 mg/80 mg Cpr pell Plq/30;0.021;5.88;0.3;80;1
;3400930295915;;ARROW GÉNÉRIQUES - SAG /GEODIS-PHARMALOG;Non renseigné;EZETIMIBE/ATORVASTATINE ARROW 10 mg/80 mg Cpr pell Plq/90;0.021;17.64;0.3;48;1
;3400930297049;;ARROW GÉNÉRIQUES - SAG /GEODIS-PHARMALOG;Non renseigné;MYCOPHENOLATE MOFETIL ARROW 500 mg Cpr pell Plq/50;0.021;30.55;0.3;1;1
;3400930297810;;ARROW GÉNÉRIQUES - SAG /GEODIS-PHARMALOG;Non renseigné;LOXAPINE ARROW 25 mg Cpr pell Plq/30;0.021;2.48;0;120;1
;3400930302491;;ARROW GÉNÉRIQUES - SAG /GEODIS-PHARMALOG;Non renseigné;DIMETHYL FUMARATE ARROW 120 mg Gél gastro-rés Plq/14;0.021;49.83;0.3;1;1
;3400930303115;;ARROW GÉNÉRIQUES - SAG /GEODIS-PHARMALOG;Non renseigné;CLARITHROMYCINE ARROW LAB 500 mg Cpr pell Plq/10;0.021;4.63;0.3;1;1
;3400930304075;;ARROW GÉNÉRIQUES - SAG /GEODIS-PHARMALOG;Non renseigné;TERIFLUNOMIDE ARROW 14 mg Cpr pell Plq alu/28;0.021;155.16;0.3;1;1
;3400930318256;;ARROW GÉNÉRIQUES - SAG /GEODIS-PHARMALOG;Non renseigné;OMEPRAZOLE ARROW 10 mg Gél gastro-rés Fl PEHD/28;0.021;2.02;0.025;1;1
;3400930321782;;ARROW GÉNÉRIQUES - SAG /GEODIS-PHARMALOG;Non renseigné;TICAGRELOR ARROW 90 mg Cpr pell Plq/60;0.021;11.73;0.3;1;1
2165567;3400921655674;;ARROW GÉNÉRIQUES - SAG /GEODIS-PHARMALOG;Non renseigné;DOXAZOSINE ARROW LP 8 mg Cpr LP plq/28 calend;0.021;4.98;0;0;1
2171763;3400921717631;;ARROW GÉNÉRIQUES - SAG /GEODIS-PHARMALOG;Non renseigné;RISEDRONATE ARROW 35 mg Cpr pell Plq/4;0.021;5.29;0.3;1;1
2171792;3400921717921;;ARROW GÉNÉRIQUES - SAG /GEODIS-PHARMALOG;Non renseigné;RISEDRONATE ARROW 35 mg Cpr pell Plq/12;0.021;15.86;0.3;1;1
2176364;3400921763645;;ARROW GÉNÉRIQUES - SAG /GEODIS-PHARMALOG;Non renseigné;DESLORATADINE ARROW 0,5 mg/ml S buv Fl/150ml+ ser;0.021;1.53;0.025;30;1
2176571;3400921765717;;ARROW GÉNÉRIQUES - SAG /GEODIS-PHARMALOG;Non renseigné;BENAZEPRIL ARROW 5 mg Cpr pell séc Plq/30;0.021;2.93;0.025;0;1
2176619;3400921766196;;ARROW GÉNÉRIQUES - SAG /GEODIS-PHARMALOG;Non renseigné;BENAZEPRIL ARROW 5 mg Cpr pell séc Plq/90;0.021;8.78;0.025;0;1
2176772;3400921767728;;ARROW GÉNÉRIQUES - SAG /GEODIS-PHARMALOG;Non renseigné;BENAZEPRIL ARROW 10 mg Cpr pell séc Plq/30;0.021;2.93;0.025;0;1
2176826;3400921768268;;ARROW GÉNÉRIQUES - SAG /GEODIS-PHARMALOG;Non renseigné;BENAZEPRIL ARROW 10 mg Cpr pell séc Plq/90;0.021;8.78;0.025;0;1
2177613;3400921776133;;ARROW GÉNÉRIQUES - SAG /GEODIS-PHARMALOG;Non renseigné;LEVOFLOXACINE ARROW LAB 500 mg Cpr pell séc Plq/5;0.021;5.18;0.3;1;1
2184375;3400921843750;;ARROW GÉNÉRIQUES - SAG /GEODIS-PHARMALOG;Non renseigné;MIRTAZAPINE ARROW GENERIQUES 15 mg Cpr pell séc Plq/30;0.021;1.61;0.3;144;1
2184808;3400921848083;;ARROW GÉNÉRIQUES - SAG /GEODIS-PHARMALOG;Non renseigné;RABEPRAZOLE ARROW GENERIQUES 10 mg Cpr gastro-rés Plq/28;0.021;1.97;0.3;270;1
2185021;3400921850215;;ARROW GÉNÉRIQUES - SAG /GEODIS-PHARMALOG;Non renseigné;RABEPRAZOLE ARROW GENERIQUES 20 mg Cpr gastro-rés Plq/28;0.021;2.74;0.025;270;1
2187184;3400921871845;;ARROW GÉNÉRIQUES - SAG /GEODIS-PHARMALOG;Non renseigné;LOSARTAN/HYDROCHLOROTHIAZIDE ARROW LAB 50 mg/12,5 mg Cpr pell Plq/30;0.021;2.1;0.3;1;1
2187221;3400921872217;;ARROW GÉNÉRIQUES - SAG /GEODIS-PHARMALOG;Non renseigné;LOSARTAN/HYDROCHLOROTHIAZIDE ARROW LAB 50 mg/12,5 mg Cpr pell Plq/90;0.021;6.3;0.3;1;1
2187296;3400921872965;;ARROW GÉNÉRIQUES - SAG /GEODIS-PHARMALOG;Non renseigné;LOSARTAN/HYDROCHLOROTHIAZIDE ARROW LAB 100 mg/12,5 mg Cpr pell Plq/30;0.021;2.1;0.3;1;1
2187333;3400921873337;;ARROW GÉNÉRIQUES - SAG /GEODIS-PHARMALOG;Non renseigné;LOSARTAN/HYDROCHLOROTHIAZIDE ARROW LAB 100 mg/12,5 mg Cpr pell Plq/90;0.021;6.3;0.3;1;1
2187385;3400921873856;;ARROW GÉNÉRIQUES - SAG /GEODIS-PHARMALOG;Non renseigné;LOSARTAN/HYDROCHLOROTHIAZIDE ARROW LAB 100 mg/25 mg Cpr pell Plq/30;0.021;2.1;0.3;1;1
2187439;3400921874396;;ARROW GÉNÉRIQUES - SAG /GEODIS-PHARMALOG;Non renseigné;LOSARTAN/HYDROCHLOROTHIAZIDE ARROW LAB 100 mg/25 mg Cpr pell Plq/90;0.021;6.3;0.3;60;1
2196591;3400921965919;;ARROW GÉNÉRIQUES - SAG /GEODIS-PHARMALOG;Non renseigné;LAMOTRIGINE ARROW LAB 25 mg Cpr disp/croquer Plq/30;0.021;2.67;0.3;168;1
2196668;3400921966688;;ARROW GÉNÉRIQUES - SAG /GEODIS-PHARMALOG;Non renseigné;LAMOTRIGINE ARROW LAB 50 mg Cpr disp/croquer Plq/30;0.021;4.4;0.3;132;1
2196728;3400921967289;;ARROW GÉNÉRIQUES - SAG /GEODIS-PHARMALOG;Non renseigné;LAMOTRIGINE ARROW LAB 100 mg Cpr disp/croquer Plq/30;0.021;5.38;0.3;120;1
2196792;3400921967920;;ARROW GÉNÉRIQUES - SAG /GEODIS-PHARMALOG;Non renseigné;LAMOTRIGINE ARROW LAB 200 mg Cpr disp/croquer Plq/30;0.021;5.38;0.3;84;1
2207900;3400922079004;;ARROW GÉNÉRIQUES - SAG /GEODIS-PHARMALOG;Non renseigné;OLANZAPINE ARROW 5 mg Cpr Plq/28;0.021;10.19;0.3;1;1
2208006;3400922080062;;ARROW GÉNÉRIQUES - SAG /GEODIS-PHARMALOG;Non renseigné;OLANZAPINE ARROW 7,5 mg Cpr Plq/28;0.021;6.8;0.3;1;1
2208087;3400922080871;;ARROW GÉNÉRIQUES - SAG /GEODIS-PHARMALOG;Non renseigné;OLANZAPINE ARROW 10 mg Cpr Plq/28;0.021;5.78;0.3;100;1
2214314;3400922143149;;ARROW GÉNÉRIQUES - SAG /GEODIS-PHARMALOG;Non renseigné;KETOPROFENE ARROW LP 100 mg Cpr séc LP Plq/20;0.021;1.55;0.3;240;1
2215928;3400922159287;;ARROW GÉNÉRIQUES - SAG /GEODIS-PHARMALOG;Non renseigné;RAMIPRIL/HYDROCHLOROTHIAZIDE ARROW 5 mg/12,5 mg Cpr Plq/30;0.021;2.1;0.3;0;1
2215957;3400922159577;;ARROW GÉNÉRIQUES - SAG /GEODIS-PHARMALOG;Non renseigné;RAMIPRIL/HYDROCHLOROTHIAZIDE ARROW 5 mg/12,5 mg Cpr Plq/90;0.021;7.2;0.2;120;1
2227475;3400922274751;;ARROW GÉNÉRIQUES - SAG /GEODIS-PHARMALOG;Non renseigné;ACIDE URSODESOXYCHOLIQUE ARROW 250 mg Cpr pell Plq/20;0.021;5.24;0.1;100;1
2227825;3400922278254;;ARROW GÉNÉRIQUES - SAG /GEODIS-PHARMALOG;Non renseigné;GLIMEPIRIDE ARROW GENERIQUES 1 mg Cpr séc Plq/30;0.021;1.39;0.3;1;1
2227854;3400922278544;;ARROW GÉNÉRIQUES - SAG /GEODIS-PHARMALOG;Non renseigné;GLIMEPIRIDE ARROW GENERIQUES 1 mg Cpr séc Plq/90;0.021;3.97;0.3;1;1
2227920;3400922279206;;ARROW GÉNÉRIQUES - SAG /GEODIS-PHARMALOG;Non renseigné;GLIMEPIRIDE ARROW GENERIQUES 2 mg Cpr séc Plq/30;0.021;2.28;0.3;1;1
2227966;3400922279664;;ARROW GÉNÉRIQUES - SAG /GEODIS-PHARMALOG;Non renseigné;GLIMEPIRIDE ARROW GENERIQUES 2 mg Cpr séc Plq/90;0.021;6.5;0.3;1;1
2228049;3400922280493;;ARROW GÉNÉRIQUES - SAG /GEODIS-PHARMALOG;Non renseigné;GLIMEPIRIDE ARROW GENERIQUES 3 mg Cpr séc Plq/30;0.021;2.73;0.3;1;1
2228078;3400922280783;;ARROW GÉNÉRIQUES - SAG /GEODIS-PHARMALOG;Non renseigné;GLIMEPIRIDE ARROW GENERIQUES 3 mg Cpr séc Plq/90;0.021;8.19;0.3;1;1
2228167;3400922281674;;ARROW GÉNÉRIQUES - SAG /GEODIS-PHARMALOG;Non renseigné;GLIMEPIRIDE ARROW GENERIQUES 4 mg Cpr séc Plq/30;0.021;2.73;0.3;1;1
2228204;3400922282046;;ARROW GÉNÉRIQUES - SAG /GEODIS-PHARMALOG;Non renseigné;GLIMEPIRIDE ARROW GENERIQUES 4 mg Cpr séc Plq/90;0.021;8.19;0.3;1;1
2232915;3400922329154;;ARROW GÉNÉRIQUES - SAG /GEODIS-PHARMALOG;Non renseigné;BISOPROLOL ARROW LAB 10 mg Cpr pell séc Plq/30;0.021;2.25;0.3;140;1
2232944;3400922329444;;ARROW GÉNÉRIQUES - SAG /GEODIS-PHARMALOG;Non renseigné;BISOPROLOL ARROW LAB 10 mg Cpr pell séc Plq/90;0.021;6.43;0.3;35;1
2237775;3400922377759;;ARROW GÉNÉRIQUES - SAG /GEODIS-PHARMALOG;Non renseigné;MONTELUKAST ARROW LAB 4 mg Cpr à croquer Plq/28;0.021;6.73;0.1;1;1
2237930;3400922379302;;ARROW GÉNÉRIQUES - SAG /GEODIS-PHARMALOG;Non renseigné;MONTELUKAST ARROW LAB 5 mg Cpr à croquer Plq/28;0.021;5.24;0.3;1;1
2665643;3400926656430;;ARROW GÉNÉRIQUES - SAG /GEODIS-PHARMALOG;Non renseigné;PRAVASTATINE ARROW 10 mg Cpr séc Plq/28;0.021;1.78;0.3;84;1
2665790;3400926657901;;ARROW GÉNÉRIQUES - SAG /GEODIS-PHARMALOG;Non renseigné;PRAVASTATINE ARROW 20 mg Cpr séc Plq/28;0.021;1.78;0.3;84;1
2665844;3400926658441;;ARROW GÉNÉRIQUES - SAG /GEODIS-PHARMALOG;Non renseigné;PRAVASTATINE ARROW 20 mg Cpr séc Plq/84;0.021;5.36;0.3;40;1
2665933;3400926659332;;ARROW GÉNÉRIQUES - SAG /GEODIS-PHARMALOG;Non renseigné;PRAVASTATINE ARROW 40 mg Cpr séc Plq/28;0.021;1.78;0.3;64;1
2665991;3400926659912;;ARROW GÉNÉRIQUES - SAG /GEODIS-PHARMALOG;Non renseigné;PRAVASTATINE ARROW 40 mg Cpr séc Plq/84;0.021;5.36;0.3;40;1
2666996;3400926669966;;ARROW GÉNÉRIQUES - SAG /GEODIS-PHARMALOG;Non renseigné;CEFPODOXIME ARROW LAB 100 mg Cpr pell Plq/10;0.021;3.08;0.3;180;1
2668647;3400926686475;;ARROW GÉNÉRIQUES - SAG /GEODIS-PHARMALOG;Non renseigné;VALSARTAN ARROW LAB 40 mg Cpr pell séc Plq/30;0.021;2.1;0.3;1;1
2668771;3400926687717;;ARROW GÉNÉRIQUES - SAG /GEODIS-PHARMALOG;Non renseigné;VALSARTAN ARROW LAB 80 mg Cpr pell séc Plq/30;0.021;2.1;0.3;120;1
2668883;3400926688837;;ARROW GÉNÉRIQUES - SAG /GEODIS-PHARMALOG;Non renseigné;VALSARTAN ARROW LAB 160 mg Cpr pell séc Plq/30;0.021;2.1;0.3;80;1
2670868;3400926708689;;ARROW GÉNÉRIQUES - SAG /GEODIS-PHARMALOG;Non renseigné;RIZATRIPTAN ARROW 10 mg Cpr Plq/12;0.021;7.85;0.3;1;1
2674263;3400926742638;;ARROW GÉNÉRIQUES - SAG /GEODIS-PHARMALOG;Non renseigné;GABAPENTINE ARROW GENERIQUES 600 mg Cpr pell séc Plq/90;0.021;16.13;0.3;18;1
2674369;3400926743697;;ARROW GÉNÉRIQUES - SAG /GEODIS-PHARMALOG;Non renseigné;GABAPENTINE ARROW GENERIQUES 800 mg Cpr pell séc Plq/90;0.021;16.13;0.3;24;1
2677907;3400926779078;;ARROW GÉNÉRIQUES - SAG /GEODIS-PHARMALOG;Non renseigné;VALSART/HYD ARRW GE 80mg/12,5mg Cpr pe Plq/30;0.021;2.1;0.3;1;1
2677965;3400926779658;;ARROW GÉNÉRIQUES - SAG /GEODIS-PHARMALOG;Non renseigné;VALSART/HYD ARRW GE 80mg/12,5mg Cpr pe Plq/90;0.021;6.3;0.3;1;1
2678002;3400926780029;;ARROW GÉNÉRIQUES - SAG /GEODIS-PHARMALOG;Non renseigné;VALSART/HYD ARRW GE 160mg/12,5mg Cpr Plq/30;0.021;2.93;0.025;1;1
2678054;3400926780548;;ARROW GÉNÉRIQUES - SAG /GEODIS-PHARMALOG;Non renseigné;VALSART/HYD ARRW GE 160mg/12,5mg Cpr Plq/90;0.021;8.78;0.025;1;1
2678108;3400926781088;;ARROW GÉNÉRIQUES - SAG /GEODIS-PHARMALOG;Non renseigné;VALSARTAN/HYDROCHLOROTHIAZIDE ARROW GENERIQUES 160 mg/25 mg Cpr pell Plq/30;0.021;2.93;0.025;1;1
2678166;3400926781668;;ARROW GÉNÉRIQUES - SAG /GEODIS-PHARMALOG;Non renseigné;VALSARTAN/HYDROCHLOROTHIAZIDE ARROW GENERIQUES 160 mg/25 mg Cpr pell Plq/90;0.021;8.78;0.025;1;1
2680306;3400926803063;;ARROW GÉNÉRIQUES - SAG /GEODIS-PHARMALOG;Non renseigné;LEVETIRACETAM ARROW 100 mg/ml S buv Fl/150ml+Ser/1ml;0.021;14.7;0.025;20;1
2680312;3400926803124;;ARROW GÉNÉRIQUES - SAG /GEODIS-PHARMALOG;Non renseigné;LEVETIRACETAM ARROW 100 mg/ml S buv Fl/150ml+Ser/3ml;0.021;14.7;0.025;120;1
2680329;3400926803292;;ARROW GÉNÉRIQUES - SAG /GEODIS-PHARMALOG;Non renseigné;LEVETIRACETAM ARROW 100 mg/ml S buv Fl/300ml+Ser/10ml;0.021;21.11;0.3;20;1
2680393;3400926803933;;ARROW GÉNÉRIQUES - SAG /GEODIS-PHARMALOG;Non renseigné;LEVETIRACETAM ARROW LAB 250 mg Cpr pell séc Plq/60;0.021;8.3;0.3;1;1
2680430;3400926804305;;ARROW GÉNÉRIQUES - SAG /GEODIS-PHARMALOG;Non renseigné;LEVETIRACETAM ARROW LAB 500 mg Cpr pell séc Plq/60;0.021;12.45;0.3;70;1
2680536;3400926805364;;ARROW GÉNÉRIQUES - SAG /GEODIS-PHARMALOG;Non renseigné;LEVETIRACETAM ARROW LAB 1000 mg Cpr pell séc Plq/60;0.021;12.45;0.3;1;1
2680789;3400926807894;;ARROW GÉNÉRIQUES - SAG /GEODIS-PHARMALOG;Non renseigné;LEVETIRACETAM ARROW LAB 500 mg Cpr pell séc Fl/30;0.021;8.01;0.1;1;1
2691190;3400926911904;;ARROW GÉNÉRIQUES - SAG /GEODIS-PHARMALOG;Non renseigné;GLICLAZIDE ARROW 60 mg Cpr LM Plq/30;0.021;1.87;0.2;128;1
2693326;3400926933265;;ARROW GÉNÉRIQUES - SAG /GEODIS-PHARMALOG;Non renseigné;REPAGLINIDE ARROW LAB 0,5 mg Cpr Plq/90;0.021;3.54;0.3;64;1
2693390;3400926933906;;ARROW GÉNÉRIQUES - SAG /GEODIS-PHARMALOG;Non renseigné;REPAGLINIDE ARROW LAB 1 mg Cpr Plq/90;0.021;3.54;0.3;90;1
2693444;3400926934446;;ARROW GÉNÉRIQUES - SAG /GEODIS-PHARMALOG;Non renseigné;REPAGLINIDE ARROW LAB 2 mg Cpr Plq/90;0.021;3.54;0.3;90;1
2698080;3400926980801;;ARROW GÉNÉRIQUES - SAG /GEODIS-PHARMALOG;Non renseigné;TRAMADOL/PARACETAMOL ARROW LAB 37,5 mg/325 mg Cpr pell Plq/20;0.021;0.8;0.3;120;1
2732397;3400927323973;;ARROW GÉNÉRIQUES - SAG /GEODIS-PHARMALOG;Non renseigné;DORZOLAMIDE/TIMOLOL ARROW 20 mg/ml + 5 mg/ml Collyre sol Fl/5ml;0.021;3.76;0.2;216;1
2735705;3400927357053;;ARROW GÉNÉRIQUES - SAG /GEODIS-PHARMALOG;Non renseigné;ENTACAPONE ARROW 200 mg Cpr pell Plq/100;0.021;22.37;0.2;1;1
2739608;3400927396083;;ARROW GÉNÉRIQUES - SAG /GEODIS-PHARMALOG;Non renseigné;CLOPIDOGREL ARROW 75 mg Cpr pell Plq PVC/Aclar/Alu/30;0.021;4.63;0.3;135;1
2739726;3400927397264;;ARROW GÉNÉRIQUES - SAG /GEODIS-PHARMALOG;Non renseigné;CLOPIDOGREL ARROW 75 mg Cpr pell Fl/30;0.021;5.95;0.1;1;1
2742102;3400927421020;;ARROW GÉNÉRIQUES - SAG /GEODIS-PHARMALOG;Non renseigné;DICLOFENAC ARROW 1 % Gel T/50g;0.021;1.01;0.2;70;1
2744029;3400927440298;;ARROW GÉNÉRIQUES - SAG /GEODIS-PHARMALOG;Non renseigné;IRBESARTAN ARROW 75 mg Cpr Plq/30;0.021;2.1;0.3;180;1
2744035;3400927440359;;ARROW GÉNÉRIQUES - SAG /GEODIS-PHARMALOG;Non renseigné;IRBESARTAN ARROW 75 mg Cpr Plq/90;0.021;6.3;0.3;70;1
2744058;3400927440588;;ARROW GÉNÉRIQUES - SAG /GEODIS-PHARMALOG;Non renseigné;IRBESARTAN ARROW 150 mg Cpr Plq/30;0.021;2.1;0.3;120;1
2744064;3400927440649;;ARROW GÉNÉRIQUES - SAG /GEODIS-PHARMALOG;Non renseigné;IRBESARTAN ARROW 150 mg Cpr Plq/90;0.021;6.3;0.3;60;1
2744087;3400927440878;;ARROW GÉNÉRIQUES - SAG /GEODIS-PHARMALOG;Non renseigné;IRBESARTAN ARROW 300 mg Cpr Plq/30;0.021;2.4;0.2;70;1
2744093;3400927440939;;ARROW GÉNÉRIQUES - SAG /GEODIS-PHARMALOG;Non renseigné;IRBESARTAN ARROW 300 mg Cpr Plq/90;0.021;7.2;0.2;50;1
2744118;3400927441189;;ARROW GÉNÉRIQUES - SAG /GEODIS-PHARMALOG;Non renseigné;IRBESARTAN/HYDROCHLOROTHIAZIDE ARROW 150 mg/12,5 mg Cpr pell Plq/30;0.021;2.4;0.2;60;1
2744124;3400927441240;;ARROW GÉNÉRIQUES - SAG /GEODIS-PHARMALOG;Non renseigné;IRBESARTAN/HYDROCHLOROTHIAZIDE ARROW 150 mg/12,5 mg Cpr pell Plq/90;0.021;7.2;0.2;24;1
2744153;3400927441530;;ARROW GÉNÉRIQUES - SAG /GEODIS-PHARMALOG;Non renseigné;IRBESARTAN/HYDROCHLOROTHIAZIDE ARROW 300 mg/12,5 mg Cpr pell Plq/30;0.021;2.4;0.2;60;1
2744176;3400927441769;;ARROW GÉNÉRIQUES - SAG /GEODIS-PHARMALOG;Non renseigné;IRBESARTAN/HYDROCHLOROTHIAZIDE ARROW 300 mg/12,5 mg Cpr pell Plq/90;0.021;7.2;0.2;24;1
2744207;3400927442070;;ARROW GÉNÉRIQUES - SAG /GEODIS-PHARMALOG;Non renseigné;IRBESARTAN/HYDROCHLOROTHIAZIDE ARROW 300 mg/25 mg Cpr pell Plq/30;0.021;2.4;0.2;60;1
2744213;3400927442131;;ARROW GÉNÉRIQUES - SAG /GEODIS-PHARMALOG;Non renseigné;IRBESARTAN/HYDROCHLOROTHIAZIDE ARROW 300 mg/25 mg Cpr pell Plq/90;0.021;7.2;0.2;30;1
2753436;3400927534362;;ARROW GÉNÉRIQUES - SAG /GEODIS-PHARMALOG;Non renseigné;TELMISARTAN/HYDROCHLOROTHIAZIDE ARROW 40 mg/12,5 mg Cpr Plq alu/30;0.021;2.1;0.3;0;1
2753471;3400927534713;;ARROW GÉNÉRIQUES - SAG /GEODIS-PHARMALOG;Non renseigné;TELMISARTAN/HYDROCHLOROTHIAZIDE ARROW 40 mg/12,5 mg Cpr Plq alu/90;0.021;6.3;0.3;0;1
2753695;3400927536953;;ARROW GÉNÉRIQUES - SAG /GEODIS-PHARMALOG;Non renseigné;TELMISARTAN/HYDROCHLOROTHIAZIDE ARROW 80 mg/12,5 mg Cpr Plq alu/30;0.021;2.1;0.3;0;1
2753749;3400927537493;;ARROW GÉNÉRIQUES - SAG /GEODIS-PHARMALOG;Non renseigné;TELMISARTAN/HYDROCHLOROTHIAZIDE ARROW 80 mg/12,5 mg Cpr Plq alu/90;0.021;6.3;0.3;0;1
2753962;3400927539626;;ARROW GÉNÉRIQUES - SAG /GEODIS-PHARMALOG;Non renseigné;TELMISARTAN/HYDROCHLOROTHIAZIDE ARROW 80 mg/25 mg Cpr Plq alu/30;0.021;2.1;0.3;0;1
2754016;3400927540165;;ARROW GÉNÉRIQUES - SAG /GEODIS-PHARMALOG;Non renseigné;TELMISARTAN/HYDROCHLOROTHIAZIDE ARROW 80 mg/25 mg Cpr Plq alu/90;0.021;6.3;0.3;0;1
2754246;3400927542466;;ARROW GÉNÉRIQUES - SAG /GEODIS-PHARMALOG;Non renseigné;NEVIRAPINE ARROW LAB 200 mg Cpr Plq/60;0.021;60.97;0.3;1;1
2755004;3400927550041;;ARROW GÉNÉRIQUES - SAG /GEODIS-PHARMALOG;Non renseigné;CANDESARTAN ARROW LAB 4 mg Cpr séc Plq/30;0.021;2.4;0.2;1;1
2755010;3400927550102;;ARROW GÉNÉRIQUES - SAG /GEODIS-PHARMALOG;Non renseigné;CANDESARTAN ARROW LAB 4 mg Cpr séc Plq/90;0.021;7.2;0.2;1;1
2755056;3400927550560;;ARROW GÉNÉRIQUES - SAG /GEODIS-PHARMALOG;Non renseigné;CANDESARTAN ARROW LAB 8 mg Cpr séc Plq/30;0.021;2.4;0.2;1;1
2755062;3400927550621;;ARROW GÉNÉRIQUES - SAG /GEODIS-PHARMALOG;Non renseigné;CANDESARTAN ARROW LAB 8 mg Cpr séc Plq/90;0.021;7.2;0.2;180;1
2755091;3400927550911;;ARROW GÉNÉRIQUES - SAG /GEODIS-PHARMALOG;Non renseigné;CANDESARTAN ARROW LAB 16 mg Cpr séc Plq/30;0.021;2.4;0.2;1;1
2755116;3400927551161;;ARROW GÉNÉRIQUES - SAG /GEODIS-PHARMALOG;Non renseigné;CANDESARTAN ARROW LAB 16 mg Cpr séc Plq/90;0.021;7.2;0.2;1;1
2755145;3400927551451;;ARROW GÉNÉRIQUES - SAG /GEODIS-PHARMALOG;Non renseigné;CANDESARTAN ARROW LAB 32 mg Cpr séc Plq/30;0.021;2.4;0.2;1;1
2756707;3400927567070;;ARROW GÉNÉRIQUES - SAG /GEODIS-PHARMALOG;Non renseigné;LORMETAZEPAM ARROW 1 mg Cpr séc Plq/14;0.021;0.72;0;192;1
2756713;3400927567131;;ARROW GÉNÉRIQUES - SAG /GEODIS-PHARMALOG;Non renseigné;LORMETAZEPAM ARROW 2 mg Cpr séc Plq/14;0.021;1.05;0;192;1
2758066;3400927580666;;ARROW GÉNÉRIQUES - SAG /GEODIS-PHARMALOG;Non renseigné;VALACICLOVIR ARROW 500 mg Cpr pell séc Plq/10;0.021;4.14;0.3;120;1
2758095;3400927580956;;ARROW GÉNÉRIQUES - SAG /GEODIS-PHARMALOG;Non renseigné;VALACICLOVIR ARROW 500 mg Cpr pell séc Plq/42;0.021;17.21;0.3;60;1
2758132;3400927581328;;ARROW GÉNÉRIQUES - SAG /GEODIS-PHARMALOG;Non renseigné;VALACICLOVIR ARROW 500 mg Cpr pell séc Plq/112;0.021;48.31;0.3;32;1
2762642;3400927626425;;ARROW GÉNÉRIQUES - SAG /GEODIS-PHARMALOG;Non renseigné;MODAFINIL ARROW 100 mg Cpr Plq/30;0.021;23.29;0.3;1;1
2769710;3400927697104;;ARROW GÉNÉRIQUES - SAG /GEODIS-PHARMALOG;Non renseigné;FLECAINIDE ARROW LAB 100 mg Cpr séc Plq/30;0.021;4.98;0.1;1;1
2771078;3400927710780;;ARROW GÉNÉRIQUES - SAG /GEODIS-PHARMALOG;Non renseigné;RALOXIFENE ARROW 60 mg Cpr pell Plq/28;0.021;6.48;0.3;1;1
2771109;3400927711091;;ARROW GÉNÉRIQUES - SAG /GEODIS-PHARMALOG;Non renseigné;RALOXIFENE ARROW 60 mg Cpr pell Plq/84;0.021;18.47;0.3;50;1
2772362;3400927723629;;ARROW GÉNÉRIQUES - SAG /GEODIS-PHARMALOG;Non renseigné;BISOPROLOL QUIVER 1,25 mg Cpr Plq/30;0.021;2.25;0.3;60;1
2772385;3400927723858;;ARROW GÉNÉRIQUES - SAG /GEODIS-PHARMALOG;Non renseigné;BISOPROLOL QUIVER 1,25 mg Cpr Plq/90;0.021;6.43;0.3;150;1
2772474;3400927724749;;ARROW GÉNÉRIQUES - SAG /GEODIS-PHARMALOG;Non renseigné;BISOPROLOL QUIVER 2,5 mg Cpr séc Plq/30;0.021;2.25;0.3;450;1
2772586;3400927725869;;ARROW GÉNÉRIQUES - SAG /GEODIS-PHARMALOG;Non renseigné;BISOPROLOL QUIVER 3,75 mg Cpr Plq/30;0.021;2.25;0.3;0;1
2772698;3400927726989;;ARROW GÉNÉRIQUES - SAG /GEODIS-PHARMALOG;Non renseigné;BISOPROLOL QUIVER 5 mg Cpr séc Plq/30;0.021;1.13;0.3;450;1
2772712;3400927727122;;ARROW GÉNÉRIQUES - SAG /GEODIS-PHARMALOG;Non renseigné;BISOPROLOL QUIVER 5 mg Cpr séc Plq/90;0.021;3.22;0.3;150;1
2772793;3400927727931;;ARROW GÉNÉRIQUES - SAG /GEODIS-PHARMALOG;Non renseigné;BISOPROLOL QUIVER 7,5 mg Cpr séc Plq/30;0.021;2.25;0.3;0;1
2772882;3400927728822;;ARROW GÉNÉRIQUES - SAG /GEODIS-PHARMALOG;Non renseigné;BISOPROLOL QUIVER 10 mg Cpr séc Plq/30;0.021;2.25;0.3;0;1
2781415;3400927814150;;ARROW GÉNÉRIQUES - SAG /GEODIS-PHARMALOG;Non renseigné;EBASTINE ARROW 10 mg Cpr pell Plq/30;0.021;2.67;0.2;150;1
2783868;3400927838682;;ARROW GÉNÉRIQUES - SAG /GEODIS-PHARMALOG;Non renseigné;GLYCEROL/VASELINE/PARAFFINE ARROW 15 %/8 %/2 % Cr T/250g;0.021;1.91;0.025;25;1
2789960;3400927899607;;ARROW GÉNÉRIQUES - SAG /GEODIS-PHARMALOG;Non renseigné;HYDROXYZINE ARROW 25 mg Cpr pell séc Plq/30;0.021;1.08;0.1;130;1
2791537;3400927915376;;ARROW GÉNÉRIQUES - SAG /GEODIS-PHARMALOG;Non renseigné;CLARITHROMYCINE ARROW LAB 500 mg Cpr pell Plq/14;0.021;6.48;0.3;1;1
2791980;3400927919800;;ARROW GÉNÉRIQUES - SAG /GEODIS-PHARMALOG;Non renseigné;ACIDE ALENDRONIQUE ARROW LAB 70 mg Cpr Plq/4;0.021;4.82;0.3;1;1
2792005;3400927920059;;ARROW GÉNÉRIQUES - SAG /GEODIS-PHARMALOG;Non renseigné;ACIDE ALENDRONIQUE ARROW LAB 70 mg Cpr Plq/12;0.021;14.48;0.3;1;1
2793772;3400927937729;;ARROW GÉNÉRIQUES - SAG /GEODIS-PHARMALOG;Non renseigné;AMOXICILLINE ARROW LAB 500 mg Gél Plq/12;0.021;1.06;0.025;135;1
2794004;3400927940040;;ARROW GÉNÉRIQUES - SAG /GEODIS-PHARMALOG;Non renseigné;AMOROLFINE ARROW 5 % V ongles médicamenteux 1Fl/2,5ml+20spat;0.021;6.33;0.2;120;1
2796718;3400927967184;;ARROW GÉNÉRIQUES - SAG /GEODIS-PHARMALOG;Non renseigné;METFORMINE ARROW LAB 500 mg Cpr pell Plq/PVC/alu/30;0.021;0.83;0.3;160;1
2796813;3400927968136;;ARROW GÉNÉRIQUES - SAG /GEODIS-PHARMALOG;Non renseigné;METFORMINE ARROW LAB 500 mg Cpr pell Plq/PVC/alu/90;0.021;2.37;0.3;75;1
2797020;3400927970207;;ARROW GÉNÉRIQUES - SAG /GEODIS-PHARMALOG;Non renseigné;METFORMINE ARROW LAB 850 mg Cpr pell Plq/PVC/alu/30;0.021;1.02;0.3;120;1
2797178;3400927971785;;ARROW GÉNÉRIQUES - SAG /GEODIS-PHARMALOG;Non renseigné;METFORMINE ARROW LAB 850 mg Cpr pell Plq/PVC/alu/90;0.021;3.07;0.3;36;1
2797439;3400927974397;;ARROW GÉNÉRIQUES - SAG /GEODIS-PHARMALOG;Non renseigné;METFORMINE ARROW LAB 1000 mg Cpr pell séc Plq/PVC/alu/30;0.021;1.31;0.1;90;1
2797497;3400927974977;;ARROW GÉNÉRIQUES - SAG /GEODIS-PHARMALOG;Non renseigné;METFORMINE ARROW LAB 1000 mg Cpr pell séc Plq/PVC/alu/90;0.021;3.07;0.3;36;1
2798315;3400927983153;;ARROW GÉNÉRIQUES - SAG /GEODIS-PHARMALOG;Non renseigné;LYMECYC ARRW 408mg Gél équi 300mg tétr Plq/28;0.021;4.71;0;36;1
2801951;3400928019516;;ARROW GÉNÉRIQUES - SAG /GEODIS-PHARMALOG;Non renseigné;ROPINIROLE ARROW LP 2 mg Cpr pell LP Plq/28;0.021;4.42;0.2;1;1
2802123;3400928021236;;ARROW GÉNÉRIQUES - SAG /GEODIS-PHARMALOG;Non renseigné;DILTIAZEM ARROW LP 200 mg Gél LP Plq/30;0.021;4.28;0.05;1;1
2802169;3400928021694;;ARROW GÉNÉRIQUES - SAG /GEODIS-PHARMALOG;Non renseigné;DILTIAZEM ARROW LP 200 mg Gél LP Plq/90;0.021;12.83;0.05;1;1
2802181;3400928021816;;ARROW GÉNÉRIQUES - SAG /GEODIS-PHARMALOG;Non renseigné;DILTIAZEM ARROW LP 300 mg Gél LM Plq/30;0.021;4.28;0.05;1;1
2802212;3400928022127;;ARROW GÉNÉRIQUES - SAG /GEODIS-PHARMALOG;Non renseigné;DILTIAZEM ARROW LP 300 mg Gél LM Plq/90;0.021;12.83;0.05;1;1
3000771;3400930007716;;ARROW GÉNÉRIQUES - SAG /GEODIS-PHARMALOG;Non renseigné;VALSARTAN ARROW LAB 40 mg Cpr pell séc Plq/90;0.021;6.3;0.3;1;1
3000772;3400930007723;;ARROW GÉNÉRIQUES - SAG /GEODIS-PHARMALOG;Non renseigné;VALSARTAN ARROW LAB 80 mg Cpr pell séc Plq/90;0.021;6.3;0.3;40;1
3000773;3400930007730;;ARROW GÉNÉRIQUES - SAG /GEODIS-PHARMALOG;Non renseigné;VALSARTAN ARROW LAB 160 mg Cpr pell séc Plq/90;0.021;6.3;0.3;40;1
3000977;3400930009772;;ARROW GÉNÉRIQUES - SAG /GEODIS-PHARMALOG;Non renseigné;EPLERENONE ARROW 25 mg Cpr pell Plq/30;0.021;8.75;0.2;1;1
3000994;3400930009949;;ARROW GÉNÉRIQUES - SAG /GEODIS-PHARMALOG;Non renseigné;EPLERENONE ARROW 25 mg Cpr pell Plq préd/90;0.021;24.94;0.2;1;1
3001012;3400930010129;;ARROW GÉNÉRIQUES - SAG /GEODIS-PHARMALOG;Non renseigné;EPLERENONE ARROW 50 mg Cpr pell Plq préd/30;0.021;9.85;0.1;1;1
3001519;3400930015193;;ARROW GÉNÉRIQUES - SAG /GEODIS-PHARMALOG;Non renseigné;CLOXACILLINE ARROW 500 mg Gél Plq/16;0.021;2.02;0.2;1;1
3002130;3400930021309;;ARROW GÉNÉRIQUES - SAG /GEODIS-PHARMALOG;Non renseigné;ALMOTRIPTAN ARROW 12,5 mg Cpr pell Plq/12;0.021;7.85;0.3;1;1
3003694;3400930036945;;ARROW GÉNÉRIQUES - SAG /GEODIS-PHARMALOG;Non renseigné;REPAGLINIDE ARROW LAB 0,5 mg Cpr Plq Polya/Alu/PVC/270;0.021;10.08;0.3;1;1
3003695;3400930036952;;ARROW GÉNÉRIQUES - SAG /GEODIS-PHARMALOG;Non renseigné;REPAGLINIDE ARROW LAB 1 mg Cpr Plq Polya/Alu/PVC/270;0.021;10.08;0.3;1;1
3003696;3400930036969;;ARROW GÉNÉRIQUES - SAG /GEODIS-PHARMALOG;Non renseigné;REPAGLINIDE ARROW LAB 2 mg Cpr Plq Polya/Alu/PVC/270;0.021;10.08;0.3;1;1
3006005;3400930060056;;ARROW GÉNÉRIQUES - SAG /GEODIS-PHARMALOG;Non renseigné;IMIPENEM/CILASTATINE ARROW 500 mg/500 mg Pdr sol perf Fl;0.021;5.35;0.05;1;1
3007110;3400930071106;;ARROW GÉNÉRIQUES - SAG /GEODIS-PHARMALOG;Non renseigné;CARVEDILOL ARROW 12,5 mg Cpr pell séc Plq/28;0.021;2.48;0.3;60;1
3013180;3400930131800;;ARROW GÉNÉRIQUES - SAG /GEODIS-PHARMALOG;Non renseigné;AMLODIPINE/VALSARTAN ARROW 10 mg/160 mg Cpr pell Plq/90;0.021;9.97;0.3;36;1
3014579;3400930145791;3400930145791;ARROW GÉNÉRIQUES - SAG /GEODIS-PHARMALOG;Non renseigné;ESCITALOPRAM ARROW LAB 5 mg Cpr pell Plq/28;0.021;2.03;0.3;160;1
3022670;3400930226704;;ARROW GÉNÉRIQUES - SAG /GEODIS-PHARMALOG;Non renseigné;ROPINIROLE ARROW GENERIQUES 0,25 mg Cpr pell B/21;0.021;1.67;0.025;1;1
3027420;3400930274200;;ARROW GÉNÉRIQUES - SAG /GEODIS-PHARMALOG;Non renseigné;ESOMEPRAZOLE ARROW LAB 20 mg Gél gastro-rés Plq/7;0.021;0.78;0.025;1;1
3030250;3400930302507;;ARROW GÉNÉRIQUES - SAG /GEODIS-PHARMALOG;Non renseigné;DIMETHYL FUMARATE ARROW 240 mg Gél gastro-rés Plq/56;0.021;199.35;0.3;1;1
3057615;3400930576151;;ARROW GÉNÉRIQUES - SAG /GEODIS-PHARMALOG;Non renseigné;CLARITHROMYCINE ARROW 500 mg Cpr pell LM Plq/10;0.021;5.95;0.1;0;1
3156257;3400931562573;;ARROW GÉNÉRIQUES - SAG /GEODIS-PHARMALOG;Non renseigné;LERCANIDIPINE ARROW 10 mg Cpr pell séc Plq/30;0.021;2.84;0.3;192;1
3161198;3400931611981;;ARROW GÉNÉRIQUES - SAG /GEODIS-PHARMALOG;Non renseigné;LERCANIDIPINE ARROW 10 mg Cpr pell séc Plq/90;0.021;8.51;0.3;96;1
3163116;3400931631163;;ARROW GÉNÉRIQUES - SAG /GEODIS-PHARMALOG;Non renseigné;LERCANIDIPINE ARROW 20 mg Cpr pell séc Plq/30;0.021;2.84;0.3;168;1
3165486;3400931654865;;ARROW GÉNÉRIQUES - SAG /GEODIS-PHARMALOG;Non renseigné;LERCANIDIPINE ARROW 20 mg Cpr pell séc Plq/90;0.021;8.51;0.3;72;1
3312639;3400933126391;;ARROW GÉNÉRIQUES - SAG /GEODIS-PHARMALOG;Non renseigné;SORIATANE 10 mg Gél 1Plq/30;0.021;18.55;0;0;1
3312674;3400933126742;;ARROW GÉNÉRIQUES - SAG /GEODIS-PHARMALOG;Non renseigné;SORIATANE 25 mg Gél 1Plq/30;0.021;40.6;0;0;1
3322916;3400933229160;;ARROW GÉNÉRIQUES - SAG /GEODIS-PHARMALOG;Non renseigné;OROCAL 500 mg Cpr à croquer/sucer Fl/60;0.021;4.62;0;40;1
3327115;3400933271152;;ARROW GÉNÉRIQUES - SAG /GEODIS-PHARMALOG;Non renseigné;NABUCOX 500 mg Cpr pell Plq/28;0.021;4.01;0;0;1
3327173;3400933271732;;ARROW GÉNÉRIQUES - SAG /GEODIS-PHARMALOG;Non renseigné;NABUCOX 1 g Cpr disp 2Plq/14 (28);0.021;7.58;0;0;1
3442804;3400934428043;;ARROW GÉNÉRIQUES - SAG /GEODIS-PHARMALOG;Non renseigné;OROCAL VITAMINE D3 500 mg/400 UI Cpr à sucer Fl/60;0.021;4.62;0;40;1
3465018;3400934650185;;ARROW GÉNÉRIQUES - SAG /GEODIS-PHARMALOG;Non renseigné;NABUCOX 1 g Cpr disp Plq/14;0.021;4.01;0;0;1
3468181;3400934681813;;ARROW GÉNÉRIQUES - SAG /GEODIS-PHARMALOG;Non renseigné;CHLORHEX/CHL ARRW 0,5ml/0,5g p 100ml Fl/90ml;0.021;1.1;0.025;80;1
3488255;3400934882555;;ARROW GÉNÉRIQUES - SAG /GEODIS-PHARMALOG;Non renseigné;CIMETIDINE ARROW 200 mg Cpr eff 3T/20;0.021;6.27;0;0;1
3497722;3400934977220;;ARROW GÉNÉRIQUES - SAG /GEODIS-PHARMALOG;Non renseigné;INDAPAMIDE ARROW 1,5 mg Cpr pell LP Plq/30;0.021;2.42;0.3;144;1
3533984;3400935339843;;ARROW GÉNÉRIQUES - SAG /GEODIS-PHARMALOG;Non renseigné;PRAZEPAM ARROW 10 mg Cpr séc Plq/40;0.021;1.45;0.025;192;1
3547650;3400935476500;;ARROW GÉNÉRIQUES - SAG /GEODIS-PHARMALOG;Non renseigné;CALCIUM VITAMINE D3 ARROW 500 mg/400 UI Cpr à croquer/sucer 2T/30;0.021;4.39;0.025;16;1
3553165;3400935531650;;ARROW GÉNÉRIQUES - SAG /GEODIS-PHARMALOG;Non renseigné;TAKADOL 100 mg Cpr eff séc Plq/30;0.021;6.39;0;0;1
3574173;3400935741738;;ARROW GÉNÉRIQUES - SAG /GEODIS-PHARMALOG;Non renseigné;ATENOLOL ARROW 50 mg Cpr pell séc Plq/30;0.021;1.22;0.3;192;1
3574380;3400935743800;;ARROW GÉNÉRIQUES - SAG /GEODIS-PHARMALOG;Non renseigné;CEFTRIAXONE ARROW 500 mg/2 ml Pdre/solv p sol inj IM Fl+Amp;0.021;2.72;0.05;0;1
3574405;3400935744050;;ARROW GÉNÉRIQUES - SAG /GEODIS-PHARMALOG;Non renseigné;CEFTRIAXONE ARROW 1 g/3,5 ml Pdre/solv p sol inj IM Fl+Amp;0.021;3.49;0.3;100;1
3574486;3400935744869;;ARROW GÉNÉRIQUES - SAG /GEODIS-PHARMALOG;Non renseigné;CEFTRIAXONE ARROW 1 g/10 ml Pdre/solv p sol inj IV Fl+Amp;0.021;3.65;0.3;100;1
3576574;3400935765741;;ARROW GÉNÉRIQUES - SAG /GEODIS-PHARMALOG;Non renseigné;AMOXICILLINE ARROW 500 mg/5 ml Pdr susp buv Fl/12g;0.021;1.32;0.05;140;1
3576580;3400935765802;;ARROW GÉNÉRIQUES - SAG /GEODIS-PHARMALOG;Non renseigné;AMOXICILLINE ARROW 250 mg/5 ml Pdr susp buv Fl/6,6g;0.021;1.02;0.025;140;1
3576597;3400935765970;;ARROW GÉNÉRIQUES - SAG /GEODIS-PHARMALOG;Non renseigné;AMOXICILLINE ARROW 125 mg/5 ml Pdr susp buv Fl/5,1g;0.021;0.74;0.025;140;1
3577289;3400935772893;;ARROW GÉNÉRIQUES - SAG /GEODIS-PHARMALOG;Non renseigné;CELIPROLOL ARROW 200 mg Cpr pell séc Plq/28;0.021;2.74;0.3;130;1
3578165;3400935781659;;ARROW GÉNÉRIQUES - SAG /GEODIS-PHARMALOG;Non renseigné;INDAPAMIDE ARROW 1,5 mg Cpr pell LP Plq/90;0.021;6.9;0.3;96;1
3581718;3400935817181;;ARROW GÉNÉRIQUES - SAG /GEODIS-PHARMALOG;Non renseigné;FLUOXETINE ARROW 20 mg/5 ml S buv Fl/70ml;0.021;3.41;0.025;28;1
3581753;3400935817532;;ARROW GÉNÉRIQUES - SAG /GEODIS-PHARMALOG;Non renseigné;PARACETAMOL ARROW 500 mg Cpr 2Plq/8;0.021;0.74;0.025;288;1
3583479;3400935834799;;ARROW GÉNÉRIQUES - SAG /GEODIS-PHARMALOG;Non renseigné;MIANSERINE ARROW 10 mg Cpr pell Plq/30;0.021;1.31;0.2;320;1
3583491;3400935834911;;ARROW GÉNÉRIQUES - SAG /GEODIS-PHARMALOG;Non renseigné;MIANSERINE ARROW 30 mg Cpr pell séc Plq/30;0.021;2.85;0.2;120;1
3583516;3400935835161;;ARROW GÉNÉRIQUES - SAG /GEODIS-PHARMALOG;Non renseigné;MIANSERINE ARROW 60 mg Cpr pell séc Plq/14;0.021;2.09;0.025;160;1
3587715;3400935877154;;ARROW GÉNÉRIQUES - SAG /GEODIS-PHARMALOG;Non renseigné;TRAMADOL ARROW 50 mg Cpr Plq/30;0.021;1.96;0.3;192;1
3593124;3400935931245;;ARROW GÉNÉRIQUES - SAG /GEODIS-PHARMALOG;Non renseigné;ACICLOVIR ARROW 800 mg Cpr Plq/35;0.021;17.79;0.3;0;1
3597872;3400935978721;;ARROW GÉNÉRIQUES - SAG /GEODIS-PHARMALOG;Non renseigné;SPIRONOLACTONE ALTIZIDE ARROW 25 mg/15 mg Cpr pell séc 3Plq/10 (30);0.021;2.18;0.05;270;1
3602426;3400936024267;;ARROW GÉNÉRIQUES - SAG /GEODIS-PHARMALOG;Non renseigné;FLUVOXAMINE ARROW 50 mg Cpr pell séc Plq/30;0.021;2.85;0;0;1
3602449;3400936024496;;ARROW GÉNÉRIQUES - SAG /GEODIS-PHARMALOG;Non renseigné;FLUVOXAMINE ARROW 100 mg Cpr pell séc Plq/15;0.021;2.33;0;0;1
3605784;3400936057845;;ARROW GÉNÉRIQUES - SAG /GEODIS-PHARMALOG;Non renseigné;SPIRONOLACTONE ARROW 75 mg Cpr pell séc Plq/30;0.021;2.85;0.05;0;1
3605867;3400936058675;;ARROW GÉNÉRIQUES - SAG /GEODIS-PHARMALOG;Non renseigné;LORATADINE ARROW 10 mg Cpr Plq/15;0.021;1.46;0.2;234;1
3608788;3400936087880;;ARROW GÉNÉRIQUES - SAG /GEODIS-PHARMALOG;Non renseigné;PREDNISOLONE ARROW 20 mg Cpr eff séc Fl/20;0.021;2.42;0.025;40;1
3610673;3400936106734;;ARROW GÉNÉRIQUES - SAG /GEODIS-PHARMALOG;Non renseigné;BROMAZEPAM ARROW 6 mg Cpr quadriséc Plq/30;0.021;1.2;0.025;200;1
3611477;3400936114777;;ARROW GÉNÉRIQUES - SAG /GEODIS-PHARMALOG;Non renseigné;ISOTRETINOINE ACNETRAIT 10 mg Caps molle Plq/30;0.021;6.36;0.3;0;1
3611483;3400936114838;;ARROW GÉNÉRIQUES - SAG /GEODIS-PHARMALOG;Non renseigné;ISOTRETINOINE ACNETRAIT 20 mg Caps molle Plq/30;0.021;11.02;0.3;0;1
3611678;3400936116788;;ARROW GÉNÉRIQUES - SAG /GEODIS-PHARMALOG;Non renseigné;CALCIUM ARROW 500 mg Cpr à sucer 2T/30;0.021;4.39;0.025;0;1
3612614;3400936126145;;ARROW GÉNÉRIQUES - SAG /GEODIS-PHARMALOG;Non renseigné;ROXITHROMYCINE ARROW 150 mg Cpr pell 1Plq/10;0.021;3.13;0.3;0;1
3612620;3400936126206;;ARROW GÉNÉRIQUES - SAG /GEODIS-PHARMALOG;Non renseigné;ROXITHROMYCINE ARROW 150 mg Cpr pell 2plq/8 (16);0.021;5;0.3;0;1
3617155;3400936171558;;ARROW GÉNÉRIQUES - SAG /GEODIS-PHARMALOG;Non renseigné;TRIMEBUTINE ARROW GENERIQUES 100 mg Cpr B/30;0.021;1.81;0.3;180;1
3623842;3400936238428;;ARROW GÉNÉRIQUES - SAG /GEODIS-PHARMALOG;Non renseigné;OFLOXACINE ARROW 200 mg Cpr pell séc Plq/10;0.021;4.24;0.3;150;1
3624066;3400936240667;;ARROW GÉNÉRIQUES - SAG /GEODIS-PHARMALOG;Non renseigné;BUDESON ARRW 0,5mg/2ml Susp inh/né 20unid/2ml;0.021;10.24;0.3;20;1
3626326;3400936263260;;ARROW GÉNÉRIQUES - SAG /GEODIS-PHARMALOG;Non renseigné;BUDESON ARRW 1mg/2ml Susp inh/né 20unid/2ml;0.021;14.53;0.3;30;1
3638157;3400936381575;;ARROW GÉNÉRIQUES - SAG /GEODIS-PHARMALOG;Non renseigné;PARACETAMOL ARROW 1 g Cpr Plq/8;0.021;0.74;0.025;216;1
3638884;3400936388840;;ARROW GÉNÉRIQUES - SAG /GEODIS-PHARMALOG;Non renseigné;ZOLPIDEM ARROW 10 mg Cpr pell séc Plq/7;0.021;0.69;0;0;1
3638890;3400936388901;;ARROW GÉNÉRIQUES - SAG /GEODIS-PHARMALOG;Non renseigné;ZOLPIDEM ARROW 10 mg Cpr pell séc Plq/14;0.021;0.78;0.3;240;1
3642265;3400936422650;;ARROW GÉNÉRIQUES - SAG /GEODIS-PHARMALOG;Non renseigné;DOXYLIS Gé 100 mg Cpr séc Plq/30;0.021;3.87;0.025;0;1
3642472;3400936424722;;ARROW GÉNÉRIQUES - SAG /GEODIS-PHARMALOG;Non renseigné;FIXICAL VITAMINE D3 1000 mg/800 UI Cpr à sucer Pilul/30;0.021;4.62;0;64;1
3647676;3400936476769;;ARROW GÉNÉRIQUES - SAG /GEODIS-PHARMALOG;Non renseigné;FUROSEMIDE ARROW 40 mg Cpr séc Plq/30;0.021;1.09;0.2;192;1
3651991;3400936519916;;ARROW GÉNÉRIQUES - SAG /GEODIS-PHARMALOG;Non renseigné;PREDNISONE ARROW 5 mg Cpr séc Plq/30;0.021;1.13;0.2;240;1
3652341;3400936523418;;ARROW GÉNÉRIQUES - SAG /GEODIS-PHARMALOG;Non renseigné;PREDNISONE ARROW 20 mg Cpr séc Plq/20;0.021;1.49;0.2;240;1
3656273;3400936562738;;ARROW GÉNÉRIQUES - SAG /GEODIS-PHARMALOG;Non renseigné;AMOXICILLINE/ACIDE CLAVULANIQUE ARROW 500 mg/62,5 mg Cpr pell adulte Plq/16;0.021;3.75;0.05;125;1
3656296;3400936562967;;ARROW GÉNÉRIQUES - SAG /GEODIS-PHARMALOG;Non renseigné;AMOXICILLINE/ACIDE CLAVULANIQUE ARROW 500 mg/62,5 mg Cpr pell adulte Plq/24;0.021;4.71;0.05;125;1
3657841;3400936578418;;ARROW GÉNÉRIQUES - SAG /GEODIS-PHARMALOG;Non renseigné;IPRATRO ARRW 0,5mg/2ml S inh 10Unid/2ml surre;0.021;2.47;0.2;84;1
3657893;3400936578937;;ARROW GÉNÉRIQUES - SAG /GEODIS-PHARMALOG;Non renseigné;TERBUTAL ARRW 5mg/2ml S inh né 20Unidoses/2ml;0.021;2.75;0.2;1;1
3657901;3400936579019;;ARROW GÉNÉRIQUES - SAG /GEODIS-PHARMALOG;Non renseigné;TERBUTALINE ARROW 5 mg/2 ml S p inh/nébulis en récipient unidose 50Unid/2ml;0.021;7.75;0.1;24;1
3657953;3400936579538;;ARROW GÉNÉRIQUES - SAG /GEODIS-PHARMALOG;Non renseigné;SALBUTAMOL ARRW 2,5mg/2,5ml S inh 60Uni/2,5ml;0.021;9.01;0.025;18;1
3658013;3400936580138;;ARROW GÉNÉRIQUES - SAG /GEODIS-PHARMALOG;Non renseigné;SALBUTAMOL ARRW 5mg/2.5ml S inh 60Unid/2,5ml;0.021;13.43;0.025;18;1
3664841;3400936648418;;ARROW GÉNÉRIQUES - SAG /GEODIS-PHARMALOG;Non renseigné;ENALAPRIL/HYDROCHLOROTHIAZIDE ARROW 20 mg/12,5 mg Cpr séc Plq/28;0.021;2.24;0.2;0;1
3665473;3400936654730;;ARROW GÉNÉRIQUES - SAG /GEODIS-PHARMALOG;Non renseigné;FUROSEMIDE ARROW 20 mg Cpr séc Plq/30;0.021;0.67;0.2;192;1
3667733;3400936677333;;ARROW GÉNÉRIQUES - SAG /GEODIS-PHARMALOG;Non renseigné;CITALOPRAM ARROW 20 mg Cpr pell séc Plq/30;0.021;2.81;0.3;0;1
3671539;3400936715394;;ARROW GÉNÉRIQUES - SAG /GEODIS-PHARMALOG;Non renseigné;IPRATRO ARRW 0,25mg/ml S inh Enf 30unid/1ml;0.021;5.47;0.2;0;1
3675750;3400936757509;;ARROW GÉNÉRIQUES - SAG /GEODIS-PHARMALOG;Non renseigné;ECONAZOLE ARROW LP 150 mg Ovule LP Plq/1;0.021;1.29;0.2;80;1
3682112;3400936821125;;ARROW GÉNÉRIQUES - SAG /GEODIS-PHARMALOG;Non renseigné;CIPROFLOXACINE ARROW 250 mg Cpr pell Plq/12;0.021;3.91;0.3;0;1
3682230;3400936822306;;ARROW GÉNÉRIQUES - SAG /GEODIS-PHARMALOG;Non renseigné;CIPROFLOXACINE ARROW 500 mg Cpr pell séc Plq/12;0.021;5.3;0.3;240;1
3685470;3400936854703;;ARROW GÉNÉRIQUES - SAG /GEODIS-PHARMALOG;Non renseigné;PAROXETINE ARROW 20 mg Cpr pell séc Plq/14;0.021;1.34;0.2;240;1
3689166;3400936891661;;ARROW GÉNÉRIQUES - SAG /GEODIS-PHARMALOG;Non renseigné;NIFEDIPINE ARROW LP 30 mg Cpr pell LP Plq/30;0.021;4.39;0.025;0;1
3696060;3400936960602;;ARROW GÉNÉRIQUES - SAG /GEODIS-PHARMALOG;Non renseigné;OROCAL VITAMINE D3 500 mg/200 UI Cpr à sucer Fl PEHD/60;0.021;4.62;0;40;1
3705037;3400937050371;;ARROW GÉNÉRIQUES - SAG /GEODIS-PHARMALOG;Non renseigné;PINAVERIUM ARROW 100 mg Cpr pell Plq/30;0.021;2.44;0.3;160;1
3710765;3400937107655;;ARROW GÉNÉRIQUES - SAG /GEODIS-PHARMALOG;Non renseigné;SPIRAMYCINE/METRONIDAZOLE ARROW 1,5 MUI/250 mg Cpr pell Plq/10;0.021;2.96;0.3;130;1
3715691;3400937156912;;ARROW GÉNÉRIQUES - SAG /GEODIS-PHARMALOG;Non renseigné;BUPRENORPHINE ARROW 0,4 mg Cpr subl Plq/7;0.021;1.09;0.025;160;1
3715722;3400937157223;;ARROW GÉNÉRIQUES - SAG /GEODIS-PHARMALOG;Non renseigné;BUPRENORPHINE ARROW 8 mg Cpr subl Plq/7;0.021;5.61;0.3;0;1
3715745;3400937157452;;ARROW GÉNÉRIQUES - SAG /GEODIS-PHARMALOG;Non renseigné;VALPROATE DE SODIUM ARROW LP 500 mg Cpr pell séc LP Pilul/30;0.021;4.64;0.2;40;1
3716271;3400937162715;;ARROW GÉNÉRIQUES - SAG /GEODIS-PHARMALOG;Non renseigné;BUPRENORPHINE ARROW 2 mg Cpr subl Plq/7;0.021;1.86;0.3;160;1
3720580;3400937205801;;ARROW GÉNÉRIQUES - SAG /GEODIS-PHARMALOG;Non renseigné;OROCAL VITAMINE D3 500 mg/400 UI Cpr à sucer Fl/180;0.021;13.19;0;20;1
3728357;3400937283571;;ARROW GÉNÉRIQUES - SAG /GEODIS-PHARMALOG;Non renseigné;FENOFIBRATE ARROW 160 mg Cpr Plq/30;0.021;2.95;0.3;0;1
3728392;3400937283922;;ARROW GÉNÉRIQUES - SAG /GEODIS-PHARMALOG;Non renseigné;FENOFIBRATE ARROW 160 mg Cpr Plq/90;0.021;8.86;0.3;0;1
3732407;3400937324076;;ARROW GÉNÉRIQUES - SAG /GEODIS-PHARMALOG;Non renseigné;TRIMEBUTINE ARROW 200 mg Cpr Plq/30;0.021;2.79;0.3;100;1
3733720;3400937337205;;ARROW GÉNÉRIQUES - SAG /GEODIS-PHARMALOG;Non renseigné;RAMIPRIL ARROW LAB 1,25 mg Cpr Plq/30;0.021;1.6;0.3;288;1
3733849;3400937338493;;ARROW GÉNÉRIQUES - SAG /GEODIS-PHARMALOG;Non renseigné;RAMIPRIL ARROW LAB 2,5 mg Cpr Plq/30;0.021;1.84;0.3;240;1
3736457;3400937364577;;ARROW GÉNÉRIQUES - SAG /GEODIS-PHARMALOG;Non renseigné;SPIRONOLACTONE ARROW 50 mg Cpr pell séc Plq/90;0.021;5.68;0.2;1;1
3738841;3400937388412;;ARROW GÉNÉRIQUES - SAG /GEODIS-PHARMALOG;Non renseigné;OROCAL VITAMINE D3 500 mg/200 UI Cpr à sucer Fl PEHD/180;0.021;13.19;0;0;1
3739473;3400937394734;;ARROW GÉNÉRIQUES - SAG /GEODIS-PHARMALOG;Non renseigné;ENALAPRIL/HYDROCHLOROTHIAZIDE ARROW 20 mg/12,5 mg Cpr séc Plq/84;0.021;6.72;0.2;1;1
3739579;3400937395793;;ARROW GÉNÉRIQUES - SAG /GEODIS-PHARMALOG;Non renseigné;ATENOLOL ARROW 50 mg Cpr pell séc Plq/90;0.021;3.47;0.3;100;1
3739591;3400937395915;;ARROW GÉNÉRIQUES - SAG /GEODIS-PHARMALOG;Non renseigné;ATENOLOL ARROW 100 mg Cpr pell séc Plq/90;0.021;6.03;0.3;72;1
3739705;3400937397056;;ARROW GÉNÉRIQUES - SAG /GEODIS-PHARMALOG;Non renseigné;SPIRONOLACTONE ARROW 75 mg Cpr pell séc Plq/90;0.021;8.55;0.05;1;1
3739711;3400937397117;;ARROW GÉNÉRIQUES - SAG /GEODIS-PHARMALOG;Non renseigné;CELIPROLOL ARROW 200 mg Cpr pell séc Plq préd/84;0.021;8.23;0.3;50;1
3745232;3400937452328;;ARROW GÉNÉRIQUES - SAG /GEODIS-PHARMALOG;Non renseigné;LISINOPRIL HYDROCHLOROTHIAZIDE ARROW LAB 20 mg/12,5 mg Cpr séc Plq/28;0.021;2.52;0.1;0;1
3750078;3400937500784;;ARROW GÉNÉRIQUES - SAG /GEODIS-PHARMALOG;Non renseigné;RILMENIDINE ARROW 1 mg Cpr Plq/30;0.021;2.74;0.3;160;1
3750090;3400937500906;;ARROW GÉNÉRIQUES - SAG /GEODIS-PHARMALOG;Non renseigné;RILMENIDINE ARROW 1 mg Cpr Plq/90;0.021;7.83;0.3;96;1
3762265;3400937622653;;ARROW GÉNÉRIQUES - SAG /GEODIS-PHARMALOG;Non renseigné;IBUPROFENE ARROW 5 % Gel T/60g;0.021;1.45;0.025;70;1
3762874;3400937628747;;ARROW GÉNÉRIQUES - SAG /GEODIS-PHARMALOG;Non renseigné;FIXICAL VITAMINE D3 1000 mg/800 UI Cpr à sucer 3Pilul/30;0.021;13.19;0;20;1
3772826;3400937728263;;ARROW GÉNÉRIQUES - SAG /GEODIS-PHARMALOG;Non renseigné;BICALUTAMIDE ARROW LAB 50 mg Cpr pell Plq/30;0.021;22.52;0.3;0;1
3777870;3400937778701;;ARROW GÉNÉRIQUES - SAG /GEODIS-PHARMALOG;Non renseigné;ONDANSETRON ARROW 8 mg Cpr pell Plq/2;0.021;3.18;0.2;1;1
3777887;3400937778879;;ARROW GÉNÉRIQUES - SAG /GEODIS-PHARMALOG;Non renseigné;ONDANSETRON ARROW 8 mg Cpr pell Plq/4;0.021;5.57;0.3;1;1
3780375;3400937803755;;ARROW GÉNÉRIQUES - SAG /GEODIS-PHARMALOG;Non renseigné;CEFTAZIDIME ARROW 1 g Pdr sol inj IM IV Fl;0.021;4.99;0.1;100;1
3780381;3400937803816;;ARROW GÉNÉRIQUES - SAG /GEODIS-PHARMALOG;Non renseigné;CEFTAZIDIME ARROW 2 g Pdr sol inj IV Fl;0.021;9.97;0.1;0;1
3780760;3400937807609;;ARROW GÉNÉRIQUES - SAG /GEODIS-PHARMALOG;Non renseigné;FLUCONAZOLE ARROW 10 mg/ml Pdr susp buv Fl/35ml;0.021;7.16;0.3;35;1
3781512;3400937815123;;ARROW GÉNÉRIQUES - SAG /GEODIS-PHARMALOG;Non renseigné;ONDANSETRON ARROW 8 mg Cpr orodisp Plq/2;0.021;3.18;0.2;1;1
3781529;3400937815291;;ARROW GÉNÉRIQUES - SAG /GEODIS-PHARMALOG;Non renseigné;ONDANSETRON ARROW 8 mg Cpr orodisp Plq/4;0.021;6.37;0.2;1;1
3783103;3400937831031;;ARROW GÉNÉRIQUES - SAG /GEODIS-PHARMALOG;Non renseigné;AMLODIPINE ARROW 5 mg Gél Plq/30;0.021;1.69;0.3;80;1
3783126;3400937831260;;ARROW GÉNÉRIQUES - SAG /GEODIS-PHARMALOG;Non renseigné;AMLODIPINE ARROW 10 mg Gél Plq/30;0.021;1.69;0.3;80;1
3786018;3400937860185;;ARROW GÉNÉRIQUES - SAG /GEODIS-PHARMALOG;Non renseigné;PHLOROGLUCINOL ARROW 80 mg Cpr orodisp Plq/10;0.021;0.8;0.2;150;1
3790149;3400937901499;;ARROW GÉNÉRIQUES - SAG /GEODIS-PHARMALOG;Non renseigné;CETIRIZINE ARROW 10 mg/ml S buv en gouttes Fl/15ml;0.021;1.82;0.025;210;1
3806904;3400938069044;;ARROW GÉNÉRIQUES - SAG /GEODIS-PHARMALOG;Non renseigné;FLUOXETINE ARROW 20 mg Cpr disp séc Plq/28;0.021;1.97;0.3;150;1
3807358;3400938073584;;ARROW GÉNÉRIQUES - SAG /GEODIS-PHARMALOG;Non renseigné;AMLODIPINE ARROW 5 mg Gél Plq/90;0.021;4.82;0.3;30;1
3807364;3400938073645;;ARROW GÉNÉRIQUES - SAG /GEODIS-PHARMALOG;Non renseigné;AMLODIPINE ARROW 10 mg Gél Plq/90;0.021;4.82;0.3;30;1
3808837;3400938088373;;ARROW GÉNÉRIQUES - SAG /GEODIS-PHARMALOG;Non renseigné;CLARITHROMYCINE ARROW 250 mg Cpr pell Plq/10;0.021;2.4;0.3;0;1
3809073;3400938090734;;ARROW GÉNÉRIQUES - SAG /GEODIS-PHARMALOG;Non renseigné;CLARITHROMYCINE ARROW 500 mg Cpr pell Plq/14;0.021;6.48;0.3;0;1
3809305;3400938093056;;ARROW GÉNÉRIQUES - SAG /GEODIS-PHARMALOG;Non renseigné;LACTULOSE ARROW 10 g/15 ml S buv en sachet-dose 20Sach/15ml;0.021;2.05;0;30;1
3817842;3400938178425;;ARROW GÉNÉRIQUES - SAG /GEODIS-PHARMALOG;Non renseigné;RISPERIDONE ARROW LAB 1 mg Cpr pell séc Plq/60;0.021;4.84;0.3;0;1
3817859;3400938178593;;ARROW GÉNÉRIQUES - SAG /GEODIS-PHARMALOG;Non renseigné;RISPERIDONE ARROW LAB 1 mg Cpr pell séc Fl/60;0.021;5.54;0.2;0;1
3817865;3400938178654;;ARROW GÉNÉRIQUES - SAG /GEODIS-PHARMALOG;Non renseigné;RISPERIDONE ARROW LAB 2 mg Cpr pell séc Plq/60;0.021;9.67;0.3;0;1
3817871;3400938178715;;ARROW GÉNÉRIQUES - SAG /GEODIS-PHARMALOG;Non renseigné;RISPERIDONE ARROW LAB 2 mg Cpr pell séc Fl/60;0.021;11.06;0.2;0;1
3817888;3400938178883;;ARROW GÉNÉRIQUES - SAG /GEODIS-PHARMALOG;Non renseigné;RISPERIDONE ARROW LAB 4 mg Cpr pell séc Plq/30;0.021;5.1;0.3;0;1
3817894;3400938178944;;ARROW GÉNÉRIQUES - SAG /GEODIS-PHARMALOG;Non renseigné;RISPERIDONE ARROW LAB 4 mg Cpr pell séc Fl/30;0.021;5.82;0.2;0;1
3819746;3400938197464;;ARROW GÉNÉRIQUES - SAG /GEODIS-PHARMALOG;Non renseigné;BUPRENORPHINE ARROW 1 mg Cpr subl Plq/7;0.021;1.87;0.025;0;1
3819769;3400938197693;;ARROW GÉNÉRIQUES - SAG /GEODIS-PHARMALOG;Non renseigné;BUPRENORPHINE ARROW 4 mg Cpr subl Plq/7;0.021;4.9;0.025;0;1
3819781;3400938197815;;ARROW GÉNÉRIQUES - SAG /GEODIS-PHARMALOG;Non renseigné;BUPRENORPHINE ARROW 6 mg Cpr subl Plq/7;0.021;7.36;0.025;0;1
3830765;3400938307658;;ARROW GÉNÉRIQUES - SAG /GEODIS-PHARMALOG;Non renseigné;SPIRONOLACTONE ARROW 50 mg Cpr pell séc Plq/30;0.021;1.99;0.2;120;1
3831078;3400938310788;;ARROW GÉNÉRIQUES - SAG /GEODIS-PHARMALOG;Non renseigné;ECONAZOLE ARROW 1 % S appl cut Fl/30g;0.021;1.66;0.025;0;1
3831084;3400938310849;;ARROW GÉNÉRIQUES - SAG /GEODIS-PHARMALOG;Non renseigné;ECONAZOLE ARROW 1 % Pdr appl cut Fl/30g;0.021;1.84;0.025;216;1
3831090;3400938310900;;ARROW GÉNÉRIQUES - SAG /GEODIS-PHARMALOG;Non renseigné;ECONAZOLE ARROW 1 % Emuls pour application cutanée Fl/30g;0.021;1.37;0.025;200;1
3831109;3400938311099;;ARROW GÉNÉRIQUES - SAG /GEODIS-PHARMALOG;Non renseigné;ECONAZOLE ARROW 1 % Cr T/30g;0.021;1.23;0.025;77;1
3836590;3400938365900;;ARROW GÉNÉRIQUES - SAG /GEODIS-PHARMALOG;Non renseigné;KETOCONAZOLE ARROW 2 % Gel en sachet-dose 8Sach/6g;0.021;2.92;0.2;54;1
3838117;3400938381177;;ARROW GÉNÉRIQUES - SAG /GEODIS-PHARMALOG;Non renseigné;KETOCONAZOLE ARROW 2 % Gel en récipient unidose Unid/20g;0.021;1.33;0.2;99;1
3847872;3400938478723;;ARROW GÉNÉRIQUES - SAG /GEODIS-PHARMALOG;Non renseigné;ACIDE FUSIDIQUE ARROW 2 % Cr T/15g;0.021;1.26;0.025;156;1
3850199;3400938501995;;ARROW GÉNÉRIQUES - SAG /GEODIS-PHARMALOG;Non renseigné;CLARITHROMYCINE ARROW 25 mg/ml Glé susp buv Fl/100ml;0.021;4.52;0;42;1
3850213;3400938502138;;ARROW GÉNÉRIQUES - SAG /GEODIS-PHARMALOG;Non renseigné;CLARITHROMYCINE ARROW 50 mg/ml Glé susp buv Fl/60ml;0.021;6;0;60;1
3855009;3400938550092;;ARROW GÉNÉRIQUES - SAG /GEODIS-PHARMALOG;Non renseigné;CEFUROXIME ARROW 500 mg Cpr Film/8;0.021;5.99;0.05;80;1
3855038;3400938550382;;ARROW GÉNÉRIQUES - SAG /GEODIS-PHARMALOG;Non renseigné;CEFUROXIME ARROW 250 mg Cpr Film/8;0.021;2.74;0.2;80;1
3862788;3400938627886;;ARROW GÉNÉRIQUES - SAG /GEODIS-PHARMALOG;Non renseigné;RAMIPRIL ARROW LAB 1,25 mg Cpr B/90;0.021;4.56;0.3;80;1
3862794;3400938627947;;ARROW GÉNÉRIQUES - SAG /GEODIS-PHARMALOG;Non renseigné;RAMIPRIL ARROW LAB 2,5 mg Cpr B/90;0.021;5.34;0.3;120;1
3873125;3400938731255;;ARROW GÉNÉRIQUES - SAG /GEODIS-PHARMALOG;Non renseigné;LISINOPRIL HYDROCHLOROTHIAZIDE ARROW LAB 20 mg/12,5 mg Cpr séc Plq/84;0.021;7.56;0.1;0;1
3873473;3400938734737;;ARROW GÉNÉRIQUES - SAG /GEODIS-PHARMALOG;Non renseigné;FINASTERIDE ARROW LAB 5 mg Cpr pell Plq/28;0.021;5.08;0.3;210;1
3875006;3400938750065;;ARROW GÉNÉRIQUES - SAG /GEODIS-PHARMALOG;Non renseigné;CEFPODOXIME ARROW 40 mg/5 ml Pdr susp buv enfant nourrisson Fl/50ml;0.021;2.63;0.025;60;1
3875012;3400938750126;;ARROW GÉNÉRIQUES - SAG /GEODIS-PHARMALOG;Non renseigné;CEFPODOXIME ARROW 40 mg/5 ml Pdr susp buv enfant nourrisson Fl/100ml;0.021;4.59;0.025;60;1
3883342;3400938833423;;ARROW GÉNÉRIQUES - SAG /GEODIS-PHARMALOG;Non renseigné;SIMVASTATINE ARROW LAB 10 mg Cpr pell Plq/30;0.021;1.31;0.3;120;1
3883425;3400938834253;;ARROW GÉNÉRIQUES - SAG /GEODIS-PHARMALOG;Non renseigné;SIMVASTATINE ARROW LAB 20 mg Cpr pell Plq/28;0.021;1.51;0.3;240;1
3883460;3400938834604;;ARROW GÉNÉRIQUES - SAG /GEODIS-PHARMALOG;Non renseigné;SIMVASTATINE ARROW LAB 20 mg Cpr pell Plq/84;0.021;4.54;0.3;100;1
3883520;3400938835205;;ARROW GÉNÉRIQUES - SAG /GEODIS-PHARMALOG;Non renseigné;SIMVASTATINE ARROW LAB 40 mg Cpr pell Plq/28;0.021;1.51;0.3;150;1
3883572;3400938835724;;ARROW GÉNÉRIQUES - SAG /GEODIS-PHARMALOG;Non renseigné;SIMVASTATINE ARROW LAB 40 mg Cpr pell Plq/84;0.021;4.54;0.3;75;1
3884436;3400938844368;;ARROW GÉNÉRIQUES - SAG /GEODIS-PHARMALOG;Non renseigné;ACETATE DE CYPROTERONE ARROW 50 mg Cpr séc Plq/20;0.021;7.06;0.025;0;1
3884459;3400938844597;;ARROW GÉNÉRIQUES - SAG /GEODIS-PHARMALOG;Non renseigné;ACETATE DE CYPROTERONE ARROW 100 mg Cpr séc Plq/60;0.021;62.54;0;0;1
3887788;3400938877885;;ARROW GÉNÉRIQUES - SAG /GEODIS-PHARMALOG;Non renseigné;BETAMETHASONE ARROW 2 mg Cpr disp séc Fl/20;0.021;2.05;0.05;0;1
3890709;3400938907094;;ARROW GÉNÉRIQUES - SAG /GEODIS-PHARMALOG;Non renseigné;DOMPERIDONE ARROW 10 mg Cpr orodisp Plq/20;0.021;0.78;0.2;1;1
3894707;3400938947076;;ARROW GÉNÉRIQUES - SAG /GEODIS-PHARMALOG;Non renseigné;BETAMETHASONE ARROW 0,05 % S buv en gouttes Fl/30ml;0.021;2.19;0.05;60;1
3898094;3400938980943;;ARROW GÉNÉRIQUES - SAG /GEODIS-PHARMALOG;Non renseigné;GLIBENCLAMIDE ARROW 2,5 mg Cpr séc Plq/60;0.021;1.37;0.3;0;1
3898266;3400938982664;;ARROW GÉNÉRIQUES - SAG /GEODIS-PHARMALOG;Non renseigné;GLIBENCLAMIDE ARROW 5 mg Cpr séc Plq/20;0.021;0.78;0.3;0;1
3905227;3400939052274;;ARROW GÉNÉRIQUES - SAG /GEODIS-PHARMALOG;Non renseigné;ISOTRETINOINE ACNETRAIT 5 mg Caps molle Plq/30;0.021;3.76;0.3;0;1
3908272;3400939082721;;ARROW GÉNÉRIQUES - SAG /GEODIS-PHARMALOG;Non renseigné;GLIBENCLAMIDE ARROW 5 mg Cpr séc Plq/100;0.021;3.41;0.3;105;1
3910688;3400939106885;;ARROW GÉNÉRIQUES - SAG /GEODIS-PHARMALOG;Non renseigné;PREDNISOLONE ARROW 20 mg Cpr orodisp Plq/20;0.021;2.54;0.025;240;1
3918566;3400939185668;;ARROW GÉNÉRIQUES - SAG /GEODIS-PHARMALOG;Non renseigné;TRAMADOL ARROW LP 100 mg Gél LP Plq/30;0.021;3.98;0.025;80;1
3918589;3400939185897;;ARROW GÉNÉRIQUES - SAG /GEODIS-PHARMALOG;Non renseigné;TRAMADOL ARROW LP 200 mg Gél LP Plq/30;0.021;7.25;0.025;80;1
3918678;3400939186788;;ARROW GÉNÉRIQUES - SAG /GEODIS-PHARMALOG;Non renseigné;TRAMADOL ARROW LP 150 mg Gél LP Plq/30;0.021;5.62;0.025;80;1
3927625;3400939276250;;ARROW GÉNÉRIQUES - SAG /GEODIS-PHARMALOG;Non renseigné;RAMIPRIL ARROW GENERIQUES 5 mg Cpr séc Plq/30;0.021;1.84;0.3;240;1
3934938;3400939349381;;ARROW GÉNÉRIQUES - SAG /GEODIS-PHARMALOG;Non renseigné;RILUZOLE ARROW 50 mg Cpr pell Plq/56x1;0.021;84.11;0.3;0;1
3938362;3400939383620;;ARROW GÉNÉRIQUES - SAG /GEODIS-PHARMALOG;Non renseigné;RAMIPRIL ARROW GENERIQUES 10 mg Cpr séc Plq/30;0.021;1.84;0.3;200;1
3939462;3400939394626;;ARROW GÉNÉRIQUES - SAG /GEODIS-PHARMALOG;Non renseigné;PERINDOPRIL ARROW 4 mg Cpr séc Plaq/30;0.021;2.1;0.3;0;1
3939918;3400939399188;;ARROW GÉNÉRIQUES - SAG /GEODIS-PHARMALOG;Non renseigné;PERINDOPRIL ARROW 2 mg Cpr Plaq/30;0.021;2.1;0.3;0;1
3939930;3400939399300;;ARROW GÉNÉRIQUES - SAG /GEODIS-PHARMALOG;Non renseigné;PERINDOPRIL ARROW 2 mg Cpr Plaq/90;0.021;6.3;0.3;0;1
3940169;3400939401690;;ARROW GÉNÉRIQUES - SAG /GEODIS-PHARMALOG;Non renseigné;PERINDOPRIL ARROW 8 mg Cpr séc Plaq/30;0.021;2.1;0.3;0;1
3940181;3400939401812;;ARROW GÉNÉRIQUES - SAG /GEODIS-PHARMALOG;Non renseigné;PERINDOPRIL ARROW 8 mg Cpr séc Plaq/90;0.021;6.3;0.3;50;1
3941826;3400939418261;;ARROW GÉNÉRIQUES - SAG /GEODIS-PHARMALOG;Non renseigné;FOSFOMYCINE ARROW 3 g Glé s buv en sachet Sach/8g;0.021;2.79;0.2;200;1
3947668;3400939476681;;ARROW GÉNÉRIQUES - SAG /GEODIS-PHARMALOG;Non renseigné;TRAMADOL ARROW LP 200 mg Cpr LP Plaq/10;0.021;2.48;0;1;1
3947680;3400939476803;;ARROW GÉNÉRIQUES - SAG /GEODIS-PHARMALOG;Non renseigné;TRAMADOL ARROW LP 200 mg Cpr LP Plaq/30;0.021;5.21;0.3;120;1
3947869;3400939478692;;ARROW GÉNÉRIQUES - SAG /GEODIS-PHARMALOG;Non renseigné;TRAMADOL ARROW LP 100 mg Cpr LP Plaq/10;0.021;1.36;0;1;1
3947881;3400939478814;;ARROW GÉNÉRIQUES - SAG /GEODIS-PHARMALOG;Non renseigné;TRAMADOL ARROW LP 100 mg Cpr LP Plaq/30;0.021;2.86;0.3;300;1
3959921;3400939599212;;ARROW GÉNÉRIQUES - SAG /GEODIS-PHARMALOG;Non renseigné;FLUVASTATINE ARROW 20 mg Gél Plq/30;0.021;3.36;0.025;0;1
3959944;3400939599441;;ARROW GÉNÉRIQUES - SAG /GEODIS-PHARMALOG;Non renseigné;FLUVASTATINE ARROW 20 mg Gél Plq/90;0.021;10.09;0.025;0;1
3959973;3400939599731;;ARROW GÉNÉRIQUES - SAG /GEODIS-PHARMALOG;Non renseigné;FLUVASTATINE ARROW 40 mg Gél Plq/30;0.021;3.36;0.025;0;1
3960002;3400939600024;;ARROW GÉNÉRIQUES - SAG /GEODIS-PHARMALOG;Non renseigné;FLUVASTATINE ARROW 40 mg Gél Plq/90;0.021;10.09;0.025;20;1
3968216;3400939682167;;ARROW GÉNÉRIQUES - SAG /GEODIS-PHARMALOG;Non renseigné;SPIRONOLACTONE ARROW 25 mg Cpr pell séc Plq/90;0.021;6.14;0.2;80;1
3976316;3400939763163;;ARROW GÉNÉRIQUES - SAG /GEODIS-PHARMALOG;Non renseigné;ISOTRETINOINE ACNETRAIT 40 mg Caps molle Plq/30;0.021;27.62;0.025;0;1
3979208;3400939792088;;ARROW GÉNÉRIQUES - SAG /GEODIS-PHARMALOG;Non renseigné;TERBINAFINE ARROW 1 % Cr T/15g;0.021;1.74;0.2;0;1
3982601;3400939826011;;ARROW GÉNÉRIQUES - SAG /GEODIS-PHARMALOG;Non renseigné;TRAMADOL ARROW LP 150 mg Cpr LP Plq opaq/10;0.021;1.92;0;1;1
3982624;3400939826240;;ARROW GÉNÉRIQUES - SAG /GEODIS-PHARMALOG;Non renseigné;TRAMADOL ARROW LP 150 mg Cpr LP Plq opaq/30;0.021;4.03;0.3;160;1
3985887;3400939858876;;ARROW GÉNÉRIQUES - SAG /GEODIS-PHARMALOG;Non renseigné;LEVOCETIRIZINE ARROW 5 mg Cpr pell Plq/28;0.021;1.97;0.3;120;1
4150937;3400941509377;;ARROW GÉNÉRIQUES - SAG /GEODIS-PHARMALOG;Non renseigné;EXEMESTANE ARROW 25 mg Cpr pell Plq/30;0.021;22.72;0.3;0;1
4153781;3400941537813;;ARROW GÉNÉRIQUES - SAG /GEODIS-PHARMALOG;Non renseigné;DORZOLAMIDE ARROW 2 % Collyre sol Fl/5ml;0.021;2.96;0.2;0;1
4157307;3400941573071;;ARROW GÉNÉRIQUES - SAG /GEODIS-PHARMALOG;Non renseigné;RISEDRONATE ARROW 75 mg Cpr pell Plq/2;0.021;5.64;0.3;0;1
4160284;3400941602849;;ARROW GÉNÉRIQUES - SAG /GEODIS-PHARMALOG;Non renseigné;ACIDE FOLIQUE ARROW 5 mg Cpr Plq/20;0.021;0.72;0.2;120;1
4171945;3400941719455;;ARROW GÉNÉRIQUES - SAG /GEODIS-PHARMALOG;Non renseigné;RISEDRONATE ARROW 75 mg Cpr pell Plq/6;0.021;16.93;0.3;0;1
4179674;3400941796746;;ARROW GÉNÉRIQUES - SAG /GEODIS-PHARMALOG;Non renseigné;MILNACIPRAN ARROW 25 mg Gél Plaq/56;0.021;4.4;0;1;1
4180134;3400941801341;;ARROW GÉNÉRIQUES - SAG /GEODIS-PHARMALOG;Non renseigné;MILNACIPRAN ARROW 50 mg Gél Plaq/56;0.021;6.18;0;1;1
4921530;3400949215300;;ARROW GÉNÉRIQUES - SAG /GEODIS-PHARMALOG;Non renseigné;OXOMEMAZINE ARRW 0,33mg/ml S buv Fl/150ml;0.021;1.46;0.025;30;1
4924675;3400949246755;;ARROW GÉNÉRIQUES - SAG /GEODIS-PHARMALOG;Non renseigné;OXOMEMAZINE ARROW 0,33 mg/ml Sirop Fl/150ml;0.021;1.46;0.025;30;1
4927018;3400949270187;;ARROW GÉNÉRIQUES - SAG /GEODIS-PHARMALOG;Non renseigné;QUINAPRIL/HYDROCHLOROTHIAZIDE ARROW LAB 20 mg/12,5 mg Cpr pell Plq/28;0.021;1.96;0.3;1;1
4939352;3400949393527;;ARROW GÉNÉRIQUES - SAG /GEODIS-PHARMALOG;Non renseigné;NARATRIPTAN ARROW 2,5 mg Cpr pell Plaq/12;0.021;7.85;0.3;0;1
4948718;3400949487189;;ARROW GÉNÉRIQUES - SAG /GEODIS-PHARMALOG;Non renseigné;PANTOPRAZOLE ARROW 40 mg Pdr sol inj IV Fl;0.021;2.93;0.025;1;1
4975342;3400949753420;;ARROW GÉNÉRIQUES - SAG /GEODIS-PHARMALOG;Non renseigné;ZOLMITRIPTAN ARROW GENERIQUES 2,5 mg Cpr orodisp Plq/6;0.021;3.29;0.3;0;1
4975365;3400949753659;;ARROW GÉNÉRIQUES - SAG /GEODIS-PHARMALOG;Non renseigné;ZOLMITRIPTAN ARROW GENERIQUES 2,5 mg Cpr orodisp Plq/12;0.021;6.57;0.3;234;1
4975715;3400949757152;;ARROW GÉNÉRIQUES - SAG /GEODIS-PHARMALOG;Non renseigné;OMEPRAZOLE ARROW LAB 10 mg Gél gastro-rés Fl/14;0.021;0.82;0.2;0;1
4975738;3400949757381;;ARROW GÉNÉRIQUES - SAG /GEODIS-PHARMALOG;Non renseigné;OMEPRAZOLE ARROW LAB 10 mg Gél gastro-rés Fl/28;0.021;2.02;0.025;140;1
4975879;3400949758791;;ARROW GÉNÉRIQUES - SAG /GEODIS-PHARMALOG;Non renseigné;OMEPRAZOLE ARROW LAB 20 mg Gél gastro-rés Fl/28;0.021;2.15;0.025;140;1
4992174;3400949921744;;ARROW GÉNÉRIQUES - SAG /GEODIS-PHARMALOG;Non renseigné;GABAPENTINE ARROW GENERIQUES 100 mg Gél Plq/90;0.021;4.52;0.3;50;1
4992257;3400949922574;;ARROW GÉNÉRIQUES - SAG /GEODIS-PHARMALOG;Non renseigné;GABAPENTINE ARROW GENERIQUES 300 mg Gél Plq/90;0.021;10.89;0.3;30;1
4992458;3400949924585;;ARROW GÉNÉRIQUES - SAG /GEODIS-PHARMALOG;Non renseigné;GABAPENTINE ARROW GENERIQUES 400 mg Gél Plq/90;0.021;13.06;0.3;32;1
4998024;3400949980246;;ARROW GÉNÉRIQUES - SAG /GEODIS-PHARMALOG;Non renseigné;VALPROATE DE SODIUM ARROW 200 mg/ml S buv Fl/40ml;0.021;2.97;0.025;60;1
3115212;3400931152125;;ASPEN FRANCE / MOVIANTO;Non renseigné;XYLOCAINE 10 mg/ml ADRENALINE 0,005 mg/ml S inj Fl/20ml;0.021;2.74;0;120;1
3115241;3400931152415;;ASPEN FRANCE / MOVIANTO;Non renseigné;XYLOCAINE 20 mg/ml ADRENALINE 0,005 mg/ml S inj Fl/20ml;0.021;2.74;0;120;1
3115270;3400931152705;;ASPEN FRANCE / MOVIANTO;Non renseigné;XYLOCAINE NAPHAZOLINE 5 % S appl loc Fl/24ml;0.021;4.86;0;0;1
3115376;3400931153764;;ASPEN FRANCE / MOVIANTO;Non renseigné;XYLOCAINE VISQUEUSE 2 % Gel buvable T/100g;0.021;1.73;0;48;1
3296917;3400932969173;;ASPEN FRANCE / MOVIANTO;Non renseigné;PHYSIOGINE 0,1 % Cr vag T/15g+applicateur;0.021;3.43;0;55;1
3329232;3400933292324;;ASPEN FRANCE / MOVIANTO;Non renseigné;EMLA 5 % Cr T/5g av 2pans adh;0.021;3.37;0;90;1
3382634;3400933826345;;ASPEN FRANCE / MOVIANTO;Non renseigné;PHYSIOGINE 1 mg Cpr séc 1Plq/30;0.021;3.63;0;0;1
3400071;3400934000713;;ASPEN FRANCE / MOVIANTO;Non renseigné;EMLAPATCH 5 % Pans adhésif cutané Pans;0.021;1.74;0;80;1
3421506;3400934215063;;ASPEN FRANCE / MOVIANTO;Non renseigné;XYLOCAINE 5 mg/ml sans conservateur S inj Fl/20ml;0.021;1.3;0;115;1
3422397;3400934223976;;ASPEN FRANCE / MOVIANTO;Non renseigné;XYLOCAINE sans conservateur 10 mg/ml S inj Fl/20ml;0.021;1.25;0;120;1
3422405;3400934224058;;ASPEN FRANCE / MOVIANTO;Non renseigné;XYLOCAINE sans conservateur 20 mg/ml S inj Fl/20ml;0.021;1.31;0;120;1
3634461;3400936344617;;ASPEN FRANCE / MOVIANTO;Non renseigné;XYLOCAINE 2 % Gel urétral en seringue préremplie Ser/10g;0.021;2.43;0;67;1
;3400930117644;;ASTELLAS PHARMA;Non renseigné;XTANDI 40 mg Cpr pell Plq/112;0.021;2646.4;0;24;1
;3400930233665;;ASTELLAS PHARMA;Non renseigné;EVRENZO 20 mg Cpr pell Plq/12x1;0.021;28.35;0;1;1
;3400930233702;;ASTELLAS PHARMA;Non renseigné;EVRENZO 150 mg Cpr pell Plq/12x1;0.021;212.68;0;1;1
3399818;3400933998189;;ASTELLAS PHARMA;Non renseigné;OMIX LP 0,4 mg Gél microgr LP Plq/30;0.021;4.54;0;1;1
3587572;3400935875723;;ASTELLAS PHARMA;Non renseigné;PROGRAF 5 mg Gél Plq/50;0.021;296.78;0;0;1
3589571;3400935895714;;ASTELLAS PHARMA;Non renseigné;PROGRAF 1 mg Gél Plq/50;0.021;59.36;0;100;1
3589588;3400935895882;;ASTELLAS PHARMA;Non renseigné;PROGRAF 0,5 mg Gél Plq/50;0.021;29.68;0;0;1
3655150;3400936551503;;ASTELLAS PHARMA;Non renseigné;VESICARE 5 mg Cpr pell Plq/30;0.021;10.28;0;0;1
3655167;3400936551671;;ASTELLAS PHARMA;Non renseigné;VESICARE 10 mg Cpr pell Plq/30;0.021;10.28;0;0;1
3696249;3400936962491;;ASTELLAS PHARMA;Non renseigné;OMEXEL LP 0,4 mg Cpr pell LP Plq/30;0.021;4.54;0;0;1
3806927;3400938069273;;ASTELLAS PHARMA;Non renseigné;ADVAGRAF 0,5 mg Gél LP 3Plq/10;0.021;17.81;0;0;1
3806962;3400938069624;;ASTELLAS PHARMA;Non renseigné;ADVAGRAF 1 mg Gél LP 3Plq/10;0.021;35.61;0;0;1
3806991;3400938069914;;ASTELLAS PHARMA;Non renseigné;ADVAGRAF 5 mg Gél LP 3Plq/10;0.021;178.06;0;0;1
3953462;3400939534626;;ASTELLAS PHARMA;Non renseigné;ADVAGRAF 3 mg Gél LP 3Plq/10;0.021;106.84;0;0;1
3959482;3400939594828;;ASTELLAS PHARMA;Non renseigné;MODIGRAF 0,2 mg Glé susp buv 50Sach;0.021;48.33;0;0;1
3959499;3400939594996;;ASTELLAS PHARMA;Non renseigné;MODIGRAF 1 mg Glé susp buv 50Sach;0.021;241.65;0;0;1
;3400930059876;;ASTRAZENECA / AVARA;Non renseigné;SYMBICORT RAPIHALER 200/6 µg/dose Susp p inh en fl press Fl/120doses;0.021;25.28;0;1;1
;3400930123522;;ASTRAZENECA / AVARA;Non renseigné;BRICANYL TURBUHALER 500 µg/dose Pdr inh Fl/120doses;0.021;2.91;0;1;1
;3400930132944;;ASTRAZENECA / AVARA;Non renseigné;FASENRA 30 mg Sol inj ser préremplie Ser;0.021;1856.1;0;1;1
;3400930144190;;ASTRAZENECA / AVARA;Non renseigné;LYNPARZA 100 mg Cpr pell Plq/112;0.021;3783.22;0;1;1
;3400930144213;;ASTRAZENECA / AVARA;Non renseigné;LYNPARZA 150 mg Cpr pell Plq/112;0.021;3783.22;0;1;1
;3400930187838;;ASTRAZENECA / AVARA;Non renseigné;FASENRA 30 mg S inj en stylo prérempli Stylo;0.021;1856.1;0;1;1
;3400930209400;;ASTRAZENECA / AVARA;Non renseigné;SYMBICORT RAPIH 100/3 µg/dose Sus ifl Fl/120d;0.021;13.85;0;1;1
;3400930219300;;ASTRAZENECA / AVARA;Non renseigné;TRIXEO AEROSPHERE 5 µg/7,2 µg/160 µg Susp p inh en fl press 120Doses;0.021;45.35;0;1;1
;3400930230688;;ASTRAZENECA / AVARA;Non renseigné;TRIXEO AEROSPHERE 5 µg/7,2 µg/160 µg Susp p inh en fl press 3Inhal/120doses;0.021;136.06;0;1;1
;3400930261590;;ASTRAZENECA / AVARA;Non renseigné;TEZSPIRE 210 mg S inj en seringue préremplie Ser/1,91ml;0.021;933.91;0;1;1
;3400930268698;;ASTRAZENECA / AVARA;Non renseigné;TEZSPIRE 210 mg S inj en stylo prérempli Stylo/1,91ml;0.021;933.91;0;1;1
2664997;3400926649975;;ASTRAZENECA / AVARA;Non renseigné;FORXIGA 10 mg Cpr pell Plq/30x1;0.021;32.37;0;35;1
2788676;3400927886768;;ASTRAZENECA / AVARA;Non renseigné;XIGDUO 5 mg/1000 mg Cpr pell Plq/60;0.021;32.37;0;15;1
3205932;3400932059324;;ASTRAZENECA / AVARA;Non renseigné;NOLVADEX 10 mg Cpr pell Plq/30;0.021;3.21;0;0;1
3286528;3400932865284;;ASTRAZENECA / AVARA;Non renseigné;NOLVADEX 20 mg Cpr enr Plq/30;0.021;6.59;0;0;1
3293267;3400932932672;;ASTRAZENECA / AVARA;Non renseigné;ZOLADEX 3,6 mg Implant inj en seringue préremplie SC B/1;0.021;76.66;0;0;1
3299904;3400932999040;;ASTRAZENECA / AVARA;Non renseigné;ZESTRIL 20 mg Cpr 1Plq/28;0.021;4.32;0;0;1
3332754;3400933327545;;ASTRAZENECA / AVARA;Non renseigné;PULMICORT TURBUHALER 200 µg/dose Pdr pour inhalation Fl/200doses;0.021;13.77;0;0;1
3364961;3400933649616;;ASTRAZENECA / AVARA;Non renseigné;PULMICORT TURBUHALER 100 µg/dose Pdr pour inhalation Fl/200doses;0.021;11.46;0;0;1
3371375;3400933713751;;ASTRAZENECA / AVARA;Non renseigné;OXEOL 10 mg Cpr séc 3Plq/10 (30);0.021;5.16;0;0;1
3374787;3400933747879;;ASTRAZENECA / AVARA;Non renseigné;PULMICORT TURBUHALER 400 µg/dose Pdr pour inhalation Fl/100Doses;0.021;13.77;0;0;1
3565820;3400935658203;;ASTRAZENECA / AVARA;Non renseigné;SYMBICORT TURBUHALER 100/6 µg/dose Pdr inh Fl/120doses;0.021;25.28;0;0;1
3565843;3400935658432;;ASTRAZENECA / AVARA;Non renseigné;SYMBICORT TURBUHALER 200/6 µg/dose Pdr inh Fl/120doses;0.021;25.28;0;80;1
3599730;3400935997302;;ASTRAZENECA / AVARA;Non renseigné;SYMBICORT TURBUHALER 400/12 µg/dose Pdr inh Fl/60doses;0.021;25.28;0;80;1
3921574;3400939215747;;ASTRAZENECA / AVARA;Non renseigné;BRICANYL 0,5 mg/1 ml S inj 10Amp/1ml;0.021;2.19;0;0;1
3973588;3400939735887;;ASTRAZENECA / AVARA;Non renseigné;ONGLYZA 5 mg Cpr pell Plq/30x1;0.021;12.33;0;0;1
4988741;3400949887415;;ASTRAZENECA / AVARA;Non renseigné;BRILIQUE 90 mg Cpr pell Plq/60;0.021;29.27;0;24;1
;3400930195741;;ATNAHS PHARMA ;Non renseigné;SUNOSI 75 mg Cpr pell Plq/28;0.021;215.82;0;1;1
;3400930195789;;ATNAHS PHARMA ;Non renseigné;SUNOSI 150 mg Cpr pell Plq/28;0.021;287.76;0;1;1
3130329;3400931303299;;ATNAHS PHARMA ;Non renseigné;TERCIAN 40 mg/ml S buv en gouttes Fl/30ml;0.021;4.38;0;84;1
3172380;3400931723806;;ATNAHS PHARMA ;Non renseigné;URBANYL 5 mg Gél Plq/30;0.021;0.91;0;168;1
3181373;3400931813736;;ATNAHS PHARMA ;Non renseigné;URBANYL 10 mg Cpr séc Plq/30;0.021;1.91;0;300;1
3191992;3400931919926;;ATNAHS PHARMA ;Non renseigné;TERCIAN 100 mg Cpr pell séc 1Plq/25;0.021;10.26;0;0;1
3250039;3400932500390;;ATNAHS PHARMA ;Non renseigné;APRANAX 275 mg Cpr pell Plq/30;0.021;2.86;0;0;1
3252073;3400932520732;;ATNAHS PHARMA ;Non renseigné;URBANYL 20 mg Cpr Plq/30;0.021;2.79;0;0;1
3264432;3400932644322;;ATNAHS PHARMA ;Non renseigné;ROCALTROL 0,25 µg Caps molle Plq/30;0.021;5.94;0;0;1
3266135;3400932661350;;ATNAHS PHARMA ;Non renseigné;APRANAX 550 mg Cpr pell séc B/16;0.021;1.75;0;0;1
3296389;3400932963898;;ATNAHS PHARMA ;Non renseigné;TERCIAN 25 mg Cpr pell séc Plq/30;0.021;4;0;160;1
3299910;3400932999101;;ATNAHS PHARMA ;Non renseigné;ZESTRIL 5 mg Cpr séc Plq/28;0.021;2.7;0;0;1
3353644;3400933536442;;ATNAHS PHARMA ;Non renseigné;APRANAX 750 mg Cpr B/15;0.021;4.25;0;0;1
3371576;3400933715762;;ATNAHS PHARMA ;Non renseigné;KYTRIL 1 mg Cpr pell Plq/2;0.021;8.95;0;0;1
3430155;3400934301551;;ATNAHS PHARMA ;Non renseigné;KYTRIL 2 mg Cpr pell Plq/1;0.021;8.95;0;0;1
3714220;3400937142205;;ATNAHS PHARMA ;Non renseigné;TENORMINE 100 mg Cpr enr séc Plq/30;0.021;3.48;0;0;1
3714243;3400937142434;;ATNAHS PHARMA ;Non renseigné;TENORMINE 100 mg Cpr enr séc Plq/90;0.021;9.85;0;0;1
3714272;3400937142724;;ATNAHS PHARMA ;Non renseigné;TENORMINE 50 mg Cpr pell séc Plq/30;0.021;2.05;0;0;1
3714295;3400937142953;;ATNAHS PHARMA ;Non renseigné;TENORMINE 50 mg Cpr pell séc Plq/90;0.021;5.66;0;0;1
3715372;3400937153720;;ATNAHS PHARMA ;Non renseigné;ZESTORETIC 20 mg/12,5 mg Cpr séc Plq/30;0.021;4.62;0;0;1
3176277;3400931762775;;BAILLEUL;Non renseigné;EFFEDERM 0,05 % Cr T/30g;0.021;1.96;0;72;1
3267092;3400932670925;;BAILLEUL;Non renseigné;ERYTHROGEL 4 % Gel appl cut T/30g;0.021;1.83;0;88;1
3281057;3400932810574;;BAILLEUL;Non renseigné;TUSSIPAX Cpr pell Plq/15;0.021;1.44;0;0;1
3306900;3400933069001;;BAILLEUL;Non renseigné;EFFICORT LIPOPHILE 0,127 % Cr T/30g;0.021;2.04;0;0;1
3347218;3400933472184;;BAILLEUL;Non renseigné;ROZAGEL 0,75 % Gel appl locale T/30g;0.021;4.24;0;0;1
3396530;3400933965303;;BAILLEUL;Non renseigné;TOLEXINE Gé 50 mg Cpr microgran 2Plq/14 (28);0.021;2.55;0;0;1
3423735;3400934237355;;BAILLEUL;Non renseigné;EFFICORT HYDROPHILE 0,127 % Cr T/30g;0.021;2.04;0;0;1
3474827;3400934748271;;BAILLEUL;Non renseigné;TOLEXINE Gé 100 mg Cpr microgran 2Plq/14;0.021;4;0;96;1
3534593;3400935345936;;BAILLEUL;Non renseigné;ROZACREME 0,75% Cr T/30g;0.021;4.24;0;0;1
3581167;3400935811677;;BAILLEUL;Non renseigné;CONTRACNE Gé 20 mg Caps molle Plq/30;0.021;16.88;0;0;1
3581204;3400935812049;;BAILLEUL;Non renseigné;CONTRACNE Gé 10 mg Caps molle Plq/30;0.021;9.73;0;0;1
3678843;3400936788435;;BAILLEUL;Non renseigné;CONTRACNE 40 mg Caps molle Plq PVC/PVDC/30;0.021;32.32;0;0;1
3826019;3400938260199;;BAILLEUL;Non renseigné;CONTRACNE Gé 5 mg Caps molle Plq/30;0.021;5.76;0;0;1
;3400930071595;;BAVARIAN NORDIC / ARVATO;Non renseigné;RABIPUR Pdre/solv p sol inj ser préremplie Fl+Ser/1ml+2Aig;0.021;60;0;1;1
;3400930174807;;BAXTER;Non renseigné;OLIMEL N12E Emuls perf 10Poche/650ml;0.021;153.64;0;1;1
3035890;3400930358900;;BAXTER;Non renseigné;ENDOXAN 50 mg Cpr enr Plq/50;0.021;12.12;0;0;1
3565719;3400935657190;;BAXTER;Non renseigné;CERNEVIT Pdre p sol inj/p perf 10Fl;0.021;46.23;0;30;1
3866059;3400938660593;;BAXTER;Non renseigné;OLIMEL N7E Emuls perf 6Poche/1000ml;0.021;129.49;0;6;1
;3400930078853;;BAYER HEALTHCARE SAS - SAG;Non renseigné;XARELTO 15 mg+20 mg Cpr pell kit d'initiation Plq/49;0.021;35.86;0;1;1
;3400930094754;;BAYER HEALTHCARE SAS - SAG;Non renseigné;KYLEENA 19,5 mg Système diffusion intra-utérin B/1;0.021;80.22;0;1;1
;3400930203545;;BAYER HEALTHCARE SAS - SAG;Non renseigné;NUBEQA 300 mg Cpr pell Plq/112;0.021;3099.56;0;1;1
;3400930219867;;BAYER HEALTHCARE SAS - SAG;Non renseigné;XARELTO 1 mg/ml Glé pour suspension buvable Fl/250ml;0.021;25.03;0;1;1
;3400930230008;;BAYER HEALTHCARE SAS - SAG;Non renseigné;ASPIRINE PROTECT 100 mg Cpr gastro-rés Plq PVC/alu/30;0.021;1.5;0;144;1
;3400930303122;;BAYER HEALTHCARE SAS - SAG;Non renseigné;EYLEA 114,3 mg/ml Sol inj ser préremplie Ser/0,184ml;0.021;370.5;0;60;1
2192268;3400921922684;;BAYER HEALTHCARE SAS - SAG;Non renseigné;XARELTO 15 mg Cpr pell Plq/28;0.021;20.49;0;96;1
2192305;3400921923056;;BAYER HEALTHCARE SAS - SAG;Non renseigné;XARELTO 20 mg Cpr pell Plq/28;0.021;20.49;0;96;1
2678350;3400926783501;;BAYER HEALTHCARE SAS - SAG;Non renseigné;EYLEA 40 mg/ml S inj en seringue préremplie Ser/90µl;0.021;306.47;0;36;1
2742869;3400927428692;;BAYER HEALTHCARE SAS - SAG;Non renseigné;ALEVETABS 220 mg Cpr pell Plq/24;0.021;1.8;0;1;1
2752000;3400927520006;;BAYER HEALTHCARE SAS - SAG;Non renseigné;STIVARGA 40 mg Cpr pell Fl/84 (3x28);0.021;1993;0;1;1
2756541;3400927565410;;BAYER HEALTHCARE SAS - SAG;Non renseigné;XARELTO 2,5 mg Cpr pell Plq/56;0.021;20.49;0;1;1
3251381;3400932513819;;BAYER HEALTHCARE SAS - SAG;Non renseigné;BILTRICIDE 600 mg Cpr pell quadriséc Fl/6;0.021;19.53;0;1;1
3291328;3400932913282;;BAYER HEALTHCARE SAS - SAG;Non renseigné;BISEPTINE S appl loc Pulv/100ml;0.021;1.73;0;48;1
3295450;3400932954506;;BAYER HEALTHCARE SAS - SAG;Non renseigné;CALCIDIA 1,54 g Glé susp buv 20Sach;0.021;3.84;0;48;1
3298135;3400932981359;;BAYER HEALTHCARE SAS - SAG;Non renseigné;CIFLOX 500mg Cpr pell séc B/12;0.021;8.64;0;1;1
3392928;3400933929282;;BAYER HEALTHCARE SAS - SAG;Non renseigné;MIRENA 52 mg (20 µg/24 heures) Disp IU B;0.021;73.34;0;1;1
3441940;3400934419409;;BAYER HEALTHCARE SAS - SAG;Non renseigné;CIFLOX 500 mg/5 ml Glé/solv p susp buv Fl/15,9g+Fl solv/86ml;0.021;32.23;0;0;1
3772022;3400937720229;;BAYER HEALTHCARE SAS - SAG;Non renseigné;BETAFERON 250µg/ml P/S 15x(Fl+Ser+Adap+2Tamp);0.021;441.57;0;3;1
3883833;3400938838336;;BAYER HEALTHCARE SAS - SAG;Non renseigné;XARELTO 10 mg Cpr pell Plq thermo/30;0.021;21.95;0;96;1
;3400930169681;;BESINS INTERNATIONAL;Non renseigné;DIMETRUM Gé 2 mg Cpr Plq/28;0.021;10.32;0;1;1
;3400930191163;;BESINS INTERNATIONAL;Non renseigné;CANDAZOL Gé 300 mg Ov Plq/1;0.021;1.82;0;160;1
;3400930211274;;BESINS INTERNATIONAL;Non renseigné;DIMETRUM Gé 2 mg Cpr Plq PVC/PVDC/Alu/84;0.021;29.4;0;1;1
;3400930259092;;BESINS INTERNATIONAL;Non renseigné;VECALMYS 6 mg/0,4 mg Cpr LM Plq/30;0.021;9.52;0;1;1
;3400930264140;;BESINS INTERNATIONAL;Non renseigné;LUZADEL 266 µg Caps molle Plq/3;0.021;2.61;0;1;1
;3400930281819;;BESINS INTERNATIONAL;Non renseigné;TESTOSTERONE BESINS 1000 mg/4 ml S inj Fl/4ml;0.021;19.28;0;1;1
2247437;3400922474373;;BESINS INTERNATIONAL;Non renseigné;ANTIGONE [Gé] 75 µg Cpr pell Plq/84;0.021;2.48;0;144;1
3131412;3400931314127;;BESINS INTERNATIONAL;Non renseigné;PROGESTOGEL 1 % Gel appl locale T/80g;0.021;3.82;0;90;1
3232751;3400932327515;;BESINS INTERNATIONAL;Non renseigné;UTROGESTAN 100 mg Caps orale/vaginale 2Plq/15;0.021;4.45;0;0;1
3242873;3400932428731;;BESINS INTERNATIONAL;Non renseigné;ANDRACTIM Gel appl locale T/80g;0.021;18.5;0;1;1
3382924;3400933829247;;BESINS INTERNATIONAL;Non renseigné;OESTRODOSE 0,06 % Gel appl cut en flacon Fl/80g;0.021;4.29;0;40;1
3409095;3400934090950;;BESINS INTERNATIONAL;Non renseigné;THAIS 25 µg/24 h Disp transderm 8Sach;0.021;5.14;0;0;1
3483996;3400934839962;;BESINS INTERNATIONAL;Non renseigné;UTROGESTAN 200 mg Caps orale/vaginale 1Plq/15;0.021;5.26;0;0;1
3523974;3400935239747;;BESINS INTERNATIONAL;Non renseigné;THAISSEPT 25 µg/24 h Disp transderm 4Sach;0.021;5.14;0;0;1
3523997;3400935239976;;BESINS INTERNATIONAL;Non renseigné;THAISSEPT 50 µg/24 h Disp transderm 4Sach;0.021;5.14;0;0;1
3581138;3400935811387;;BESINS INTERNATIONAL;Non renseigné;PROGESTAN Gé 100 mg Caps molle orale/vaginale Plq/90;0.021;9.52;0;84;1
3587632;3400935876324;;BESINS INTERNATIONAL;Non renseigné;PROGESTAN Gé 200 mg Caps molle orale/vaginale Plq/45;0.021;9.52;0;84;1
3587678;3400935876782;;BESINS INTERNATIONAL;Non renseigné;UTROGESTAN 100 mg Caps orale/vaginale 3Plq/30;0.021;12.69;0;84;1
3587684;3400935876843;;BESINS INTERNATIONAL;Non renseigné;UTROGESTAN 200 mg Caps orale/vaginale 1Plq/45;0.021;14.99;0;0;1
;3400930162262;;BIOCODEX - SAG;Non renseigné;SLENYTO 1 mg Cpr LP Plq/60;0.021;34.61;0;1;1
;3400930162286;;BIOCODEX - SAG;Non renseigné;SLENYTO 5 mg Cpr LP Plq/30;0.021;89.1;0;1;1
;3400930295588;;BIOCODEX - SAG;Non renseigné;ACUPAN Cpr Plq/30;0.021;8.84;0;96;1
2669210;3400926692100;;BIOCODEX - SAG;Non renseigné;MELAXOSE Pâte orale en pot Pot PP/150g+c mesure;0.021;3.42;0;36;1
3242175;3400932421756;;BIOCODEX - SAG;Non renseigné;ACUPAN 20 mg/2 ml S inj 5Amp/2ml;0.021;2.15;0;120;1
3245400;3400932454006;;BIOCODEX - SAG;Non renseigné;ARTISIAL S pulv endobucc Spray/100ml;0.021;3.1;0;24;1
3279066;3400932790661;;BIOCODEX - SAG;Non renseigné;OTIPAX Sol auric gte Fl/16g;0.021;1.52;0;168;1
3332493;3400933324933;;BIOCODEX - SAG;Non renseigné;MOCLAMINE 150 mg Cpr pell séc Plq/30;0.021;6.27;0;1;1
3391679;3400933916794;;BIOCODEX - SAG;Non renseigné;TRANSULOSE Gelée orale en pot Pot PP/150g;0.021;3.42;0;36;1
3412594;3400934125942;;BIOCODEX - SAG;Non renseigné;GYDRELLE 0,1 % Cr vag T/30g av applic;0.021;2.7;0;128;1
3783250;3400937832502;;BIOCODEX - SAG;Non renseigné;DIACOMIT 500 mg Gél Pilul/60;0.021;310.09;0;0;1
4947854;3400949478545;;BIOCODEX MEDIKINET - SAG;Non renseigné;MEDIKINET 5 mg Gél LM Plq/28;0.021;8.61;0;0;1
4948138;3400949481385;;BIOCODEX MEDIKINET - SAG;Non renseigné;MEDIKINET 10 mg Gél LM Plq/28;0.021;11.54;0;0;1
4948150;3400949481507;;BIOCODEX MEDIKINET - SAG;Non renseigné;MEDIKINET 20 mg Gél LM Plq/28;0.021;17.27;0;0;1
4948173;3400949481736;;BIOCODEX MEDIKINET - SAG;Non renseigné;MEDIKINET 30 mg Gél LM Plq/28;0.021;22.01;0;0;1
4948210;3400949482108;;BIOCODEX MEDIKINET - SAG;Non renseigné;MEDIKINET 40 mg Gél LM Plq/28;0.021;28.31;0;0;1
;3400930157374;;BIOCON / MOVIANTO COURNON;Non renseigné;HULIO 40 mg S inj en seringue préremplie 2Ser+2Tamp;0.021;350.02;0;1;1
;3400930157404;;BIOCON / MOVIANTO COURNON;Non renseigné;HULIO 40 mg S inj en stylo prérempli 2Stylo+2Tamp;0.021;350.02;0;6;1
;3400930163245;;BIOCON / MOVIANTO COURNON;Non renseigné;FULPHILA 6 mg S inj en seringue préremplie Ser sécur;0.021;358.57;0;1;1
;3400930212264;;BIOCON / MOVIANTO COURNON;Non renseigné;NEPEXTO 50 mg S inj en stylo prérempli 4Stylo;0.021;435.32;0;1;1
;3400930313497;;BIOCON / MOVIANTO COURNON;Non renseigné;YESINTEK 90 mg Sol inj ser préremplie Ser/1ml;0.021;1046.54;0;1;1
3095969;3400930959695;;BIODIM / CSP COURNON;Non renseigné;SERESTA 50 mg Cpr séc Plq/20;0.021;1.53;0;240;1
3130861;3400931308614;;BIODIM / CSP COURNON;Non renseigné;COLPRONE 5 mg Cpr Plq/2x10 (20);0.021;3.28;0;100;1
3148996;3400931489962;;BIODIM / CSP COURNON;Non renseigné;TEMESTA 2,5 mg Cpr séc Plq/30;0.021;1.5;0;180;1
3574693;3400935746931;;BIODIM / CSP COURNON;Non renseigné;TEMESTA 1 mg Cpr séc Plq/30;0.021;0.76;0;280;1
3588755;3400935887559;;BIODIM / CSP COURNON;Non renseigné;SERESTA 10 mg Cpr Plq/30;0.021;0.96;0;240;1
;3400930016930;;BIOGARAN / CSP MOVIANTO;Non renseigné;RACECADOTRIL BGR 100 mg Gél Plq/20;0.021;3.78;0;1;1
;3400930055953;;BIOGARAN / CSP MOVIANTO;Non renseigné;BETAMETHASONE BIOGARAN 0,05 % Cr T/30g;0.021;1.61;0;100;1
;3400930133415;;BIOGARAN / CSP MOVIANTO;Non renseigné;CHLORHEX BGR 0,25g/0,025g/4ml Fl pulv/100ml;0.021;1.73;0;54;1
;3400930138342;;BIOGARAN / CSP MOVIANTO;Non renseigné;DEXTROM BGR 1,5mg/ml S buv s sucre Fl/125ml;0.021;1.03;0;30;1
;3400930138380;;BIOGARAN / CSP MOVIANTO;Non renseigné;DEXTROM BGR 1,5mg/ml S buv ss sucre Fl/250ml;0.021;1.32;0;20;1
;3400930147672;;BIOGARAN / CSP MOVIANTO;Non renseigné;METRONIDAZOLE BIOGARAN 500 mg Cpr pell Plq/14;0.021;2.42;0;1;1
;3400930168493;;BIOGARAN / CSP MOVIANTO;Non renseigné;PHLOROGLUCINOL BIOGARAN 160 mg Cpr orodisp Plq/5;0.021;1.12;0;160;1
;3400930189948;;BIOGARAN / CSP MOVIANTO;Non renseigné;ATOVAQUONE BIOGARAN 750 mg/5 ml Susp buv Fl/226ml;0.021;204;0;1;1
;3400930191545;;BIOGARAN / CSP MOVIANTO;Non renseigné;PR FLUT/SAL BGR 125µg/25µg/dose Susp Fl/120d;0.021;15.46;0;1;1
;3400930191552;;BIOGARAN / CSP MOVIANTO;Non renseigné;PR FLUT/SAL BGR 250µg/25µg/dose Susp Fl/120d;0.021;17.3;0;1;1
;3400930244746;;BIOGARAN / CSP MOVIANTO;Non renseigné;ENOXAPAR BGR 4000UI(40mg)/0,4ml S 2Ser/0,4ml;0.021;7.48;0;1;1
;3400930244753;;BIOGARAN / CSP MOVIANTO;Non renseigné;ENOXAPAR BGR 4000UI(40mg)/0,4ml S 6Ser/0,4ml;0.021;22.43;0;1;1
;3400930283226;;BIOGARAN / CSP MOVIANTO;Non renseigné;LIBMYRIS 40 mg S inj en stylo prérempli 2Stylo+2tamp;0.021;350.02;0;1;1
2698418;3400926984182;;BIOGARAN / CSP MOVIANTO;Non renseigné;RISEDRONATE BGR 75 mg Cpr pell Plq/2;0.021;8.28;0;1;1
2761097;3400927610974;;BIOGARAN / CSP MOVIANTO;Non renseigné;LIDOCAINE/PRILOCAINE BIOGARAN 5 % Pans adhésif cutané B;0.021;1.33;0;100;1
3298046;3400932980468;;BIOGARAN / CSP MOVIANTO;Non renseigné;INDAPAMIDE BIOGARAN 2,5 mg Cpr pell Plq/30;0.021;5.29;0;0;1
3430132;3400934301322;;BIOGARAN / CSP MOVIANTO;Non renseigné;PIROXICAM BIOGARAN 10 mg Gél 2Plq/15 (30);0.021;1.81;0;0;1
3582505;3400935825056;;BIOGARAN / CSP MOVIANTO;Non renseigné;PROGESTERONE BIOGARAN 200 mg Caps molle orale/vaginale Plq/15;0.021;3.37;0;0;1
3621369;3400936213692;;BIOGARAN / CSP MOVIANTO;Non renseigné;TERAZOSINE BIOGARAN 5 mg Cpr 2Plq/14 (28);0.021;10.61;0;0;1
3998163;3400939981635;;BIOGARAN / CSP MOVIANTO;Non renseigné;RATIOGRASTIM 30 MUI/0,5 ml Sol inj ou p perf 1Ser prér/0,5ml+disp séc;0.021;53.79;0;1;1
4964255;3400949642557;;BIOGARAN / CSP MOVIANTO;Non renseigné;OFLOXACINE BGR 1,5mg/0,5ml S a u in 20U/0,5ml;0.021;3;0;55;1
;3400930044599;;BIOGEN IDEC FRANCE;Non renseigné;BENEPALI 50 mg Sol inj ser préremplie 4Ser/1ml;0.021;435.32;0;1;1
;3400930044605;;BIOGEN IDEC FRANCE;Non renseigné;BENEPALI 50 mg Sol inj stylo prérempli 4Stylo/1ml;0.021;435.32;0;24;1
;3400930092675;;BIOGEN IDEC FRANCE;Non renseigné;BENEPALI 25 mg Sol inj ser préremplie 4Ser/0,51ml;0.021;217.9;0;1;1
;3400930219560;;BIOGEN IDEC FRANCE;Non renseigné;PLEGRIDY 125 µg S inj en seringue préremplie IM 2Ser/0,5ml;0.021;437.6;0;1;1
;3400930241684;;BIOGEN IDEC FRANCE;Non renseigné;VUMERITY 231 mg Gél gastro-rés Fl/120;0.021;699.51;0;1;1
;3400930254097;;BIOGEN IDEC FRANCE;Non renseigné;IMRALDI 40 mg/0,4 ml S inj en seringue préremplie 2Ser0.4+2Tamp;0.021;350.02;0;1;1
;3400930254134;;BIOGEN IDEC FRANCE;Non renseigné;IMRALDI 40 mg/0,4 ml S inj en stylo prérempli 2Stylo0.4+2Tamp;0.021;350.02;0;1;1
2749788;3400927497889;;BIOGEN IDEC FRANCE;Non renseigné;TECFIDERA 120 mg Gél gastro-rés Plq/14;0.021;146.33;0;1;1
2749794;3400927497940;;BIOGEN IDEC FRANCE;Non renseigné;TECFIDERA 240 mg Gél gastro-rés Plq/56;0.021;582.55;0;1;1
2794926;3400927949265;;BIOGEN IDEC FRANCE;Non renseigné;PLEGRIDY 63 µg+94 µg S inj en stylo prérempli Stylo/63µg+Stylo/94µg;0.021;437.6;0;1;1
;3400930043288;;BIOPROJET PHARMA;Non renseigné;WAKIX 4,5 mg Cpr pell Fl/30;0.021;195.27;0;1;1
;3400930043295;;BIOPROJET PHARMA;Non renseigné;WAKIX 18 mg Cpr pell Fl/30;0.021;195.27;0;100;1
;3400930173848;;BIOPROJET PHARMA;Non renseigné;TIORFAN 4 mg/ml Susp buv nourrisson enfant Fl/50ml;0.021;5.39;0;24;1
;3400930173855;;BIOPROJET PHARMA;Non renseigné;TIORFAN 4 mg/ml Susp buv nourrisson enfant Fl/180ml;0.021;5.39;0;40;1
;3400930232415;;BIOPROJET PHARMA;Non renseigné;OZAWADE 4,5 mg Cpr pell Fl/30;0.021;200.4;0;1;1
3349677;3400933496777;;BIOPROJET PHARMA;Non renseigné;TIORFAN 100 mg Gél Plq/20;0.021;4.72;0;0;1
3521113;3400935211132;;BIOPROJET PHARMA;Non renseigné;TIORFAN 10 mg Pdr or en sachet-dose nourrisson 16Sach;0.021;5.74;0;150;1
3521142;3400935211422;;BIOPROJET PHARMA;Non renseigné;TIORFAN 30 mg Pdr or en sachet-dose enfant 30Sach;0.021;5.39;0;40;1
3615736;3400936157361;;BIOPROJET PHARMA;Non renseigné;ANAPEN 150 µg/0,3 ml Sol inj ser préremplie 2Ser/0,3ml;0.021;55.44;0;0;1
3615742;3400936157422;;BIOPROJET PHARMA;Non renseigné;ANAPEN 300 µg/0,3 ml Sol inj ser préremplie 2Ser/0,3ml;0.021;55.44;0;50;1
3820034;3400938200348;;BIOPROJET PHARMA;Non renseigné;TIORFANOR 175 mg Cpr pell Plq/12;0.021;3.96;0;200;1
4993127;3400949931279;;BLUEFISH PHARMACEUTICALS AB;Non renseigné;TETMODIS Gé 25 mg Cpr séc Fl/112;0.021;98.66;0;1;1
;3400930006023;;BOEHRINGER GROSSISTE;Non renseigné;OFEV 100 mg Caps molle Plq/60;0.021;1338.87;0;1;1
;3400930006047;;BOEHRINGER GROSSISTE;Non renseigné;OFEV 150 mg Caps molle Plq/60;0.021;1338.87;0;1;1
;3400930018064;;BOEHRINGER GROSSISTE;Non renseigné;SYNJARDY 5 mg/1000 mg Cpr pell Plq unit/60;0.021;33.92;0;40;1
;3400930018071;;BOEHRINGER GROSSISTE;Non renseigné;SYNJARDY 12,5 mg/1000 mg Cpr pell Plq unit/60;0.021;33.92;0;40;1
;3400930167489;;BOEHRINGER GROSSISTE;Non renseigné;STRIVERDI RESPIMAT 2,5 µg/dose S à inhaler Cart/60d+inh réut;0.021;16.96;0;1;1
;3400930168448;;BOEHRINGER GROSSISTE;Non renseigné;SPIRIVA RESPIMAT 2,5 µg/dose S à inhaler Cart/60d+inh réut;0.021;17.64;0;70;1
;3400930168455;;BOEHRINGER GROSSISTE;Non renseigné;SPIRIVA RESPIMAT 2,5 µg/dose S à inhaler Cart/60doses;0.021;17.64;0;1;1
;3400930168530;;BOEHRINGER GROSSISTE;Non renseigné;SPIOLTO RESPIMAT 2,5 µg/2,5 µg/dose S à inhaler Cart/60d+ inh réut;0.021;31.35;0;1;1
;3400930168547;;BOEHRINGER GROSSISTE;Non renseigné;SPIOLTO RESPIMAT 2,5 µg/2,5 µg/dose S à inhaler Cart/60doses;0.021;29.78;0;1;1
;3400930168974;;BOEHRINGER GROSSISTE;Non renseigné;SPIOLTO RESPIMAT 2,5 µg/2,5 µg/dose S à inhaler 3Cart/60d+inh réut;0.021;94.07;0;1;1
;3400930168998;;BOEHRINGER GROSSISTE;Non renseigné;SPIOLTO RESPIMAT 2,5 µg/2,5 µg/dose S à inhaler 3Cart/60doses;0.021;89.36;0;1;1
;3400930169018;;BOEHRINGER GROSSISTE;Non renseigné;STRIVERDI RESPIMAT 2,5 µg/dose S à inhaler 3Cart/60d+inh réut;0.021;50.87;0;1;1
;3400930169957;;BOEHRINGER GROSSISTE;Non renseigné;SPIRIVA RESPIMAT 2,5 µg/dose S à inhaler 3Cart/60d+inh réut;0.021;52.91;0;1;1
;3400930169964;;BOEHRINGER GROSSISTE;Non renseigné;SPIRIVA RESPIMAT 2,5 µg/dose S à inhaler 3 Cart/60d;0.021;52.91;0;1;1
2756587;3400927565878;;BOEHRINGER GROSSISTE;Non renseigné;GIOTRIF 40 mg Cpr pell Plq/28;0.021;1450.91;0;0;1
2789285;3400927892851;;BOEHRINGER GROSSISTE;Non renseigné;JARDIANCE 10 mg Cpr pell Plq/30;0.021;33.92;0;96;1
2789291;3400927892912;;BOEHRINGER GROSSISTE;Non renseigné;JARDIANCE 25 mg Cpr pell Plq/30;0.021;33.92;0;96;1
3388878;3400933888787;;BOEHRINGER GROSSISTE;Non renseigné;MOBIC 7,5 mg Cpr Plq/10;0.021;1.71;0;1;1
3389056;3400933890568;;BOEHRINGER GROSSISTE;Non renseigné;MOBIC 15 mg Cpr séc Plq/10;0.021;3.29;0;1;1
3608699;3400936086999;;BOEHRINGER GROSSISTE;Non renseigné;BRONCHODUAL 50 µg/20 µg/dose S p inh en fl press Fl/200doses;0.021;5.93;0;168;1
3634691;3400936346918;;BOEHRINGER GROSSISTE;Non renseigné;SIFROL 0,18 mg Cpr Plq/30;0.021;4.43;0;0;1
3634716;3400936347168;;BOEHRINGER GROSSISTE;Non renseigné;SIFROL 0,18 mg Cpr Plq/100;0.021;14.76;0;0;1
3634745;3400936347458;;BOEHRINGER GROSSISTE;Non renseigné;SIFROL 0,7 mg Cpr Plq/30;0.021;17.7;0;0;1
3634751;3400936347519;;BOEHRINGER GROSSISTE;Non renseigné;SIFROL 0,7 mg Cpr Plq/100;0.021;58.97;0;0;1
3657309;3400936573093;;BOEHRINGER GROSSISTE;Non renseigné;ATROVENT 0,50 mg/2 ml Sol p inhal p nébulis récip unidose adulte 10unid/2ml;0.021;3.21;0;0;1
3657315;3400936573154;;BOEHRINGER GROSSISTE;Non renseigné;ATROVENT 0,25 mg/2 ml Sol p inhal p nébulis récip unidose enfant 10unid/2ml;0.021;3.03;0;0;1
3658094;3400936580947;;BOEHRINGER GROSSISTE;Non renseigné;ATROVENT 0,5 mg/1 ml Sol p inhal p nébulis récip unidose adulte 30unid;0.021;12.95;0;36;1
3658131;3400936581319;;BOEHRINGER GROSSISTE;Non renseigné;ATROVENT 0,25 mg/1 ml Sol p inhal p nébulis récip unidose enfant 30unid/1ml;0.021;8.06;0;0;1
3686920;3400936869202;;BOEHRINGER GROSSISTE;Non renseigné;SPIRIVA 18 µg Pdr p inh (gélule) 3Plq/10 (30);0.021;17.64;0;75;1
3777611;3400937776110;;BOEHRINGER GROSSISTE;Non renseigné;MICARDIS 40 mg Cpr Plq/30;0.021;4.62;0;0;1
3777628;3400937776288;;BOEHRINGER GROSSISTE;Non renseigné;MICARDIS 40 mg Cpr Plq/90;0.021;13.88;0;0;1
3777634;3400937776349;;BOEHRINGER GROSSISTE;Non renseigné;MICARDIS 80 mg Cpr Plq/30;0.021;4.62;0;0;1
3777640;3400937776400;;BOEHRINGER GROSSISTE;Non renseigné;MICARDIS 80 mg Cpr Plq/90;0.021;13.88;0;0;1
3777657;3400937776578;;BOEHRINGER GROSSISTE;Non renseigné;MICARDISPLUS 40 mg/12,5 mg Cpr B/30;0.021;4.62;0;0;1
3777663;3400937776639;;BOEHRINGER GROSSISTE;Non renseigné;MICARDISPLUS 40 mg/12,5 mg Cpr B/90;0.021;13.88;0;30;1
3777686;3400937776868;;BOEHRINGER GROSSISTE;Non renseigné;MICARDISPLUS 80 mg/12,5 mg Cpr 1Plq/30;0.021;4.62;0;0;1
3777692;3400937776929;;BOEHRINGER GROSSISTE;Non renseigné;MICARDISPLUS 80 mg/12,5 mg Cpr Plq/90;0.021;13.88;0;0;1
3852560;3400938525601;;BOEHRINGER GROSSISTE;Non renseigné;PRADAXA 75 mg Gél Plq/30x1;0.021;9.61;0;0;1
3852614;3400938526141;;BOEHRINGER GROSSISTE;Non renseigné;PRADAXA 110 mg Gél Plq/30x1;0.021;9.61;0;0;1
3852620;3400938526202;;BOEHRINGER GROSSISTE;Non renseigné;PRADAXA 110 mg Gél Plq/60x1;0.021;19.21;0;36;1
3852703;3400938527032;;BOEHRINGER GROSSISTE;Non renseigné;MICARDISPLUS 80 mg/25 mg Cpr Plq/30;0.021;4.62;0;0;1
3852732;3400938527322;;BOEHRINGER GROSSISTE;Non renseigné;MICARDISPLUS 80 mg/25 mg Cpr Plq/90;0.021;13.88;0;0;1
3974926;3400939749266;;BOEHRINGER GROSSISTE;Non renseigné;SIFROL 0,26 mg Cpr LP Plq/30;0.021;3.09;0;0;1
3974955;3400939749556;;BOEHRINGER GROSSISTE;Non renseigné;SIFROL 0,52 mg Cpr LP Plq/30;0.021;6.09;0;0;1
3974978;3400939749785;;BOEHRINGER GROSSISTE;Non renseigné;SIFROL 1,05 mg Cpr LP Plq/30;0.021;12.18;0;60;1
3974990;3400939749907;;BOEHRINGER GROSSISTE;Non renseigné;SIFROL 2,1 mg Cpr LP Plq/30;0.021;22.3;0;0;1
4194538;3400941945380;;BOEHRINGER GROSSISTE;Non renseigné;PRADAXA 150 mg Gél Plq/60x1;0.021;19.21;0;15;1
4946470;3400949464708;;BOEHRINGER GROSSISTE;Non renseigné;TWYNSTA 40 mg/5 mg Cpr 30Plq/1;0.021;7.15;0;0;1
4946493;3400949464937;;BOEHRINGER GROSSISTE;Non renseigné;TWYNSTA 40 mg/5 mg Cpr 90Plq/1;0.021;21.46;0;0;1
4946524;3400949465248;;BOEHRINGER GROSSISTE;Non renseigné;TWYNSTA 40 mg/10 mg Cpr 30Plq/1;0.021;7.15;0;0;1
4946530;3400949465309;;BOEHRINGER GROSSISTE;Non renseigné;TWYNSTA 40 mg/10 mg Cpr 90Plq/1;0.021;21.46;0;0;1
4946547;3400949465477;;BOEHRINGER GROSSISTE;Non renseigné;TWYNSTA 80 mg/5 mg Cpr 30Plq/1;0.021;7.15;0;0;1
4946553;3400949465538;;BOEHRINGER GROSSISTE;Non renseigné;TWYNSTA 80 mg/5 mg Cpr 90Plq/1;0.021;21.46;0;30;1
4946576;3400949465767;;BOEHRINGER GROSSISTE;Non renseigné;TWYNSTA 80 mg/10 mg Cpr 30Plq/1;0.021;7.15;0;0;1
4946582;3400949465828;;BOEHRINGER GROSSISTE;Non renseigné;TWYNSTA 80 mg/10 mg Cpr 90Plq/1;0.021;21.46;0;0;1
3669092;3400936690929;;BOUCHARA FROID  / CSP MOUSSY;Non renseigné;ELIGARD 22,5 mg Pdre/solv p sol inj Ser pdr+Ser solv;0.021;238.01;0;0;1
3826338;3400938263381;;BOUCHARA FROID  / CSP MOUSSY;Non renseigné;ELIGARD 45 mg Pdre/solv p sol inj Ser pdr+Ser solv;0.021;475.51;0;0;1
;3400930005576;;BOUCHARA RECORDATI  - SAG / CSP MOUSSY;Non renseigné;LERCAPRESS 20 mg/20 mg Cpr pell Plq/30;0.021;5.22;0;1;1
;3400930005637;;BOUCHARA RECORDATI  - SAG / CSP MOUSSY;Non renseigné;LERCAPRESS 20 mg/20 mg Cpr pell Plq/90;0.021;14.87;0;1;1
;3400930212745;;BOUCHARA RECORDATI  - SAG / CSP MOUSSY;Non renseigné;RESELIP 10 mg/10 mg Cpr Plq/30;0.021;13.98;0;54;1
;3400930212752;;BOUCHARA RECORDATI  - SAG / CSP MOUSSY;Non renseigné;RESELIP 10 mg/10 mg Cpr Plq/90;0.021;41.91;0;1;1
;3400930212769;;BOUCHARA RECORDATI  - SAG / CSP MOUSSY;Non renseigné;RESELIP 10 mg/20 mg Cpr Plq/30;0.021;13.98;0;1;1
;3400930212776;;BOUCHARA RECORDATI  - SAG / CSP MOUSSY;Non renseigné;RESELIP 10 mg/20 mg Cpr Plq/90;0.021;41.91;0;1;1
;3400930212783;;BOUCHARA RECORDATI  - SAG / CSP MOUSSY;Non renseigné;RESELIP 10 mg/40 mg Cpr Plq/30;0.021;13.98;0;1;1
;3400930212790;;BOUCHARA RECORDATI  - SAG / CSP MOUSSY;Non renseigné;RESELIP 10 mg/40 mg Cpr Plq/90;0.021;41.91;0;1;1
;3400930212813;;BOUCHARA RECORDATI  - SAG / CSP MOUSSY;Non renseigné;RESELIP 10 mg/80 mg Cpr Plq/90;0.021;41.91;0;18;1
3000546;3400930005460;;BOUCHARA RECORDATI  - SAG / CSP MOUSSY;Non renseigné;ZANEXTRA 20 mg/20 mg Cpr pell Plq/30;0.021;5.22;0;1;1
3000552;3400930005521;;BOUCHARA RECORDATI  - SAG / CSP MOUSSY;Non renseigné;ZANEXTRA 20 mg/20 mg Cpr pell Plq/90;0.021;14.87;0;1;1
3009964;3400930099643;;BOUCHARA RECORDATI  - SAG / CSP MOUSSY;Non renseigné;BASDENE 25 mg Cpr Plq/2x25 (50);0.021;2.46;0;0;1
3021280;3400930212806;;BOUCHARA RECORDATI  - SAG / CSP MOUSSY;Non renseigné;RESELIP 10 mg/80 mg Cpr Plq/30;0.021;13.98;0;1;1
3113213;3400931132134;;BOUCHARA RECORDATI  - SAG / CSP MOUSSY;Non renseigné;VITAMINE D3 BON 200 000 UI/ml S inj en ampoule IM 1Amp/1ml;0.021;1.03;0;1;1
3153342;3400931533429;;BOUCHARA RECORDATI  - SAG / CSP MOUSSY;Non renseigné;POLYDEXA Sol auric gte Fl/10,5ml;0.021;1.48;0;180;1
3223887;3400932238873;;BOUCHARA RECORDATI  - SAG / CSP MOUSSY;Non renseigné;ERY Gé 500 mg Cpr Plq/20;0.021;2.63;0;0;1
3280520;3400932805204;;BOUCHARA RECORDATI  - SAG / CSP MOUSSY;Non renseigné;OTOFA S aur Fl/10ml;0.021;2.25;0;0;1
3355175;3400933551759;;BOUCHARA RECORDATI  - SAG / CSP MOUSSY;Non renseigné;PHOSPHONEUROS S buv en gouttes Fl/120ml;0.021;3.91;0;30;1
3360549;3400933605490;;BOUCHARA RECORDATI  - SAG / CSP MOUSSY;Non renseigné;CALPEROS 500 mg Cpr à sucer séc Plq/60;0.021;4.62;0;0;1
3390591;3400933905910;;BOUCHARA RECORDATI  - SAG / CSP MOUSSY;Non renseigné;COLOPEG Pdr sol buv 4Sach/68,6g;0.021;6.01;0;12;1
3411577;3400934115776;;BOUCHARA RECORDATI  - SAG / CSP MOUSSY;Non renseigné;CALPEROS D3 Cpr à sucer Fl/60;0.021;4.62;0;1;1
3459905;3400934599057;;BOUCHARA RECORDATI  - SAG / CSP MOUSSY;Non renseigné;RECHOLAN 24,4 g/10,8 g S buv 2Fl/45ml;0.021;7.02;0;0;1
3520823;3400935208231;;BOUCHARA RECORDATI  - SAG / CSP MOUSSY;Non renseigné;LECTIL 16 mg Cpr séc Plq/45;0.021;4.88;0;1;1
3584674;3400935846747;;BOUCHARA RECORDATI  - SAG / CSP MOUSSY;Non renseigné;SELOZOK LP 23,75 mg Cpr pell séc LP Plq/28;0.021;14.39;0;0;1
3589884;3400935898845;;BOUCHARA RECORDATI  - SAG / CSP MOUSSY;Non renseigné;EPINITRIL 5 mg/24 h Disp transderm 30Sach;0.021;10.46;0;1;1
3589909;3400935899095;;BOUCHARA RECORDATI  - SAG / CSP MOUSSY;Non renseigné;EPINITRIL 10 mg/24 h Disp transderm 30Sach;0.021;11.39;0;0;1
3589921;3400935899217;;BOUCHARA RECORDATI  - SAG / CSP MOUSSY;Non renseigné;EPINITRIL 15 mg/24 h Disp transderm 30Sach;0.021;12.32;0;1;1
3610199;3400936101999;;BOUCHARA RECORDATI  - SAG / CSP MOUSSY;Non renseigné;LECTIL 24 mg Cpr Plq/60;0.021;5.1;0;0;1
3618255;3400936182554;;BOUCHARA RECORDATI  - SAG / CSP MOUSSY;Non renseigné;AVODART 0,5 mg Caps molle Plq/3x10 (30);0.021;11.94;0;80;1
3712416;3400937124164;;BOUCHARA RECORDATI  - SAG / CSP MOUSSY;Non renseigné;LERCAN 10 mg Cpr pell séc Plq/30;0.021;4.17;0;0;1
3712422;3400937124225;;BOUCHARA RECORDATI  - SAG / CSP MOUSSY;Non renseigné;LERCAN 10 mg Cpr pell séc Plq/90;0.021;12.49;0;0;1
3712439;3400937124393;;BOUCHARA RECORDATI  - SAG / CSP MOUSSY;Non renseigné;LERCAN 20 mg Cpr pell Plq/30;0.021;4.17;0;0;1
3712445;3400937124454;;BOUCHARA RECORDATI  - SAG / CSP MOUSSY;Non renseigné;LERCAN 20 mg Cpr pell Plq/90;0.021;12.49;0;1;1
3714409;3400937144094;;BOUCHARA RECORDATI  - SAG / CSP MOUSSY;Non renseigné;LOGIMAX 5 mg/47,5 mg Cpr enr LP Plq/30;0.021;12.42;0;1;1
3714421;3400937144216;;BOUCHARA RECORDATI  - SAG / CSP MOUSSY;Non renseigné;LOGIMAX 5 mg/47,5 mg Cpr enr LP Plq/90;0.021;35.4;0;60;1
3715030;3400937150309;;BOUCHARA RECORDATI  - SAG / CSP MOUSSY;Non renseigné;SELOKEN 100 mg Cpr séc Plq/30;0.021;2.87;0;0;1
3722521;3400937225212;;BOUCHARA RECORDATI  - SAG / CSP MOUSSY;Non renseigné;SELOKEN LP 200 mg Cpr LP Plq/30;0.021;5.46;0;1;1
3722544;3400937225441;;BOUCHARA RECORDATI  - SAG / CSP MOUSSY;Non renseigné;SELOKEN LP 200 mg Cpr LP Plq/90;0.021;15.55;0;0;1
3722596;3400937225960;;BOUCHARA RECORDATI  - SAG / CSP MOUSSY;Non renseigné;ZANIDIP 10 mg Cpr pell séc Plq/30;0.021;4.17;0;0;1
3722604;3400937226042;;BOUCHARA RECORDATI  - SAG / CSP MOUSSY;Non renseigné;ZANIDIP 10 mg Cpr pell séc Plq/90;0.021;12.49;0;0;1
3722863;3400937228633;;BOUCHARA RECORDATI  - SAG / CSP MOUSSY;Non renseigné;ZANIDIP 20 mg Cpr pell Plq/30;0.021;4.17;0;1;1
3722886;3400937228862;;BOUCHARA RECORDATI  - SAG / CSP MOUSSY;Non renseigné;ZANIDIP 20 mg Cpr pell Plq/90;0.021;12.49;0;0;1
3841622;3400938416220;;BOUCHARA RECORDATI  - SAG / CSP MOUSSY;Non renseigné;WYSTAMM 10 mg Cpr Plq/30;0.021;4.22;0;0;1
3841645;3400938416459;;BOUCHARA RECORDATI  - SAG / CSP MOUSSY;Non renseigné;CITRAFLEET Pdr sol buv en sachet-dose 2Sach;0.021;6.01;0;48;1
3859639;3400938596397;;BOUCHARA RECORDATI  - SAG / CSP MOUSSY;Non renseigné;LERCAPRESS 20 mg/10 mg Cpr pell Plq/30;0.021;5.22;0;1;1
3859674;3400938596748;;BOUCHARA RECORDATI  - SAG / CSP MOUSSY;Non renseigné;ZANEXTRA 20 mg/10 mg Cpr pell Plq/30;0.021;5.22;0;0;1
3873757;3400938737578;;BOUCHARA RECORDATI  - SAG / CSP MOUSSY;Non renseigné;LERCAPRESS 20 mg/10 mg Cpr pell Plq/90;0.021;14.87;0;1;1
3873929;3400938739299;;BOUCHARA RECORDATI  - SAG / CSP MOUSSY;Non renseigné;ZANEXTRA 20 mg/10 mg Cpr pell Plq/90;0.021;14.87;0;0;1
3893398;3400938933987;;BOUCHARA RECORDATI  - SAG / CSP MOUSSY;Non renseigné;COMBODART 0,5 mg/0,4 mg Gél Fl/30;0.021;14.77;0;50;1
3953479;3400939534794;;BOUCHARA RECORDATI  - SAG / CSP MOUSSY;Non renseigné;ORDIPHA 500 mg Cpr disp séc Plq/3;0.021;7.16;0;1;1
3389435;3400933894351;;BOUCHARA-RECORDATI  STUP;Non renseigné;METHADONE AP-HP 10 mg/7,5 ml Sirop 1Fl/7,5ml;0.021;0.65;0;70;1
3389441;3400933894412;;BOUCHARA-RECORDATI  STUP;Non renseigné;METHADONE AP-HP 20 mg/15 ml Sirop 1Fl/15ml;0.021;0.79;0;70;1
3389458;3400933894580;;BOUCHARA-RECORDATI  STUP;Non renseigné;METHADONE AP-HP 5 mg/3,75 ml Sirop Fl/3,75ml;0.021;0.58;0;70;1
3400415;3400934004155;;BOUCHARA-RECORDATI  STUP;Non renseigné;METHADONE AP-HP 40 mg/15 ml Sirop Fl/15ml;0.021;0.84;0;70;1
3400421;3400934004216;;BOUCHARA-RECORDATI  STUP;Non renseigné;METHADONE AP-HP 60 mg/15 ml Sirop Fl/15ml;0.021;0.9;0;70;1
3791462;3400937914628;;BOUCHARA-RECORDATI  STUP;Non renseigné;METHADONE AP-HP 1 mg Gél Plq/7;0.021;1.84;0;30;1
3791479;3400937914796;;BOUCHARA-RECORDATI  STUP;Non renseigné;METHADONE AP-HP 5 mg Gél Plq/7;0.021;3.12;0;30;1
3791485;3400937914857;;BOUCHARA-RECORDATI  STUP;Non renseigné;METHADONE AP-HP 10 mg Gél Plq/7;0.021;3.61;0;30;1
3791491;3400937914918;;BOUCHARA-RECORDATI  STUP;Non renseigné;METHADONE AP-HP 20 mg Gél Plq/7;0.021;4.59;0;30;1
3805081;3400938050813;;BOUCHARA-RECORDATI  STUP;Non renseigné;METHADONE AP-HP 40 mg Gél Plq/7;0.021;5.03;0;30;1
3245877;3400932458776;;BRACCO IMAGING FRANCE;Non renseigné;IOPAMIRON 200 mg Iode/ml S inj Fl/10ml;0.021;5.5;0;0;1
;3400930243442;;BRISTOL-MYERS SQUIBB;Non renseigné;KENACORT RETARD 40 mg/1 ml Susp inj Fl/1ml;0.021;1.67;0;400;1
;3400930276358;;BRISTOL-MYERS SQUIBB;Non renseigné;CAMZYOS 5 mg Gél Plq/28;0.021;1271.65;0;1;1
2678410;3400926784102;;BRISTOL-MYERS SQUIBB;Non renseigné;ELIQUIS 5 mg Cpr pell Plq/60;0.021;52.41;0;160;1
3640450;3400936404502;;BRISTOL-MYERS SQUIBB;Non renseigné;REYATAZ 200 mg Gél Plq/10x6;0.021;258.95;0;12;1
3762897;3400937628976;;BRISTOL-MYERS SQUIBB;Non renseigné;BARACLUDE 0,5 mg Cpr pell Plq/3x10 (30);0.021;117.54;0;0;1
3762911;3400937629119;;BRISTOL-MYERS SQUIBB;Non renseigné;BARACLUDE 1 mg Cpr pell Blist/10x3 (30);0.021;117.54;0;0;1
3762928;3400937629287;;BRISTOL-MYERS SQUIBB;Non renseigné;BARACLUDE 0,05 mg/ml S buv Fl/210ml;0.021;404.45;0;0;1
3848788;3400938487886;;BRISTOL-MYERS SQUIBB;Non renseigné;REYATAZ 300 mg Gél Fl/30;0.021;258.95;0;0;1
4194544;3400941945441;;BRISTOL-MYERS SQUIBB;Non renseigné;ELIQUIS 2,5 mg Cpr pell Plq/10;0.021;8.74;0;0;1
4194550;3400941945502;;BRISTOL-MYERS SQUIBB;Non renseigné;ELIQUIS 2,5 mg Cpr pell Plq/20;0.021;17.47;0;0;1
4194567;3400941945670;;BRISTOL-MYERS SQUIBB;Non renseigné;ELIQUIS 2,5 mg Cpr pell Plq/60;0.021;52.41;0;160;1
;3400930242391;;BeOne Medicines France ;Non renseigné;BRUKINSA 80 mg Gél Fl/120;0.021;4083.7;0;12;1
;3400930126103;;CCD;Non renseigné;ACIDE FOLIQUE CCD 0,4 mg Cpr Plq/90;0.021;5.43;0;121;1
3389961;3400933899615;;CCD;Non renseigné;SPOTOF 1 g/10 ml Gé S buv 5Amp/10ml;0.021;1.74;0;100;1
3576605;3400935766052;;CCD;Non renseigné;ACIDE FOLIQUE CCD 5 mg Cpr Plq/20;0.021;1.02;0;170;1
3584585;3400935845856;;CCD;Non renseigné;ACIDE FOLIQUE CCD 0,4 mg Cpr Plq/30;0.021;2.41;0;170;1
;3400930004241;;CDM LAVOISIER;Non renseigné;CHLORURE DE SODIUM LAVOISIER 0,9 % S perf Poche PP/50ml;0.021;1.41;0;50;1
;3400930004258;;CDM LAVOISIER;Non renseigné;CHLORURE DE SODIUM LAVOISIER 0,9 % S perf Poche PP/100ml;0.021;1.59;0;50;1
;3400930004272;;CDM LAVOISIER;Non renseigné;CHLORURE DE SODIUM LAVOISIER 0,9 % S perf Poche PP/500ml;0.021;1.9;0;20;1
3057503;3400930575031;;CDM LAVOISIER;Non renseigné;BICARBONATE DE SODIUM LAVOISIER 1,4 % S perf Fl/250ml;0.021;2.09;0;10;1
3057526;3400930575260;;CDM LAVOISIER;Non renseigné;BICARBONATE DE SODIUM LAVOISIER 1,4 % S perf Fl/500ml;0.021;2.45;0;8;1
3057839;3400930578391;;CDM LAVOISIER;Non renseigné;CHLORURE DE SODIUM 0,9 % LAVOISIER S perf Fl/1000ml;0.021;2.49;0;1;1
3057845;3400930578452;;CDM LAVOISIER;Non renseigné;CHLORURE DE SODIUM 0,9 % LAVOISIER S perf Fl/125ml;0.021;2.08;0;24;1
3057897;3400930578971;;CDM LAVOISIER;Non renseigné;CHLORURE DE SODIUM 0,9 % LAVOISIER S perf Fl/250ml;0.021;1.64;0;30;1
3057940;3400930579404;;CDM LAVOISIER;Non renseigné;CHLORURE DE SODIUM 0,9 % LAVOISIER S perf Fl/500ml;0.021;1.9;0;8;1
3402130;3400934021305;;CDM LAVOISIER;Non renseigné;MORPHINE (CHLORHYDRATE) LAVOISIER 10 mg/ml S inj 10Amp/1ml;0.021;7.22;0;0;1
3562069;3400935620699;;CDM LAVOISIER;Non renseigné;MORPHINE (SULFATE) LAVOISIER 1 mg/ml S inj 10Amp/1ml;0.021;6.26;0;0;1
3629968;3400936299689;;CDM LAVOISIER;Non renseigné;GLUCOSE LAVOISIER 30 % S inj en ampoule 10Amp/10ml;0.021;4.32;0;0;1
;3400930199343;;CELLTRION FRANCE / ALLOGA;Non renseigné;REMSIMA 120 mg S inj en seringue préremplie 2Ser+Prot-aig+2Tamp;0.021;288.21;0;24;1
;3400930199350;;CELLTRION FRANCE / ALLOGA;Non renseigné;REMSIMA 120 mg S inj en stylo prérempli Stylo+2Tamp;0.021;144.35;0;1;1
;3400930199367;;CELLTRION FRANCE / ALLOGA;Non renseigné;REMSIMA 120 mg S inj en stylo prérempli 2Stylo+2Tamp;0.021;288.21;0;50;1
;3400930226384;;CELLTRION FRANCE / ALLOGA;Non renseigné;YUFLYMA 40 mg S inj en seringue préremplie 2Ser av prot aig/0,4ml+2Tamp;0.021;350.02;0;1;1
;3400930226438;;CELLTRION FRANCE / ALLOGA;Non renseigné;YUFLYMA 40 mg S inj en stylo prérempli 2Stylo/0,4ml+2Tamp;0.021;350.02;0;50;1
;3400930246887;;CELLTRION FRANCE / ALLOGA;Non renseigné;YUFLYMA 80 mg S inj en stylo prérempli Stylo;0.021;350.02;0;1;1
;3400930294345;;CELLTRION FRANCE / ALLOGA;Non renseigné;OMLYCLO 75 mg Sol inj ser préremplie Ser/0,5ml;0.021;71.37;0;1;1
;3400930294369;;CELLTRION FRANCE / ALLOGA;Non renseigné;OMLYCLO 150 mg Sol inj ser préremplie Ser/1ml;0.021;142.25;0;1;1
;3400930302248;;CELLTRION FRANCE / ALLOGA;Non renseigné;STEQEYMA 45 mg Sol inj ser préremplie Ser/0,5ml;0.021;1046.54;0;1;1
;3400930309636;;CELLTRION FRANCE / ALLOGA;Non renseigné;AVTOZMA 162 mg Sol inj stylo prérempli Stylo/0,9ml;0.021;111.37;0;1;1
;3400930316955;;CELLTRION FRANCE / ALLOGA;Non renseigné;OMLYCLO 75 mg Sol inj stylo prérempli Stylo/0,5ml;0.021;71.37;0;1;1
;3400930316962;;CELLTRION FRANCE / ALLOGA;Non renseigné;OMLYCLO 150 mg Sol inj stylo prérempli Stylo/1ml;0.021;142.25;0;1;1
;3400930130254;;CENTRE SPECIALITES PHARMACEUTIQUES 184;Non renseigné;MOVENTIG 12,5 mg Cpr pell Plq/30x1;0.021;59.46;0;1;1
;3400930130285;;CENTRE SPECIALITES PHARMACEUTIQUES 184;Non renseigné;MOVENTIG 25 mg Cpr pell Plq/30x1;0.021;59.46;0;60;1
2670420;3400926704209;;CENTRE SPÉCIALITÉS PHARMACEUTIQUES 183;Non renseigné;STALEVO 175 mg/43,75 mg/200 mg Cpr pell Fl/100;0.021;43.16;0;0;1
3042507;3400930425077;;CENTRE SPÉCIALITÉS PHARMACEUTIQUES 183;Non renseigné;GARDENAL 10 mg Cpr Plq/80;0.021;2.1;0;0;1
3042513;3400930425138;;CENTRE SPÉCIALITÉS PHARMACEUTIQUES 183;Non renseigné;GARDENAL 50 mg Cpr Plq/30;0.021;0.89;0;132;1
3042536;3400930425367;;CENTRE SPÉCIALITÉS PHARMACEUTIQUES 183;Non renseigné;GARDENAL 100 mg Cpr Plq/20;0.021;1.38;0;132;1
3111243;3400931112433;;CENTRE SPÉCIALITÉS PHARMACEUTIQUES 183;Non renseigné;VALIUM 10 mg/2 ml S inj 6Amp/2ml;0.021;1.92;0;0;1
3111272;3400931112723;;CENTRE SPÉCIALITÉS PHARMACEUTIQUES 183;Non renseigné;VALIUM 10 mg Cpr séc 1Plq/30;0.021;0.98;0;80;1
3111303;3400931113034;;CENTRE SPÉCIALITÉS PHARMACEUTIQUES 183;Non renseigné;VALIUM 1 % S buv en gouttes Fl/20ml;0.021;1.83;0;100;1
3286209;3400932862092;;CENTRE SPÉCIALITÉS PHARMACEUTIQUES 183;Non renseigné;GARDENAL 40 mg/2 ml Pdr & solv inj Fl+solv/2ml;0.021;8.06;0;0;1
3368479;3400933684792;;CENTRE SPÉCIALITÉS PHARMACEUTIQUES 183;Non renseigné;DICODIN LP 60 mg Cpr LP Plq/20;0.021;4.02;0;0;1
3394028;3400933940287;;CENTRE SPÉCIALITÉS PHARMACEUTIQUES 183;Non renseigné;DIPENTUM 500 mg Cpr Fl/60;0.021;33.56;0;0;1
3578515;3400935785152;;CENTRE SPÉCIALITÉS PHARMACEUTIQUES 183;Non renseigné;DUOVA 1 mg/5 mg Cpr Plq/28;0.021;5.47;0;0;1
3634538;3400936345386;;CENTRE SPÉCIALITÉS PHARMACEUTIQUES 183;Non renseigné;STALEVO 50 mg/12,5 mg/200 mg Cpr pell Fl/100;0.021;38.54;0;0;1
3634573;3400936345737;;CENTRE SPÉCIALITÉS PHARMACEUTIQUES 183;Non renseigné;STALEVO 100 mg/25 mg/200 mg Cpr pell Fl/100;0.021;40.08;0;0;1
3634627;3400936346277;;CENTRE SPÉCIALITÉS PHARMACEUTIQUES 183;Non renseigné;STALEVO 150 mg/37,5 mg/200 mg Cpr pell Fl/100;0.021;42.14;0;0;1
3853884;3400938538847;;CENTRE SPÉCIALITÉS PHARMACEUTIQUES 183;Non renseigné;STALEVO 200 mg/50 mg/200 mg Cpr pell Fl/100;0.021;44.19;0;0;1
3944196;3400939441962;;CENTRE SPÉCIALITÉS PHARMACEUTIQUES 183;Non renseigné;STALEVO 75 mg/18,75 mg/200 mg Cpr pell Fl/100;0.021;39.57;0;0;1
3944256;3400939442563;;CENTRE SPÉCIALITÉS PHARMACEUTIQUES 183;Non renseigné;STALEVO 125 mg/31,25 mg/200 mg Cpr pell Fl/100;0.021;41.37;0;0;1
3983598;3400939835983;;CENTRE SPÉCIALITÉS PHARMACEUTIQUES 183;Non renseigné;DEPRENYL 5 mg Cpr séc Fl/30;0.021;14.28;0;0;1
;3400930067444;;CHAUVIN BAUSCH & LOMB - SAG;Non renseigné;FRAKIDEX Collyre Flcpt-gte(PEBD)/5ml;0.021;1.31;0;1;1
;3400930093405;;CHAUVIN BAUSCH & LOMB - SAG;Non renseigné;VIZITRAV 40 µg/ml Collyre sol 1Fl/2,5ml;0.021;7.24;0;1;1
;3400930136188;;CHAUVIN BAUSCH & LOMB - SAG;Non renseigné;KIVIZIDIALE 40 µg/ml+5 mg/ml Collyre sol Fl(PP)/2,5ml;0.021;9.18;0;1;1
;3400930145951;;CHAUVIN BAUSCH & LOMB - SAG;Non renseigné;LEVOFREE 0,05 % Collyre sol Fl/5ml;0.021;4.64;0;300;1
;3400930151044;;CHAUVIN BAUSCH & LOMB - SAG;Non renseigné;VIZILATAN 50 µg/ml Collyre sol Fl/2,5ml;0.021;5.85;0;1;1
;3400930151051;;CHAUVIN BAUSCH & LOMB - SAG;Non renseigné;VIZILATAN 50 µg/ml Collyre sol 3Fl/2,5ml;0.021;16.67;0;1;1
;3400930176740;;CHAUVIN BAUSCH & LOMB - SAG;Non renseigné;VIZITRAV 40 µg/ml Collyre sol 3Fl/2,5ml;0.021;20.61;0;1;1
;3400930185704;;CHAUVIN BAUSCH & LOMB - SAG;Non renseigné;KIVIZIDIALE 40 µg/ml+5 mg/ml Collyre sol 3Fl(PP)/2,5ml;0.021;26.14;0;1;1
;3400930204467;;CHAUVIN BAUSCH & LOMB - SAG;Non renseigné;KILATIM 50 µg/ml+5 mg/ml Collyre en solution Fl/2,5ml;0.021;7.02;0;1;1
;3400930204474;;CHAUVIN BAUSCH & LOMB - SAG;Non renseigné;KILATIM 50 µg/ml+5 mg/ml Collyre en solution 3Fl/2,5ml;0.021;21.06;0;1;1
;3400930292426;;CHAUVIN BAUSCH & LOMB - SAG;Non renseigné;CARTEOL LP 2% Col sLP ss cons Fl/8ml;0.021;11.24;0;1;1
3366664;3400933666644;;CHAUVIN BAUSCH & LOMB - SAG;Non renseigné;LACRINORM 0,2 % Gel ophtalm T/10g;0.021;2.27;0;1;1
3403589;3400934035890;;CHAUVIN BAUSCH & LOMB - SAG;Non renseigné;ARTELAC 1,6 mg/0,5 ml Collyre récip unidose 60unid;0.021;4.81;0;32;1
3419538;3400934195389;;CHAUVIN BAUSCH & LOMB - SAG;Non renseigné;INDOCOLLYRE 0,1 % Collyre sol Fl/5ml;0.021;2.59;0;300;1
3438091;3400934380914;;CHAUVIN BAUSCH & LOMB - SAG;Non renseigné;CARTEOL 2 % Collyre sol Fl/3ml;0.021;2.78;0;1;1
3464668;3400934646683;;CHAUVIN BAUSCH & LOMB - SAG;Non renseigné;INDOCOLLYRE 0,1 % Collyre sol récip unidose 20Unid;0.021;2.5;0;108;1
3469223;3400934692239;;CHAUVIN BAUSCH & LOMB - SAG;Non renseigné;CROMOPTIC SANS CONSERVATEUR 2 % Collyre sol Fl/10ml;0.021;4.64;0;1;1
3473986;3400934739866;;CHAUVIN BAUSCH & LOMB - SAG;Non renseigné;LEVOPHTA 0,05 % Collyre Fl/5ml;0.021;5.21;0;1;1
3535664;3400935356642;;CHAUVIN BAUSCH & LOMB - SAG;Non renseigné;CROMOPTIC 2 % Collyre sol récip unidose 30unid;0.021;2.87;0;84;1
3545906;3400935459060;;CHAUVIN BAUSCH & LOMB - SAG;Non renseigné;INDOBIOTIC Collyre sol récip unidose 20Unid;0.021;2.36;0;0;1
3578892;3400935788924;;CHAUVIN BAUSCH & LOMB - SAG;Non renseigné;CARTEOL LP 1 % Collyre LP Fl/3ml;0.021;4.95;0;0;1
3578952;3400935789525;;CHAUVIN BAUSCH & LOMB - SAG;Non renseigné;CARTEOL LP 2 % Collyre LP Fl/3ml;0.021;4.95;0;10;1
3593101;3400935931016;;CHAUVIN BAUSCH & LOMB - SAG;Non renseigné;LIPOSIC 2 mg/g Gel opht T/10g;0.021;1.96;0;1;1
3600663;3400936006638;;CHAUVIN BAUSCH & LOMB - SAG;Non renseigné;CARTEOL LP 1 % Collyre récip unidose 30Unid/0,2ml;0.021;5.62;0;84;1
3600901;3400936009011;;CHAUVIN BAUSCH & LOMB - SAG;Non renseigné;CARTEOL LP 2 % Collyre LP récip unidose 30Unid/0,2ml;0.021;5.62;0;84;1
3915668;3400939156682;;CHAUVIN BAUSCH & LOMB - SAG;Non renseigné;AQUAREST Gé 0,2 % Gel ophtalm 60Unid/0,6g;0.021;4.81;0;1;1
;3400930038055;;CHEPLAPHARM  / ARVATO;Non renseigné;VITAMINE K1 CHEPLAPHARM 10 mg/1 ml S inj/buv 5Amp ver brun/1ml;0.021;4.35;0;1;1
;3400930122303;;CHEPLAPHARM  / ARVATO;Non renseigné;VITAMINE K1 CHEPLAPHARM 2 mg/0,2 ml S inj/buv 1Amp/0,2ml;0.021;4.42;0;30;1
3025897;3400930258972;;CHEPLAPHARM  / ARVATO;Non renseigné;CORTANCYL 1 mg Cpr Plq/30;0.021;0.92;0;240;1
3025905;3400930259054;;CHEPLAPHARM  / ARVATO;Non renseigné;CORTANCYL 5 mg Cpr séc Plq/30;0.021;1.53;0;0;1
3041867;3400930418673;;CHEPLAPHARM  / ARVATO;Non renseigné;FUNGIZONE 10 % Susp buv Fl/40ml;0.021;4.23;0;64;1
3051558;3400930515587;;CHEPLAPHARM  / ARVATO;Non renseigné;HYDROCORTANCYL 2,5 % Susp inj Fl/5ml;0.021;7.23;0;0;1
3115755;3400931157557;;CHEPLAPHARM  / ARVATO;Non renseigné;EXACYL 1 g/10 ml S buv 5Amp/10ml;0.021;1.74;0;100;1
3115761;3400931157618;;CHEPLAPHARM  / ARVATO;Non renseigné;EXACYL 0,5 g/5 ml S inj IV 5Amp/5ml;0.021;6.48;0;64;1
3170524;3400931705246;;CHEPLAPHARM  / ARVATO;Non renseigné;RIVOTRIL 2,5 mg/ml S buv en gouttes Fl/20ml;0.021;1.21;0;100;1
3174284;3400931742845;;CHEPLAPHARM  / ARVATO;Non renseigné;LEXOMIL 6 mg Cpr quadriséc T/30;0.021;1.35;0;160;1
3181580;3400931815808;;CHEPLAPHARM  / ARVATO;Non renseigné;SOTALEX 80 mg Cpr séc Plq/30;0.021;2.01;0;96;1
3220771;3400932207718;;CHEPLAPHARM  / ARVATO;Non renseigné;SECTRAL 400 mg Cpr pell Plq/30;0.021;4.94;0;0;1
3222563;3400932225637;;CHEPLAPHARM  / ARVATO;Non renseigné;SOTALEX 160 mg Cpr séc Plq/30;0.021;3.66;0;0;1
3234075;3400932340750;;CHEPLAPHARM  / ARVATO;Non renseigné;URSOLVAN 200 mg Gél Plq/30;0.021;7.69;0;144;1
3241081;3400932410811;;CHEPLAPHARM  / ARVATO;Non renseigné;CORVASAL 2 mg Cpr séc Plq/30;0.021;3.19;0;0;1
3241106;3400932411061;;CHEPLAPHARM  / ARVATO;Non renseigné;CORVASAL 2 mg Cpr séc Plq/90;0.021;8.74;0;0;1
3285552;3400932855520;;CHEPLAPHARM  / ARVATO;Non renseigné;EXACYL 500 mg Cpr pell B/20;0.021;2.34;0;180;1
3303592;3400933035921;;CHEPLAPHARM  / ARVATO;Non renseigné;CORVASAL 4 mg Cpr Plq/30;0.021;5.25;0;0;1
3304605;3400933046057;;CHEPLAPHARM  / ARVATO;Non renseigné;SECTRAL 40 mg/ml S buv en flacon Fl/125ml;0.021;13.92;0;0;1
3328385;3400933283858;;CHEPLAPHARM  / ARVATO;Non renseigné;CORTANCYL 20 mg Cpr séc Plq/20;0.021;1.98;0;0;1
3404703;3400934047039;;CHEPLAPHARM  / ARVATO;Non renseigné;SECTRAL 200 mg Cpr pell 2Plq/15 (30);0.021;3.91;0;60;1
3442827;3400934428272;;CHEPLAPHARM  / ARVATO;Non renseigné;RIVOTRIL 1 mg/1 ml S diluer inj en ampoule 6Amp/1ml;0.021;3.12;0;0;1
3462422;3400934624223;;CHEPLAPHARM  / ARVATO;Non renseigné;FUNGIZONE 10 % Susp buv enfant nourrisson Fl/40ml+Ser oral/3ml;0.021;4.23;0;50;1
3478328;3400934783289;;CHEPLAPHARM  / ARVATO;Non renseigné;CORGARD 80 mg Cpr séc Plq/28;0.021;9.1;0;0;1
3493670;3400934936708;;CHEPLAPHARM  / ARVATO;Non renseigné;SOLUPRED 5 mg Cpr orodisp Plq/30;0.021;1.96;0;112;1
3493687;3400934936876;;CHEPLAPHARM  / ARVATO;Non renseigné;SOLUPRED 20 mg Cpr orodisp Plq/20;0.021;3.01;0;90;1
3601361;3400936013612;;CHEPLAPHARM  / ARVATO;Non renseigné;ROVALCYTE 450 mg Cpr pell Fl/60;0.021;531.4;0;0;1
3609316;3400936093164;;CHEPLAPHARM  / ARVATO;Non renseigné;EUPRESSYL LP 30 mg Gél LP Fl/30;0.021;2.93;0;120;1
3609322;3400936093225;;CHEPLAPHARM  / ARVATO;Non renseigné;EUPRESSYL LP 60 mg Gél LP Fl/30;0.021;5.77;0;120;1
3609339;3400936093393;;CHEPLAPHARM  / ARVATO;Non renseigné;MEDIATENSYL LP 30 mg Gél LP Fl/30;0.021;2.93;0;120;1
3609351;3400936093515;;CHEPLAPHARM  / ARVATO;Non renseigné;MEDIATENSYL LP 60 mg Gél LP Fl/30;0.021;5.77;0;120;1
3657456;3400936574564;;CHEPLAPHARM  / ARVATO;Non renseigné;XELODA 150 mg Cpr pell Plq/60;0.021;19.47;0;0;1
3657462;3400936574625;;CHEPLAPHARM  / ARVATO;Non renseigné;XELODA 500 mg Cpr pell Plq/120;0.021;129.78;0;0;1
3720858;3400937208581;;CHEPLAPHARM  / ARVATO;Non renseigné;SECTRAL 200 mg Cpr pell Plq/90;0.021;11.1;0;0;1
3722254;3400937222549;;CHEPLAPHARM  / ARVATO;Non renseigné;SECTRAL 400 mg Cpr pell Plq/90;0.021;14.82;0;0;1
4973969;3400949739691;;CHEPLAPHARM  / ARVATO;Non renseigné;XEROQUEL LP 50 mg Cpr LP Plq/30;0.021;17.26;0;0;1
4974029;3400949740291;;CHEPLAPHARM  / ARVATO;Non renseigné;XEROQUEL LP 300 mg Cpr LP Plq/30;0.021;32.56;0;0;1
4974041;3400949740413;;CHEPLAPHARM  / ARVATO;Non renseigné;XEROQUEL LP 400 mg Cpr LP Plq/30;0.021;48.34;0;0;1
4974058;3400949740581;;CHEPLAPHARM  / ARVATO;Non renseigné;XEROQUEL LP 400 mg Cpr LP Plq/60;0.021;96.69;0;0;1
3016763;3400930167632;;CHEPLAPHARM / CSP MOVIANTO;Non renseigné;CALCIPARINE 20 000 UI/0,8 ml S inj sous cutanée 2Amp/0,8ml+2Ser;0.021;6.63;0;0;1
3051268;3400930512685;;CHEPLAPHARM / CSP MOVIANTO;Non renseigné;HYDREA 500 mg Gél Plq/20;0.021;3.12;0;104;1
3093545;3400930935453;;CHEPLAPHARM / CSP MOVIANTO;Non renseigné;RYTHMODAN 100 mg Gél Plq/40;0.021;3.18;0;1;1
3133109;3400931331094;;CHEPLAPHARM / CSP MOVIANTO;Non renseigné;CALCIPARINE 12 500 UI/0,5 ml S inj sous cutanée 2Amp/0,5ml+2Ser;0.021;5.34;0;0;1
3150272;3400931502722;;CHEPLAPHARM / CSP MOVIANTO;Non renseigné;QUESTRAN 4 g Pdr or en sachet 50Sach;0.021;13.41;0;18;1
3217906;3400932179060;;CHEPLAPHARM / CSP MOVIANTO;Non renseigné;NUCTALON 2 mg Cpr B/20;0.021;1.46;0;0;1
3218946;3400932189465;;CHEPLAPHARM / CSP MOVIANTO;Non renseigné;LOCOID Lot Fl/30ml;0.021;2.17;0;120;1
3218969;3400932189694;;CHEPLAPHARM / CSP MOVIANTO;Non renseigné;LOCOID 0,1 % Cr T/30g;0.021;2.17;0;200;1
3219029;3400932190294;;CHEPLAPHARM / CSP MOVIANTO;Non renseigné;LOCOID Pom T/30g;0.021;2.17;0;0;1
3246026;3400932460267;;CHEPLAPHARM / CSP MOVIANTO;Non renseigné;RYTHMODAN 250 mg Cpr enr LP Plq/20;0.021;5.77;0;0;1
3254942;3400932549429;;CHEPLAPHARM / CSP MOVIANTO;Non renseigné;KERLONE 20 mg Cpr pell séc Plq/28;0.021;4.04;0;0;1
3260842;3400932608423;;CHEPLAPHARM / CSP MOVIANTO;Non renseigné;UN-ALFA 0,10 µg S buv en gouttes Fl/10ml;0.021;6.25;0;0;1
3273075;3400932730759;;CHEPLAPHARM / CSP MOVIANTO;Non renseigné;DITROPAN 5 mg Cpr séc Plq/60;0.021;2.48;0;100;1
3278517;3400932785179;;CHEPLAPHARM / CSP MOVIANTO;Non renseigné;LOCOID Cr épaisse T/30g;0.021;2.17;0;200;1
3293505;3400932935055;;CHEPLAPHARM / CSP MOVIANTO;Non renseigné;CELECTOL 200 mg Cpr pell Plq/28;0.021;4.89;0;0;1
3368491;3400933684914;;CHEPLAPHARM / CSP MOVIANTO;Non renseigné;LOCOID 0,1 % Emuls appl loc fluide Fl/30g;0.021;2.17;0;0;1
3405246;3400934052460;;CHEPLAPHARM / CSP MOVIANTO;Non renseigné;MOPRAL 10 mg Gél gastro-rés Fl/30;0.021;3.68;0;1;1
3423445;3400934234453;;CHEPLAPHARM / CSP MOVIANTO;Non renseigné;KREDEX 6,25 mg Cpr séc Plq/28;0.021;3.66;0;0;1
3423474;3400934234743;;CHEPLAPHARM / CSP MOVIANTO;Non renseigné;KREDEX 12,5 mg Cpr séc Plaq/28;0.021;3.66;0;0;1
3423770;3400934237706;;CHEPLAPHARM / CSP MOVIANTO;Non renseigné;ZYPREXA 5 mg Cpr enr 2Plq/14 (28);0.021;21.01;0;0;1
3426395;3400934263958;;CHEPLAPHARM / CSP MOVIANTO;Non renseigné;KREDEX 25 mg Cpr séc Plq/28;0.021;3.66;0;0;1
3476163;3400934761638;;CHEPLAPHARM / CSP MOVIANTO;Non renseigné;UN-ALFA 0,5 µg Caps molle B/30;0.021;6.73;0;0;1
3482548;3400934825484;;CHEPLAPHARM / CSP MOVIANTO;Non renseigné;GUTRON 2,5 mg Cpr Plq/30;0.021;6.48;0;1;1
3482554;3400934825545;;CHEPLAPHARM / CSP MOVIANTO;Non renseigné;GUTRON 2,5 mg Cpr Plq/90;0.021;19.42;0;0;1
3484145;3400934841453;;CHEPLAPHARM / CSP MOVIANTO;Non renseigné;UN-ALFA 0,25 µg Caps orale 2Plq/15 (30);0.021;4.13;0;0;1
3484151;3400934841514;;CHEPLAPHARM / CSP MOVIANTO;Non renseigné;UN-ALFA 1 µg Caps orale 2Plq/15 (30);0.021;9.35;0;108;1
3545421;3400935454218;;CHEPLAPHARM / CSP MOVIANTO;Non renseigné;ZYPREXA VELOTAB 5 mg Cpr orodisp Plq/28;0.021;21.01;0;0;1
3553716;3400935537164;;CHEPLAPHARM / CSP MOVIANTO;Non renseigné;ZYPREXA 7,5 mg Cpr enr 2Plq/14 (28);0.021;14.01;0;0;1
3555684;3400935556844;;CHEPLAPHARM / CSP MOVIANTO;Non renseigné;HYTACAND 16 mg/12,5 mg Cpr Plq/30;0.021;4.62;0;0;1
3695103;3400936951037;;CHEPLAPHARM / CSP MOVIANTO;Non renseigné;KENZEN 32 mg Cpr séc Plq/30;0.021;4.62;0;0;1
3714094;3400937140942;;CHEPLAPHARM / CSP MOVIANTO;Non renseigné;COKENZEN 8 mg/12,5 mg Cpr séc Plaq/30;0.021;4.62;0;0;1
3714119;3400937141192;;CHEPLAPHARM / CSP MOVIANTO;Non renseigné;COKENZEN 8 mg/12,5 mg Cpr séc Plaq/90;0.021;13.88;0;0;1
3714177;3400937141772;;CHEPLAPHARM / CSP MOVIANTO;Non renseigné;COKENZEN 16 mg/12,5 mg Cpr séc Plq/30;0.021;4.62;0;1;1
3714208;3400937142083;;CHEPLAPHARM / CSP MOVIANTO;Non renseigné;COKENZEN 16 mg/12,5 mg Cpr séc Plq/90;0.021;13.88;0;0;1
3714645;3400937146456;;CHEPLAPHARM / CSP MOVIANTO;Non renseigné;KERLONE 20 mg Cpr pell séc Plq/84;0.021;12.09;0;0;1
3715277;3400937152778;;CHEPLAPHARM / CSP MOVIANTO;Non renseigné;ATACAND 16 mg Cpr séc Plq/30;0.021;4.62;0;0;1
3715308;3400937153089;;CHEPLAPHARM / CSP MOVIANTO;Non renseigné;ATACAND 16 mg Cpr séc Plq/90;0.021;13.88;0;80;1
3715320;3400937153201;;CHEPLAPHARM / CSP MOVIANTO;Non renseigné;ATACAND 8 mg Cpr séc Plq/30;0.021;4.62;0;0;1
3715343;3400937153430;;CHEPLAPHARM / CSP MOVIANTO;Non renseigné;ATACAND 8 mg Cpr séc Plq/90;0.021;13.88;0;0;1
3720172;3400937201728;;CHEPLAPHARM / CSP MOVIANTO;Non renseigné;HYTACAND 8 mg/12,5 mg Cpr Plq/30;0.021;4.62;0;0;1
3720195;3400937201957;;CHEPLAPHARM / CSP MOVIANTO;Non renseigné;HYTACAND 8 mg/12,5 mg Cpr Plq/90;0.021;13.88;0;0;1
3720278;3400937202787;;CHEPLAPHARM / CSP MOVIANTO;Non renseigné;HYTACAND 16 mg/12,5 mg Cpr Plq/90;0.021;13.88;0;0;1
3720290;3400937202909;;CHEPLAPHARM / CSP MOVIANTO;Non renseigné;ATACAND 4 mg Cpr séc Plq/30;0.021;4.62;0;0;1
3720315;3400937203159;;CHEPLAPHARM / CSP MOVIANTO;Non renseigné;ATACAND 4 mg Cpr séc Plq/90;0.021;13.88;0;0;1
3720338;3400937203388;;CHEPLAPHARM / CSP MOVIANTO;Non renseigné;KENZEN 4 mg Cpr séc Plq/30;0.021;4.62;0;0;1
3720373;3400937203739;;CHEPLAPHARM / CSP MOVIANTO;Non renseigné;KENZEN 8 mg Cpr séc Plq/30;0.021;4.62;0;0;1
3720404;3400937204040;;CHEPLAPHARM / CSP MOVIANTO;Non renseigné;KENZEN 8 mg Cpr séc Plq/90;0.021;13.88;0;0;1
3720427;3400937204279;;CHEPLAPHARM / CSP MOVIANTO;Non renseigné;KENZEN 16 mg Cpr séc Plq/30;0.021;4.62;0;0;1
3720456;3400937204569;;CHEPLAPHARM / CSP MOVIANTO;Non renseigné;KENZEN 16 mg Cpr séc Plq/90;0.021;13.88;0;0;1
3723934;3400937239349;;CHEPLAPHARM / CSP MOVIANTO;Non renseigné;CELECTOL 200 mg Cpr pell Plq/84;0.021;14.68;0;0;1
4185901;3400941859014;;CHEPLAPHARM / CSP MOVIANTO;Non renseigné;MOPRAL 20 mg Gél gastro-rés Fl/30;0.021;3.68;0;96;1
4185953;3400941859533;;CHEPLAPHARM / CSP MOVIANTO;Non renseigné;ZOLTUM 20 mg Gél gastro-rés Fl/30;0.021;3.68;0;1;1
4973975;3400949739752;;CHEPLAPHARM / CSP MOVIANTO;Non renseigné;XEROQUEL LP 50 mg Cpr LP Plq/60;0.021;34.53;0;1;1
;3400930001196;;CHIESI;Non renseigné;ENVARSUS 0,75 mg Cpr LP Plq/30;0.021;32.34;0;1;1
;3400930001226;;CHIESI;Non renseigné;ENVARSUS 1 mg Cpr LP Plq/30;0.021;43.12;0;1;1
;3400930001264;;CHIESI;Non renseigné;ENVARSUS 4 mg Cpr LP Plq/30;0.021;172.46;0;1;1
;3400930039946;;CHIESI;Non renseigné;INNOVAIR NEXTHALER 200 µg/6 µg/dose Pdr inh Inhal/120doses;0.021;22.16;0;48;1
;3400930040027;;CHIESI;Non renseigné;FORMODUAL 200 µg/6 µg/dose S p inh en fl press Fl/120doses;0.021;23.26;0;1;1
;3400930040034;;CHIESI;Non renseigné;INNOVAIR 200/6 µg/dose S p inh en fl press Fl/120doses;0.021;23.26;0;50;1
;3400930081570;;CHIESI;Non renseigné;BECLOMETASONE CHIESI 800 µg/2 ml Susp inh par nébuliseur 4Sach/5unid;0.021;11.26;0;1;1
;3400930109250;;CHIESI;Non renseigné;TRIMBOW 87 µg/5 µg/9 µg S p inh en fl press Réc/120bouf;0.021;47.12;0;50;1
;3400930206232;;CHIESI;Non renseigné;INNOVAIR NEXTHALER 100 µg/6 µg/dose Pdr inh 3Inhal/120doses;0.021;66.47;0;1;1
;3400930209790;;CHIESI;Non renseigné;INNOVAIR NEXTHALER 200 µg/6 µg/dose Pdr inh 3Inhal/120doses;0.021;66.47;0;27;1
;3400930223017;;CHIESI;Non renseigné;TRIMBOW 172 µg/5 µg/9 µg S p inh en fl press 1Inhal/120doses;0.021;47.12;0;1;1
;3400930224687;;CHIESI;Non renseigné;TRIMBOW 88 µg/5 µg/9 µg Pdr inh en dispositif NEXThaler 1Inhal/120doses;0.021;45.39;0;48;1
;3400930224700;;CHIESI;Non renseigné;TRIMBOW 88 µg/5 µg/9 µg Pdr inh en dispositif NEXThaler 3Inhal/120doses;0.021;136.19;0;1;1
2663621;3400926636210;;CHIESI;Non renseigné;INNOVAIR NEXTHALER 100 µg/6 µg/dose Pdr inh Inhal/120doses;0.021;22.16;0;48;1
3360957;3400933609573;;CHIESI;Non renseigné;CYCLADOL 20 mg Cpr séc Plq/14;0.021;4.47;0;0;1
3377320;3400933773205;;CHIESI;Non renseigné;BECLOJET 250 µg/dose S p inh en fl press Fl/200doses;0.021;13.09;0;0;1
3695126;3400936951266;;CHIESI;Non renseigné;FORMOAIR 12 µg/dose S p inh en fl press Fl/100Doses;0.021;25.31;0;0;1
3696344;3400936963443;;CHIESI;Non renseigné;BECLOSPIN 400 µg/1 ml Susp p inh/nébulis 4Sach/5unid;0.021;7.81;0;0;1
3696350;3400936963504;;CHIESI;Non renseigné;BECLOSPIN 800 µg/2 ml Susp p inh/nébulis 4Sach/5unid;0.021;11.26;0;60;1
3707102;3400937071024;;CHIESI;Non renseigné;RINOCLENIL 100 µg/dose Susp pulv nas Fl/120 doses;0.021;4.7;0;128;1
3748242;3400937482424;;CHIESI;Non renseigné;IPERTEN 10 mg Cpr Plq/30;0.021;5.14;0;0;1
3748265;3400937482653;;CHIESI;Non renseigné;IPERTEN 10 mg Cpr Plq/90;0.021;15.42;0;0;1
3748271;3400937482714;;CHIESI;Non renseigné;IPERTEN 20 mg Cpr Plq/30;0.021;5.14;0;0;1
3748294;3400937482943;;CHIESI;Non renseigné;IPERTEN 20 mg Cpr Plq/90;0.021;15.42;0;0;1
3812112;3400938121124;;CHIESI;Non renseigné;FORMODUAL 100/6 µg/dose S p inh en fl press Fl/120doses;0.021;23.26;0;0;1
3814128;3400938141283;;CHIESI;Non renseigné;INNOVAIR 100/6 µg/dose S p inh en fl press Fl/120doses;0.021;23.26;0;50;1
3497567;3400934975677;;CHUGAI PHARMA FRANCE;Non renseigné;GRANOCYTE 13MUI/ml P/S sinp ser Fl+Ser;0.021;34.59;0;77;1
3497610;3400934976100;;CHUGAI PHARMA FRANCE;Non renseigné;GRANOCYTE 34MUI/ml P/S sinp ser Fl+Ser/1ml;0.021;69.17;0;70;1
3346839;3400933468392;;COOPER GROSSISTE;Nicotinell;NICOTINELL TTS 14 mg/24 h Disp transderm 28Sach;0.021;20.35;0;60;1
3346874;3400933468743;;COOPER GROSSISTE;Nicotinell;NICOTINELL TTS 21 mg/24 h Disp transderm 28Sach;0.021;20.35;0;1;1
;3400930119303;;COOPER GROSSISTE;Non renseigné;OPTICRON UNIDOSE Collyre récip unidose 30Unid/0,35ml;0.021;2.86;0;45;1
3030527;3400930305270;;COOPER GROSSISTE;Non renseigné;DIAMOX 250 mg Cpr séc Plq/24;0.021;3.18;0;240;1
3202980;3400932029808;;COOPER GROSSISTE;Non renseigné;OPTICRON 2 % Collyre Fl/5ml;0.021;2.04;0;1;1
3223462;3400932234622;;COOPER GROSSISTE;Non renseigné;MAGINJECTABLE 0,8 % S inj 10Amp/10ml;0.021;6.49;0;48;1
3314526;3400933145262;;COOPER GROSSISTE;Non renseigné;DAKIN COOPER STABILISE S appl loc en flacon Fl/250ml;0.021;2.22;0;24;1
3346785;3400933467852;;COOPER GROSSISTE;Non renseigné;NICOTINELL TTS 7 mg/24 h Disp transderm 28Sach;0.021;20.35;0;80;1
3368976;3400933689766;;COOPER GROSSISTE;Non renseigné;MIGPRIV Pdr sol buv en sachet 6Sach;0.021;5.53;0;0;1
3453593;3400934535932;;COOPER GROSSISTE;Non renseigné;CITRATE DE CAFEINE COOPER 25 mg/ml S inj/buv 10Amp/2ml;0.021;6.51;0;0;1
3476329;3400934763298;;COOPER GROSSISTE;Non renseigné;SCOPOLAMINE COOPER 0,5 mg/2 ml S inj 10Amp/2ml;0.021;6.36;0;0;1
3507343;3400935073433;;COOPER GROSSISTE;Non renseigné;BICARBONATE DE SODIUM COOPER 1,4 % S perf en flacon Fl verre/250ml;0.021;2.09;0;12;1
3507372;3400935073723;;COOPER GROSSISTE;Non renseigné;BICARBONATE DE SODIUM COOPER 1,4 % S perf en flacon Fl/500ml;0.021;2.45;0;12;1
3510948;3400935109484;;COOPER GROSSISTE;Non renseigné;CHLORURE DE SODIUM COOPER 0,9 % S inj Fl/250ml;0.021;1.64;0;12;1
3510954;3400935109545;;COOPER GROSSISTE;Non renseigné;CHLORURE DE SODIUM COOPER 0,9 % S inj Fl/1000ml;0.021;2.49;0;6;1
3510977;3400935109774;;COOPER GROSSISTE;Non renseigné;CHLORURE DE SODIUM COOPER 0,9 % S inj Fl/500ml;0.021;1.9;0;12;1
3631534;3400936315341;;COOPER GROSSISTE;Non renseigné;NICOTINELL 2 mg Gom à mâcher médic menthe fraîcheur sans sucre Plq/96;0.021;9.03;0;36;1
3631623;3400936316232;;COOPER GROSSISTE;Non renseigné;NICOTINELL 4 mg Gom à mâcher médic menthe fraicheur sans sucre Plq/96;0.021;9.03;0;36;1
3631712;3400936317123;;COOPER GROSSISTE;Non renseigné;NICOTINELL 2 mg Gom à mâcher médic sans sucre fruit Plq/96;0.021;9.03;0;36;1
3640906;3400936409064;;COOPER GROSSISTE;Non renseigné;NICOTINELL 1 mg Cpr à sucer menthe Plq/96;0.021;7.23;0;48;1
3686854;3400936868540;;COOPER GROSSISTE;Non renseigné;NICOTINELL 2 mg Cpr à sucer menthe Plq/96;0.021;7.23;0;48;1
3891991;3400938919912;;COOPER GROSSISTE;Non renseigné;NICOTINELL 1 mg Cpr à sucer menthe Plq/144;0.021;10.83;0;36;1
3892447;3400938924473;;COOPER GROSSISTE;Non renseigné;NICOTINELL 2 mg Cpr à sucer menthe Plq/144;0.021;10.83;0;36;1
;3400930195642;;CRINEX EURODEP;Non renseigné;UVEDOSE 50 000 UI S buv en ampoule Amp/2ml;0.021;0.95;0;200;1
;3400930234945;;CRINEX EURODEP;Non renseigné;UVECAPS 20 000 UI Caps molle Plq/4;0.021;1.78;0;1;1
;3400930234976;;CRINEX EURODEP;Non renseigné;UVEDOSE 50 000 UI Caps molle Plq/2;0.021;1.78;0;208;1
;3400930234983;;CRINEX EURODEP;Non renseigné;UVEDOSE 50 000 UI Caps molle Plq/4;0.021;3.44;0;208;1
;3400930280966;;CRINEX EURODEP;Non renseigné;UVEDOSE 50 000 UI S buv en ampoule 4Amp/2ml;0.021;3.44;0;1;1
3322218;3400933222185;;CRINEX EURODEP;Non renseigné;UVEDOSE 100 000 UI S buv Amp/2ml;0.021;1.03;0;200;1
3442307;3400934423079;;CRINEX EURODEP;Non renseigné;ADRIGYL 10 000 UI/ml S buv en gouttes Fl/10ml;0.021;1.32;0;100;1
3571849;3400935718495;;CRINEX EURODEP;Non renseigné;FLUOSTEROL 0,25 mg/800 UI/dose S buv Fl/22,5ml;0.021;2.11;0;0;1
;3400930046326;;CRISTERS / WELCOOP;Non renseigné;BRINZOLAMIDE CRISTERS 10 mg/ml Collyre susp Fl/5ml;0.021;3.31;0.025;1;1
;3400930246993;;CRISTERS / WELCOOP;Non renseigné;AMOXICILLINE CRISTERS 500 mg Gél Plqpvc/te/pvdc/al/12;0.021;0.98;0.1;96;1
;3400930268056;;CRISTERS / WELCOOP;Non renseigné;TRAMADOL CRISTERS LP 100 mg Cpr pell LP Plq/10;0.021;1.09;0.2;1;1
;3400930268070;;CRISTERS / WELCOOP;Non renseigné;TRAMADOL CRISTERS LP 200 mg Cpr pell LP Plq/10;0.021;1.98;0.2;1;1
2780545;3400927805455;;CRISTERS / WELCOOP;Non renseigné;LEVETIRACETAM CRISTERS 1000 mg Cpr pell séc Plq/60;0.021;14.23;0.2;0;1
3686305;3400936863057;;CRISTERS / WELCOOP;Non renseigné;GABAPENTINE ZYDUS 400 mg Gél Plq/90;0.021;13.06;0.3;0;1
3746088;3400937460880;;CRISTERS / WELCOOP;Non renseigné;SPIRAMYCINE CRISTERS 3 MUI Cpr pell Plq/16;0.021;7.09;0.1;0;1
3753094;3400937530941;;CRISTERS / WELCOOP;Non renseigné;PANTOPRAZOLE CRISTERS PHARMA 40 mg Cpr gastro-rés Plq/14;0.021;0.95;0.3;0;1
3914290;3400939142906;;CRISTERS / WELCOOP;Non renseigné;ACIDE ALENDRONIQUE CRISTERS 70 mg Cpr Plaque/12;0.021;16.54;0.2;0;1
3965324;3400939653242;;CRISTERS / WELCOOP;Non renseigné;GLIMEPIRIDE CRISTERS 4 mg Cpr Plq/30;0.021;3.51;0.1;0;1
3965407;3400939654072;;CRISTERS / WELCOOP;Non renseigné;GLIMEPIRIDE CRISTERS 3 mg Cpr Plq/90;0.021;10.53;0.1;0;1
3639702;3400936397026;;CSL BERHING SA;Non renseigné;RHOPHYLAC 200 µg/2 ml S inj en seringue préremplie Ser/2ml;0.021;50.64;0;0;1
3639719;3400936397194;;CSL BERHING SA;Non renseigné;RHOPHYLAC 300 µg/2 ml S inj en seringue préremplie Ser/2ml;0.021;71.66;0;0;1
3137231;3400931372318;;DELBERT;Non renseigné;PIPORTIL L4 25 mg/ml S inj en ampoule IM 3Amp/1ml;0.021;8.46;0;0;1
3140500;3400931405009;;DELBERT;Non renseigné;LEPTICUR 10 mg Cpr Plq/30;0.021;3.52;0;180;1
3175616;3400931756163;;DELBERT;Non renseigné;LEPTICUR 10 mg/2 ml S inj Amp/2ml;0.021;3.08;0;0;1
3225260;3400932252602;;DELBERT;Non renseigné;XYLLOMAC 1 g Pdre p sol inj/p perf IM IV Fl;0.021;1.77;0;0;1
3304025;3400933040253;;DELBERT;Non renseigné;LEVMENTIN 1 g/200 mg Pdre p sol inj/p perf IV Fl;0.021;2.73;0;1;1
3372736;3400933727369;;DELBERT;Non renseigné;TERALITHE LP 400 mg Cpr séc LP 1Plq/60;0.021;9.55;0;80;1
3487273;3400934872730;;DELBERT;Non renseigné;VERCYTE 25 mg Cpr 1Plq/30;0.021;35.97;0;0;1
;3400930302231;;DESMA;Non renseigné;TESTOSTERONE DESMA 250 mg/1 ml S inj Amp/1ml;0.021;4.29;0;1;1
3011116;3400930111161;;DESMA;Non renseigné;BEVITINE 100 mg/2 ml Sol inj en ampoule 5Amp/2ml;0.021;2.68;0;0;1
3099826;3400930998267;;DESMA;Non renseigné;STEROGYL 2 000 000 UI/100 ml S buv en gouttes Fl/20ml;0.021;1.53;0;0;1
3099832;3400930998328;;DESMA;Non renseigné;STEROGYL 15A 600 000 UI/1,5 ml S buv en ampoule Amp/1,5ml;0.021;1.11;0;0;1
3099855;3400930998557;;DESMA;Non renseigné;STEROGYL 15H 600 000 UI/1,5 ml S inj IM Amp/1,5ml;0.021;1.19;0;0;1
3149889;3400931498896;;DESMA;Non renseigné;AKINETON LP 4 mg Cpr enr LP 2Plq/15 (30);0.021;2.48;0;96;1
3178632;3400931786320;;DESMA;Non renseigné;DEDROGYL 15 mg/100 ml S buv en gouttes Fl/10ml;0.021;4.28;0;110;1
3225047;3400932250479;;DESMA;Non renseigné;LOPRESSOR 100 mg Cpr pell séc Plq/30;0.021;1.68;0;0;1
3230373;3400932303731;;DESMA;Non renseigné;LOPRESSOR LP 200 mg Cpr séc LP Plq/30;0.021;5.46;0;0;1
3272549;3400932725496;;DESMA;Non renseigné;BECILAN 250 mg/5 ml S inj 5Amp/5ml;0.021;4.44;0;0;1
3333357;3400933333577;;DESMA;Non renseigné;ICAZ LP 5 mg Gél LP Plq/30;0.021;12.81;0;75;1
3334078;3400933340780;;DESMA;Non renseigné;ICAZ LP 2,5 mg Gél LP Plq/30;0.021;9.71;0;0;1
3535606;3400935356062;;DESMA;Non renseigné;DERINOX S nas Fl/15ml av ppe doseuse;0.1;4.45;0;150;1
3639777;3400936397774;;DESMA;Non renseigné;MIZOLLEN 10 mg Cpr LM Plq/15;0.021;3.51;0;0;1
3639808;3400936398085;;DESMA;Non renseigné;MIZOLLEN 10 mg Cpr LM Plaq/30;0.021;6.97;0;0;1
3739355;3400937393553;;DESMA;Non renseigné;LOPRESSOR 100 mg Cpr pell séc Plq/90;0.021;4.56;0;0;1
3739361;3400937393614;;DESMA;Non renseigné;LOPRESSOR LP 200 mg Cpr séc LP Plq/90;0.021;15.55;0;0;1
3739378;3400937393782;;DESMA;Non renseigné;ICAZ LP 2,5 mg Gél LP Plq/90;0.021;27.68;0;0;1
3739390;3400937393904;;DESMA;Non renseigné;ICAZ LP 5 mg Gél LP Plq/90;0.021;36.52;0;0;1
3569261;3400935692610;;DR FALK PHARMA / MOVIANTO COURNON;Non renseigné;MIKICORT 3 mg Gél gastro-rés Plq/50;0.021;42.03;0;0;1
3569278;3400935692788;;DR FALK PHARMA / MOVIANTO COURNON;Non renseigné;MIKICORT 3 mg Gél gastro-rés Plq/90;0.021;75.65;0;0;1
3306857;3400933068578;;EA PHARMA GROSSISTE;Non renseigné;RUBOZINC 15 mg Gél 3Plq/10 (30);0.021;3.77;0;20;1
3352478;3400933524784;;EA PHARMA GROSSISTE;Non renseigné;GRANIONS DE ZINC 15 mg/2 ml S buv en ampoule 30Amp/2ml;0.021;2.98;0;0;1
3595241;3400935952417;;EA PHARMA GROSSISTE;Non renseigné;LITHIODERM 8 % Gel T/30g;0.021;7.2;0;0;1
3705445;3400937054454;;EA PHARMA GROSSISTE;Non renseigné;RUBOZINC 15 mg Gél 1Plq/60;0.021;5.88;0;60;1
3810194;3400938101942;;EDIPHARM;Non renseigné;SIKLOS 1000 mg Cpr pell séc Fl/30;0.021;282.76;0;0;1
4158057;3400941580574;;EDIPHARM;Non renseigné;SIKLOS 100 mg Cpr pell Fl/60;0.021;56.54;0;30;1
;3400930064535;;EFFIK;Non renseigné;FERTIFOL 400 µg Cpr Plq/90;0.021;6.03;0;1;1
2756601;3400927566011;;EFFIK;Non renseigné;TEGLUTIK 5 mg/ml Susp buv Fl/300ml;0.021;67.52;0;1;1
3338308;3400933383084;;EFFIK;Non renseigné;LOMEXIN 2 % Cr T/15g;0.021;1.59;0;100;1
3378331;3400933783310;;EFFIK;Non renseigné;TERLOMEXIN 200 mg Caps molle vaginale 1Plq/3;0.021;2.69;0;0;1
3378348;3400933783488;;EFFIK;Non renseigné;LOMEXIN 600 mg Caps molle vaginale Plq/1;0.021;2.84;0;150;1
3521828;3400935218285;;EFFIK;Non renseigné;ESTIMA Gé 100 mg Caps molle orale/vaginale Plq/30;0.021;3.37;0;0;1
3741487;3400937414876;;EFFIK;Non renseigné;ESTIMA Gé 200 mg Caps molle orale/vaginale Plq/45;0.021;9.52;0;0;1
3741501;3400937415019;;EFFIK;Non renseigné;ESTIMA Gé 100 mg Caps molle orale/vaginale Plq/90;0.021;9.52;0;0;1
3764382;3400937643825;;EFFIK;Non renseigné;FERTIFOL 400 µg Cpr Plq/28;0.021;2.05;0;1;1
3979183;3400939791838;;EFFIK;Non renseigné;NATECAL VITAMINE D3 600 mg + 400 UI Cpr orodisp Pilul/60;0.021;4.62;0;0;1
3368195;3400933681951;;EG LABO - SAG / CSP COURNON;Ibuprofene;IBUPROFENE EG 400 mg Cpr pell Plq/30;0.021;1.17;0.2;108;1
3647593;3400936475939;;EG LABO - SAG / CSP COURNON;Ibuprofene;IBUPROFENE EG 200 mg Cpr pell Plq/30;0.021;0.87;0.05;108;1
;3400930005682;;EG LABO - SAG / CSP COURNON;Non renseigné;EPLERENONE EG 25 mg Cpr pell Plq/30;0.021;8.75;0.2;1;1
;3400930005712;;EG LABO - SAG / CSP COURNON;Non renseigné;EPLERENONE EG 50 mg Cpr pell Plq/30;0.021;10.39;0.05;1;1
;3400930005989;;EG LABO - SAG / CSP COURNON;Non renseigné;EPLERENONE EG 25 mg Cpr pell Plq/90;0.021;24.94;0.2;1;1
;3400930006009;;EG LABO - SAG / CSP COURNON;Non renseigné;EPLERENONE EG 50 mg Cpr pell Plq/90;0.021;29.61;0.05;1;1
;3400930006405;;EG LABO - SAG / CSP COURNON;Non renseigné;HYDROXYZINE EG 25 mg Cpr pell séc Plq PVC/PVDC/Alu/30;0.021;1.08;0.1;130;1
;3400930007303;;EG LABO - SAG / CSP COURNON;Non renseigné;AMOROLFINE EG 5 % V ongles médicamenteux Fl/2,5ml+10 spat;0.021;6.33;0.2;120;1
;3400930008218;;EG LABO - SAG / CSP COURNON;Non renseigné;NICORANDIL EG 10 mg Cpr séc Plq/30;0.021;2.47;0.1;1;1
;3400930008232;;EG LABO - SAG / CSP COURNON;Non renseigné;NICORANDIL EG 20 mg Cpr Plq alu/30;0.021;4.7;0.1;1;1
;3400930010822;;EG LABO - SAG / CSP COURNON;Non renseigné;GLICLAZIDE EG 60 mg Cpr séc LM Plq PVC/alu/30;0.021;1.87;0.2;264;1
;3400930010853;;EG LABO - SAG / CSP COURNON;Non renseigné;GLICLAZIDE EG 60 mg Cpr séc LM Plq PVC/alu/90;0.021;5.62;0.2;120;1
;3400930011041;;EG LABO - SAG / CSP COURNON;Non renseigné;VALGANCICLOVIR EG 450 mg Cpr pell Plq/60;0.021;388.8;0.25;1;1
;3400930011997;;EG LABO - SAG / CSP COURNON;Non renseigné;GLYCEROL/VASELINE/PARAFFINE EG 15 %/8 %/2 % Cr T/250g;0.021;1.86;0.05;25;1
;3400930021378;;EG LABO - SAG / CSP COURNON;Non renseigné;ALMOTRIPTAN EG 12,5 mg Cpr pell Plq/12;0.021;10.1;0.1;1;1
;3400930026366;;EG LABO - SAG / CSP COURNON;Non renseigné;IMATINIB EG 100 mg Cpr pell séc Fl/60;0.021;201.23;0.25;1;1
;3400930026878;;EG LABO - SAG / CSP COURNON;Non renseigné;IMATINIB EG 400 mg Cpr pell Fl/30;0.021;402.47;0.25;1;1
;3400930028438;;EG LABO - SAG / CSP COURNON;Non renseigné;QUETIAPINE EG LP 50 mg Cpr LP Plq/30;0.021;5;0.3;112;1
;3400930028520;;EG LABO - SAG / CSP COURNON;Non renseigné;QUETIAPINE EG LP 400 mg Cpr LP Plq/30;0.021;13.17;0.3;1;1
;3400930028537;;EG LABO - SAG / CSP COURNON;Non renseigné;QUETIAPINE EG LP 400 mg Cpr LP Plq/60;0.021;26.35;0.3;1;1
;3400930031421;;EG LABO - SAG / CSP COURNON;Non renseigné;ARIPIPRAZOLE EG 5 mg Cpr Plq/28;0.021;10.19;0.3;1;1
;3400930031483;;EG LABO - SAG / CSP COURNON;Non renseigné;ARIPIPRAZOLE EG 10 mg Cpr Plq/28;0.021;10.19;0.3;168;1
;3400930031568;;EG LABO - SAG / CSP COURNON;Non renseigné;ARIPIPRAZOLE EG 15 mg Cpr Plq/28;0.021;10.19;0.3;1;1
;3400930031650;;EG LABO - SAG / CSP COURNON;Non renseigné;ONDANSETRON EG 8 mg Cpr orodisp Plaq/2;0.021;3.18;0.2;1;1
;3400930031667;;EG LABO - SAG / CSP COURNON;Non renseigné;ONDANSETRON EG 8 mg Cpr orodisp Plaq/4;0.021;6.37;0.2;1;1
;3400930031742;;EG LABO - SAG / CSP COURNON;Non renseigné;ARIPIPRAZOLE EG 10 mg Cpr orodisp Plq/28;0.021;11.65;0.2;1;1
;3400930031810;;EG LABO - SAG / CSP COURNON;Non renseigné;ARIPIPRAZOLE EG 15 mg Cpr orodisp Plq/28;0.021;11.65;0.2;1;1
;3400930049808;;EG LABO - SAG / CSP COURNON;Non renseigné;ATORVASTATINE EG LABO 10 mg Cpr pell Plq OPA/Alu/PVC/30;0.021;2.03;0.2;204;1
;3400930049853;;EG LABO - SAG / CSP COURNON;Non renseigné;ATORVASTATINE EG LABO 10 mg Cpr pell Plq OPA/Alu/PVC/90;0.021;6.1;0.2;75;1
;3400930049976;;EG LABO - SAG / CSP COURNON;Non renseigné;ATORVASTATINE EG LABO 20 mg Cpr pell Plq OPA/Alu/PVC/30;0.021;2.03;0.2;108;1
;3400930050019;;EG LABO - SAG / CSP COURNON;Non renseigné;ATORVASTATINE EG LABO 20 mg Cpr pell Plq OPA/Alu/PVC/90;0.021;6.1;0.2;63;1
;3400930050132;;EG LABO - SAG / CSP COURNON;Non renseigné;ATORVASTATINE EG LABO 40 mg Cpr pell Plq OPA/Alu/PVC/30;0.021;2.03;0.2;78;1
;3400930050187;;EG LABO - SAG / CSP COURNON;Non renseigné;ATORVASTATINE EG LABO 40 mg Cpr pell Plq OPA/Alu/PVC/90;0.021;6.1;0.2;39;1
;3400930050309;;EG LABO - SAG / CSP COURNON;Non renseigné;ATORVASTATINE EG LABO 80 mg Cpr pell Plq/30;0.021;2.03;0.2;66;1
;3400930050347;;EG LABO - SAG / CSP COURNON;Non renseigné;ATORVASTATINE EG LABO 80 mg Cpr pell Plq/90;0.021;6.1;0.2;27;1
;3400930053065;;EG LABO - SAG / CSP COURNON;Non renseigné;ROSUVASTATINE EG 5 mg Cpr pell Plq/30;0.021;2.65;0.2;168;1
;3400930053102;;EG LABO - SAG / CSP COURNON;Non renseigné;ROSUVASTATINE EG 5 mg Cpr pell Plq/90;0.021;7.95;0.2;63;1
;3400930053225;;EG LABO - SAG / CSP COURNON;Non renseigné;ROSUVASTATINE EG 10 mg Cpr pell Plq/30;0.021;2.96;0.2;1;1
;3400930053263;;EG LABO - SAG / CSP COURNON;Non renseigné;ROSUVASTATINE EG 10 mg Cpr pell Plq/90;0.021;8.88;0.2;63;1
;3400930053393;;EG LABO - SAG / CSP COURNON;Non renseigné;ROSUVASTATINE EG 20 mg Cpr pell Plq/30;0.021;2.96;0.2;108;1
;3400930053447;;EG LABO - SAG / CSP COURNON;Non renseigné;ROSUVASTATINE EG 20 mg Cpr pell Plq/90;0.021;8.88;0.2;57;1
;3400930059968;;EG LABO - SAG / CSP COURNON;Non renseigné;ABACAVIR/LAMIVUDINE EG 600 mg/300 mg Cpr pell Plq/30;0.021;91.98;0.2;1;1
;3400930069110;;EG LABO - SAG / CSP COURNON;Non renseigné;BISOPROLOL EG 5 mg Cpr séc Plq PVC/PVDC/Alu/30;0.021;1.3;0.2;450;1
;3400930069134;;EG LABO - SAG / CSP COURNON;Non renseigné;BISOPROLOL EG 5 mg Cpr séc Plq PVC/PVDC/Alu/90;0.021;3.68;0.2;60;1
;3400930069226;;EG LABO - SAG / CSP COURNON;Non renseigné;BISOPROLOL EG 7,5 mg Cpr séc Plq PVC/PVDC/Alu/30;0.021;2.9;0.1;1;1
;3400930069301;;EG LABO - SAG / CSP COURNON;Non renseigné;TENOFOVIR DISOPROXIL EG 245 mg Cpr pell Fl/30;0.021;71.22;0.25;1;1
;3400930069424;;EG LABO - SAG / CSP COURNON;Non renseigné;EMTRICITABINE/TENOFOVIR DISOPROXIL EG 200 mg/245 mg Cpr pell Fl/30;0.021;96.9;0.25;1;1
;3400930073681;;EG LABO - SAG / CSP COURNON;Non renseigné;BIMATOPROST EG 0,1 mg/ml Collyre sol Fl/3ml;0.021;4.26;0.1;1;1
;3400930073728;;EG LABO - SAG / CSP COURNON;Non renseigné;BIMATOPROST EG 0,3 mg/ml Collyre sol Fl/3ml;0.021;4.49;0.05;1;1
;3400930074589;;EG LABO - SAG / CSP COURNON;Non renseigné;AMOXICILLINE EG 1 g Cpr disp Plq/6;0.021;1.46;0.025;140;1
;3400930074596;;EG LABO - SAG / CSP COURNON;Non renseigné;AMOXICILLINE EG 1 g Cpr disp Plq/14;0.021;3.32;0.025;96;1
;3400930076194;;EG LABO - SAG / CSP COURNON;Non renseigné;MUPIROCINE EG 2 % Pom T/15g;0.021;2.55;0;132;1
;3400930077252;;EG LABO - SAG / CSP COURNON;Non renseigné;RUPATADINE EG 10 mg Cpr Plq/15;0.021;1.04;0.05;1;1
;3400930077276;;EG LABO - SAG / CSP COURNON;Non renseigné;RUPATADINE EG 10 mg Cpr Plq/30;0.021;1.96;0.1;108;1
;3400930087992;;EG LABO - SAG / CSP COURNON;Non renseigné;IVABRADINE EG 5 mg Cpr pell Plq/56;0.021;11.27;0.1;72;1
;3400930088074;;EG LABO - SAG / CSP COURNON;Non renseigné;IVABRADINE EG 7,5 mg Cpr pell Plq/56;0.021;11.27;0.1;1;1
;3400930090404;;EG LABO - SAG / CSP COURNON;Non renseigné;IPRATRO EG 0,50mg/2ml S inh né Ad 10Unid/2ml;0.021;3.21;0;84;1
;3400930098387;;EG LABO - SAG / CSP COURNON;Non renseigné;ACECLOFENAC EG LABO 100 mg Cpr pell Plq/30;0.021;2.45;0.1;1;1
;3400930098721;;EG LABO - SAG / CSP COURNON;Non renseigné;DUTASTERIDE EG 0,5 mg Caps molle Plq/30;0.021;4.65;0.2;96;1
;3400930100677;;EG LABO - SAG / CSP COURNON;Non renseigné;DULOXETINE EG 30 mg Gél gastro-rés Plq/28;0.021;3.48;0.05;132;1
;3400930100738;;EG LABO - SAG / CSP COURNON;Non renseigné;DULOXETINE EG 60 mg Gél gastro-rés Plq/28;0.021;3.48;0.05;132;1
;3400930102060;;EG LABO - SAG / CSP COURNON;Non renseigné;ENTECAVIR EG 0,5 mg Cpr pell Plq/30;0.021;85.78;0.25;1;1
;3400930105184;;EG LABO - SAG / CSP COURNON;Non renseigné;TRAVOPROST/TIMOLOL EG 40 µg/ml+5 mg/ml Collyre sol Fl/1;0.021;4.8;0.2;120;1
;3400930105795;;EG LABO - SAG / CSP COURNON;Non renseigné;RASAGILINE EG 1 mg Cpr Plq/30;0.021;20.36;0.3;1;1
;3400930107881;;EG LABO - SAG / CSP COURNON;Non renseigné;PERINDOPRIL TERT-BUTYLAMINE/AMLODIPINE EG 4 mg/5 mg Cpr Plq/30;0.021;4.35;0.2;1;1
;3400930107911;;EG LABO - SAG / CSP COURNON;Non renseigné;PERINDOPRIL TERT-BUTYLAMINE/AMLODIPINE EG 4 mg/10 mg Cpr Plq/30;0.021;4.35;0.2;1;1
;3400930108116;;EG LABO - SAG / CSP COURNON;Non renseigné;AMOXICILLINE EG LABO 250 mg/5 ml Pdr susp buv Fl/60ml;0.021;1.17;0;15;1
;3400930108192;;EG LABO - SAG / CSP COURNON;Non renseigné;AMOXICILLINE EG LABO 500 mg/5 ml Pdr susp buv Fl/60ml;0.021;1.36;0.025;15;1
;3400930109397;;EG LABO - SAG / CSP COURNON;Non renseigné;SOLIFENACINE EG 5 mg Cpr pell Plq PVC/alu/30;0.021;3.72;0.3;1;1
;3400930109700;;EG LABO - SAG / CSP COURNON;Non renseigné;SOLIFENACINE EG 10 mg Cpr pell Plq PVC/alu/30;0.021;4.78;0.1;1;1
;3400930111864;;EG LABO - SAG / CSP COURNON;Non renseigné;ERLOTINIB EG 25 mg Cpr pell Plq/30;0.021;126.98;0.25;1;1
;3400930111871;;EG LABO - SAG / CSP COURNON;Non renseigné;ERLOTINIB EG 150 mg Cpr pell Plq/30;0.021;570.63;0.25;1;1
;3400930111888;;EG LABO - SAG / CSP COURNON;Non renseigné;ERLOTINIB EG 100 mg Cpr pell Plq/30;0.021;461.97;0.25;1;1
;3400930114858;;EG LABO - SAG / CSP COURNON;Non renseigné;EZETIMIBE/SIMVASTATINE EG 10 mg/20 mg Cpr Plq/30;0.021;7.92;0.3;1;1
;3400930114940;;EG LABO - SAG / CSP COURNON;Non renseigné;EZETIMIBE/SIMVASTATINE EG 10 mg/40 mg Cpr Plq/30;0.021;7.92;0.3;1;1
;3400930115848;;EG LABO - SAG / CSP COURNON;Non renseigné;VENLAFAXINE EG LABO LP 37,5 mg Gél LP Plq PVC/PVDC/Alu/30;0.021;3.05;0.2;126;1
;3400930115947;;EG LABO - SAG / CSP COURNON;Non renseigné;VENLAFAXINE EG LABO LP 75 mg Gél LP Plq PVC/PVDC/Alu/30;0.021;3.3;0.2;108;1
;3400930119310;;EG LABO - SAG / CSP COURNON;Non renseigné;MOVYMIA 20 µg/80 µl S inj Cart;0.021;182.81;0;1;1
;3400930125496;;EG LABO - SAG / CSP COURNON;Non renseigné;DARUNAVIR EG 800 mg Cpr pell Fl/30;0.021;100.43;0.25;1;1
;3400930127063;;EG LABO - SAG / CSP COURNON;Non renseigné;DARUNAVIR EG 400 mg Cpr pell Fl/60;0.021;100.43;0.25;1;1
;3400930127087;;EG LABO - SAG / CSP COURNON;Non renseigné;DARUNAVIR EG 600 mg Cpr pell Fl/60;0.021;160.92;0.25;1;1
;3400930127117;;EG LABO - SAG / CSP COURNON;Non renseigné;CLOPIDOGREL EG LABO 75 mg Cpr pell Plq OPA/Alu/PVC-Alu/30;0.021;4.63;0.3;168;1
;3400930127308;;EG LABO - SAG / CSP COURNON;Non renseigné;EZETIMIBE EG 10 mg Cpr Plq/30;0.021;6.99;0.3;168;1
;3400930127353;;EG LABO - SAG / CSP COURNON;Non renseigné;EZETIMIBE EG 10 mg Cpr Plq/90;0.021;19.92;0.3;90;1
;3400930128534;;EG LABO - SAG / CSP COURNON;Non renseigné;PREGABALINE EG LABO 25 mg Gél Plq/56;0.021;2.6;0.2;60;1
;3400930128572;;EG LABO - SAG / CSP COURNON;Non renseigné;PREGABALINE EG LABO 25 mg Gél Plq/84;0.021;3.89;0.2;1;1
;3400930128657;;EG LABO - SAG / CSP COURNON;Non renseigné;PREGABALINE EG LABO 50 mg Gél Plq/84;0.021;5.68;0.3;36;1
;3400930128695;;EG LABO - SAG / CSP COURNON;Non renseigné;PREGABALINE EG LABO 75 mg Gél Plq/56;0.021;5.64;0.3;60;1
;3400930128787;;EG LABO - SAG / CSP COURNON;Non renseigné;PREGABALINE EG LABO 100 mg Gél Plq/84;0.021;8.45;0.3;36;1
;3400930128848;;EG LABO - SAG / CSP COURNON;Non renseigné;PREGABALINE EG LABO 150 mg Gél Plq/56;0.021;8.41;0.3;48;1
;3400930128923;;EG LABO - SAG / CSP COURNON;Non renseigné;PREGABALINE EG LABO 200 mg Gél Plq/84;0.021;12.61;0.3;27;1
;3400930128954;;EG LABO - SAG / CSP COURNON;Non renseigné;FORMOTEROL EG 12 µg Pdr p inh (gélule) Fl/60+inhal;0.021;8.59;0.1;48;1
;3400930129159;;EG LABO - SAG / CSP COURNON;Non renseigné;PREGABALINE EG LABO 300 mg Gél Plq/56;0.021;11.67;0.3;45;1
;3400930129562;;EG LABO - SAG / CSP COURNON;Non renseigné;PERINDOPRIL TERT-BUTYLAMINE/AMLODIPINE EG 8 mg/10 mg Cpr Plq alu/90;0.021;16.87;0.2;1;1
;3400930129876;;EG LABO - SAG / CSP COURNON;Non renseigné;ELETRIPTAN EG 20 mg Cpr pell Plq/6;0.021;5.33;0.05;1;1
;3400930129968;;EG LABO - SAG / CSP COURNON;Non renseigné;ELETRIPTAN EG 40 mg Cpr pell Plq/6;0.021;5.33;0.05;1;1
;3400930129975;;EG LABO - SAG / CSP COURNON;Non renseigné;ELETRIPTAN EG 40 mg Cpr pell Plq/10;0.021;8.88;0.05;1;1
;3400930130063;;EG LABO - SAG / CSP COURNON;Non renseigné;ANAGRELIDE EG 0,5 mg Gél Fl/100;0.021;105.49;0.2;1;1
;3400930131114;;EG LABO - SAG / CSP COURNON;Non renseigné;ENALAPRIL/LERCANIDIPINE EG 20 mg/10 mg Cpr pell Plq/90;0.021;11.58;0.2;1;1
;3400930131121;;EG LABO - SAG / CSP COURNON;Non renseigné;FORMOTEROL EG 12 µg Pdr p inh (gélule) Fl/30+inhal;0.021;4.29;0.1;1;1
;3400930134085;;EG LABO - SAG / CSP COURNON;Non renseigné;FEBUXOSTAT EG 80 mg Cpr pell Plq/28;0.021;4.7;0.3;132;1
;3400930134108;;EG LABO - SAG / CSP COURNON;Non renseigné;FEBUXOSTAT EG 120 mg Cpr pell Plq/28;0.021;5.37;0.2;1;1
;3400930139943;;EG LABO - SAG / CSP COURNON;Non renseigné;EZETIMIBE/SIMVASTATINE EG 10 mg/40 mg Cpr Plq/90;0.021;22.57;0.3;1;1
;3400930139998;;EG LABO - SAG / CSP COURNON;Non renseigné;EZETIMIBE/SIMVASTATINE EG 10 mg/20 mg Cpr Plq/90;0.021;22.57;0.3;1;1
;3400930151389;;EG LABO - SAG / CSP COURNON;Non renseigné;MOMETASONE EG 50 µg/dose Susp pulv nas Fl/18g(140doses);0.021;3.38;0.1;60;1
;3400930153789;;EG LABO - SAG / CSP COURNON;Non renseigné;CHOLECALCIFEROL EG 100 000 UI S buv en ampoule Amp/2ml;0.021;0.66;0.05;200;1
;3400930158463;;EG LABO - SAG / CSP COURNON;Non renseigné;LEVETIRACETAM EG 100 mg/ml S buv Fl/300ml+Ser/10ml;0.021;27.14;0.1;1;1
;3400930159408;;EG LABO - SAG / CSP COURNON;Non renseigné;AGOMELATINE EG 25 mg Cpr pell Plq/28;0.021;9.17;0.2;1;1
;3400930169735;;EG LABO - SAG / CSP COURNON;Non renseigné;APREPITANT EG 125 mg/80 mg Gél Plq/125mg+2x80mg;0.021;14.46;0.2;70;1
;3400930172810;;EG LABO - SAG / CSP COURNON;Non renseigné;MACROGOL 4000 EG 10 g Pdr sol buv en sachet 20Sach/10g;0.021;1.86;0.05;36;1
;3400930173466;;EG LABO - SAG / CSP COURNON;Non renseigné;SILODOSINE EG 4 mg Gél Plq/30;0.021;3.64;0;1;1
;3400930173480;;EG LABO - SAG / CSP COURNON;Non renseigné;SILODOSINE EG 8 mg Gél Plq/30;0.021;3.64;0;1;1
;3400930174074;;EG LABO - SAG / CSP COURNON;Non renseigné;LACOSAMIDE EG 50 mg Cpr pell Plq/56;0.021;9.17;0.1;1;1
;3400930174081;;EG LABO - SAG / CSP COURNON;Non renseigné;CINACALCET EG 30 mg Cpr pell Plq/28;0.021;45.49;0.25;1;1
;3400930174128;;EG LABO - SAG / CSP COURNON;Non renseigné;CINACALCET EG 60 mg Cpr pell Plq/28;0.021;83.98;0.25;1;1
;3400930174142;;EG LABO - SAG / CSP COURNON;Non renseigné;CINACALCET EG 90 mg Cpr pell Plq/28;0.021;125.98;0.25;1;1
;3400930174173;;EG LABO - SAG / CSP COURNON;Non renseigné;LACOSAMIDE EG 100 mg Cpr pell Plq/56;0.021;16.31;0.2;1;1
;3400930174197;;EG LABO - SAG / CSP COURNON;Non renseigné;LACOSAMIDE EG 150 mg Cpr pell Plq/56;0.021;24.46;0.2;1;1
;3400930174210;;EG LABO - SAG / CSP COURNON;Non renseigné;LACOSAMIDE EG 200 mg Cpr pell Plq/56;0.021;32.62;0.2;1;1
;3400930177464;;EG LABO - SAG / CSP COURNON;Non renseigné;DASATINIB EG 100 mg Cpr pell Plq préd/30x1;0.021;926.71;0.25;1;1
;3400930177488;;EG LABO - SAG / CSP COURNON;Non renseigné;DASATINIB EG 140 mg Cpr pell Plq préd/30x1;0.021;926.71;0.25;1;1
;3400930177983;;EG LABO - SAG / CSP COURNON;Non renseigné;AMLODIPINE/VALSARTAN EG 5 mg/80 mg Cpr pell Plq/30;0.021;3.5;0.2;1;1
;3400930178027;;EG LABO - SAG / CSP COURNON;Non renseigné;AMLODIPINE/VALSARTAN EG 5 mg/80 mg Cpr pell Plq/90;0.021;9.96;0.2;57;1
;3400930178201;;EG LABO - SAG / CSP COURNON;Non renseigné;AMLODIPINE/VALSARTAN EG 5 mg/160 mg Cpr pel l Plq/30;0.021;4;0.2;1;1
;3400930178249;;EG LABO - SAG / CSP COURNON;Non renseigné;AMLODIPINE/VALSARTAN EG 5 mg/160 mg Cpr pell Plq/90;0.021;11.39;0.2;39;1
;3400930178416;;EG LABO - SAG / CSP COURNON;Non renseigné;AMLODIPINE/VALSARTAN EG 10 mg/160 mg Cpr pell Plq/30;0.021;4;0.2;78;1
;3400930178454;;EG LABO - SAG / CSP COURNON;Non renseigné;AMLODIPINE/VALSARTAN EG 10 mg/160 mg Cpr pell Plq/90;0.021;11.39;0.2;39;1
;3400930179826;;EG LABO - SAG / CSP COURNON;Non renseigné;DASATINIB EG 20 mg Cpr pell B/60;0.021;463.47;0.25;1;1
;3400930179857;;EG LABO - SAG / CSP COURNON;Non renseigné;DASATINIB EG 50 mg Cpr pell B/60;0.021;926.71;0.25;1;1
;3400930182451;;EG LABO - SAG / CSP COURNON;Non renseigné;FULVESTRANT EG 250 mg S inj en seringue préremplie Ser/5ml+Aig;0.021;72;0.1;1;1
;3400930184554;;EG LABO - SAG / CSP COURNON;Non renseigné;MACROGOL 4000 EG 4 g Pdr sol buv en sachet 20Sach/4g;0.021;1.33;0.05;63;1
;3400930188408;;EG LABO - SAG / CSP COURNON;Non renseigné;ALG SOD/BIC EG 500mg/267mgp10ml 24Sach/10ml;0.021;2.28;0.05;18;1
;3400930191576;;EG LABO - SAG / CSP COURNON;Non renseigné;DUTASTERIDE/TAMSULOSINE EG 0,5 mg/0,4 mg Gél Fl/30;0.021;7.63;0.1;48;1
;3400930192771;;EG LABO - SAG / CSP COURNON;Non renseigné;NICOTINE EG 1 mg/dose S pulv bucc 2Fl/15ml;0.021;13.99;0.07;36;1
;3400930204122;;EG LABO - SAG / CSP COURNON;Non renseigné;URAPIDIL EG LP 30 mg Gél LP Fl/30;0.021;2.28;0.1;1;1
;3400930204160;;EG LABO - SAG / CSP COURNON;Non renseigné;URAPIDIL EG LP 60 mg Gél LP Fl/30;0.021;4.04;0.2;144;1
;3400930208939;;EG LABO - SAG / CSP COURNON;Non renseigné;PRASUGREL EG LABO 10 mg Cpr pell Plq/30;0.021;11.53;0.2;1;1
;3400930213551;;EG LABO - SAG / CSP COURNON;Non renseigné;FINGOLIMOD EG 0,5 mg Gél Plq/28;0.021;381.23;0.25;1;1
;3400930215357;;EG LABO - SAG / CSP COURNON;Non renseigné;LEVETIRACETAM EG LABO 500 mg Cpr pell séc Plq/60;0.021;14.23;0.2;90;1
;3400930215418;;EG LABO - SAG / CSP COURNON;Non renseigné;LEVETIRACETAM EG LABO 1000 mg Cpr pell séc Plq/60;0.021;14.23;0.2;1;1
;3400930219911;;EG LABO - SAG / CSP COURNON;Non renseigné;AMOXICILLINE EG LABO 500 mg Gél Plq PVC/ET/PVDC/alu/12;0.021;1.06;0.025;96;1
;3400930221563;;EG LABO - SAG / CSP COURNON;Non renseigné;PROPIO FLUT EG 100µg/50µg/d Pdr 60unid (1x60);0.021;13.45;0.025;1;1
;3400930221594;;EG LABO - SAG / CSP COURNON;Non renseigné;PROPIO FLUT EG 250µg/50µg/dose 60unid (1x60);0.021;15.77;0.025;18;1
;3400930221624;;EG LABO - SAG / CSP COURNON;Non renseigné;PROPIO FLUT EG 500µg/50µg/dose 60unid (1x60);0.021;17.65;0.025;18;1
;3400930224571;;EG LABO - SAG / CSP COURNON;Non renseigné;ENALAPRIL/LERCANIDIPINE EG 20 mg/20 mg Cpr pell Plq/30;0.021;4.57;0.1;1;1
;3400930224601;;EG LABO - SAG / CSP COURNON;Non renseigné;ENALAPRIL/LERCANIDIPINE EG 20 mg/20 mg Cpr pell Plq/90;0.021;13.02;0.1;1;1
;3400930227725;;EG LABO - SAG / CSP COURNON;Non renseigné;FESOTERODINE EG LP 4 mg Cpr LP Plq OPA/Alu/PVC/30;0.021;4.57;0.2;1;1
;3400930227824;;EG LABO - SAG / CSP COURNON;Non renseigné;FESOTERODINE EG LP 8 mg Cpr LP Plq OPA/Alu/PVC/30;0.021;5.14;0.1;1;1
;3400930228074;;EG LABO - SAG / CSP COURNON;Non renseigné;BORAX/AC BOR EG 12mg/18mg/ml Sla 20Unid/5ml;0.021;1.32;0.05;42;1
;3400930230169;;EG LABO - SAG / CSP COURNON;Non renseigné;BACLOFENE EG 10 mg Cpr séc Plq/30;0.021;1.84;0.05;225;1
;3400930230497;;EG LABO - SAG / CSP COURNON;Non renseigné;VILDAGLIPTINE EG 50 mg Cpr Plq/30;0.021;3.01;0.1;1;1
;3400930230510;;EG LABO - SAG / CSP COURNON;Non renseigné;VILDAGLIPTINE EG 50 mg Cpr Plq/60;0.021;5.34;0.2;1;1
;3400930232071;;EG LABO - SAG / CSP COURNON;Non renseigné;ABIRATERONE EG 500 mg Cpr pell Plq Alu/PVC/PE/PVDC/60;0.021;562.02;0.25;1;1
;3400930233870;;EG LABO - SAG / CSP COURNON;Non renseigné;TICAGRELOR EG 90 mg Cpr pell Plq/60;0.021;13.41;0.2;1;1
;3400930236826;;EG LABO - SAG / CSP COURNON;Non renseigné;BILASTINE EG 20 mg Cpr Plq/30;0.021;2.25;0.05;100;1
;3400930237854;;EG LABO - SAG / CSP COURNON;Non renseigné;VILDAGLIPTINE/METFORMINE EG 50 mg/1000 mg Cpr pell Plq/60;0.021;6.51;0.025;12;1
;3400930237977;;EG LABO - SAG / CSP COURNON;Non renseigné;SITAGLIPTINE EG 50 mg Cpr pell Plq/30;0.021;6.28;0.1;216;1
;3400930238035;;EG LABO - SAG / CSP COURNON;Non renseigné;SITAGLIPTINE EG 100 mg Cpr pell Plq/30;0.021;6.28;0.1;216;1
;3400930239520;;EG LABO - SAG / CSP COURNON;Non renseigné;SITAGLIPTINE/METFORMINE EG 50 mg/1000 mg Cpr pell Plq/60;0.021;7.17;0;48;1
;3400930242117;;EG LABO - SAG / CSP COURNON;Non renseigné;HUKYNDRA 40 mg S inj en stylo prérempli 2Stylo+2tamp;0.021;350.02;0;1;1
;3400930244272;;EG LABO - SAG / CSP COURNON;Non renseigné;PIPERACILLINE/TAZOBACTAM EG 4 g/500 mg Pdr sol perf Fl;0.021;6;0.2;1;1
;3400930254479;;EG LABO - SAG / CSP COURNON;Non renseigné;TIXOCORTOL EG 1 % Susp nas Fl/10ml;0.021;1.29;0.025;144;1
;3400930258200;;EG LABO - SAG / CSP COURNON;Non renseigné;PERINDOPRIL ARGININE EG 2,5 mg Cpr pell Plq PVC/PVDC/Alu/30;0.021;2.4;0.2;1;1
;3400930258217;;EG LABO - SAG / CSP COURNON;Non renseigné;PERINDOPRIL ARGININE EG 2,5 mg Cpr pell Plq PVC/PVDC/Alu/90;0.021;7.2;0.2;1;1
;3400930258279;;EG LABO - SAG / CSP COURNON;Non renseigné;PERINDOPRIL ARGININE EG 5 mg Cpr pell séc Plq PVC/PVDC/Alu/30;0.021;2.4;0.2;1;1
;3400930258316;;EG LABO - SAG / CSP COURNON;Non renseigné;PERINDOPRIL ARGININE EG 10 mg Cpr pell Plq PVC/PVDC/Alu/30;0.021;2.7;0.1;1;1
;3400930258842;;EG LABO - SAG / CSP COURNON;Non renseigné;CLOZAPINE EG LABO 100 mg Cpr séc Plq/30;0.021;8.27;0.1;132;1
;3400930261248;;EG LABO - SAG / CSP COURNON;Non renseigné;DABIGATRAN ETEXILATE EG LABO 110 mg Gél 6Plq/10x1;0.021;10.21;0;32;1
;3400930261279;;EG LABO - SAG / CSP COURNON;Non renseigné;DABIGATRAN ETEXILATE EG LABO 150 mg Gél 6Plq/10x1;0.021;9.93;0;32;1
;3400930264171;;EG LABO - SAG / CSP COURNON;Non renseigné;METHYLPHENIDATE EG LP 18 mg Cpr LP Fl/28;0.021;10.55;0;1;1
;3400930264188;;EG LABO - SAG / CSP COURNON;Non renseigné;METHYLPHENIDATE EG LP 36 mg Cpr LP Fl/28;0.021;14.37;0;1;1
;3400930264201;;EG LABO - SAG / CSP COURNON;Non renseigné;METHYLPHENIDATE EG LP 54 mg Cpr LP Fl/28;0.021;16.81;0;1;1
;3400930265468;;EG LABO - SAG / CSP COURNON;Non renseigné;DIMETHYL FUMARATE EG 240 mg Gél gastro-rés Plq/56;0.021;277.66;0.025;1;1
;3400930265642;;EG LABO - SAG / CSP COURNON;Non renseigné;RIVAROXABAN EG 10 mg Cpr pell Plq/30;0.021;9.61;0.1;1;1
;3400930265659;;EG LABO - SAG / CSP COURNON;Non renseigné;RIVAROXABAN EG 15 mg Cpr pell Plq/28;0.021;8.97;0.1;1368;1
;3400930265680;;EG LABO - SAG / CSP COURNON;Non renseigné;RIVAROXABAN EG 20 mg Cpr pell Plq/28;0.021;8.97;0.1;168;1
;3400930266076;;EG LABO - SAG / CSP COURNON;Non renseigné;LOSARTAN EG LABO 50 mg Cpr pell séc Plq/30;0.021;2.4;0.2;1;1
;3400930266083;;EG LABO - SAG / CSP COURNON;Non renseigné;LOSARTAN EG LABO 50 mg Cpr pell séc Plq/90;0.021;7.2;0.2;63;1
;3400930266090;;EG LABO - SAG / CSP COURNON;Non renseigné;LOSARTAN EG LABO 100 mg Cpr pell Plq/30;0.021;2.4;0.2;1;1
;3400930266922;;EG LABO - SAG / CSP COURNON;Non renseigné;XIMLUCI 10 mg/ml S inj Fl/0,23ml+aig filtre;0.021;284.59;0;1;1
;3400930267288;;EG LABO - SAG / CSP COURNON;Non renseigné;LOSARTAN/HYDROCHLOROTHIAZIDE EG LABO 100 mg/12,5 mg Cpr pell Plq/90;0.021;9.25;0;1;1
;3400930272206;;EG LABO - SAG / CSP COURNON;Non renseigné;NICOTINE EG LAB 4mg Gom méd men ssuc Plq/96;0.021;8.17;0.07;1;1
;3400930272336;;EG LABO - SAG / CSP COURNON;Non renseigné;METFORMINE EG LABO 500 mg Cpr pell Plq/30;0.021;0.83;0.3;210;1
;3400930272343;;EG LABO - SAG / CSP COURNON;Non renseigné;METFORMINE EG LABO 500 mg Cpr pell Plq/90;0.021;2.37;0.3;98;1
;3400930272367;;EG LABO - SAG / CSP COURNON;Non renseigné;METFORMINE EG LABO 850 mg Cpr pell Plq/30;0.021;1.58;0;1;1
;3400930272374;;EG LABO - SAG / CSP COURNON;Non renseigné;METFORMINE EG LABO 850 mg Cpr pell Plq/90;0.021;3.07;0.3;1;1
;3400930272381;;EG LABO - SAG / CSP COURNON;Non renseigné;METFORMINE EG LABO 1000 mg Cpr pell séc Plq/30;0.021;1.02;0.3;180;1
;3400930272398;;EG LABO - SAG / CSP COURNON;Non renseigné;METFORMINE EG LABO 1000 mg Cpr pell séc Plq/90;0.021;3.07;0.3;80;1
;3400930276556;;EG LABO - SAG / CSP COURNON;Non renseigné;AZELAST EG 137µg/50µg Susp pvn Fl/23g;0.021;7.37;0.025;110;1
;3400930276716;3400930276716;EG LABO - SAG / CSP COURNON;Non renseigné;PHLOROGLUCINOL EG 160 mg Cpr orodisp Plq/5;0.021;0.98;0.025;1;1
;3400930277829;;EG LABO - SAG / CSP COURNON;Non renseigné;IVERMECTINE EG LABO 3 mg Cpr 4Plq/1;0.021;5.12;0.2;1;1
;3400930284964;;EG LABO - SAG / CSP COURNON;Non renseigné;UZPRUVO 90 mg Sol inj ser préremplie Ser/1ml;0.021;1046.54;0;1;1
;3400930285756;;EG LABO - SAG / CSP COURNON;Non renseigné;EZETIMIBE/ATORVASTATINE EG 10 mg/10 mg Cpr pell Plq/30;0.021;7.56;0.1;72;1
;3400930285787;;EG LABO - SAG / CSP COURNON;Non renseigné;EZETIMIBE/ATORVASTATINE EG 10 mg/10 mg Cpr pell Plq/90;0.021;22.68;0.1;27;1
;3400930285862;;EG LABO - SAG / CSP COURNON;Non renseigné;EZETIMIBE/ATORVASTATINE EG 10 mg/20 mg Cpr pell Plq/30;0.021;7.56;0.1;72;1
;3400930285909;;EG LABO - SAG / CSP COURNON;Non renseigné;EZETIMIBE/ATORVASTATINE EG 10 mg/20 mg Cpr pell Plq/90;0.021;22.68;0.1;27;1
;3400930285930;;EG LABO - SAG / CSP COURNON;Non renseigné;EZETIMIBE/ATORVASTATINE EG 10 mg/40 mg Cpr pell Plq/30;0.021;7.56;0.1;60;1
;3400930285978;;EG LABO - SAG / CSP COURNON;Non renseigné;EZETIMIBE/ATORVASTATINE EG 10 mg/40 mg Cpr pell Plq/90;0.021;22.68;0.1;18;1
;3400930286005;;EG LABO - SAG / CSP COURNON;Non renseigné;EZETIMIBE/ATORVASTATINE EG 10 mg/80 mg Cpr pell Plq/30;0.021;7.56;0.1;36;1
;3400930286043;;EG LABO - SAG / CSP COURNON;Non renseigné;EZETIMIBE/ATORVASTATINE EG 10 mg/80 mg Cpr pell Plq/90;0.021;22.68;0.1;9;1
;3400930289105;;EG LABO - SAG / CSP COURNON;Non renseigné;NINTEDANIB EG 150 mg Caps molle Plq/60x1;0.021;350.94;0.3;1;1
;3400930298671;;EG LABO - SAG / CSP COURNON;Non renseigné;NILOTINIB EG 150 mg Gél Plq/112 (4x28);0.021;570.96;0.25;1;1
;3400930299975;;EG LABO - SAG / CSP COURNON;Non renseigné;ENOXAPARINE EG 2000 UI (20 mg)/0,2 ml Sol inj ser préremplie 2Ser/0,2ml;0.021;3.76;0;1;1
;3400930299982;;EG LABO - SAG / CSP COURNON;Non renseigné;ENOXAPARINE EG 2000 UI (20 mg)/0,2 ml Sol inj ser préremplie 6Ser/0,2ml;0.021;11.21;0;1;1
;3400930300022;;EG LABO - SAG / CSP COURNON;Non renseigné;ENOXAPARINE EG 4000 UI (40 mg)/0,4 ml Sol inj ser préremplie 2Ser/0,4ml;0.021;7.48;0;1;1
;3400930300039;;EG LABO - SAG / CSP COURNON;Non renseigné;ENOXAPARINE EG 4000 UI (40 mg)/0,4 ml Sol inj ser préremplie 6Ser/0,4ml;0.021;22.43;0;1;1
;3400930300091;;EG LABO - SAG / CSP COURNON;Non renseigné;ENOXAPARINE EG 6000 UI (60 mg)/0,6 ml Sol inj ser préremplie 2Ser/0,6ml;0.021;8.62;0;1;1
;3400930300114;;EG LABO - SAG / CSP COURNON;Non renseigné;ENOXAPARINE EG 6000 UI (60 mg)/0,6 ml Sol inj ser préremplie 10Ser/0,6ml;0.021;43.1;0;1;1
;3400930300176;;EG LABO - SAG / CSP COURNON;Non renseigné;ENOXAPARINE EG 8000 UI (80 mg)/0,8 ml Sol inj ser préremplie 2Ser/0,8ml;0.021;9.66;0;1;1
;3400930300190;;EG LABO - SAG / CSP COURNON;Non renseigné;ENOXAPARINE EG 8000 UI (80 mg)/0,8 ml Sol inj ser préremplie 10Ser/0,8ml;0.021;48.25;0;1;1
;3400930300282;;EG LABO - SAG / CSP COURNON;Non renseigné;ENOXAPARINE EG 10 000 UI (100 mg)/1 ml Sol inj ser préremplie 10Ser/1ml;0.021;60.03;0;1;1
;3400930300800;;EG LABO - SAG / CSP COURNON;Non renseigné;CLOPIDOGREL/ACIDE ACETYLSALICYLIQUE EG 75 mg/75 mg Cpr pell Plq/30;0.021;4.38;0.1;1;1
;3400930301791;;EG LABO - SAG / CSP COURNON;Non renseigné;DIMETHYL FUMARATE EG LABO 240 mg Gél gastro-rés Plq/56;0.021;277.66;0.025;1;1
;3400930303979;;EG LABO - SAG / CSP COURNON;Non renseigné;HUKYNDRA 80 mg Sol inj stylo prérempli Stylo/0,8ml+tamp;0.021;350.02;0;1;1
;3400930306758;;EG LABO - SAG / CSP COURNON;Non renseigné;APREMILAST STADA 10/20/30mg Cpr pell Pack 27;0.021;58.06;0.3;1;1
;3400930306772;;EG LABO - SAG / CSP COURNON;Non renseigné;APREMILAST STADA 30 mg Cpr pell Plq/56;0.021;120.42;0.3;1;1
;3400930307830;;EG LABO - SAG / CSP COURNON;Non renseigné;CANDESARTAN EG LABO 4 mg Cpr séc Plq/30;0.021;2.4;0.2;1;1
;3400930307854;;EG LABO - SAG / CSP COURNON;Non renseigné;CANDESARTAN EG LABO 4 mg Cpr séc Plq/90;0.021;7.2;0.2;1;1
;3400930307908;;EG LABO - SAG / CSP COURNON;Non renseigné;CANDESARTAN EG LABO 8 mg Cpr séc Plq/30;0.021;2.4;0.2;1;1
;3400930307939;;EG LABO - SAG / CSP COURNON;Non renseigné;CANDESARTAN EG LABO 8 mg Cpr séc Plq/90;0.021;7.2;0.2;1;1
;3400930307977;;EG LABO - SAG / CSP COURNON;Non renseigné;CANDESARTAN EG LABO 16 mg Cpr séc Plq/30;0.021;2.4;0.2;1;1
;3400930307991;;EG LABO - SAG / CSP COURNON;Non renseigné;CANDESARTAN EG LABO 16 mg Cpr séc Plq/90;0.021;7.2;0.2;72;1
;3400930308042;;EG LABO - SAG / CSP COURNON;Non renseigné;CANDESARTAN EG LABO 32 mg Cpr séc Plq/30;0.021;2.4;0.2;1;1
;3400930313282;;EG LABO - SAG / CSP COURNON;Non renseigné;BECLOMETASONE/FORMOTEROL EG 100/6 µg/dose S p inh en fl press 1Fl/120doses;0.021;15.77;0.025;1;1
;3400930313336;;EG LABO - SAG / CSP COURNON;Non renseigné;BECLOMETASONE/FORMOTEROL EG 200/6 µg/dose S p inh en fl press 1Fl/120doses;0.021;15.77;0.025;84;1
2169192;3400921691924;;EG LABO - SAG / CSP COURNON;Non renseigné;RIZATRIPTAN EG 5 mg Cpr Plq/12;0.021;10.66;0.05;0;1
2169252;3400921692525;;EG LABO - SAG / CSP COURNON;Non renseigné;RIZATRIPTAN EG 10 mg Cpr Plq/12;0.021;8.98;0.2;0;1
2169306;3400921693065;;EG LABO - SAG / CSP COURNON;Non renseigné;RIZATRIPTAN EG 10 mg Cpr orodisp Plq/6;0.021;4.49;0.2;0;1
2176140;3400921761405;;EG LABO - SAG / CSP COURNON;Non renseigné;DESLORATADINE EG 0,5 mg/ml S buv Fl/150ml+ser;0.021;1.49;0.05;30;1
2179090;3400921790900;;EG LABO - SAG / CSP COURNON;Non renseigné;ZOLMITRIPTAN EG 2,5 mg Cpr orodisp Plq/12;0.021;7.51;0.2;0;1
2190720;3400921907209;;EG LABO - SAG / CSP COURNON;Non renseigné;PRAVASTATINE EG 20 mg Cpr pell séc Plq/28;0.021;2.04;0.2;0;1
2190737;3400921907377;;EG LABO - SAG / CSP COURNON;Non renseigné;PRAVASTATINE EG 20 mg Cpr pell séc Plq/84;0.021;6.13;0.2;175;1
2190766;3400921907667;;EG LABO - SAG / CSP COURNON;Non renseigné;PRAVASTATINE EG 40 mg Cpr pell séc 1Plq/28;0.021;2.04;0.2;0;1
2190772;3400921907728;;EG LABO - SAG / CSP COURNON;Non renseigné;PRAVASTATINE EG 40 mg Cpr pell séc 1Plq/84;0.021;6.13;0.2;0;1
2195953;3400921959536;;EG LABO - SAG / CSP COURNON;Non renseigné;DORZOLAMIDE/TIMOLOL EG 20 mg/ml + 5 mg/ml Collyre sol Fl/5ml;0.021;4.23;0.1;0;1
2196125;3400921961256;;EG LABO - SAG / CSP COURNON;Non renseigné;PRAVASTATINE EG 10 mg Cpr pell séc Plq/28;0.021;2.04;0.2;240;1
2209715;3400922097152;;EG LABO - SAG / CSP COURNON;Non renseigné;DESLORATADINE EG 5 mg Cpr pell Plq/15;0.021;1.17;0.1;120;1
2210463;3400922104638;;EG LABO - SAG / CSP COURNON;Non renseigné;CANDESARTAN/HYDROCHLOROTHIAZIDE EG LABO 8 mg/12,5 mg Cpr Plq/30;0.021;2.4;0.2;0;1
2210492;3400922104928;;EG LABO - SAG / CSP COURNON;Non renseigné;CANDESARTAN/HYDROCHLOROTHIAZIDE EG LABO 8 mg/12,5 mg Cpr Plq/90;0.021;7.2;0.2;72;1
2210523;3400922105239;;EG LABO - SAG / CSP COURNON;Non renseigné;CANDESARTAN/HYDROCHLOROTHIAZIDE EG LABO 16 mg/12,5 mg Cpr Plq/30;0.021;2.4;0.2;180;1
2210552;3400922105529;;EG LABO - SAG / CSP COURNON;Non renseigné;CANDESARTAN/HYDROCHLOROTHIAZIDE EG LABO 16 mg/12,5 mg Cpr Plq/90;0.021;7.2;0.2;72;1
2214260;3400922142609;;EG LABO - SAG / CSP COURNON;Non renseigné;KETOPROFENE EG LP 100 mg Cpr séc LP Plq/20;0.021;1.99;0.1;200;1
2216000;3400922160009;;EG LABO - SAG / CSP COURNON;Non renseigné;RAMIPRIL/HYDROCHLOROTHIAZIDE EG 5 mg/12,5 mg Cpr Plq/30;0.021;2.4;0.2;0;1
2218298;3400922182988;;EG LABO - SAG / CSP COURNON;Non renseigné;RALOXIFENE EG 60 mg Cpr pell Plq/28;0.021;7.41;0.2;0;1
2218312;3400922183121;;EG LABO - SAG / CSP COURNON;Non renseigné;RALOXIFENE EG 60 mg Cpr pell Plq/84;0.021;18.47;0.3;0;1
2231689;3400922316895;;EG LABO - SAG / CSP COURNON;Non renseigné;LATANOPROST/TIMOLOL EG 50 µg/5 mg par ml Collyre sol 3Fl/2,5ml;0.021;15.41;0.05;0;1
2683003;3400926830038;;EG LABO - SAG / CSP COURNON;Non renseigné;MODAFINIL EG 100 mg Cpr Plq/30;0.021;26.62;0.2;0;1
2694248;3400926942489;;EG LABO - SAG / CSP COURNON;Non renseigné;TRAMADOL/PARACETAMOL EG LABO 37,5 mg/325 mg Cpr pell Plaq/20;0.021;0.92;0.2;216;1
2697117;3400926971175;;EG LABO - SAG / CSP COURNON;Non renseigné;ACARBOSE EG 50 mg Cpr Plq/90;0.021;7.85;0.1;0;1
2697146;3400926971465;;EG LABO - SAG / CSP COURNON;Non renseigné;ACARBOSE EG 100 mg Cpr Plq/90;0.021;10.68;0.1;0;1
2732842;3400927328428;;EG LABO - SAG / CSP COURNON;Non renseigné;BETAXOLOL EG 20 mg Cpr pell séc Plq/30;0.021;3.78;0.1;0;1
2732859;3400927328596;;EG LABO - SAG / CSP COURNON;Non renseigné;BETAXOLOL EG 20 mg Cpr pell séc Plq/90;0.021;11.34;0.1;0;1
2735651;3400927356513;;EG LABO - SAG / CSP COURNON;Non renseigné;MOXIFLOXACINE EG 400 mg Cpr pell Plq/5;0.021;4.46;0.2;0;1
2735668;3400927356681;;EG LABO - SAG / CSP COURNON;Non renseigné;MOXIFLOXACINE EG 400 mg Cpr pell Plq/7;0.021;6.25;0.2;0;1
2736981;3400927369810;;EG LABO - SAG / CSP COURNON;Non renseigné;CLOXACILLINE EG 500 mg Gél Plq/16;0.021;2.27;0.1;1;1
2748004;3400927480041;;EG LABO - SAG / CSP COURNON;Non renseigné;CAPECITABINE EG 150 mg Cpr pell Plaq/60;0.021;14.21;0.25;0;1
2748033;3400927480331;;EG LABO - SAG / CSP COURNON;Non renseigné;CAPECITABINE EG 500 mg Cpr pel Plq/120;0.021;94.71;0.25;0;1
2755694;3400927556944;;EG LABO - SAG / CSP COURNON;Non renseigné;ESCITALOPRAM EG 5 mg Cpr pell Plq/28;0.021;2.32;0.2;108;1
2755783;3400927557835;;EG LABO - SAG / CSP COURNON;Non renseigné;ESCITALOPRAM EG 10 mg Cpr pell séc Plq/28;0.021;2.51;0.2;120;1
2755872;3400927558726;;EG LABO - SAG / CSP COURNON;Non renseigné;ESCITALOPRAM EG 15 mg Cpr pell Plq/28;0.021;2.51;0.2;120;1
2755926;3400927559266;;EG LABO - SAG / CSP COURNON;Non renseigné;ESCITALOPRAM EG 20 mg Cpr pell séc Plq/28;0.021;2.51;0.2;120;1
2772965;3400927729652;;EG LABO - SAG / CSP COURNON;Non renseigné;GLICLAZIDE EG LABO LABORATOIRES EUROGENERICS 30 mg Cpr LM Plq PVC/alu/30;0.021;2.65;0.2;1;1
2774875;3400927748752;;EG LABO - SAG / CSP COURNON;Non renseigné;OXYCODONE EG LP 5 mg Cpr pell LP Plq/28;0.021;2.04;0.05;1;1
2775165;3400927751653;;EG LABO - SAG / CSP COURNON;Non renseigné;OXYCODONE EG LP 10 mg Cpr pell LP Plq/28;0.021;3.71;0.05;6;1
2775372;3400927753725;;EG LABO - SAG / CSP COURNON;Non renseigné;OXYCODONE EG LP 15 mg Cpr pell LP Plq/28;0.021;5.63;0.05;1;1
2775509;3400927755095;;EG LABO - SAG / CSP COURNON;Non renseigné;OXYCODONE EG LP 20 mg Cpr pell LP Plq/28;0.021;7.43;0.05;1;1
2775633;3400927756337;;EG LABO - SAG / CSP COURNON;Non renseigné;OXYCODONE EG LP 30 mg Cpr pell LP Plq/28;0.021;11.29;0.05;1;1
2775797;3400927757976;;EG LABO - SAG / CSP COURNON;Non renseigné;OXYCODONE EG LP 40 mg Cpr pell LP Plq/28;0.021;14.98;0.05;1;1
2775923;3400927759239;;EG LABO - SAG / CSP COURNON;Non renseigné;OXYCODONE EG LP 60 mg Cpr pell LP Plq/28;0.021;19.79;0.05;1;1
2776058;3400927760587;;EG LABO - SAG / CSP COURNON;Non renseigné;OXYCODONE EG LP 80 mg Cpr pell LP Plq/28;0.021;24.68;0.05;1;1
2781059;3400927810596;;EG LABO - SAG / CSP COURNON;Non renseigné;LEVONORGESTREL EG 1,5 mg Cpr Plq/1;0.021;1.7;0.1;1;1
2784253;3400927842535;;EG LABO - SAG / CSP COURNON;Non renseigné;CELECOXIB EG 100 mg Gél Plq PVC/PVDC/Alu/30;0.021;2.22;0;0;1
2784282;3400927842825;;EG LABO - SAG / CSP COURNON;Non renseigné;CELECOXIB EG 200 mg Gél Plq PVC/PVDC/Alu/30;0.021;3.78;0.1;0;1
2788707;3400927887079;;EG LABO - SAG / CSP COURNON;Non renseigné;TRAVOPROST EG 40 µg/ml Collyre sol Fl/2,5ml;0.021;3.31;0.3;1;1
2792264;3400927922640;;EG LABO - SAG / CSP COURNON;Non renseigné;NICOTINE EUROGENE 2mg Gom ss citr éd Plq/96;0.021;8.17;0.07;1;1
2792488;3400927924880;;EG LABO - SAG / CSP COURNON;Non renseigné;NICOTINE EUROGENE 2mg Go me éd xy ac Plq/96;0.021;8.17;0.07;27;1
3000437;3400930004371;;EG LABO - SAG / CSP COURNON;Non renseigné;CLARITHROMYCINE EG 500 mg Cpr pell LM Plq/5;0.021;3.26;0.05;0;1
3004330;3400930043301;;EG LABO - SAG / CSP COURNON;Non renseigné;BRINZOLAMIDE EG 10 mg/ml Collyre susp Fl/5ml;0.021;3.31;0.025;1;1
3008456;3400930084564;;EG LABO - SAG / CSP COURNON;Non renseigné;ATURGYL 0,05 % S pulv nas Néb/15ml;0.021;1.13;0;144;1
3012950;3400930129500;;EG LABO - SAG / CSP COURNON;Non renseigné;PERINDOPRIL TERT-BUTYLAMINE/AMLODIPINE EG 4 mg/5 mg Cpr Plq alu/90;0.021;12.4;0.2;1;1
3026610;3400930266106;;EG LABO - SAG / CSP COURNON;Non renseigné;LOSARTAN EG LABO 100 mg Cpr pell Plq/90;0.021;7.2;0.2;1;1
3034519;3400930345191;;EG LABO - SAG / CSP COURNON;Non renseigné;CLARITHROMYCINE EG 500 mg Cpr pell LM Plq/10;0.021;6.28;0.05;0;1
3101109;3400931011095;;EG LABO - SAG / CSP COURNON;Non renseigné;SULFARLEM 12,5 mg Cpr enr Plq/60;0.021;1.01;0;130;1
3112024;3400931120247;;EG LABO - SAG / CSP COURNON;Non renseigné;VELBE 10 mg Pdr sol inj IV Fl/10ml;0.021;13.77;0;0;1
3264998;3400932649983;;EG LABO - SAG / CSP COURNON;Non renseigné;ONCOVIN 1 mg S inj Fl/1ml;0.021;10.2;0;0;1
3292492;3400932924929;;EG LABO - SAG / CSP COURNON;Non renseigné;KETODERM 2 % Cr T/15g;0.021;2.2;0;100;1
3330695;3400933306953;;EG LABO - SAG / CSP COURNON;Non renseigné;KETODERM 2 % Gel en sachet 8Sach/6g;0.021;4.41;0;72;1
3376668;3400933766689;;EG LABO - SAG / CSP COURNON;Non renseigné;PARACETAMOL EG 500 mg Gél Plq/16;0.021;0.76;0;120;1
3392756;3400933927561;;EG LABO - SAG / CSP COURNON;Non renseigné;ATROVENT 0,03 % S nas adulte Fl/15ml;0.021;3.56;0;112;1
3433113;3400934331138;;EG LABO - SAG / CSP COURNON;Non renseigné;OXYBUTYNINE EG 5 mg Cpr séc Plq/60;0.021;2.12;0.1;108;1
3436241;3400934362415;;EG LABO - SAG / CSP COURNON;Non renseigné;DICLOFENAC EG 50 mg Cpr gastro-rés Plq/2x15 (30);0.021;1.6;0.05;0;1
3456835;3400934568350;;EG LABO - SAG / CSP COURNON;Non renseigné;LOPERAMIDE EG 2 mg Gél Plq/20;0.021;1.14;0.2;150;1
3456918;3400934569180;;EG LABO - SAG / CSP COURNON;Non renseigné;PIROXICAM EG 20 mg Gél 1Plq/15;0.021;1.48;0.2;130;1
3467572;3400934675720;;EG LABO - SAG / CSP COURNON;Non renseigné;LERCANIDIPINE EG 10 mg Cpr pell séc Plaq/30;0.021;2.84;0.3;208;1
3467603;3400934676031;;EG LABO - SAG / CSP COURNON;Non renseigné;LERCANIDIPINE EG 10 mg Cpr pell séc Plaq/90;0.021;8.51;0.3;96;1
3467721;3400934677212;;EG LABO - SAG / CSP COURNON;Non renseigné;LERCANIDIPINE EG 20 mg Cpr pell séc Plaq/30;0.021;3.24;0.2;208;1
3467767;3400934677670;;EG LABO - SAG / CSP COURNON;Non renseigné;LERCANIDIPINE EG 20 mg Cpr pell séc Plaq/90;0.021;9.72;0.2;96;1
3471208;3400934712081;;EG LABO - SAG / CSP COURNON;Non renseigné;ANASTROZOLE EG 1 mg Cpr pell Plq/90;0.021;41.63;0.3;0;1
3473058;3400934730580;;EG LABO - SAG / CSP COURNON;Non renseigné;PARACETAMOL EG 500 mg Cpr 2Plq/8;0.021;0.76;0;288;1
3480383;3400934803833;;EG LABO - SAG / CSP COURNON;Non renseigné;CAPTOPRIL EG 50 mg Cpr quadriséc Plq/30;0.021;2.4;0.2;0;1
3480443;3400934804434;;EG LABO - SAG / CSP COURNON;Non renseigné;CAPTOPRIL EG 50 mg Cpr quadriséc Plq/90;0.021;7.2;0.2;0;1
3481402;3400934814020;;EG LABO - SAG / CSP COURNON;Non renseigné;CAPTOPRIL EG 25 mg Cpr quadriséc B/30;0.021;2.4;0.2;0;1
3481454;3400934814549;;EG LABO - SAG / CSP COURNON;Non renseigné;CAPTOPRIL EG 25 mg Cpr quadriséc Plq/90;0.021;7.2;0.2;0;1
3483128;3400934831287;;EG LABO - SAG / CSP COURNON;Non renseigné;ACICLOVIR EG 200 mg Cpr Plq/25 (5x5);0.021;5.54;0.2;1;1
3485759;3400934857591;;EG LABO - SAG / CSP COURNON;Non renseigné;ALPRAZOLAM EG 0,50 mg Cpr séc B/30;0.021;0.96;0.2;324;1
3488427;3400934884276;;EG LABO - SAG / CSP COURNON;Non renseigné;BROMAZEPAM EG 6 mg Cpr quadriséc Plq/2x15 (30);0.021;1.11;0.1;200;1
3489177;3400934891779;;EG LABO - SAG / CSP COURNON;Non renseigné;TRIMEBUTINE EG 100 mg Cpr Plq/30;0.021;2.06;0.2;180;1
3506059;3400935060594;;EG LABO - SAG / CSP COURNON;Non renseigné;SPIRONOLACTONE EG 50 mg Cpr pell séc Plq/30;0.021;1.99;0.2;0;1
3513059;3400935130594;;EG LABO - SAG / CSP COURNON;Non renseigné;TRAMADOL EG 50 mg Cpr Plq/30;0.021;2.24;0.2;300;1
3513378;3400935133786;;EG LABO - SAG / CSP COURNON;Non renseigné;ECONAZOLE EG 1 % Pdr appl cut Fl/30g;0.021;1.8;0.05;90;1
3513409;3400935134097;;EG LABO - SAG / CSP COURNON;Non renseigné;ECONAZOLE EG 1 % Cr T/30g;0.021;1.2;0.05;100;1
3513415;3400935134158;;EG LABO - SAG / CSP COURNON;Non renseigné;ECONAZOLE EG 1 % Emuls fluide p applic cut Fl/30g;0.021;1.34;0.05;126;1
3513421;3400935134219;;EG LABO - SAG / CSP COURNON;Non renseigné;ECONAZOLE EG 1 % S appl cut Fl press/30g;0.021;1.62;0.05;0;1
3524749;3400935247490;;EG LABO - SAG / CSP COURNON;Non renseigné;ZOPICLONE EG 7,5 mg Cpr pell séc Plq/14;0.021;0.94;0.3;324;1
3525335;3400935253354;;EG LABO - SAG / CSP COURNON;Non renseigné;GLICLAZIDE EG 80 mg Cpr séc Plq/60;0.021;5.65;0.1;0;1
3526843;3400935268433;;EG LABO - SAG / CSP COURNON;Non renseigné;SPIRONOLACTONE EG 75 mg Cpr pell séc Plq/30;0.021;2.7;0.1;0;1
3537858;3400935378583;;EG LABO - SAG / CSP COURNON;Non renseigné;ALLOPURINOL EG 100 mg Cpr Plq/28;0.021;0.88;0;140;1
3537864;3400935378644;;EG LABO - SAG / CSP COURNON;Non renseigné;ALLOPURINOL EG 300 mg Cpr Plq/28;0.021;1.65;0;140;1
3537870;3400935378705;;EG LABO - SAG / CSP COURNON;Non renseigné;ALLOPURINOL EG 200 mg Cpr Plq/28;0.021;1.32;0;140;1
3540719;3400935407191;;EG LABO - SAG / CSP COURNON;Non renseigné;AMIODARONE EG 200 mg Cpr séc 2Plq/15 (30);0.021;4.8;0.2;170;1
3546656;3400935466563;;EG LABO - SAG / CSP COURNON;Non renseigné;ACEBUTOLOL EG 400 mg Cpr pell Plq/30;0.021;3.56;0.1;0;1
3546662;3400935466624;;EG LABO - SAG / CSP COURNON;Non renseigné;ACEBUTOLOL EG 200 mg Cpr pell Plq/30;0.021;2.39;0.2;0;1
3548595;3400935485953;;EG LABO - SAG / CSP COURNON;Non renseigné;FENOFIBRATE EG 67 mg Gél Plq/60;0.021;2.89;0.05;0;1
3548626;3400935486264;;EG LABO - SAG / CSP COURNON;Non renseigné;FENOFIBRATE EG 200 mg Gél Plq/30;0.021;3.8;0.1;0;1
3549057;3400935490575;;EG LABO - SAG / CSP COURNON;Non renseigné;SOTALOL EG 80 mg Cpr séc 3Plq/10;0.021;1.53;0.1;140;1
3549086;3400935490865;;EG LABO - SAG / CSP COURNON;Non renseigné;SOTALOL EG 160 mg Cpr séc 3Plq/10 (30);0.021;1.89;0.1;0;1
3549258;3400935492586;;EG LABO - SAG / CSP COURNON;Non renseigné;TICLOPIDINE EG 250 mg Cpr pell 3Plq/10 (30);0.021;10.11;0.1;0;1
3551025;3400935510259;;EG LABO - SAG / CSP COURNON;Non renseigné;FAMOTIDINE EG 20 mg Cpr pell Plq/30;0.021;6.85;0;220;1
3554839;3400935548399;;EG LABO - SAG / CSP COURNON;Non renseigné;CEFTRIAXONE EG 1 g/10 ml Pdre/solv p sol inj IV Fl+Amp;0.021;4.17;0.2;0;1
3556614;3400935566140;;EG LABO - SAG / CSP COURNON;Non renseigné;ACICLOVIR EG 800 mg Cpr Plq/35;0.021;20.34;0.2;0;1
3559050;3400935590503;;EG LABO - SAG / CSP COURNON;Non renseigné;CEFTRIAXONE EG 1 g/3,5 ml Pdre/solv p sol inj IM Fl+Amp;0.021;3.99;0.2;100;1
3565286;3400935652867;;EG LABO - SAG / CSP COURNON;Non renseigné;VERAPAMIL EG LP 240 mg Cpr pell séc LP Plq/30;0.021;4.15;0.05;56;1
3573788;3400935737885;;EG LABO - SAG / CSP COURNON;Non renseigné;MIANSERINE EG 10 mg Cpr pell Plq/30;0.021;1.56;0.05;160;1
3573802;3400935738028;;EG LABO - SAG / CSP COURNON;Non renseigné;MIANSERINE EG 30 mg Cpr pell séc Plq/30;0.021;3.38;0.05;96;1
3574032;3400935740328;;EG LABO - SAG / CSP COURNON;Non renseigné;PREDNISOLONE EG 20 mg Cpr eff séc Fl/20;0.021;2.5;0.025;40;1
3582540;3400935825407;;EG LABO - SAG / CSP COURNON;Non renseigné;TAMOXIFENE EG 10 mg Cpr Plq/30;0.021;2.56;0.025;0;1
3583344;3400935833440;;EG LABO - SAG / CSP COURNON;Non renseigné;TAMOXIFENE EG 20 mg Cpr Plq/30;0.021;5.18;0.05;120;1
3583611;3400935836113;;EG LABO - SAG / CSP COURNON;Non renseigné;CELIPROLOL EG 200 mg Cpr pell séc Plq/28;0.021;3.14;0.2;130;1
3584817;3400935848178;;EG LABO - SAG / CSP COURNON;Non renseigné;PARACETAMOL EG 500 mg Cpr eff T/16;0.021;0.76;0;90;1
3588376;3400935883766;;EG LABO - SAG / CSP COURNON;Non renseigné;FLUOXETINE EG 20 mg Gél Plq/14;0.021;1.18;0.2;180;1
3597866;3400935978660;;EG LABO - SAG / CSP COURNON;Non renseigné;FAMOTIDINE EG 40 mg Cpr pell Plq/15;0.021;6.85;0;150;1
3602515;3400936025158;;EG LABO - SAG / CSP COURNON;Non renseigné;LISINOPRIL EG 5 mg Cpr séc B/28;0.021;1.81;0.3;0;1
3602521;3400936025219;;EG LABO - SAG / CSP COURNON;Non renseigné;LISINOPRIL EG 20 mg Cpr séc B/28;0.021;1.96;0.3;0;1
3602596;3400936025967;;EG LABO - SAG / CSP COURNON;Non renseigné;ZOLPIDEM EG 10 mg Cpr pell séc Plq/7;0.021;0.66;0.05;324;1
3602604;3400936026049;;EG LABO - SAG / CSP COURNON;Non renseigné;ZOLPIDEM EG 10 mg Cpr pell séc 2Plq/7 (14);0.021;0.78;0.3;324;1
3612838;3400936128385;;EG LABO - SAG / CSP COURNON;Non renseigné;CIPROFLOXACINE EG 500 mg Cpr pell Plq/12;0.021;6.06;0.2;0;1
3612844;3400936128446;;EG LABO - SAG / CSP COURNON;Non renseigné;CIPROFLOXACINE EG 250 mg Cpr pell Plq/12;0.021;4.47;0.2;0;1
3613364;3400936133648;;EG LABO - SAG / CSP COURNON;Non renseigné;LORATADINE EG 10 mg Cpr Plq/15;0.021;1.46;0.2;336;1
3615156;3400936151567;;EG LABO - SAG / CSP COURNON;Non renseigné;BISOPROLOL EG 10 mg Cpr pell séc Plq/30;0.021;2.25;0.3;130;1
3616931;3400936169319;;EG LABO - SAG / CSP COURNON;Non renseigné;FUROSEMIDE EG 20 mg Cpr séc Plq/30;0.021;0.8;0.05;160;1
3616954;3400936169548;;EG LABO - SAG / CSP COURNON;Non renseigné;FUROSEMIDE EG 40 mg Cpr séc 2Plq/15;0.021;1.22;0.1;160;1
3617072;3400936170728;;EG LABO - SAG / CSP COURNON;Non renseigné;ROXITHROMYCINE EG 150 mg Cpr pell 1Plq/10;0.021;4.02;0.1;0;1
3617089;3400936170896;;EG LABO - SAG / CSP COURNON;Non renseigné;ROXITHROMYCINE EG 150 mg Cpr pell 2plq/8 (16);0.021;6.43;0.1;0;1
3626616;3400936266162;;EG LABO - SAG / CSP COURNON;Non renseigné;CETIRIZINE EG 10 mg Cpr pell séc Plq/15;0.021;1.26;0.2;324;1
3632611;3400936326118;;EG LABO - SAG / CSP COURNON;Non renseigné;AMISULPRIDE EG 200 mg Cpr séc Plq/60;0.021;24.96;0.2;0;1
3638192;3400936381926;;EG LABO - SAG / CSP COURNON;Non renseigné;PARACETAMOL EG 1 g Cpr Plq/8;0.021;0.76;0;216;1
3648730;3400936487307;;EG LABO - SAG / CSP COURNON;Non renseigné;PREDNISONE EG 5 mg Cpr séc Plq/30;0.021;1.37;0.025;160;1
3649994;3400936499942;;EG LABO - SAG / CSP COURNON;Non renseigné;AMISULPRIDE EG 100 mg Cpr séc Plq/30;0.021;6.42;0.2;0;1
3652080;3400936520806;;EG LABO - SAG / CSP COURNON;Non renseigné;PREDNISONE EG 20 mg Cpr séc Plq/20;0.021;1.81;0.025;208;1
3655718;3400936557185;;EG LABO - SAG / CSP COURNON;Non renseigné;PARACETAMOL EG 1000 mg Cpr eff séc T/8;0.021;0.76;0;100;1
3656764;3400936567641;;EG LABO - SAG / CSP COURNON;Non renseigné;PROPRANOLOL EG 40 mg Cpr Plq/50;0.021;1.14;0.05;144;1
3659283;3400936592834;;EG LABO - SAG / CSP COURNON;Non renseigné;TERBINAFINE EG 250 mg Cpr séc Plq/14;0.021;6.29;0.1;0;1
3659308;3400936593084;;EG LABO - SAG / CSP COURNON;Non renseigné;TERBINAFINE EG 250 mg Cpr séc Plq/28;0.021;11.18;0.2;0;1
3667762;3400936677623;;EG LABO - SAG / CSP COURNON;Non renseigné;CITALOPRAM EG 20 mg Cpr pell séc Plq/28;0.021;2.62;0.3;168;1
3668307;3400936683075;;EG LABO - SAG / CSP COURNON;Non renseigné;AMOXICILLINE/ACIDE CLAVULANIQUE EG 500 mg/62,5 mg Cpr pell adulte Plq/16;0.021;3.85;0.025;125;1
3668313;3400936683136;;EG LABO - SAG / CSP COURNON;Non renseigné;AMOXICILLINE/ACIDE CLAVULANIQUE EG 500 mg/62,5 mg Cpr pell adulte Plq/24;0.021;4.84;0.025;125;1
3670801;3400936708013;;EG LABO - SAG / CSP COURNON;Non renseigné;AMOX/AC CLAV EG 1g/125mg Pdr subu Ad 8Sach/2g;0.021;3.85;0.025;220;1
3670818;3400936708181;;EG LABO - SAG / CSP COURNON;Non renseigné;AMOX/AC CLAV EG 1g/125mg Pdr subu Ad 12Sach;0.021;4.84;0.025;220;1
3672378;3400936723788;;EG LABO - SAG / CSP COURNON;Non renseigné;BUDESON EG 0,5mg/2ml Susp iné 20unid/2ml;0.021;11.7;0.2;0;1
3672421;3400936724211;;EG LABO - SAG / CSP COURNON;Non renseigné;BUDESONIDE EG 1 mg/2 ml Susp p inh/nébulis en récipient unidose 20unid/2ml;0.021;16.6;0.2;30;1
3678056;3400936780569;;EG LABO - SAG / CSP COURNON;Non renseigné;CLARITHROMYCINE EG 250 mg Cpr pell Plq/10;0.021;3.26;0.05;0;1
3686009;3400936860094;;EG LABO - SAG / CSP COURNON;Non renseigné;CLARITHROMYCINE EG 500 mg Cpr pell Plq/10;0.021;6.28;0.05;0;1
3686015;3400936860155;;EG LABO - SAG / CSP COURNON;Non renseigné;CLARITHROMYCINE EG 500 mg Cpr pell Plq/14;0.021;8.79;0.05;0;1
3689025;3400936890251;;EG LABO - SAG / CSP COURNON;Non renseigné;LISINOPRIL/HYDROCHLOROTHIAZIDE EG 20 mg/12,5 mg Cpr séc Plq/28;0.021;2.52;0.1;0;1
3697295;3400936972957;;EG LABO - SAG / CSP COURNON;Non renseigné;PHLOROGLUCINOL EG 80 mg Cpr orodisp Plq/10;0.021;0.8;0.2;130;1
3697444;3400936974449;;EG LABO - SAG / CSP COURNON;Non renseigné;PAROXETINE EG 20 mg Cpr pell séc Plq/14;0.021;1.34;0.2;168;1
3698053;3400936980532;;EG LABO - SAG / CSP COURNON;Non renseigné;SERTRALINE EG 50 mg Gél Plq/28;0.021;3.08;0.1;170;1
3702168;3400937021685;;EG LABO - SAG / CSP COURNON;Non renseigné;ACIDE ALENDRONIQUE EG 70 mg Cpr Plq/4;0.021;4.82;0.3;0;1
3702180;3400937021807;;EG LABO - SAG / CSP COURNON;Non renseigné;ACIDE ALENDRONIQUE EG 70 mg Cpr Plq/12;0.021;14.48;0.3;0;1
3704546;3400937045469;;EG LABO - SAG / CSP COURNON;Non renseigné;ALFUZOSINE EG LP 10 mg Cpr LP Plq/30;0.021;5.86;0.2;144;1
3710593;3400937105934;;EG LABO - SAG / CSP COURNON;Non renseigné;SPIRAMYCINE/METRONIDAZOLE EG 1,5 MUI/250 mg Cpr pell Plq/10;0.021;4.02;0.05;100;1
3711983;3400937119832;;EG LABO - SAG / CSP COURNON;Non renseigné;TAMSULOSINE EG LP 0,4 mg Gél LP Plq/30;0.021;3.01;0.2;96;1
3726915;3400937269155;;EG LABO - SAG / CSP COURNON;Non renseigné;RAMIPRIL EG 1,25 mg Cpr Plq/30;0.021;1.83;0.2;168;1
3727027;3400937270274;;EG LABO - SAG / CSP COURNON;Non renseigné;RAMIPRIL EG 2,5 mg Cpr séc Plq/30;0.021;1.84;0.3;168;1
3727145;3400937271455;;EG LABO - SAG / CSP COURNON;Non renseigné;RAMIPRIL EG 5 mg Cpr séc Plq/30;0.021;1.84;0.3;168;1
3727240;3400937272407;;EG LABO - SAG / CSP COURNON;Non renseigné;RAMIPRIL EG 10 mg Cpr séc Plq/30;0.021;1.84;0.3;132;1
3728558;3400937285582;;EG LABO - SAG / CSP COURNON;Non renseigné;TRIMEBUTINE EG 200 mg Cpr Plq/30;0.021;3.18;0.2;100;1
3735682;3400937356824;;EG LABO - SAG / CSP COURNON;Non renseigné;FENOFIBRATE EG 160 mg Cpr pell Plq/30;0.021;3.8;0.1;0;1
3739071;3400937390712;;EG LABO - SAG / CSP COURNON;Non renseigné;FENOFIBRATE EG 200 mg Gél Plq/90;0.021;11.39;0.1;0;1
3739094;3400937390941;;EG LABO - SAG / CSP COURNON;Non renseigné;ATENOLOL EG 50 mg Cpr séc Plq/90;0.021;3.96;0.2;72;1
3739119;3400937391191;;EG LABO - SAG / CSP COURNON;Non renseigné;ATENOLOL EG 100 mg Cpr séc Plq/90;0.021;6.9;0.2;36;1
3739125;3400937391252;;EG LABO - SAG / CSP COURNON;Non renseigné;SPIRONOLACTONE EG 50 mg Cpr pell séc Plq/90;0.021;6.39;0.1;0;1
3739131;3400937391313;;EG LABO - SAG / CSP COURNON;Non renseigné;SPIRONOLACTONE EG 75 mg Cpr pell séc Plq/90;0.021;8.1;0.1;0;1
3739154;3400937391542;;EG LABO - SAG / CSP COURNON;Non renseigné;SIMVASTATINE EG 20 mg Cpr pell séc Plq/90;0.021;5.57;0.2;63;1
3739208;3400937392082;;EG LABO - SAG / CSP COURNON;Non renseigné;LISINOPRIL EG 5 mg Cpr séc Plq/84;0.021;5.87;0.2;0;1
3739220;3400937392204;;EG LABO - SAG / CSP COURNON;Non renseigné;LISINOPRIL EG 20 mg Cpr séc Plq/84;0.021;5.88;0.3;0;1
3739289;3400937392891;;EG LABO - SAG / CSP COURNON;Non renseigné;VERAPAMIL EG LP 240 mg Cpr pell séc LP Plq/90;0.021;11.83;0.05;21;1
3739332;3400937393324;;EG LABO - SAG / CSP COURNON;Non renseigné;ENALAPRIL EG 5 mg Cpr séc Plq/90;0.021;5.67;0.1;1;1
3739349;3400937393492;;EG LABO - SAG / CSP COURNON;Non renseigné;ENALAPRIL EG 20 mg Cpr séc Plq/90;0.021;7.2;0.2;0;1
3745255;3400937452557;;EG LABO - SAG / CSP COURNON;Non renseigné;PINAVERIUM EG 100 mg Cpr pell Plq/30;0.021;2.78;0.2;50;1
3747165;3400937471657;;EG LABO - SAG / CSP COURNON;Non renseigné;GLIMEPIRIDE EG 1 mg Cpr Plq/30;0.021;1.79;0.1;0;1
3747194;3400937471947;;EG LABO - SAG / CSP COURNON;Non renseigné;GLIMEPIRIDE EG 1 mg Cpr Plq/90;0.021;5.1;0.1;0;1
3747225;3400937472258;;EG LABO - SAG / CSP COURNON;Non renseigné;GLIMEPIRIDE EG 2 mg Cpr Plq/30;0.021;2.61;0.2;1;1
3747254;3400937472548;;EG LABO - SAG / CSP COURNON;Non renseigné;GLIMEPIRIDE EG 2 mg Cpr Plq/90;0.021;7.43;0.2;0;1
3747283;3400937472838;;EG LABO - SAG / CSP COURNON;Non renseigné;GLIMEPIRIDE EG 3 mg Cpr Plq/30;0.021;3.12;0.2;0;1
3747998;3400937479981;;EG LABO - SAG / CSP COURNON;Non renseigné;GLIMEPIRIDE EG 3 mg Cpr Plq/90;0.021;9.36;0.2;0;1
3748029;3400937480291;;EG LABO - SAG / CSP COURNON;Non renseigné;GLIMEPIRIDE EG 4 mg Cpr Plq/30;0.021;3.12;0.2;0;1
3748058;3400937480581;;EG LABO - SAG / CSP COURNON;Non renseigné;GLIMEPIRIDE EG 4 mg Cpr Plq/90;0.021;9.36;0.2;0;1
3750032;3400937500326;;EG LABO - SAG / CSP COURNON;Non renseigné;RILMENIDINE EG 1 mg Cpr Plq/30;0.021;3.53;0.1;160;1
3750055;3400937500555;;EG LABO - SAG / CSP COURNON;Non renseigné;RILMENIDINE EG 1 mg Cpr Plq/90;0.021;10.07;0.1;80;1
3761165;3400937611657;;EG LABO - SAG / CSP COURNON;Non renseigné;BICALUTAMIDE EG 50 mg Cpr pell Plq/30;0.021;25.74;0.2;0;1
3762549;3400937625494;;EG LABO - SAG / CSP COURNON;Non renseigné;CELIPROLOL EG 200 mg Cpr pell séc Plq/84;0.021;9.41;0.2;50;1
3763431;3400937634311;;EG LABO - SAG / CSP COURNON;Non renseigné;SPIRAMYCINE EG 3 MUI Cpr pell Plq/10;0.021;4.43;0.1;130;1
3763448;3400937634489;;EG LABO - SAG / CSP COURNON;Non renseigné;SPIRAMYCINE EG 3 MUI Cpr pell Plq/16;0.021;7.09;0.1;0;1
3768084;3400937680844;;EG LABO - SAG / CSP COURNON;Non renseigné;ACEBUTOLOL EG 200 mg Cpr pell Plq/90;0.021;6.81;0.2;0;1
3768090;3400937680905;;EG LABO - SAG / CSP COURNON;Non renseigné;ACEBUTOLOL EG 400 mg Cpr pell Plq/90;0.021;11.29;0.05;0;1
3768262;3400937682626;;EG LABO - SAG / CSP COURNON;Non renseigné;ENALAPRIL/HYDROCHLOROTHIAZIDE EG 20 mg/12,5 mg Cpr séc Plq/90;0.021;8.1;0.1;0;1
3768279;3400937682794;;EG LABO - SAG / CSP COURNON;Non renseigné;LISINOPRIL/HYDROCHLOROTHIAZIDE EG 20 mg/12,5 mg Cpr séc Plq/84;0.021;7.56;0.1;0;1
3768322;3400937683227;;EG LABO - SAG / CSP COURNON;Non renseigné;RAMIPRIL EG 1,25 mg Cpr Plq/90;0.021;5.21;0.2;78;1
3768339;3400937683395;;EG LABO - SAG / CSP COURNON;Non renseigné;RAMIPRIL EG 2,5 mg Cpr séc Plq/90;0.021;5.34;0.3;63;1
3768345;3400937683456;;EG LABO - SAG / CSP COURNON;Non renseigné;RAMIPRIL EG 5 mg Cpr séc Plq/90;0.021;5.52;0.3;63;1
3768374;3400937683746;;EG LABO - SAG / CSP COURNON;Non renseigné;MOXONIDINE EG 0,2 mg Cpr pell Plq/90;0.021;8.1;0.1;0;1
3768397;3400937683975;;EG LABO - SAG / CSP COURNON;Non renseigné;MOXONIDINE EG 0,4 mg Cpr pell Plq/90;0.021;13.21;0.1;0;1
3768405;3400937684057;;EG LABO - SAG / CSP COURNON;Non renseigné;RAMIPRIL EG 10 mg Cpr séc Plq/90;0.021;5.52;0.3;63;1
3768546;3400937685467;;EG LABO - SAG / CSP COURNON;Non renseigné;BISOPROLOL EG 10 mg Cpr pell séc Plq/90;0.021;6.43;0.3;50;1
3768687;3400937686877;;EG LABO - SAG / CSP COURNON;Non renseigné;ONDANSETRON EG 8 mg Cpr pell Plq/2;0.021;3.18;0.2;0;1
3768693;3400937686938;;EG LABO - SAG / CSP COURNON;Non renseigné;ONDANSETRON EG 8 mg Cpr pell Plq/4;0.021;6.37;0.2;0;1
3774216;3400937742160;;EG LABO - SAG / CSP COURNON;Non renseigné;SIMVASTATINE EG 40 mg Cpr pell Plq/90;0.021;5.57;0.2;57;1
3774765;3400937747653;;EG LABO - SAG / CSP COURNON;Non renseigné;RISPERIDONE EG 1 mg Cpr pell séc Plq/60;0.021;6.23;0.1;120;1
3775078;3400937750783;;EG LABO - SAG / CSP COURNON;Non renseigné;RISPERIDONE EG 2 mg Cpr pell séc Plq/60;0.021;11.06;0.2;0;1
3775150;3400937751506;;EG LABO - SAG / CSP COURNON;Non renseigné;RISPERIDONE EG 4 mg Cpr pell séc Plq/30;0.021;5.82;0.2;0;1
3778384;3400937783842;;EG LABO - SAG / CSP COURNON;Non renseigné;FLUCONAZOLE EG 100 mg Gél Plq/7;0.021;8.78;0.3;0;1
3778409;3400937784092;;EG LABO - SAG / CSP COURNON;Non renseigné;FLUCONAZOLE EG 200 mg Gél Plq/7;0.021;16.65;0.3;0;1
3778415;3400937784153;;EG LABO - SAG / CSP COURNON;Non renseigné;FLUCONAZOLE EG 200 mg Gél Plq/30;0.021;67.35;0.3;0;1
3781446;3400937814461;;EG LABO - SAG / CSP COURNON;Non renseigné;FLUCONAZOLE EG 10 mg/ml Pdr susp buv Fl/35ml;0.021;8.18;0.2;35;1
3784249;3400937842495;;EG LABO - SAG / CSP COURNON;Non renseigné;BENAZEPRIL EG 5 mg Cpr pell séc Plq/30;0.021;2.85;0.05;0;1
3784261;3400937842617;;EG LABO - SAG / CSP COURNON;Non renseigné;BENAZEPRIL EG 10 mg Cpr pell séc Plq/30;0.021;2.85;0.05;0;1
3794489;3400937944892;;EG LABO - SAG / CSP COURNON;Non renseigné;AMLODIPINE EG 5 mg Gél Plq/30;0.021;1.94;0.2;114;1
3794495;3400937944953;;EG LABO - SAG / CSP COURNON;Non renseigné;AMLODIPINE EG 10 mg Gél Plq/30;0.021;1.94;0.2;114;1
3794549;3400937945493;;EG LABO - SAG / CSP COURNON;Non renseigné;AZITHROMYCINE EG 250 mg Cpr pell Plq/6;0.021;5.63;0.1;198;1
3795388;3400937953887;;EG LABO - SAG / CSP COURNON;Non renseigné;MOXONIDINE EG 0,2 mg Cpr pell Plq/30;0.021;2.4;0.2;0;1
3795402;3400937954020;;EG LABO - SAG / CSP COURNON;Non renseigné;MOXONIDINE EG 0,4 mg Cpr pell Plq/30;0.021;4.12;0.2;0;1
3797795;3400937977951;;EG LABO - SAG / CSP COURNON;Non renseigné;CEFPODOXIME EG 100 mg Cpr pell Plq/10;0.021;3.52;0.2;168;1
3799630;3400937996303;;EG LABO - SAG / CSP COURNON;Non renseigné;CAPTOPRIL/HYDROCHLOROTHIAZIDE EG 50 mg/25 mg Cpr séc Plq/90;0.021;8.55;0.05;0;1
3800681;3400938006810;;EG LABO - SAG / CSP COURNON;Non renseigné;GABAPENTINE EG LABO 300 mg Gél Plq/90;0.021;12.44;0.2;36;1
3807306;3400938073065;;EG LABO - SAG / CSP COURNON;Non renseigné;NEBIVOLOL EG 5 mg Cpr quadriséc Plq/30;0.021;2.46;0.2;144;1
3807335;3400938073355;;EG LABO - SAG / CSP COURNON;Non renseigné;NEBIVOLOL EG 5 mg Cpr quadriséc Plq/90;0.021;6.2;0.3;36;1
3809452;3400938094527;;EG LABO - SAG / CSP COURNON;Non renseigné;FINASTERIDE EG 5 mg Cpr pell Plaq/28;0.021;6.53;0.1;0;1
3811650;3400938116502;;EG LABO - SAG / CSP COURNON;Non renseigné;LANSOPRAZOLE EG 15 mg Gél gastro-rés Plq/15;0.021;1.44;0.2;0;1
3811673;3400938116731;;EG LABO - SAG / CSP COURNON;Non renseigné;LANSOPRAZOLE EG 15 mg Gél gastro-rés Plq/30;0.021;2.88;0.2;144;1
3811710;3400938117103;;EG LABO - SAG / CSP COURNON;Non renseigné;LANSOPRAZOLE EG 30 mg Gél gastro-rés Plq/14;0.021;1.6;0.05;0;1
3811727;3400938117271;;EG LABO - SAG / CSP COURNON;Non renseigné;LANSOPRAZOLE EG 30 mg Gél gastro-rés Plq/28;0.021;3.19;0.05;162;1
3815062;3400938150629;;EG LABO - SAG / CSP COURNON;Non renseigné;AMLODIPINE EG 5 mg Gél Plq/90;0.021;5.5;0.2;48;1
3815079;3400938150797;;EG LABO - SAG / CSP COURNON;Non renseigné;AMLODIPINE EG 10 mg Gél Plq/90;0.021;5.5;0.2;48;1
3816179;3400938161793;;EG LABO - SAG / CSP COURNON;Non renseigné;GABAPENTINE EG LABO 400 mg Gél Plq/90;0.021;14.93;0.2;36;1
3823274;3400938232745;;EG LABO - SAG / CSP COURNON;Non renseigné;DOMPERIDONE EG 10 mg Cpr orodisp Plq/20;0.021;0.87;0.1;1;1
3828165;3400938281651;;EG LABO - SAG / CSP COURNON;Non renseigné;RISPERIDONE EG 1 mg/ml S buv Fl/60ml;0.021;6.94;0.2;24;1
3828188;3400938281880;;EG LABO - SAG / CSP COURNON;Non renseigné;RISPERIDONE EG 1 mg/ml S buv Fl/120ml;0.021;13.87;0.2;24;1
3838011;3400938380118;;EG LABO - SAG / CSP COURNON;Non renseigné;NICOTINE EG 7 mg/24 h Disp transderm 28Sach/1;0.021;18.41;0.07;50;1
3838057;3400938380576;;EG LABO - SAG / CSP COURNON;Non renseigné;NICOTINE EG 14 mg/24 h Disp transderm 28Sach/1;0.021;18.41;0.07;50;1
3838100;3400938381009;;EG LABO - SAG / CSP COURNON;Non renseigné;NICOTINE EG 21 mg/24 h Disp transderm 28Sach/1;0.021;18.41;0.07;50;1
3838270;3400938382709;;EG LABO - SAG / CSP COURNON;Non renseigné;KETOCONAZOLE EG 2 % Gel en sachet-dose 8Sach/6g;0.021;3.47;0.05;54;1
3838494;3400938384949;;EG LABO - SAG / CSP COURNON;Non renseigné;FLUOXETINE EG 20 mg Cpr disp séc Plq/28;0.021;2.54;0.1;150;1
3844135;3400938441352;;EG LABO - SAG / CSP COURNON;Non renseigné;ATENOLOL EG 50 mg Cpr séc Plq/30;0.021;1.39;0.2;144;1
3844141;3400938441413;;EG LABO - SAG / CSP COURNON;Non renseigné;ATENOLOL EG 100 mg Cpr séc Plq/30;0.021;2.42;0.2;0;1
3844158;3400938441581;;EG LABO - SAG / CSP COURNON;Non renseigné;SIMVASTATINE EG 40 mg Cpr pell Plq/30;0.021;1.86;0.2;108;1
3844164;3400938441642;;EG LABO - SAG / CSP COURNON;Non renseigné;SIMVASTATINE EG 20 mg Cpr pell séc Plq/30;0.021;1.86;0.2;1;1
3846111;3400938461114;;EG LABO - SAG / CSP COURNON;Non renseigné;MIRTAZAPINE EG 15 mg Cpr pell Plq/30;0.021;2.07;0.1;216;1
3854777;3400938547771;;EG LABO - SAG / CSP COURNON;Non renseigné;INDAPAMIDE EG LP 1,5 mg Cpr pell LP Plq/30;0.021;2.77;0.2;70;1
3854814;3400938548143;;EG LABO - SAG / CSP COURNON;Non renseigné;INDAPAMIDE EG LP 1,5 mg Cpr pell LP Plq/90;0.021;7.89;0.2;75;1
3854990;3400938549904;;EG LABO - SAG / CSP COURNON;Non renseigné;AZATHIOPRINE EG 50 mg Cpr pell Plq/100;0.021;13.7;0.2;0;1
3860281;3400938602814;;EG LABO - SAG / CSP COURNON;Non renseigné;IRBESARTAN EG 75 mg Cpr pell Plq/30;0.021;2.7;0.1;0;1
3861760;3400938617603;;EG LABO - SAG / CSP COURNON;Non renseigné;IRBESARTAN EG 75 mg Cpr pell Plq/90;0.021;8.1;0.1;78;1
3862191;3400938621914;;EG LABO - SAG / CSP COURNON;Non renseigné;IRBESARTAN EG 150 mg Cpr pell Plq/30;0.021;2.7;0.1;78;1
3863204;3400938632040;;EG LABO - SAG / CSP COURNON;Non renseigné;IRBESARTAN EG 150 mg Cpr pell Plq/90;0.021;8.1;0.1;45;1
3867900;3400938679007;;EG LABO - SAG / CSP COURNON;Non renseigné;IRBESARTAN EG 300 mg Cpr pell Plq/30;0.021;2.7;0.1;78;1
3868118;3400938681185;;EG LABO - SAG / CSP COURNON;Non renseigné;IRBESARTAN EG 300 mg Cpr pell Plq/90;0.021;8.1;0.1;36;1
3868992;3400938689921;;EG LABO - SAG / CSP COURNON;Non renseigné;FENOFIBRATE EG 160 mg Cpr pell Plq/90;0.021;11.39;0.1;40;1
3873355;3400938733556;;EG LABO - SAG / CSP COURNON;Non renseigné;CEFPODOXIME EG 40 mg/5 ml Pdr susp buv enfant nourrisson Fl/50ml;0.021;2.63;0.025;0;1
3873361;3400938733617;;EG LABO - SAG / CSP COURNON;Non renseigné;CEFPODOXIME EG 40 mg/5 ml Pdr susp buv enfant nourrisson Fl/100ml;0.021;4.59;0.025;40;1
3875667;3400938756678;;EG LABO - SAG / CSP COURNON;Non renseigné;CAPTOPRIL/HYDROCHLOROTHIAZIDE EG 50 mg/25 mg Cpr séc Plq/30;0.021;2.85;0.05;0;1
3878967;3400938789676;;EG LABO - SAG / CSP COURNON;Non renseigné;ENALAPRIL/HYDROCHLOROTHIAZIDE EG 20 mg/12,5 mg Cpr séc Plq/30;0.021;2.4;0.2;0;1
3879004;3400938790047;;EG LABO - SAG / CSP COURNON;Non renseigné;ENALAPRIL EG 5 mg Cpr séc Plq/30;0.021;1.77;0.2;0;1
3879010;3400938790108;;EG LABO - SAG / CSP COURNON;Non renseigné;ENALAPRIL EG 20 mg Cpr séc Plq/30;0.021;2.4;0.2;0;1
3879961;3400938799613;;EG LABO - SAG / CSP COURNON;Non renseigné;CARVEDILOL EG 6,25 mg Cpr pell séc Plq/28;0.021;3.19;0.1;111;1
3880059;3400938800593;;EG LABO - SAG / CSP COURNON;Non renseigné;CARVEDILOL EG 12,5 mg Cpr pell séc Plq/28;0.021;2.83;0.2;0;1
3880131;3400938801316;;EG LABO - SAG / CSP COURNON;Non renseigné;CARVEDILOL EG 25 mg Cpr pell séc Plq/28;0.021;3.19;0.1;74;1
3881892;3400938818925;;EG LABO - SAG / CSP COURNON;Non renseigné;CEFIXIME EG 200 mg Cpr pell Plq/8;0.021;4.28;0.2;0;1
3887558;3400938875584;;EG LABO - SAG / CSP COURNON;Non renseigné;ACIDE FUSIDIQUE EG 2 % Cr T/15g;0.021;1.23;0.05;156;1
3887819;3400938878196;;EG LABO - SAG / CSP COURNON;Non renseigné;BETAMETHASONE EG 2 mg Cpr disp séc Fl/20;0.021;2;0.05;0;1
3889296;3400938892963;;EG LABO - SAG / CSP COURNON;Non renseigné;ROPINIROLE EG 0,25 mg Cpr pell Plq/21;0.021;1.71;0;0;1
3889505;3400938895056;;EG LABO - SAG / CSP COURNON;Non renseigné;ROPINIROLE EG 0,5 mg Cpr pell Plq alu/21;0.021;2.54;0.05;48;1
3894713;3400938947137;;EG LABO - SAG / CSP COURNON;Non renseigné;BETAMETHASONE EG 0,05 % S buv en gouttes Fl/30ml;0.021;2.08;0.05;60;1
3895948;3400938959482;;EG LABO - SAG / CSP COURNON;Non renseigné;BRIMONIDINE EG 0,2 % (2 mg/ml) Collyre sol Fl/5ml;0.021;2.63;0.1;0;1
3902803;3400939028033;;EG LABO - SAG / CSP COURNON;Non renseigné;BENAZEPRIL/HYDROCHLOROTHIAZIDE EG 10 mg/12,5 mg Cpr pell séc Plq/30;0.021;2.85;0.05;0;1
3902826;3400939028262;;EG LABO - SAG / CSP COURNON;Non renseigné;BENAZEPRIL/HYDROCHLOROTHIAZIDE EG 10 mg/12,5 mg Cpr pell séc Plq/90;0.021;8.55;0.05;0;1
3903010;3400939030104;;EG LABO - SAG / CSP COURNON;Non renseigné;PANTOPRAZOLE EG 20 mg Cpr gastro-rés Plq/14;0.021;1.08;0.2;132;1
3903027;3400939030272;;EG LABO - SAG / CSP COURNON;Non renseigné;PANTOPRAZOLE EG 20 mg Cpr gastro-rés Plq/28;0.021;1.9;0.3;132;1
3903056;3400939030562;;EG LABO - SAG / CSP COURNON;Non renseigné;PANTOPRAZOLE EG 40 mg Cpr gastro-rés Plq/14;0.021;1.08;0.2;0;1
3903062;3400939030623;;EG LABO - SAG / CSP COURNON;Non renseigné;PANTOPRAZOLE EG 40 mg Cpr gastro-rés Plq/28;0.021;1.9;0.3;132;1
3905492;3400939054926;;EG LABO - SAG / CSP COURNON;Non renseigné;SIMVASTATINE EG 10 mg Cpr pell séc Plq/30;0.021;1.5;0.2;324;1
3909461;3400939094618;;EG LABO - SAG / CSP COURNON;Non renseigné;QUINAPRIL/HYDROCHLOROTHIAZIDE EG 20 mg/12,5 mg Cpr pell séc Plq/30;0.021;2.85;0.05;0;1
3909478;3400939094786;;EG LABO - SAG / CSP COURNON;Non renseigné;QUINAPRIL/HYDROCHLOROTHIAZIDE EG 20 mg/12,5 mg Cpr pell séc Plq/90;0.021;8.55;0.05;0;1
3910961;3400939109619;;EG LABO - SAG / CSP COURNON;Non renseigné;PREDNISOLONE EG 20 mg Cpr orodisp Plq/20;0.021;2.54;0.025;240;1
3920379;3400939203799;;EG LABO - SAG / CSP COURNON;Non renseigné;GABAPENTINE EG LABO 600 mg Cpr pell Plq/90;0.021;18.43;0.2;36;1
3920474;3400939204741;;EG LABO - SAG / CSP COURNON;Non renseigné;GABAPENTINE EG LABO 800 mg Cpr pell Plq/90;0.021;18.43;0.2;33;1
3925980;3400939259802;;EG LABO - SAG / CSP COURNON;Non renseigné;ANASTROZOLE EG 1 mg Cpr pell Plq/30;0.021;14.61;0.3;0;1
3926815;3400939268156;;EG LABO - SAG / CSP COURNON;Non renseigné;FENOFIBRATE EG 145 mg Cpr Plq/30;0.021;3.8;0.1;0;1
3926844;3400939268446;;EG LABO - SAG / CSP COURNON;Non renseigné;FENOFIBRATE EG 145 mg Cpr Plq/90;0.021;10.84;0.1;64;1
3934312;3400939343129;;EG LABO - SAG / CSP COURNON;Non renseigné;PRAMIPEXOLE EG 0,18 mg Cpr Plq/30;0.021;3.45;0.2;0;1
3934335;3400939343358;;EG LABO - SAG / CSP COURNON;Non renseigné;PRAMIPEXOLE EG 0,18 mg Cpr Plq/100;0.021;12.92;0.1;0;1
3934358;3400939343587;;EG LABO - SAG / CSP COURNON;Non renseigné;PRAMIPEXOLE EG 0,7 mg Cpr Plq/30;0.021;13.78;0.2;0;1
3934370;3400939343709;;EG LABO - SAG / CSP COURNON;Non renseigné;PRAMIPEXOLE EG 0,7 mg Cpr Plq/100;0.021;45.9;0.2;0;1
3936920;3400939369204;;EG LABO - SAG / CSP COURNON;Non renseigné;OLANZAPINE EG 5 mg Cpr pell Plq/28;0.021;10.19;0.3;0;1
3937061;3400939370613;;EG LABO - SAG / CSP COURNON;Non renseigné;OLANZAPINE EG 7,5 mg Cpr pell Plq/28;0.021;6.8;0.3;0;1
3937121;3400939371214;;EG LABO - SAG / CSP COURNON;Non renseigné;OLANZAPINE EG 10 mg Cpr pell Plq/28;0.021;5.78;0.3;114;1
3941080;3400939410807;;EG LABO - SAG / CSP COURNON;Non renseigné;CHLORHEX/CHL EG 0,5ml/0,5g p 100ml Fl/90ml;0.021;1.07;0.05;80;1
3942369;3400939423692;;EG LABO - SAG / CSP COURNON;Non renseigné;FOSFOMYCINE EG 3 g Glé s buv en sachet adulte Sach/8g;0.021;3.14;0.1;200;1
3949271;3400939492711;;EG LABO - SAG / CSP COURNON;Non renseigné;VALACICLOVIR EG 500 mg Cpr pell Plq/10;0.021;4.74;0.2;36;1
3949294;3400939492940;;EG LABO - SAG / CSP COURNON;Non renseigné;VALACICLOVIR EG 500 mg Cpr pell Plq/42;0.021;19.66;0.2;108;1
3949325;3400939493251;;EG LABO - SAG / CSP COURNON;Non renseigné;VALACICLOVIR EG 500 mg Cpr pell Plq/112;0.021;55.22;0.2;48;1
3949874;3400939498744;;EG LABO - SAG / CSP COURNON;Non renseigné;LEVOFLOXACINE EG 500 mg Cpr pell séc Plq/5;0.021;5.92;0.2;180;1
3961510;3400939615103;;EG LABO - SAG / CSP COURNON;Non renseigné;SPIRONOLACTONE EG 25 mg Cpr pell séc Plq/30;0.021;2.42;0.1;200;1
3961527;3400939615271;;EG LABO - SAG / CSP COURNON;Non renseigné;SPIRONOLACTONE EG 25 mg Cpr pell séc Plq/90;0.021;6.9;0.1;0;1
3972347;3400939723471;;EG LABO - SAG / CSP COURNON;Non renseigné;TRAMADOL EG LP 100 mg Cpr LP Plq opaq/30;0.021;2.86;0.3;288;1
3972519;3400939725192;;EG LABO - SAG / CSP COURNON;Non renseigné;TRAMADOL EG LP 200 mg Cpr LP Plq opaq/30;0.021;5.21;0.3;0;1
3972620;3400939726205;;EG LABO - SAG / CSP COURNON;Non renseigné;TRAMADOL EG LP 150 mg Cpr LP Plq opaq/30;0.021;4.03;0.3;0;1
3975512;3400939755120;;EG LABO - SAG / CSP COURNON;Non renseigné;PRAZEPAM EG 10 mg Cpr Plq/40;0.021;1.42;0.05;192;1
3983606;3400939836065;;EG LABO - SAG / CSP COURNON;Non renseigné;MELOXICAM EG 7,5 mg Cpr Plq/14;0.021;1.42;0.2;0;1
3983799;3400939837994;;EG LABO - SAG / CSP COURNON;Non renseigné;REPAGLINIDE EG 0,5 mg Cpr Plq/90;0.021;5.2;0;36;1
3983859;3400939838595;;EG LABO - SAG / CSP COURNON;Non renseigné;REPAGLINIDE EG 1 mg Cpr Plq/90;0.021;4.05;0.2;36;1
3983902;3400939839028;;EG LABO - SAG / CSP COURNON;Non renseigné;REPAGLINIDE EG 2 mg Cpr Plq/90;0.021;5.2;0;36;1
3984362;3400939843629;;EG LABO - SAG / CSP COURNON;Non renseigné;FENTANYL EG 12 µg/h Disp transderm 5Sach+secu enf;0.021;8.46;0.05;0;1
3984451;3400939844510;;EG LABO - SAG / CSP COURNON;Non renseigné;FENTANYL EG 25 µg/h Disp transderm 5Sach+sécu enf;0.021;12.07;0.05;0;1
3984646;3400939846460;;EG LABO - SAG / CSP COURNON;Non renseigné;FENTANYL EG 75 µg/h Disp transderm 5Sach+sécu enf;0.021;20.86;0.1;0;1
3985551;3400939855516;;EG LABO - SAG / CSP COURNON;Non renseigné;LEVOCETIRIZINE EG 5 mg Cpr pell Plq/28;0.021;2.25;0.2;252;1
3989715;3400939897158;;EG LABO - SAG / CSP COURNON;Non renseigné;MELOXICAM EG 15 mg Cpr séc Plq/14;0.021;2.27;0.2;0;1
3990339;3400939903392;;EG LABO - SAG / CSP COURNON;Non renseigné;FENTANYL EG 100 µg/h Disp transderm 5Sach+secu enf;0.021;27.03;0.05;0;1
4157313;3400941573132;;EG LABO - SAG / CSP COURNON;Non renseigné;RISEDRONATE EG 75 mg Cpr pell Plq/2;0.021;7.25;0.1;0;1
4161941;3400941619410;;EG LABO - SAG / CSP COURNON;Non renseigné;LATANOPROST EG 0,005 % Collyre sol 1Fl/2,5ml;0.021;4.1;0.1;0;1
4161958;3400941619588;;EG LABO - SAG / CSP COURNON;Non renseigné;LATANOPROST EG 0,005 % Collyre sol 3Fl/2,5ml;0.021;11.7;0.1;0;1
4170124;3400941701245;;EG LABO - SAG / CSP COURNON;Non renseigné;LEFLUNOMIDE EG 10 mg Cpr pell Plq/30;0.021;20.03;0.1;1;1
4170130;3400941701306;;EG LABO - SAG / CSP COURNON;Non renseigné;LEFLUNOMIDE EG 20 mg Cpr pell Plq/30;0.021;20.03;0.1;1;1
4171916;3400941719165;;EG LABO - SAG / CSP COURNON;Non renseigné;RISEDRONATE EG 75 mg Cpr pell Plq/6;0.021;19.34;0.2;0;1
4177103;3400941771033;;EG LABO - SAG / CSP COURNON;Non renseigné;TAMSULOSINE EG LP 0,4 mg Cpr LP Plq OPA/30;0.021;3.01;0.2;144;1
4177149;3400941771491;;EG LABO - SAG / CSP COURNON;Non renseigné;ROPINIROLE EG 2 mg Cpr pell Plq alu/21;0.021;6.4;0.05;0;1
4177273;3400941772733;;EG LABO - SAG / CSP COURNON;Non renseigné;ROPINIROLE EG 1 mg Cpr pell Plq alu/21;0.021;4.02;0.05;0;1
4196738;3400941967382;;EG LABO - SAG / CSP COURNON;Non renseigné;IRBESARTAN/HYDROCHLOROTHIAZIDE EG 150 mg/12,5 mg Cpr pell Plq/30;0.021;2.7;0.1;78;1
4196773;3400941967733;;EG LABO - SAG / CSP COURNON;Non renseigné;IRBESARTAN/HYDROCHLOROTHIAZIDE EG 150 mg/12,5 mg Cpr pell Plq/90;0.021;8.1;0.1;45;1
4197100;3400941971006;;EG LABO - SAG / CSP COURNON;Non renseigné;IRBESARTAN/HYDROCHLOROTHIAZIDE EG 300 mg/25 mg Cpr pell Plq/30;0.021;2.7;0.1;78;1
4197146;3400941971464;;EG LABO - SAG / CSP COURNON;Non renseigné;IRBESARTAN/HYDROCHLOROTHIAZIDE EG 300 mg/25 mg Cpr pell Plq/90;0.021;8.1;0.1;36;1
4197198;3400941971983;;EG LABO - SAG / CSP COURNON;Non renseigné;IRBESARTAN/HYDROCHLOROTHIAZIDE EG 300 mg/12,5 mg Cpr pell Plq/30;0.021;2.7;0.1;78;1
4197229;3400941972294;;EG LABO - SAG / CSP COURNON;Non renseigné;IRBESARTAN/HYDROCHLOROTHIAZIDE EG 300 mg/12,5 mg Cpr pell Plq/90;0.021;8.1;0.1;36;1
4198915;3400941989155;;EG LABO - SAG / CSP COURNON;Non renseigné;MANIDIPINE EG 10 mg Cpr Plq/30;0.021;4.05;0.1;0;1
4198921;3400941989216;;EG LABO - SAG / CSP COURNON;Non renseigné;MANIDIPINE EG 10 mg Cpr Plq/90;0.021;12.15;0.1;0;1
4198938;3400941989384;;EG LABO - SAG / CSP COURNON;Non renseigné;MANIDIPINE EG 20 mg Cpr Plq/30;0.021;3.6;0.2;0;1
4198944;3400941989445;;EG LABO - SAG / CSP COURNON;Non renseigné;MANIDIPINE EG 20 mg Cpr Plq/90;0.021;12.15;0.1;0;1
4910549;3400949105496;;EG LABO - SAG / CSP COURNON;Non renseigné;VALSARTAN EG 40 mg Cpr pell séc Plq/30;0.021;2.7;0.1;168;1
4910578;3400949105786;;EG LABO - SAG / CSP COURNON;Non renseigné;VALSARTAN EG 40 mg Cpr pell séc Plq/90;0.021;8.1;0.1;78;1
4910609;3400949106097;;EG LABO - SAG / CSP COURNON;Non renseigné;VALSARTAN EG 80 mg Cpr pell séc Plq/30;0.021;2.7;0.1;168;1
4910638;3400949106387;;EG LABO - SAG / CSP COURNON;Non renseigné;VALSARTAN EG 80 mg Cpr pell séc Plq/90;0.021;8.1;0.1;78;1
4910667;3400949106677;;EG LABO - SAG / CSP COURNON;Non renseigné;VALSARTAN EG 160 mg Cpr pell séc Plq/30;0.021;2.7;0.1;78;1
4910704;3400949107049;;EG LABO - SAG / CSP COURNON;Non renseigné;VALSARTAN EG 160 mg Cpr pell séc Plq/90;0.021;8.1;0.1;39;1
4913401;3400949134014;;EG LABO - SAG / CSP COURNON;Non renseigné;DICLOFENAC EG 1 % Gel en fl pressurisé Fl/100ml;0.021;2.18;0;40;1
4918628;3400949186280;;EG LABO - SAG / CSP COURNON;Non renseigné;BISOPROLOL EG 3,75 mg Cpr Plq/30;0.021;2.25;0.3;0;1
4918723;3400949187232;;EG LABO - SAG / CSP COURNON;Non renseigné;BISOPROLOL EG 1,25 mg Cpr Plq/30;0.021;2.25;0.3;450;1
4918775;3400949187751;;EG LABO - SAG / CSP COURNON;Non renseigné;BISOPROLOL EG 1,25 mg Cpr Plq/90;0.021;6.43;0.3;120;1
4918870;3400949188703;;EG LABO - SAG / CSP COURNON;Non renseigné;BISOPROLOL EG 2,5 mg Cpr séc Plq/30;0.021;2.25;0.3;450;1
4918918;3400949189182;;EG LABO - SAG / CSP COURNON;Non renseigné;BISOPROLOL EG 2,5 mg Cpr séc Plq/90;0.021;6.43;0.3;120;1
4924445;3400949244454;;EG LABO - SAG / CSP COURNON;Non renseigné;OXOMEMAZINE EG 0,33mg/ml S buv s suc Fl/150ml;0.021;1.43;0.05;30;1
4924623;3400949246236;;EG LABO - SAG / CSP COURNON;Non renseigné;OXOMEMAZINE EG 0,33 mg/ml Sirop Fl/150ml;0.021;1.43;0.05;30;1
4928934;3400949289349;;EG LABO - SAG / CSP COURNON;Non renseigné;RISPERIDONE EG 0,5 mg Cpr orodisp Plq/28;0.021;2.44;0.2;120;1
4929046;3400949290468;;EG LABO - SAG / CSP COURNON;Non renseigné;RISPERIDONE EG 1 mg Cpr orodisp Plq/28;0.021;3.01;0.2;0;1
4929106;3400949291069;;EG LABO - SAG / CSP COURNON;Non renseigné;RISPERIDONE EG 2 mg Cpr orodisp Plq/28;0.021;6.13;0.05;0;1
4936299;3400949362998;;EG LABO - SAG / CSP COURNON;Non renseigné;NARATRIPTAN EG 2,5 mg Cpr pell Plq/6;0.021;4.49;0.2;0;1
4945246;3400949452460;;EG LABO - SAG / CSP COURNON;Non renseigné;LETROZOLE EG 2,5 mg Cpr pell Plq/30;0.021;19.53;0.3;220;1
4962635;3400949626359;;EG LABO - SAG / CSP COURNON;Non renseigné;EXEMESTANE EG 25 mg Cpr pell Plq/30;0.021;22.72;0.3;0;1
4972065;3400949720651;;EG LABO - SAG / CSP COURNON;Non renseigné;ESOMEPRAZOLE EG 20 mg Gél gastro-rés Plq/7;0.021;0.64;0.2;108;1
4972071;3400949720712;;EG LABO - SAG / CSP COURNON;Non renseigné;ESOMEPRAZOLE EG 20 mg Gél gastro-rés Plq/14;0.021;1.6;0;108;1
4972088;3400949720880;;EG LABO - SAG / CSP COURNON;Non renseigné;ESOMEPRAZOLE EG 20 mg Gél gastro-rés Plq/28;0.021;2.24;0.3;63;1
4972102;3400949721023;;EG LABO - SAG / CSP COURNON;Non renseigné;ESOMEPRAZOLE EG 40 mg Gél gastro-rés Plq/14;0.021;1.28;0.2;0;1
4972119;3400949721191;;EG LABO - SAG / CSP COURNON;Non renseigné;ESOMEPRAZOLE EG 40 mg Gél gastro-rés Plq/28;0.021;2.56;0.2;63;1
4972898;3400949728985;;EG LABO - SAG / CSP COURNON;Non renseigné;RISEDRONATE EG 5 mg Cpr pell Plq/28;0.021;7.18;0.05;0;1
4972958;3400949729586;;EG LABO - SAG / CSP COURNON;Non renseigné;RISEDRONATE EG 35 mg Cpr pell Plq/4;0.021;6.04;0.2;0;1
4972964;3400949729647;;EG LABO - SAG / CSP COURNON;Non renseigné;RISEDRONATE EG 35 mg Cpr pell Plq/12;0.021;18.13;0.2;0;1
4973082;3400949730827;;EG LABO - SAG / CSP COURNON;Non renseigné;PERINDOPRIL/INDAPAMIDE EG 4 mg/1,25 mg Cpr Plq/30;0.021;2.7;0.1;0;1
4973107;3400949731077;;EG LABO - SAG / CSP COURNON;Non renseigné;PERINDOPRIL/INDAPAMIDE EG 4 mg/1,25 mg Cpr Plq/90;0.021;8.1;0.1;0;1
4973171;3400949731718;;EG LABO - SAG / CSP COURNON;Non renseigné;PERINDOPRIL/INDAPAMIDE EG 2 mg/0,625 mg Cpr Plq/30;0.021;2.7;0.1;0;1
4973194;3400949731947;;EG LABO - SAG / CSP COURNON;Non renseigné;PERINDOPRIL/INDAPAMIDE EG 2 mg/0,625 mg Cpr Plq/90;0.021;8.1;0.1;0;1
4976459;3400949764594;;EG LABO - SAG / CSP COURNON;Non renseigné;OMEPRAZOLE EG 10 mg Gél gastro-rés Plq/14;0.021;0.82;0.2;1;1
4976465;3400949764655;;EG LABO - SAG / CSP COURNON;Non renseigné;OMEPRAZOLE EG 10 mg Gél gastro-rés Plq/28;0.021;1.66;0.2;162;1
4976560;3400949765607;;EG LABO - SAG / CSP COURNON;Non renseigné;OMEPRAZOLE EG 20 mg Gél gastro-rés Plq/7;0.021;0.5;0.1;1;1
4976577;3400949765775;;EG LABO - SAG / CSP COURNON;Non renseigné;OMEPRAZOLE EG 20 mg Gél gastro-rés Plq/14;0.021;0.87;0.2;288;1
4976583;3400949765836;;EG LABO - SAG / CSP COURNON;Non renseigné;OMEPRAZOLE EG 20 mg Gél gastro-rés Plq/28;0.021;1.76;0.2;162;1
4981934;3400949819348;;EG LABO - SAG / CSP COURNON;Non renseigné;VALSARTAN/HYDROCHLOROTHIAZIDE EG 80 mg/12,5 mg Cpr pell Plq/30;0.021;2.7;0.1;0;1
4981963;3400949819638;;EG LABO - SAG / CSP COURNON;Non renseigné;VALSARTAN/HYDROCHLOROTHIAZIDE EG 80 mg/12,5 mg Cpr pell Plq/90;0.021;8.1;0.1;0;1
4982052;3400949820528;;EG LABO - SAG / CSP COURNON;Non renseigné;VALSARTAN/HYDROCHLOROTHIAZIDE EG 160 mg/12,5 mg Cpr pell Plq/30;0.021;2.7;0.1;0;1
4982081;3400949820818;;EG LABO - SAG / CSP COURNON;Non renseigné;VALSARTAN/HYDROCHLOROTHIAZIDE EG 160 mg/12,5 mg Cpr pell Plq/90;0.021;8.1;0.1;48;1
4982098;3400949820986;;EG LABO - SAG / CSP COURNON;Non renseigné;VALSARTAN/HYDROCHLOROTHIAZIDE EG 160 mg/25 mg Cpr pell Plq/30;0.021;2.7;0.1;0;1
4982129;3400949821297;;EG LABO - SAG / CSP COURNON;Non renseigné;VALSARTAN/HYDROCHLOROTHIAZIDE EG 160 mg/25 mg Cpr pell Plq/90;0.021;8.1;0.1;48;1
4987753;3400949877539;;EG LABO - SAG / CSP COURNON;Non renseigné;DORZOLAMIDE EG 20 mg/ml Collyre sol Fl;0.021;2.96;0.2;0;1
4991335;3400949913350;;EG LABO - SAG / CSP COURNON;Non renseigné;RILUZOLE EG 50 mg Cpr pell Plaq/56;0.021;96.12;0.2;0;1
4997415;3400949974153;;EG LABO - SAG / CSP COURNON;Non renseigné;NAPROXENE SODIQUE EG 550 mg Cpr pell séc Plq/16;0.021;1.55;0.05;130;1
4999182;3400949991822;;EG LABO - SAG / CSP COURNON;Non renseigné;MONTELUKAST EG 5 mg Cpr à croquer Plaq/28;0.021;6.73;0.1;0;1
4999868;3400949998685;;EG LABO - SAG / CSP COURNON;Non renseigné;MONTELUKAST EG 10 mg Cpr pell Plaq/28;0.021;6.73;0.1;96;1
;3400930174234;;EISAI;Non renseigné;FYCOMPA 0,5 mg/ml Susp buv Fl+Ser;0.021;56.78;0;1;1
2206912;3400922069128;;EISAI;Non renseigné;INOVELON 40 mg/ml Susp buv Fl/460ml+2Ser;0.021;87.99;0;0;1
2677600;3400926776008;;EISAI;Non renseigné;FYCOMPA 2 mg Cpr pell Plq/7;0.021;6.59;0;0;1
2677623;3400926776237;;EISAI;Non renseigné;FYCOMPA 4 mg Cpr pell Plq/28;0.021;53.83;0;0;1
2677652;3400926776527;;EISAI;Non renseigné;FYCOMPA 6 mg Cpr pell Plq/28;0.021;53.83;0;0;1
2677675;3400926776756;;EISAI;Non renseigné;FYCOMPA 8 mg Cpr pell Plq/28;0.021;62.62;0;0;1
2677698;3400926776985;;EISAI;Non renseigné;FYCOMPA 10 mg Cpr pell Plq/28;0.021;76.9;0;0;1
2677712;3400926777128;;EISAI;Non renseigné;FYCOMPA 12 mg Cpr pell Plq/28;0.021;76.9;0;0;1
3174717;3400931747178;;EISAI;Non renseigné;PARKINANE LP 2 mg Gél LP Plq/50;0.021;1.18;0;0;1
3174723;3400931747239;;EISAI;Non renseigné;PARKINANE LP 5 mg Gél LP Plq/20;0.021;1.18;0;114;1
3222770;3400932227709;;EISAI;Non renseigné;LOXAPAC 25 mg Cpr pell Plq/30(2x15);0.021;3.02;0;120;1
3233420;3400932334209;;EISAI;Non renseigné;LOXAPAC S buv Fl/30ml;0.021;3.02;0;64;1
3343574;3400933435745;;EISAI;Non renseigné;LOXAPAC 50 mg Cpr pell Plq/30;0.021;6.02;0;120;1
3398428;3400933984281;;EISAI;Non renseigné;LOXAPAC 100 mg Cpr pell Plq/30;0.021;10.83;0;120;1
3817612;3400938176124;;EISAI;Non renseigné;INOVELON 200 mg Cpr pell Plq/60;0.021;57.4;0;0;1
3817629;3400938176292;;EISAI;Non renseigné;INOVELON 400 mg Cpr pell Plq/60;0.021;114.78;0;0;1
3828461;3400938284614;;EISAI;Non renseigné;INOVELON 100 mg Cpr pell Plq/10;0.021;4.79;0;0;1
2794642;3400927946424;;ELERTÉ GROSSISTE;Non renseigné;TIMOFEROL 50 mg Cpr enr Plq/30;0.021;1.42;0;128;1
2794665;3400927946653;;ELERTÉ GROSSISTE;Non renseigné;TIMOFEROL 50 mg Cpr enr Plq/90;0.021;3.82;0;126;1
3454977;3400934549779;;ELERTÉ GROSSISTE;Non renseigné;DOXY Gé 50 mg Cpr pell Plq/14;0.021;1.95;0;0;1
3454983;3400934549830;;ELERTÉ GROSSISTE;Non renseigné;DOXY Gé 50 mg Cpr pell Plq/2x14 (28);0.021;3.2;0;1;1
3519990;3400935199904;;ELERTÉ GROSSISTE;Non renseigné;ANTARENE 100 mg Cpr pell B/40;0.021;1.59;0;0;1
3556270;3400935562708;;ELERTÉ GROSSISTE;Non renseigné;ANTARENE 5 % Gel T/50g;0.021;1.5;0;60;1
3561644;3400935616449;;ELERTÉ GROSSISTE;Non renseigné;DOXY Gé 100 mg Cpr pell Plq/30;0.021;5.34;0;1;1
3570614;3400935706140;;ELERTÉ GROSSISTE;Non renseigné;TIMOFEROL Gél Plq/30;0.021;1.42;0;240;1
3622676;3400936226760;;ELERTÉ GROSSISTE;Non renseigné;TUSSIDANE 1,5 mg/ml Sirop Fl/125ml;0.021;1.42;0;60;1
3622682;3400936226821;;ELERTÉ GROSSISTE;Non renseigné;TUSSIDANE 1,5 mg/ml Sirop Fl/250ml;0.021;1.84;0;30;1
3643804;3400936438040;;ELERTÉ GROSSISTE;Non renseigné;ANTARENE 5 % Gel T/100g;0.021;2.64;0;30;1
3798553;3400937985536;;ELERTÉ GROSSISTE;Non renseigné;TUSSIDANE 1,5 mg/ml S buv sans sucre Fl/125ml;0.021;1.42;0;60;1
3798599;3400937985994;;ELERTÉ GROSSISTE;Non renseigné;TUSSIDANE 1,5 mg/ml S buv sans sucre Fl/250ml;0.021;1.84;0;30;1
3870687;3400938706871;;ELERTÉ GROSSISTE;Non renseigné;TIMOFEROL Gél Plq/90;0.021;3.82;0;98;1
3975558;3400939755588;;ELERTÉ GROSSISTE;Non renseigné;ANTARENE CODEINE 200 mg/30 mg Cpr pell Plq/20;0.021;1.64;0;1;1
3975587;3400939755878;;ELERTÉ GROSSISTE;Non renseigné;ANTARENE CODEINE 400 mg/60 mg Cpr pell Plq/10;0.021;1.64;0;1;1
4155805;3400941558054;;ELERTÉ GROSSISTE;Non renseigné;TUSSIDANE 30 mg Cpr pell séc Plq/12;0.021;1.37;0;180;1
2692114;3400926921149;;ESSENTIAL PHARMACEUTICAL / CSP MOVIANTO ;Non renseigné;HALDOL 2 mg/ml S buv Fl/30ml;0.021;1.52;0;0;1
2756943;3400927569432;;ESSENTIAL PHARMACEUTICAL / CSP MOVIANTO ;Non renseigné;COLOBREATHE 1 662 500 UI Pdr p inh (gélule) Plq/7x8 (56);0.021;854.09;0;1;1
3047143;3400930471432;;ESSENTIAL PHARMACEUTICAL / CSP MOVIANTO ;Non renseigné;HALDOL 1 mg Cpr Plq/PVC/alu/40;0.021;1;0;0;1
3047189;3400930471890;;ESSENTIAL PHARMACEUTICAL / CSP MOVIANTO ;Non renseigné;HALDOL 5 mg/ml S inj 5Amp/1ml;0.021;4.16;0;120;1
3208250;3400932082506;;ESSENTIAL PHARMACEUTICAL / CSP MOVIANTO ;Non renseigné;HALDOL 5 mg Cpr Plq/PVC/alu/30;0.021;2.08;0;360;1
3250795;3400932507955;;ESSENTIAL PHARMACEUTICAL / CSP MOVIANTO ;Non renseigné;ZARONTIN 250 mg/5 ml Sirop Fl/200ml;0.021;5.29;0;24;1
3263510;3400932635108;;ESSENTIAL PHARMACEUTICAL / CSP MOVIANTO ;Non renseigné;HALDOL DECANOAS 50 mg/ml S inj 5Amp/1ml;0.021;12.75;0;120;1
3269932;3400932699322;;ESSENTIAL PHARMACEUTICAL / CSP MOVIANTO ;Non renseigné;HALDOL DECANOAS 50 mg/ml S inj Amp/1ml;0.021;2.87;0;120;1
3383898;3400933838980;;ESSENTIAL PHARMACEUTICAL / CSP MOVIANTO ;Non renseigné;IOPIDINE 0,5 % Collyre sol Fl/5ml;0.021;9.46;0;0;1
3410543;3400934105432;;ESSENTIAL PHARMACEUTICAL / CSP MOVIANTO ;Non renseigné;IOPIDINE 1 % M/V Collyre sol 2Unid/0,25ml;0.021;9.02;0;96;1
;3400930123874;;ETHYPHARM;Non renseigné;OROBUPRE 8 mg Lyophilisat oral Plq unit/7;0.021;8.23;0;1;1
;3400930123898;;ETHYPHARM;Non renseigné;OROBUPRE 2 mg Lyophilisat oral Plq unit/7;0.021;2.77;0;1;1
;3400930163528;;ETHYPHARM;Non renseigné;BACLOCUR 10 mg Cpr pell séc Plq PVC/PVDC/Alu poly/30;0.021;3.97;0;1;1
;3400930163597;;ETHYPHARM;Non renseigné;BACLOCUR 20 mg Cpr pell séc Plq PVC/PVDC/Alu poly/30;0.021;7.91;0;1;1
;3400930163665;;ETHYPHARM;Non renseigné;BACLOCUR 40 mg Cpr pell séc Plq PVC/PVDC/Alu poly/30;0.021;15.83;0;1;1
;3400930233313;;ETHYPHARM;Non renseigné;ACTISKENAN 1 mg Cpr orodisp Plq unit/14;0.021;1.58;0;1;1
;3400930233337;;ETHYPHARM;Non renseigné;ACTISKENAN 2,5 mg Cpr orodisp Plq préd unit/14;0.021;1.49;0;1;1
;3400930233344;;ETHYPHARM;Non renseigné;ACTISKENAN 5 mg Cpr orodisp Plq unit/14;0.021;1.56;0;1;1
;3400930233351;;ETHYPHARM;Non renseigné;ACTISKENAN 10 mg Cpr orodisp Plq unit/14;0.021;1.75;0;1;1
;3400930233368;;ETHYPHARM;Non renseigné;ACTISKENAN 20 mg Cpr orodisp Plq unit/14;0.021;3.05;0;1;1
3285204;3400932852048;;ETHYPHARM;Non renseigné;LODINE 200 mg Cpr pell B/30;0.021;4.93;0;0;1
3332352;3400933323523;;ETHYPHARM;Non renseigné;SKENAN LP 10 mg Gél microgr LP Plq/14;0.021;2.66;0;200;1
3332369;3400933323691;;ETHYPHARM;Non renseigné;SKENAN LP 30 mg Gél microgr LP Plq/14;0.021;6.04;0;0;1
3332375;3400933323752;;ETHYPHARM;Non renseigné;SKENAN LP 60 mg Gél microgr LP Plq/14;0.021;12.54;0;0;1
3332381;3400933323813;;ETHYPHARM;Non renseigné;SKENAN LP 100 mg Gél microgr LP Plq/14;0.021;18.55;0;0;1
3348040;3400933480400;;ETHYPHARM;Non renseigné;LODINE 300 mg Cpr pell B/20;0.021;4.69;0;0;1
3495137;3400934951374;;ETHYPHARM;Non renseigné;ACTISKENAN 5 mg Gél Plq/14;0.021;1.43;0;200;1
3499000;3400934990007;;ETHYPHARM;Non renseigné;ACTISKENAN 10 mg Gél Plq/14;0.021;1.8;0;200;1
3499129;3400934991295;;ETHYPHARM;Non renseigné;ACTISKENAN 20 mg Gél Plq/14;0.021;3.09;0;0;1
3499230;3400934992308;;ETHYPHARM;Non renseigné;ACTISKENAN 30 mg Gél Plq/14;0.021;4.59;0;0;1
3746674;3400937466745;;ETHYPHARM;Non renseigné;KETOPROFENE PHARMY II 100 mg/2 ml S inj intramusculaire 6Amp/2ml;0.021;3.26;0;0;1
3103746;3400931037460;;ETHYX PHARMACEUTICAL / CSP ;Non renseigné;TENSIONORME Cpr séc Plq/24;0.021;1.4;0;0;1
3182036;3400931820369;;ETHYX PHARMACEUTICAL / CSP ;Non renseigné;TIMACOR 10 mg Cpr séc 1Plq/30;0.021;3.33;0;0;1
3210293;3400932102938;;ETHYX PHARMACEUTICAL / CSP ;Non renseigné;EPITOPIC 0,05 % Cr T/15g;0.021;1.29;0;0;1
3291274;3400932912742;;ETHYX PHARMACEUTICAL / CSP ;Non renseigné;ISOCARD S subl Spray/20ml;0.021;2.87;0;35;1
3720798;3400937207980;;ETHYX PHARMACEUTICAL / CSP ;Non renseigné;LESCOL LP 80 mg Cpr pell LP Plq/30;0.021;3.57;0;0;1
3720806;3400937208062;;ETHYX PHARMACEUTICAL / CSP ;Non renseigné;LESCOL LP 80 mg Cpr pell LP Plq/90;0.021;10.64;0;0;1
;3400930217481;;EUMEDICA SA;Non renseigné;BACTRIM 40 mg/mL + 8 mg/mL Susp buv Fl/100ml;0.021;3.7;0;30;1
3001069;3400930010693;;EUMEDICA SA;Non renseigné;BACTRIM Cpr séc Plq/20;0.021;1.84;0;198;1
3032319;3400930323199;;EUMEDICA SA;Non renseigné;DIPIPERON 40 mg Cpr séc Plq/20;0.021;1.1;0;500;1
3130045;3400931300458;;EUMEDICA SA;Non renseigné;DIPIPERON 40 mg/ml S buv Fl/30ml;0.021;1.6;0;0;1
3130714;3400931307143;;EUMEDICA SA;Non renseigné;ORAP 1 mg Cpr Plq/30;0.021;1.11;0;320;1
3130720;3400931307204;;EUMEDICA SA;Non renseigné;ORAP 4 mg Cpr 1Plq/30;0.021;3.41;0;0;1
3219704;3400932197040;;EUMEDICA SA;Non renseigné;BACTRIM FORTE Cpr séc Plq/10;0.021;1.43;0;100;1
;3400930013649;;EURODEP;Non renseigné;THYROFIX Gé 25 µg Cpr Plq/30;0.021;0.43;0;1;1
;3400930013687;;EURODEP;Non renseigné;THYROFIX Gé 25 µg Cpr Plq/100;0.021;1.1;0;1;1
;3400930013755;5206938002023;EURODEP;Non renseigné;THYROFIX Gé 50 µg Cpr Plq/30;0.021;0.71;0;1;1
;3400930013786;;EURODEP;Non renseigné;THYROFIX Gé 50 µg Cpr Plq/100;0.021;1.99;0;1;1
;3400930013793;;EURODEP;Non renseigné;THYROFIX Gé 75 µg Cpr Plq/30;0.021;1.01;0;1;1
;3400930013823;;EURODEP;Non renseigné;THYROFIX Gé 75 µg Cpr Plq/100;0.021;2.94;0;1;1
;3400930013847;;EURODEP;Non renseigné;THYROFIX 100 µg Cpr Plq/30;0.021;1.31;0;1;1
;3400930013878;;EURODEP;Non renseigné;THYROFIX 100 µg Cpr Plq/100;0.021;3.89;0;1;1
;3400930200544;;EURODEP;Non renseigné;THYROFIX 125 µg Cpr Plq PVC/TE/PVDC/Alu/100;0.021;5.02;0;1;1
;3400930200582;;EURODEP;Non renseigné;THYROFIX 150 µg Cpr Plq PVC/TE/PVDC/Alu/100;0.021;6.03;0;1;1
;3400930200742;;EURODEP;Non renseigné;THYROFIX Gé 88 µg Cpr Plq PVC/TE/PVDC/Alu/100;0.021;3.57;0;1;1
;3400930230602;;EURODEP;Non renseigné;CLOSALIS 50 µg/0,5 mg/g Gel T/60g;0.021;12.63;0;120;1
2175264;3400921752649;;EURODEP;Non renseigné;ZOMETA 4 mg/100 ml S perf Fl/100ml;0.021;87.61;0;0;1
3477961;3400934779619;;EURODEP;Non renseigné;RIMIFON 50 mg Cpr T/200;0.021;33.4;0;0;1
3477978;3400934779787;;EURODEP;Non renseigné;RIMIFON 150 mg Cpr T/100;0.021;39.05;0;0;1
3714361;3400937143615;;EURODEP;Non renseigné;FLODIL LP 5 mg Cpr enr LP Plq/30;0.021;5.14;0;0;1
3714384;3400937143844;;EURODEP;Non renseigné;FLODIL LP 5 mg Cpr enr LP Plq/90;0.021;14.24;0;0;1
3217208;3400932172085;;EUROPHTA;Non renseigné;NEOSYNEPHRINE FAURE 5 % Collyre sol Fl/5ml;0.021;1.73;0;0;1
3217214;3400932172146;;EUROPHTA;Non renseigné;NEOSYNEPHRINE FAURE 10 % Collyre sol Fl/5ml;0.021;1.73;0;360;1
3352113;3400933521134;;EUROPHTA;Non renseigné;LACRIGEL Gel ophtalm T/10g;0.021;2.52;0;260;1
;3400930220863;;EXELTIS SANTE / ALLOGA;Non renseigné;ENDOVELA 2 mg Gé Cpr 3Plq Alu/PVC/PVDC/28;0.021;29.4;0;1;1
3409037;3400934090370;;EXELTIS SANTE / ALLOGA;Non renseigné;DERMESTRIL 100 µg/24 h Disp transderm 8Sach;0.021;5.14;0;0;1
3409043;3400934090431;;EXELTIS SANTE / ALLOGA;Non renseigné;DERMESTRIL 50 µg/24 h Disp transderm 8Sach;0.021;5.14;0;0;1
3409066;3400934090660;;EXELTIS SANTE / ALLOGA;Non renseigné;DERMESTRIL 25 µg/24 h Disp transderm 8Sach;0.021;5.14;0;0;1
3523916;3400935239167;;EXELTIS SANTE / ALLOGA;Non renseigné;DERMESTRIL SEPTEM 50 µg/24 h Disp transderm 4Sach;0.021;5.14;0;0;1
3523939;3400935239396;;EXELTIS SANTE / ALLOGA;Non renseigné;DERMESTRIL SEPTEM 25 µg/24 h Disp transderm 4Sach;0.021;5.14;0;0;1
3523951;3400935239518;;EXELTIS SANTE / ALLOGA;Non renseigné;DERMESTRIL SEPTEM 75 µg/24 h Disp transderm 4Sach;0.021;5.14;0;0;1
3678955;3400936789555;;EXPANSCIENCE - SAG;Non renseigné;EFFIZINC 15 mg Gél Plq/30;0.021;3.22;0;120;1
3678978;3400936789784;;EXPANSCIENCE - SAG;Non renseigné;EFFIZINC 15 mg Gél Plq/60;0.021;5.88;0;60;1
;3400930110980;;FERRING;Non renseigné;REKOVELLE 12 µg/0,36 ml S inj en stylo prérempli Stylo+3Aig;0.021;50.78;0;1;1
;3400930110997;;FERRING;Non renseigné;REKOVELLE 36 µg/1,08 ml S inj en stylo prérempli Stylo+9Aig;0.021;151.34;0;1;1
;3400930181713;;FERRING;Non renseigné;PENTASA 1 g Suppos B/14;0.021;16.4;0;56;1
;3400930181904;;FERRING;Non renseigné;PENTASA 1 g/100 ml Susp rect 7Fl/100ml;0.021;18.92;0;8;1
2739092;3400927390920;;FERRING;Non renseigné;MENOPUR 600 UI/ml Pdre/solv p sol inj Fl+Ser;0.021;132.94;0;28;1
2751704;3400927517044;;FERRING;Non renseigné;FYREMADEL Gé 0,25 mg/0,5 ml S inj en seringue préremplie Ser/0,5ml;0.021;20.17;0;1;1
2751710;3400927517105;;FERRING;Non renseigné;FYREMADEL Gé 0,25 mg/0,5 ml S inj en seringue préremplie 5Ser/0,5ml;0.021;100.91;0;1;1
3327888;3400933278885;;FERRING;Non renseigné;PENTASA 500 mg Cpr Fl/100;0.021;24.47;0;0;1
3442477;3400934424779;;FERRING;Non renseigné;PENTASA 1 g Glé en sachet 120Sach;0.021;58.75;0;0;1
3675879;3400936758797;;FERRING;Non renseigné;PENTASA 2 g Glé en sachet-dose Sach/60;0.021;58.75;0;27;1
3693104;3400936931046;;FERRING;Non renseigné;MINIRINMELT 60 µg Lyophilisat oral Plq/30;0.021;12.68;0;0;1
3693110;3400936931107;;FERRING;Non renseigné;MINIRINMELT 60 µg Lyophilisat oral Plq/100;0.021;42.27;0;0;1
3693133;3400936931336;;FERRING;Non renseigné;MINIRINMELT 120 µg Lyophilisat oral Plq/30;0.021;25.35;0;0;1
3693156;3400936931565;;FERRING;Non renseigné;MINIRINMELT 120 µg Lyophilisat oral Plq/100;0.021;84.54;0;0;1
3693179;3400936931794;;FERRING;Non renseigné;MINIRINMELT 240 µg Lyophilisat oral Plq/30;0.021;50.72;0;0;1
3943268;3400939432687;;FERRING;Non renseigné;FIRMAGON 80 mg Pdre/solv p sol inj Fl+Ser/4,2ml+Aig;0.021;77.7;0;32;1
3943274;3400939432748;;FERRING;Non renseigné;FIRMAGON 120 mg Pdr & solv inj 2Fl+2Ser/3ml+2Aig;0.021;141.45;0;0;1
4917221;3400949172214;;FERRING;Non renseigné;PICOPREP Pdr sol buv en sachet 2Sach/16,1g;0.021;6.68;0;0;1
4985843;3400949858439;;FERRING;Non renseigné;PENTASA 1 g Cpr Plq/60;0.021;29.22;0;32;1
3040000;3400930400005;;FIDIA FRANCE / EURODEP;Non renseigné;FLAGYL 250 mg Cpr pell Plq PVC/alu/20;0.021;1.9;0;0;1
3040017;3400930400173;;FIDIA FRANCE / EURODEP;Non renseigné;FLAGYL 500 mg Ov B/10;0.021;1.96;0;160;1
3131694;3400931316947;;FIDIA FRANCE / EURODEP;Non renseigné;FLAGYL 125 mg/5 ml Susp buv Fl/120ml;0.021;3.08;0;24;1
3177928;3400931779285;;FIDIA FRANCE / EURODEP;Non renseigné;SURGAM 100 mg Cpr séc 2Plq/15 (30);0.021;2.06;0;0;1
3230114;3400932301140;;FIDIA FRANCE / EURODEP;Non renseigné;DANATROL 200 mg Gél Plq/100;0.021;74.31;0;0;1
3239948;3400932399482;;FIDIA FRANCE / EURODEP;Non renseigné;SURGAM 200 mg Cpr séc Plq/15;0.021;1.69;0;160;1
3311551;3400933115517;;FIDIA FRANCE / EURODEP;Non renseigné;FLAGYL 500 mg Cpr pell Plq/4;0.021;1.6;0;0;1
3311568;3400933115685;;FIDIA FRANCE / EURODEP;Non renseigné;FLAGYL 500 mg Cpr pell Plq/14;0.021;2.75;0;216;1
;3400930172780;;FRESENIUS KABI FRANCE;Non renseigné;IDACIO 40 mg S inj en seringue préremplie 2Ser+2Tamp;0.021;350.02;0;1;1
;3400930249161;;FRESENIUS KABI FRANCE;Non renseigné;STIMUFEND 6 mg S inj en seringue préremplie Ser;0.021;358.57;0;1;1
;3400930059555;;GALDERMA GROSSISTE / CSP MOUSSY;Non renseigné;ROZEX 0,75 % Emuls cut T/50g;0.021;6.96;0;49;1
;3400930059562;;GALDERMA GROSSISTE / CSP MOUSSY;Non renseigné;ROZEX 0,75 % Cr T/50g;0.021;6.96;0;49;1
;3400930123508;;GALDERMA GROSSISTE / CSP MOUSSY;Non renseigné;LOCERYL 5 % V ongles médicamenteux Fl/2,5ml+spatule;0.021;9.03;0;1;1
3273112;3400932731121;;GALDERMA GROSSISTE / CSP MOUSSY;Non renseigné;CUTACNYL 2,5 % Gel appl locale T/40g;0.021;1.69;0;1;1
3281258;3400932812585;;GALDERMA GROSSISTE / CSP MOUSSY;Non renseigné;CUTACNYL 10 % Gel appl locale T/40g;0.021;1.75;0;90;1
3282565;3400932825653;;GALDERMA GROSSISTE / CSP MOUSSY;Non renseigné;CUTACNYL 5 % Gel appl locale T/40g;0.021;1.75;0;90;1
3378874;3400933788742;;GALDERMA GROSSISTE / CSP MOUSSY;Non renseigné;DIFFERINE 0,1 % Gel T/30g;0.021;3.26;0;90;1
3437631;3400934376313;;GALDERMA GROSSISTE / CSP MOUSSY;Non renseigné;DIFFERINE 0,1 % Cr T/30g;0.021;3.26;0;90;1
3501116;3400935011169;;GALDERMA GROSSISTE / CSP MOUSSY;Non renseigné;ROZEX 0,75 % Gel T/50g;0.021;6.96;0;1;1
3511178;3400935111784;;GALDERMA GROSSISTE / CSP MOUSSY;Non renseigné;SILKIS 3 µg/g Pom T/100g;0.021;21.17;0;36;1
3675980;3400936759800;;GALDERMA GROSSISTE / CSP MOUSSY;Non renseigné;TETRALYSAL 300 mg Gél Plq/28;0.021;5.22;0;48;1
3771985;3400937719858;;GALDERMA GROSSISTE / CSP MOUSSY;Non renseigné;METVIXIA 168 mg/g Cr T/2g;0.021;164.74;0;0;1
3795230;3400937952309;;GALDERMA GROSSISTE / CSP MOUSSY;Non renseigné;CLOBEX 500 µg/g Shampooing Fl/125ml;0.021;9.92;0;40;1
4158809;3400941588099;;GALDERMA GROSSISTE / CSP MOUSSY;Non renseigné;TETRALYSAL 150 mg Gél Film/56;0.021;5.22;0;32;1
3384633;3400933846336;;GE HEALTHCARE SAS;Non renseigné;VISIPAQUE 270 mg Iode/ml S inj 1Fl/20ml;0.021;5.78;0;0;1
;3400930186367;;GEDEON RICHTER FRANCE / CSP MOUSSY;Non renseigné;SAWIS 2 mg Gé Cpr Plq/28;0.021;10.32;0;1;1
;3400930219393;;GEDEON RICHTER FRANCE / CSP MOUSSY;Non renseigné;SAWIS 2 mg Gé Cpr Plq/84;0.021;29.4;0;1;1
;3400930291658;;GEDEON RICHTER FRANCE / CSP MOUSSY;Non renseigné;RYEQO 40 mg/1 mg/0,5 mg Cpr pell Plq/28;0.021;68.24;0;1;1
2793909;3400927939099;;GEDEON RICHTER FRANCE / CSP MOUSSY;Non renseigné;BEMFOLA 75 UI/0,125 ml Sol inj stylo prérempli Stylo+Aig;0.021;12.75;0;1;1
2793915;3400927939150;;GEDEON RICHTER FRANCE / CSP MOUSSY;Non renseigné;BEMFOLA 150 UI/0,25 ml Sol inj stylo prérempli Stylo+Aig;0.021;26.31;0;1;1
2793938;3400927939389;;GEDEON RICHTER FRANCE / CSP MOUSSY;Non renseigné;BEMFOLA 300 UI/0,50 ml Sol inj stylo prérempli Stylo+Aig;0.021;49.58;0;1;1
2793944;3400927939440;;GEDEON RICHTER FRANCE / CSP MOUSSY;Non renseigné;BEMFOLA 450 UI/0,75 ml Sol inj stylo prérempli Stylo+Aig;0.021;74.12;0;1;1
3006960;3400930069608;;GEN. ORPHAM / LAPHAL INDUSTRIE;Non renseigné;ASCOFER 33 mg Gél Fl/30;0.021;2.02;0;100;1
3348838;3400933488383;;GEN. ORPHAM / LAPHAL INDUSTRIE;Non renseigné;AGYRAX Cpr séc Plq/15;0.021;1.56;0;240;1
3597464;3400935974648;;GIFRER GROSSISTE;Non renseigné;DOSISEPTINE 0,05 % S appl cut en récipient unidose 20Unidoses/5ml;0.021;1.59;0;21;1
;3400930067314;;GILEAD SCIENCES;Non renseigné;EPCLUSA 400 mg/100 mg Cpr pell Fl/28;0.021;7213;0;1;1
2742645;3400927426452;;GILEAD SCIENCES;Non renseigné;STRIBILD 150 mg/150 mg/200 mg/245 mg Cpr pell Fl/30;0.021;477.27;0;96;1
3585001;3400935850010;;GILEAD SCIENCES;Non renseigné;VIREAD 245 mg Cpr pell Fl/30;0.021;114.23;0;0;1
3622564;3400936225640;;GILEAD SCIENCES;Non renseigné;EMTRIVA 200 mg Gél Fl/30;0.021;136.67;0;0;1
3656563;3400936565630;;GILEAD SCIENCES;Non renseigné;TRUVADA 200 mg/245 mg Cpr pell 1Fl/30;0.021;218.98;0;96;1
;3400930004593;;GLAXOSMITHKLINE - SAG;Non renseigné;ANORO ELLIPTA 55 µg/22 µg Pdr p inh en récip unidose Inhal/30doses;0.021;31.35;0;24;1
;3400930004647;;GLAXOSMITHKLINE - SAG;Non renseigné;INCRUSE ELLIPTA 55 µg Pdr inh en récipient unidose 30Doses;0.021;18.64;0;24;1
;3400930125182;;GLAXOSMITHKLINE - SAG;Non renseigné;TRELEGY ELLIPTA 92µg/55µg/22µg 1Inhal/30doses;0.021;43.13;0;24;1
;3400930126905;;GLAXOSMITHKLINE - SAG;Non renseigné;BENLYSTA 200 mg S inj en stylo prérempli 4Stylo/1ml;0.021;773.01;0;12;1
;3400930141861;;GLAXOSMITHKLINE - SAG;Non renseigné;SHINGRIX Pdr & susp inj Fl pdre+Fl susp;0.021;172.79;0;144;1
;3400930186336;;GLAXOSMITHKLINE - SAG;Non renseigné;NUCALA 100 mg S inj en seringue préremplie Ser/1ml;0.021;849.82;0;1;1
;3400930186343;;GLAXOSMITHKLINE - SAG;Non renseigné;NUCALA 100 mg S inj en stylo prérempli Stylo/1ml;0.021;849.82;0;20;1
;3400930186350;;GLAXOSMITHKLINE - SAG;Non renseigné;LAMICTAL 5 mg Cpr disp/croquer Fl/30;0.021;2.76;0;30;1
;3400930208533;;GLAXOSMITHKLINE - SAG;Non renseigné;RELVAR ELLIPTA 92 µg/22 µg Pdr inh en récipient unidose 3Inhal/30doses;0.021;75.13;0;8;1
;3400930208540;;GLAXOSMITHKLINE - SAG;Non renseigné;RELVAR ELLIPTA 184 µg/22 µg Pdr inh en récipient unidose 3Inhal/30doses;0.021;75.13;0;8;1
;3400930208557;;GLAXOSMITHKLINE - SAG;Non renseigné;ANORO ELLIPTA 55 µg/22 µg Pdr p inh en récip unidose 3Inhal/(3x30doses);0.021;94.07;0;8;1
;3400930210741;;GLAXOSMITHKLINE - SAG;Non renseigné;TRELEGY ELLIPTA 92µg/55µg/22µg Pdr 3inhal+Plq;0.021;129.4;0;8;1
;3400930225035;;GLAXOSMITHKLINE - SAG;Non renseigné;LAMICTAL 100 mg Cpr disp/croquer Plq/30+séc enf;0.021;10.43;0;72;1
;3400930225127;;GLAXOSMITHKLINE - SAG;Non renseigné;LAMICTAL 50 mg Cpr disp/croquer 2Plq/15+séc enf;0.021;7.17;0;72;1
;3400930225189;;GLAXOSMITHKLINE - SAG;Non renseigné;LAMICTAL 200 mg Cpr disp/croquer 2Plq/15+séc enf;0.021;10.43;0;72;1
;3400930254035;;GLAXOSMITHKLINE - SAG;Non renseigné;ZEJULA 100 mg Cpr pell Plq/56;0.021;3220.65;0;1;1
;3400930282281;;GLAXOSMITHKLINE - SAG;Non renseigné;VENTOLINE 0,5 mg/1 ml S inj SC 5Amp/1ml;0.021;1.06;0;1;1
;3400930282724;;GLAXOSMITHKLINE - SAG;Non renseigné;OMJJARA 100 mg Cpr pell Fl/30;0.021;2992.39;0;1;1
;3400930282731;;GLAXOSMITHKLINE - SAG;Non renseigné;OMJJARA 150 mg Cpr pell Fl/30;0.021;2992.39;0;1;1
2170290;3400921702903;;GLAXOSMITHKLINE - SAG;Non renseigné;MENVEO Pdr & sol p sol inj en flacon Fl/25µg+Fl Solv/0,5ml;0.021;35.59;0;0;1
2686303;3400926863036;4150094611227;GLAXOSMITHKLINE - SAG;Non renseigné;BEXSERO Susp inj ser préremplie Ser/0,5ml+Aig;0.021;72.27;0;140;1
2761996;3400927619960;;GLAXOSMITHKLINE - SAG;Non renseigné;RELVAR ELLIPTA 92 µg/22 µg Pdr inh en récipient unidose Plq/30;0.021;25.05;0;24;1
2762010;3400927620102;;GLAXOSMITHKLINE - SAG;Non renseigné;RELVAR ELLIPTA 184 µg/22 µg Pdr inh en récipient unidose Plq/30doses;0.021;25.05;0;24;1
3011010;3400930110102;;GLAXOSMITHKLINE - SAG;Non renseigné;BETNEVAL LOTION 0,1 % Emuls appl cut Fl/15g;0.021;1.31;0;0;1
3022500;3400930225004;;GLAXOSMITHKLINE - SAG;Non renseigné;LAMICTAL 25 mg Cpr disp/croquer 2Plq/15+séc enf;0.021;4.35;0;72;1
3158753;3400931587538;;GLAXOSMITHKLINE - SAG;Non renseigné;CLAMOXYL 500 mg Gél Plq/12;0.021;1.21;0;1;1
3204335;3400932043354;;GLAXOSMITHKLINE - SAG;Non renseigné;DERMOVAL 0,05 % Cr T/15g;0.021;1.64;0;80;1
3211105;3400932111053;;GLAXOSMITHKLINE - SAG;Non renseigné;CLAMOXYL 125 mg/5 ml Pdr susp buv Fl;0.021;0.88;0;0;1
3211128;3400932111282;;GLAXOSMITHKLINE - SAG;Non renseigné;CLAMOXYL 250 mg/5 ml Pdr susp buv Fl/60ml;0.021;1.17;0;0;1
3230002;3400932300020;;GLAXOSMITHKLINE - SAG;Non renseigné;CLAMOXYL 500 mg/5 ml Pdr susp buv Fl/60ml;0.021;1.51;0;0;1
3247333;3400932473335;;GLAXOSMITHKLINE - SAG;Non renseigné;BETNEVAL 0,1 % Cr T/30g;0.021;1.75;0;0;1
3247356;3400932473564;;GLAXOSMITHKLINE - SAG;Non renseigné;BETNEVAL 0,1 % Pom T/30g;0.021;1.73;0;0;1
3260687;3400932606870;;GLAXOSMITHKLINE - SAG;Non renseigné;ZOVIRAX 250 mg Pdr sol inj IV Fl;0.021;11.6;0;0;1
3261304;3400932613045;;GLAXOSMITHKLINE - SAG;Non renseigné;DERMOVAL Gel Fl/20ml;0.021;2.02;0;140;1
3270817;3400932708178;;GLAXOSMITHKLINE - SAG;Non renseigné;ZOVIRAX 200 mg Cpr 1Plq/25;0.021;7.12;0;0;1
3290286;3400932902866;;GLAXOSMITHKLINE - SAG;Non renseigné;BECOTIDE 250 µg S p inh en fl press Fl/200doses;0.021;10.46;0;120;1
3292925;3400932929252;;GLAXOSMITHKLINE - SAG;Non renseigné;BECONASE 50 µg Susp nas en flacon pulvérisateur Fl/200doses;0.021;4.59;0;72;1
3297041;3400932970414;;GLAXOSMITHKLINE - SAG;Non renseigné;ZENTEL 0,4 g/10 ml Susp buv Fl/10ml;0.021;2.54;0;0;1
3305496;3400933054960;;GLAXOSMITHKLINE - SAG;Non renseigné;CLAMOXYL 1 g Cpr disp Plq/6;0.021;1.62;0;0;1
3341138;3400933411381;;GLAXOSMITHKLINE - SAG;Non renseigné;ZOVIRAX 200 mg/5 ml Susp buv en flacon Fl/125ml;0.021;19.76;0;0;1
3345780;3400933457808;;GLAXOSMITHKLINE - SAG;Non renseigné;SEREVENT 25 µg Susp inh bucc en fl pressurisé Fl/120doses;0.021;12.67;0;100;1
3352538;3400933525385;;GLAXOSMITHKLINE - SAG;Non renseigné;DEROXAT 20 mg Cpr pell séc Plq/14;0.021;1.98;0;96;1
3363938;3400933639389;;GLAXOSMITHKLINE - SAG;Non renseigné;ZOVIRAX 500 mg Pdr sol inj IV Fl;0.021;22.37;0;0;1
3367037;3400933670375;;GLAXOSMITHKLINE - SAG;Non renseigné;FLIXOTIDE 50 µg/dose Susp p inh en fl press Fl/120doses;0.021;5.14;0;100;1
3367066;3400933670665;;GLAXOSMITHKLINE - SAG;Non renseigné;FLIXOTIDE 125 µg/dose Susp inh Fl/120doses;0.021;9.68;0;100;1
3367089;3400933670894;;GLAXOSMITHKLINE - SAG;Non renseigné;FLIXOTIDE 250 µg/dose Susp inh en flacon Fl/120doses;0.021;18.25;0;100;1
3368396;3400933683962;;GLAXOSMITHKLINE - SAG;Non renseigné;FLIXOVATE 0,05 % Cr T/30g;0.021;2.64;0;0;1
3368410;3400933684105;;GLAXOSMITHKLINE - SAG;Non renseigné;FLIXOVATE 0,005 % Pom T/30g;0.021;2.64;0;200;1
3377515;3400933775155;;GLAXOSMITHKLINE - SAG;Non renseigné;HAVRIX 1440 U/1 ml Susp inj en seringue préremplie adulte Ser/1ml;0.021;19.28;0;144;1
3378259;3400933782597;;GLAXOSMITHKLINE - SAG;Non renseigné;IMIJECT 6 mg/0,5 ml S inj 2Ser/0,5ml;0.021;28.94;0;0;1
3378288;3400933782887;;GLAXOSMITHKLINE - SAG;Non renseigné;IMIJECT 6 mg/0,5 ml S inj 2Ser/0,5ml+autoinj;0.021;28.94;0;0;1
3384449;3400933844493;;GLAXOSMITHKLINE - SAG;Non renseigné;ZELITREX 500 mg Cpr pell Plq/42;0.021;31.19;0;0;1
3391946;3400933919467;;GLAXOSMITHKLINE - SAG;Non renseigné;SEREVENT DISKUS 50 µg/dose Pdr inh Distrib/60d;0.021;12.67;0;50;1
3393307;3400933933074;;GLAXOSMITHKLINE - SAG;Non renseigné;FLIXOTIDE DISKUS 100 µg/dose Pdr inh en récipient unidose Plq/60;0.021;5.14;0;50;1
3393336;3400933933364;;GLAXOSMITHKLINE - SAG;Non renseigné;FLIXOTIDE DISKUS 250 µg/dose Pdr inh en récipient unidose Plq/60;0.021;9.68;0;50;1
3393632;3400933936327;;GLAXOSMITHKLINE - SAG;Non renseigné;FLIXOTIDE DISKUS 500 µg/dose Pdr inh en récipient unidose Plq/60;0.021;18.25;0;50;1
3417083;3400934170836;;GLAXOSMITHKLINE - SAG;Non renseigné;ZELITREX 500 mg Cpr pell Plq/10;0.021;7.51;0;0;1
3417172;3400934171727;;GLAXOSMITHKLINE - SAG;Non renseigné;CLAMOXYL 1 g Cpr disp Plq/14;0.021;3.53;0;0;1
3433811;3400934338113;;GLAXOSMITHKLINE - SAG;Non renseigné;IMIGRANE 20 mg/0,1 ml S pulv nas 6Amp/0,1ml;0.021;17.24;0;32;1
3433834;3400934338342;;GLAXOSMITHKLINE - SAG;Non renseigné;IMIGRANE 10 mg S pulv nas 2Amp/0.1ml;0.021;6.06;0;64;1
3439251;3400934392511;;GLAXOSMITHKLINE - SAG;Non renseigné;AUGMENTIN 100 mg/12,5 mg/ml Pdr susp buv en flacon enfant 1Fl/60ml;0.021;4.43;0;0;1
3443873;3400934438738;;GLAXOSMITHKLINE - SAG;Non renseigné;VENTOLINE 100 µg/dose Susp p inh en fl press Fl/200d;0.021;3.06;0;120;1
3445085;3400934450853;;GLAXOSMITHKLINE - SAG;Non renseigné;AUGMENTIN 1g/125mg Pdr susp buv 8Sach;0.021;4.78;0;0;1
3445116;3400934451164;;GLAXOSMITHKLINE - SAG;Non renseigné;AUGMENTIN 1 g/125 mg Pdr susp buv 12Sach;0.021;6;0;0;1
3464220;3400934642203;;GLAXOSMITHKLINE - SAG;Non renseigné;NARAMIG 2,5 mg Cpr pell Plq/12;0.021;13.56;0;0;1
3473704;3400934737046;;GLAXOSMITHKLINE - SAG;Non renseigné;IMIGRANE 50 mg Cpr pell B/6;0.021;7.14;0;0;1
3476045;3400934760457;;GLAXOSMITHKLINE - SAG;Non renseigné;HAVRIX 720U/0,5ml Susp inj ser E/N Ser/0,5ml;0.021;12.81;0;144;1
3513734;3400935137340;;GLAXOSMITHKLINE - SAG;Non renseigné;PRIORIX Pdre/solv p sol inj ser préremplie Fl+Ser/0,5ml;0.021;11.57;0;120;1
3516690;3400935166906;;GLAXOSMITHKLINE - SAG;Non renseigné;ENGERIX B 20 µg/1 ml Susp inj en seringue préremplie Ser/1ml;0.021;14.19;0;144;1
3516709;3400935167095;;GLAXOSMITHKLINE - SAG;Non renseigné;ENGERIX B 10 µg/0,5 ml Susp inj en seringue préremplie Ser préremplie/0,5ml;0.021;8.2;0;0;1
3519671;3400935196712;;GLAXOSMITHKLINE - SAG;Non renseigné;ZEFFIX 100 mg Cpr pell Plq/28;0.021;34.17;0;0;1
3522420;3400935224200;;GLAXOSMITHKLINE - SAG;Non renseigné;ZELITREX 500 mg Cpr pell Plq/112;0.021;87.57;0;0;1
3532074;3400935320742;;GLAXOSMITHKLINE - SAG;Non renseigné;VENTOLINE 2,5 mg/2,5 ml S p inh/nébulis en récipient unidose B/60;0.021;9.5;0;0;1
3532111;3400935321114;;GLAXOSMITHKLINE - SAG;Non renseigné;VENTOLINE 5mg/2,5ml S inh 60Récip-unid/2,5ml;0.021;14.15;0;0;1
3533702;3400935337023;;GLAXOSMITHKLINE - SAG;Non renseigné;AUGMENTIN 500 mg/62,5 mg Cpr pell adulte B/16;0.021;4.78;0;0;1
3533725;3400935337252;;GLAXOSMITHKLINE - SAG;Non renseigné;AUGMENTIN 500 mg/62,5 mg Cpr pell adulte B/24;0.021;6;0;1;1
3545935;3400935459350;;GLAXOSMITHKLINE - SAG;Non renseigné;SERETIDE DISKUS 100 µg/50 µg/dose Pdr inh en récipient unidose 60unid;0.021;16.7;0;0;1
3545970;3400935459701;;GLAXOSMITHKLINE - SAG;Non renseigné;SERETIDE DISKUS 250 µg/50 µg/dose Pdr inh en récipient unidose 60unid;0.021;19.58;0;50;1
3547354;3400935473547;;GLAXOSMITHKLINE - SAG;Non renseigné;SERETIDE DISKUS 500 µg/50 µg/dose Pdr inh en récipient unidose 60unid;0.021;21.91;0;50;1
3549583;3400935495839;;GLAXOSMITHKLINE - SAG;Non renseigné;INFANRIX HEXA Pdr & susp inj ser Fl+ser+2aig;0.021;29;0;108;1
3565866;3400935658661;;GLAXOSMITHKLINE - SAG;Non renseigné;SERETIDE 50µg/25µg/dose Susp ifl valv Fl/120d;0.021;20.87;0;100;1
3565872;3400935658722;;GLAXOSMITHKLINE - SAG;Non renseigné;SERETIDE 125µg/25µg/dose Susp ifl Fl/120d;0.021;16.73;0;0;1
3565889;3400935658890;;GLAXOSMITHKLINE - SAG;Non renseigné;SERETIDE 250µg/25µg/dose Susp valve Fl/120d;0.021;18.71;0;100;1
3567693;3400935676931;;GLAXOSMITHKLINE - SAG;Non renseigné;TWINRIX Susp inj en seringue préremplie adulte B/1;0.021;43.25;0;144;1
3627722;3400936277229;;GLAXOSMITHKLINE - SAG;Non renseigné;VARILRIX Pdre/solv p sol inj ser préremplie Fl pdre+Ser/0,5ml;0.021;33.22;0;0;1
3634165;3400936341654;;GLAXOSMITHKLINE - SAG;Non renseigné;BACTROBAN 2 % Pom nas T/3g;0.021;4.12;0;200;1
3657278;3400936572782;;GLAXOSMITHKLINE - SAG;Non renseigné;WELLVONE 750 mg/5 ml Susp buv Fl/226ml+cuillère-mesure;0.021;212.98;0;24;1
3677387;3400936773875;;GLAXOSMITHKLINE - SAG;Non renseigné;BOOSTRIXTETRA Susp inj ser préremplie Ser+Aig;0.021;19.54;0;144;1
3684826;3400936848269;;GLAXOSMITHKLINE - SAG;Non renseigné;ZENTEL 400 mg Cpr Plq/1;0.021;2.33;0;0;1
3741286;3400937412865;;GLAXOSMITHKLINE - SAG;Non renseigné;FLIXONASE 50 µg/dose Susp nas Fl/120doses;0.021;4.59;0;0;1
3792154;3400937921541;;GLAXOSMITHKLINE - SAG;Non renseigné;REQUIP LP 2 mg Cpr LP Plq/28;0.021;5.68;0;1;1
3792214;3400937922142;;GLAXOSMITHKLINE - SAG;Non renseigné;REQUIP LP 4 mg Cpr LP Plq/28;0.021;10.55;0;0;1
3792237;3400937922371;;GLAXOSMITHKLINE - SAG;Non renseigné;REQUIP LP 8 mg Cpr LP Plq/28;0.021;20.73;0;0;1
3816423;3400938164237;;GLAXOSMITHKLINE - SAG;Non renseigné;CERVARIX 20 µg/20 µg Susp inj en seringue préremplie Ser/0,5ml+Aig;0.021;85.99;0;0;1
3832244;3400938322446;;GLAXOSMITHKLINE - SAG;Non renseigné;AVAMYS 27,5 µg/pulverisation Susp pulv nas Fl/120pulv;0.021;4.59;0;48;1
3879990;3400938799903;;GLAXOSMITHKLINE - SAG;Non renseigné;REQUIP 0,25 mg Cpr pell Plaq/21;0.021;1.83;0;0;1
3880177;3400938801774;;GLAXOSMITHKLINE - SAG;Non renseigné;REQUIP 0,50 mg Cpr pell Plaq/21;0.021;2.79;0;0;1
3880183;3400938801835;;GLAXOSMITHKLINE - SAG;Non renseigné;REQUIP 1 mg Cpr pell Plq/21;0.021;4.35;0;0;1
3880214;3400938802146;;GLAXOSMITHKLINE - SAG;Non renseigné;REQUIP 2 mg Cpr pell Plaq/21;0.021;6.93;0;0;1
3880237;3400938802375;;GLAXOSMITHKLINE - SAG;Non renseigné;REQUIP 5 mg Cpr pell Plaq/21;0.021;14.19;0;0;1
3896008;3400938960082;;GLAXOSMITHKLINE - SAG;Non renseigné;TOCTINO 10 mg Caps molle 1Plq/30;0.021;297.83;0;0;1
3896020;3400938960204;;GLAXOSMITHKLINE - SAG;Non renseigné;TOCTINO 30 mg Caps molle 1Plq/30;0.021;297.83;0;0;1
3902022;3400939020228;;GLAXOSMITHKLINE - SAG;Non renseigné;ROTARIX Susp buv en tube souple Vaccin à rotavirus, vivant T/1,5ml;0.021;53.28;0;80;1
;3400930083062;;GRIMBERG GROSSISTE;Non renseigné;SPASMAG INJECTABLE S inj en ampoule IV 10Amp/10ml;0.021;8.42;0;1;1
3311143;3400933111434;;GRIMBERG GROSSISTE;Non renseigné;MOXYDAR Cpr p susp buv Plq/30;0.021;2.69;0;140;1
3490370;3400934903700;;GRIMBERG GROSSISTE;Non renseigné;CARBOSYMAG Gél 2Plq/12+12;0.021;2.52;0;231;1
3490387;3400934903878;;GRIMBERG GROSSISTE;Non renseigné;CARBOSYMAG Gél 4Plq/12+12;0.021;4.1;0;80;1
3490418;3400934904189;;GRIMBERG GROSSISTE;Non renseigné;MOXYDAR Susp buv en sachet 30Sach/20ml;0.021;2.69;0;18;1
3566825;3400935668257;;GRIMBERG GROSSISTE;Non renseigné;CALCIFORTE VITAMINE D3 Cpr à croq/sucer/disp Plq/60;0.021;4.62;0;0;1
;3400930287460;;GRÜNENTHAL / CSP MOUSSY;Non renseigné;CONTRAMAL LP 100 mg Cpr LP Plq PP/Alu/30;0.021;5.48;0;1;1
;3400930287552;;GRÜNENTHAL / CSP MOUSSY;Non renseigné;CONTRAMAL LP 150 mg Cpr LP Plq PP/Alu/30;0.021;7.74;0;1;1
;3400930287606;;GRÜNENTHAL / CSP MOUSSY;Non renseigné;CONTRAMAL LP 200 mg Cpr LP Plq PP/Alu/30;0.021;9.99;0;1;1
;3400930296554;;GRÜNENTHAL / CSP MOUSSY;Non renseigné;NAPROSYNE 500 mg Cpr Plq/10;0.021;2.25;0;1;1
;3400930296615;;GRÜNENTHAL / CSP MOUSSY;Non renseigné;NAPROSYNE 1000 mg Cpr Plq/8;0.021;2.76;0;1;1
3318085;3400933180850;;GRÜNENTHAL / CSP MOUSSY;Non renseigné;LINDILANE 400 mg/25 mg Cpr Plq/16;0.021;1.38;0;0;1
3445398;3400934453984;;GRÜNENTHAL / CSP MOUSSY;Non renseigné;ZOMIG 2,5 mg Cpr pell B/6;0.021;5.77;0;0;1
3482761;3400934827617;;GRÜNENTHAL / CSP MOUSSY;Non renseigné;CONTRAMAL LP 100 mg Cpr LP Plq/30x1;0.021;5.48;0;0;1
3482784;3400934827846;;GRÜNENTHAL / CSP MOUSSY;Non renseigné;CONTRAMAL LP 150 mg Cpr LP Plq PP/Alu/30x1;0.021;7.74;0;0;1
3482809;3400934828096;;GRÜNENTHAL / CSP MOUSSY;Non renseigné;CONTRAMAL LP 200 mg Cpr LP Plq PP/Alu/30x1;0.021;9.99;0;0;1
3533642;3400935336422;;GRÜNENTHAL / CSP MOUSSY;Non renseigné;ZOMIGORO 2,5 mg Cpr orodisp 1Plq/6;0.021;5.77;0;0;1
3533665;3400935336651;;GRÜNENTHAL / CSP MOUSSY;Non renseigné;ZOMIGORO 2,5 mg Cpr orodisp 1Plq/12;0.021;11.53;0;48;1
3544309;3400935443090;;GRÜNENTHAL / CSP MOUSSY;Non renseigné;ZOMIG 2,5 mg Cpr pell 1Plq/12;0.021;11.53;0;0;1
3553320;3400935533203;;GRÜNENTHAL / CSP MOUSSY;Non renseigné;INEXIUM 20 mg Cpr gastro-rés Plq/7;0.021;1.45;0;0;1
3553337;3400935533371;;GRÜNENTHAL / CSP MOUSSY;Non renseigné;INEXIUM 20 mg Cpr gastro-rés Plq/14;0.021;2.78;0;0;1
3553343;3400935533432;;GRÜNENTHAL / CSP MOUSSY;Non renseigné;INEXIUM 20 mg Cpr gastro-rés Plq/28;0.021;5.47;0;160;1
3553389;3400935533890;;GRÜNENTHAL / CSP MOUSSY;Non renseigné;INEXIUM 40 mg Cpr gastro-rés Plq/14;0.021;2.78;0;1;1
3553395;3400935533951;;GRÜNENTHAL / CSP MOUSSY;Non renseigné;INEXIUM 40 mg Cpr gastro-rés Plq/28;0.021;5.47;0;160;1
3585691;3400935856913;;GRÜNENTHAL / CSP MOUSSY;Non renseigné;ZALDIAR 37,5 mg/325 mg Cpr pell Plq/20x1;0.021;2.28;0;0;1
3585739;3400935857392;;GRÜNENTHAL / CSP MOUSSY;Non renseigné;IXPRIM 37,5 mg/325 mg Cpr pell Plq/20x1;0.021;2.28;0;0;1
3620683;3400936206830;;GRÜNENTHAL / CSP MOUSSY;Non renseigné;CONTRAMAL 100 mg/ml S buv Fl/10ml;0.021;4;0;0;1
3698538;3400936985384;;GRÜNENTHAL / CSP MOUSSY;Non renseigné;CRESTOR 5 mg Cpr pell Plq/30;0.021;5.55;0;80;1
3828544;3400938285444;;GRÜNENTHAL / CSP MOUSSY;Non renseigné;VERSATIS 700 mg Emplâtre médicamenteux 20Sach/1;0.021;33.78;0;16;1
3828567;3400938285673;;GRÜNENTHAL / CSP MOUSSY;Non renseigné;VERSATIS 700 mg Emplâtre médicamenteux 30Sach/1;0.021;50.68;0;12;1
3867308;3400938673081;;GRÜNENTHAL / CSP MOUSSY;Non renseigné;INEXIUM 10 mg Glé susp buv en sachet 28Sach;0.021;14.3;0;12;1
3916900;3400939169002;;GRÜNENTHAL / CSP MOUSSY;Non renseigné;CRESTOR 5 mg Cpr pell Plq/90;0.021;16.65;0;80;1
3916946;3400939169460;;GRÜNENTHAL / CSP MOUSSY;Non renseigné;CRESTOR 10 mg Cpr pell Plq/30;0.021;5.55;0;80;1
3916969;3400939169699;;GRÜNENTHAL / CSP MOUSSY;Non renseigné;CRESTOR 10 mg Cpr pell Plq/90;0.021;16.65;0;0;1
3916975;3400939169750;;GRÜNENTHAL / CSP MOUSSY;Non renseigné;CRESTOR 20 mg Cpr pell Plq/30;0.021;5.55;0;0;1
3916998;3400939169989;;GRÜNENTHAL / CSP MOUSSY;Non renseigné;CRESTOR 20 mg Cpr pell Plq/90;0.021;16.65;0;0;1
;3400930265543;;GUERBET;Non renseigné;ARTIREM 0,0025 mmol/ml S inj Fl/20ml;0.021;38.54;0;1;1
2690799;3400926907990;;GUERBET;Non renseigné;XENETIX 300 mg Iode/ml S inj 1Fl/20ml;0.021;6.17;0;1;1
3002198;3400930021989;;HAC PHARMA;Non renseigné;ALDOMET 250 mg Cpr enr Plq/30;0.021;2.54;0;0;1
3052569;3400930525692;;HAC PHARMA;Non renseigné;INDOCID 25 mg Gél Fl/30;0.021;2.33;0;0;1
3052575;3400930525753;;HAC PHARMA;Non renseigné;INDOCID 100 mg Suppos B/10;0.021;2.93;0;0;1
3173801;3400931738015;;HAC PHARMA;Non renseigné;ALDOMET 500 mg Cpr enr Plq/30;0.021;4.44;0;0;1
3222959;3400932229598;;HAC PHARMA;Non renseigné;ZYLORIC 300 mg Cpr Plq/28;0.021;1.82;0;0;1
3226526;3400932265268;;HAC PHARMA;Non renseigné;TRANDATE 200 mg Cpr pell Plq/30;0.021;4.35;0;80;1
3231013;3400932310135;;HAC PHARMA;Non renseigné;CHRONO-INDOCID 75 mg Gél Plq/20;0.021;5.42;0;0;1
3259833;3400932598335;;HAC PHARMA;Non renseigné;ZYLORIC 100 mg Cpr Plq/28;0.021;0.96;0;0;1
3272727;3400932727278;;HAC PHARMA;Non renseigné;ZYLORIC 200 mg Cpr Plq/28;0.021;1.45;0;160;1
3295533;3400932955336;;HAC PHARMA;Non renseigné;TROPHICREME 0,1 % Cr vag T/30g;0.021;3.81;0;128;1
3641432;3400936414327;;HAC PHARMA;Non renseigné;IMUREL 25 mg Cpr pell Plq/50;0.021;7.4;0;0;1
3641490;3400936414907;;HAC PHARMA;Non renseigné;IMUREL 50 mg Cpr pell Plq/100;0.021;18.53;0;0;1
3643112;3400936431126;;HAC PHARMA;Non renseigné;PURINETHOL 50 mg Cpr Fl/25;0.021;11.12;0;0;1
3813011;3400938130119;;HAC PHARMA;Non renseigné;PROPYLEX 50 mg Cpr Plq/30;0.021;6.32;0;0;1
3813028;3400938130287;;HAC PHARMA;Non renseigné;PROPYLEX 50 mg Cpr Plq/90;0.021;18.96;0;0;1
3906066;3400939060668;;HAC PHARMA;Non renseigné;FLUCORTAC 50 µg Cpr séc Plq/60;0.021;61.97;0;0;1
3295941;3400932959419;;HALEON;Non renseigné;ADVILMED 400 mg Cpr enr 2Plq/10 (20);0.021;1.48;0;0;1
3312734;3400933127343;;HALEON;Non renseigné;CALTRATE 600 mg Cpr pell Fl/60;0.021;4.62;0;48;1
3364062;3400933640620;;HALEON;Non renseigné;ADVILMED 20 mg/1 ml Susp buv en flacon enfant nourrisson Fl/200ml;0.021;2.2;0;24;1
3396955;3400933969554;;HALEON;Non renseigné;CALTRATE VITAMINE D3 600 mg/400 UI Cpr pell Fl/60;0.021;4.62;0;48;1
3723041;3400937230414;;HALEON;Non renseigné;VOLTARENE EMULGEL 1 % Gel en tube T/50g;0.021;1.52;0;1;1
3738829;3400937388290;;HALEON;Non renseigné;CALTRATE VITAMINE D3 600 mg/400 UI Cpr pell Fl/180;0.021;13.19;0;24;1
;3400930095706;;HORUS PHARMA - SAG;Non renseigné;SINETRAV 40 µg/ml Collyre sol 1Fl/2,5ml;0.021;5.85;0;1;1
;3400930179734;;HORUS PHARMA - SAG;Non renseigné;DEXOCOL 1 mg/ml Collyre sol Fl/6ml;0.021;5.93;0;1;1
;3400930180013;;HORUS PHARMA - SAG;Non renseigné;LATAZED 50 µg/ml Collyre sol 3Fl/2,5ml;0.021;15.84;0;1;1
;3400930232828;;HORUS PHARMA - SAG;Non renseigné;SINETRAV 40 µg/ml Collyre sol 3Fl/2,5ml+syst;0.021;16.67;0;1;1
;3400930234563;;HORUS PHARMA - SAG;Non renseigné;XIOP 50 µg/ml Collyre sol en récipient unidose 30Unid/0,2ml;0.021;6.66;0;80;1
;3400930234594;;HORUS PHARMA - SAG;Non renseigné;XIOP 50 µg/ml Collyre sol en récipient unidose 90Unid/0,2ml;0.021;18.06;0;28;1
;3400930254561;;HORUS PHARMA - SAG;Non renseigné;LATAZED 50 µg/ml Collyre sol Fl/5ml;0.021;10.54;0;1;1
;3400930263723;;HORUS PHARMA - SAG;Non renseigné;LACRYADEX 1 mg/5 mg par g Pom opht T/10g;0.021;3.06;0;1;1
2221461;3400922214610;;HORUS PHARMA - SAG;Non renseigné;MONOKETO Gé 0,25 mg/ml Collyre sol en récipient unidose 60Unid/0,4ml;0.021;5.31;0;36;1
2661912;3400926619121;;HORUS PHARMA - SAG;Non renseigné;MONOOX 1,5 mg/0,5 ml Collyre en sol en récipient unidose 20Unid/0,5ml;0.021;2.6;0;0;1
2795647;3400927956478;;HORUS PHARMA - SAG;Non renseigné;DULCILARMES 1,5 % Collyre sol récip unidose 60unid;0.021;4.81;0;25;1
3344349;3400933443498;;HORUS PHARMA - SAG;Non renseigné;OCUFEN 0,12 mg/0,4 ml Collyre récip unidose 20unid/0,4ml;0.021;2.36;0;55;1
3350261;3400933502614;;HORUS PHARMA - SAG;Non renseigné;OCUFEN 0,12 mg/0,4 ml Collyre récip unidose 50Unid/0,4ml;0.021;5.47;0;30;1
3636684;3400936366848;;HORUS PHARMA - SAG;Non renseigné;MONOSEPT 0,25pmille (0,1mg/0,4ml)30unid/0,4ml;0.021;2.46;0;45;1
;3400930146064;;IBSA PHARMA - SAG / GENÉVRIER / ALLOGA;Non renseigné;FLECTOR 50 mg Cpr Plq/21x1;0.021;2.16;0;1;1
;3400930267554;;IBSA PHARMA - SAG / GENÉVRIER / ALLOGA;Non renseigné;FERTISTARTKIT 900 UI Pdre/solv p sol inj Fl pdr+ser préremp solv;0.021;172.87;0;1;1
3338461;3400933384616;;IBSA PHARMA - SAG / GENÉVRIER / ALLOGA;Non renseigné;FLECTOR 1 % Gel T/60g;0.021;1.69;0;98;1
3778421;3400937784214;;IBSA PHARMA - SAG / GENÉVRIER / ALLOGA;Non renseigné;FLECTOR 1 % Gel Fl/100g;0.021;2.24;0;42;1
3779774;3400937797740;;IBSA PHARMA - SAG / GENÉVRIER / ALLOGA;Non renseigné;BETESIL 2,250 mg Emplâtre médic 8Sach/1;0.021;16.44;0;0;1
;3400930322512;;IMAXIO;Non renseigné;TUBERCULINE PPD RT 23 AJV 2 U/0,1 ml S inj 1Fl/1,5ml;0.021;25.31;0;1;1
3514716;3400935147165;;IMAXIO;Non renseigné;SPIROLEPT 200 MUI/ml Susp inj en seringue préremplie Ser/1ml;0.021;120;0;0;1
;3400930038628;;IMMEDICA FRANCE/ ALLOGA;Non renseigné;AKYNZEO 300 mg/0,5 mg Gél Plq/1;0.021;48.16;0;120;1
3242028;3400932420285;;IMMEDICA FRANCE/ ALLOGA;Non renseigné;FLUCON Collyre Fl/3ml;0.021;1.13;0;0;1
3412737;3400934127373;;IMMEDICA FRANCE/ ALLOGA;Non renseigné;TIMOLOL IMMEDICA 0,50 % Collyre Fl/5ml;0.021;2.86;0;0;1
;3400930276129;;INCYTE / ALLOGA;Non renseigné;OPZELURA 15 mg/g Cr T lam/100g;0.021;763;0;16;1
2161055;3400921610550;;INNOTECH INTERNATIONAL;Non renseigné;POLYGYNAX VIRGO Caps vag Plq/6;0.021;2.19;0;0;1
3380977;3400933809775;;INNOTECH INTERNATIONAL;Non renseigné;IDEOS 500 mg/400 UI Cpr à croquer/sucer T/60;0.021;4.62;0;36;1
4948351;3400949483518;;INNOTECH INTERNATIONAL;Non renseigné;POLYGYNAX Caps vag Plq PVC/PVDC/Alu/6;0.021;2.19;0;154;1
2699524;3400926995249;;IPSEN - SAG / CSP MOUSY;Non renseigné;IZINOVA S à diluer p sol buvable 2Fl/176ml;0.021;6.68;0;24;1
3192307;3400931923077;;IPSEN - SAG / CSP MOUSY;Non renseigné;SMECTA 3 g Pdr susp buv en sachet orange vanille 30Sach;0.021;3.42;0;60;1
3244027;3400932440276;;IPSEN - SAG / CSP MOUSY;Non renseigné;GELOX Susp buv en sachet 30Sach;0.021;3.6;0;24;1
3285026;3400932850266;;IPSEN - SAG / CSP MOUSY;Non renseigné;DECAPEPTYL 0,1 mg Pdre/solv p sol inj SC Fl+Amp/7;0.021;25.1;0;20;1
3288622;3400932886227;;IPSEN - SAG / CSP MOUSY;Non renseigné;FORTRANS Pdr sol buv en sachet 4Sach;0.021;7.4;0;20;1
3394376;3400933943769;;IPSEN - SAG / CSP MOUSY;Non renseigné;DECAPEPTYL LP 3 mg Pdr & solv susp inj LP IM Fl+Amp;0.021;76.61;0;0;1
3412565;3400934125652;;IPSEN - SAG / CSP MOUSY;Non renseigné;DECAPEPTYL LP 11,25 mg Pdr & solv susp inj LP IM SC Fl+Amp/2ml;0.021;234.51;0;100;1
3572872;3400935728722;;IPSEN - SAG / CSP MOUSY;Non renseigné;SOMATULINE LP 60 mg S inj LP en seringue préremplie Ser;0.021;659.37;0;0;1
3572889;3400935728890;;IPSEN - SAG / CSP MOUSY;Non renseigné;SOMATULINE LP 90 mg S inj LP en seringue préremplie Ser;0.021;771.13;0;0;1
3572895;3400935728951;;IPSEN - SAG / CSP MOUSY;Non renseigné;SOMATULINE LP 120 mg S inj LP en seringue préremplie Ser;0.021;882.82;0;36;1
3989017;3400939890173;;IPSEN - SAG / CSP MOUSY;Non renseigné;DECAPEPTYL LP 22,5 mg Pdr & solv susp inj LP Fl+Amp/2ml+Ser+Aig;0.021;469.02;0;0;1
;3400930250402;;Idorsia Pharmaceuticals France SAS;Non renseigné;QUVIVIQ 25 mg Cpr pell Plq/30;0.021;50.56;0;80;1
;3400930250426;;Idorsia Pharmaceuticals France SAS;Non renseigné;QUVIVIQ 50 mg Cpr pell Plq/30;0.021;50.56;0;288;1
;3400930076279;;JANSSEN-CILAG;Non renseigné;ZYTIGA 500 mg Cpr pell 5Plq/12 (60);0.021;1423.08;0;6;1
;3400930156162;;JANSSEN-CILAG;Non renseigné;IMBRUVICA 420 mg Cpr pell Plq/30;0.021;4083.7;0;1;1
;3400930156179;;JANSSEN-CILAG;Non renseigné;IMBRUVICA 560 mg Cpr pell Plq/30;0.021;5440.6;0;1;1
;3400930167267;;JANSSEN-CILAG;Non renseigné;ERLEADA 60 mg Cpr pell Plq/120;0.021;2314.37;0;6;1
;3400930182482;;JANSSEN-CILAG;Non renseigné;IMBRUVICA 140 mg Cpr pell Plq/30;0.021;1369.9;0;1;1
;3400930182505;;JANSSEN-CILAG;Non renseigné;IMBRUVICA 280 mg Cpr pell Plq/30;0.021;2726.8;0;1;1
;3400930277652;;JANSSEN-CILAG;Non renseigné;ERLEADA 240 mg Cpr pell Fl/30;0.021;2314.37;0;12;1
2194669;3400921946697;;JANSSEN-CILAG;Non renseigné;INTELENCE 200 mg Cpr Fl/60;0.021;183.78;0;40;1
2194729;3400921947298;;JANSSEN-CILAG;Non renseigné;EDURANT 25 mg Cpr pell Fl/30;0.021;159.39;0;48;1
2678870;3400926788704;;JANSSEN-CILAG;Non renseigné;PREZISTA 800 mg Cpr pell Fl/30;0.021;258.96;0;0;1
2756831;3400927568312;;JANSSEN-CILAG;Non renseigné;SIMPONI 100 mg S inj en stylo prérempli Stylo/1ml;0.021;471.67;0;0;1
2756848;3400927568480;;JANSSEN-CILAG;Non renseigné;SIMPONI 100 mg S inj en seringue préremplie Ser/1ml;0.021;471.67;0;0;1
3346288;3400933462888;;JANSSEN-CILAG;Non renseigné;SPORANOX 100 mg Gél Plq/30;0.021;27.63;0;0;1
3389487;3400933894870;;JANSSEN-CILAG;Non renseigné;RISPERDAL 1 mg Cpr pell Plq/60;0.021;7.11;0;0;1
3389501;3400933895013;;JANSSEN-CILAG;Non renseigné;RISPERDAL 2 mg Cpr pell Plq/60;0.021;14.2;0;0;1
3423830;3400934238307;;JANSSEN-CILAG;Non renseigné;DUROGESIC 25 µg/h Disp transderm 5Sach;0.021;13.05;0;0;1
3423847;3400934238475;;JANSSEN-CILAG;Non renseigné;DUROGESIC 50 µg/h Disp transderm 5Sach;0.021;17.17;0;0;1
3423853;3400934238536;;JANSSEN-CILAG;Non renseigné;DUROGESIC 75 µg/h Disp transderm 5Sach;0.021;23.82;0;0;1
3423876;3400934238765;;JANSSEN-CILAG;Non renseigné;DUROGESIC 100 µg/h Disp transderm 5Sach;0.021;29.24;0;0;1
3439802;3400934398025;;JANSSEN-CILAG;Non renseigné;RISPERDAL 1 mg/ml S buv Fl/30ml+ser;0.021;4.46;0;30;1
3439819;3400934398193;;JANSSEN-CILAG;Non renseigné;RISPERDAL 1 mg/ml S buv Fl/60ml+Ser;0.021;8.91;0;16;1
3439848;3400934398483;;JANSSEN-CILAG;Non renseigné;RISPERDAL 1 mg/ml S buv Fl/120ml+ser;0.021;17.82;0;0;1
3442738;3400934427381;;JANSSEN-CILAG;Non renseigné;RISPERDAL 4 mg Cpr pell Plq/30;0.021;7.48;0;0;1
3483051;3400934830518;;JANSSEN-CILAG;Non renseigné;EPITOMAX 15 mg Gél Fl/28;0.021;8.39;0;0;1
3483068;3400934830686;;JANSSEN-CILAG;Non renseigné;EPITOMAX 25 mg Gél Fl/28;0.021;3.62;0;48;1
3483074;3400934830747;;JANSSEN-CILAG;Non renseigné;EPITOMAX 50 mg Gél Fl/28;0.021;4.81;0;48;1
3551479;3400935514790;;JANSSEN-CILAG;Non renseigné;PARIET 20 mg Cpr gastro-rés Plq thermof/28;0.021;5.47;0;140;1
3563413;3400935634139;;JANSSEN-CILAG;Non renseigné;EPITOMAX 50 mg Cpr pell Plq thermo/28;0.021;4.81;0;100;1
3563442;3400935634429;;JANSSEN-CILAG;Non renseigné;EPITOMAX 100 mg Cpr pell Plq thermo/28;0.021;9.21;0;100;1
3563465;3400935634658;;JANSSEN-CILAG;Non renseigné;EPITOMAX 200 mg Cpr pell Plq thermo/28;0.021;9.21;0;0;1
3567440;3400935674401;;JANSSEN-CILAG;Non renseigné;PARIET 10 mg Cpr gastro-rés Plq thermof/28;0.021;5.47;0;0;1
3615541;3400936155411;;JANSSEN-CILAG;Non renseigné;CONCERTA LP 18 mg Cpr LP Fl/28;0.021;11.73;0;0;1
3615558;3400936155589;;JANSSEN-CILAG;Non renseigné;CONCERTA LP 36 mg Cpr LP Fl/28;0.021;15.96;0;0;1
3615564;3400936155640;;JANSSEN-CILAG;Non renseigné;CONCERTA LP 54 mg Cpr LP Fl/28;0.021;18.68;0;0;1
3624913;3400936249134;;JANSSEN-CILAG;Non renseigné;RISPERDALCONSTALP 25mg/2ml P/S SuI Fl+Ser/2ml;0.021;51.74;0;0;1
3624936;3400936249363;;JANSSEN-CILAG;Non renseigné;RISPERDALCONSTALP 37,5mg/2ml P/S Fl+Ser/2ml;0.021;67.11;0;0;1
3624942;3400936249424;;JANSSEN-CILAG;Non renseigné;RISPERDALCONSTALP 50mg/2ml P/S SuI Fl+Ser/2ml;0.021;82.49;0;50;1
3698515;3400936985155;;JANSSEN-CILAG;Non renseigné;DUROGESIC 12 µg/h Disp transderm 5Sach;0.021;9.16;0;0;1
3699236;3400936992368;;JANSSEN-CILAG;Non renseigné;EPREX 40 000 UI/1ml S inj seringue préremplie Ser/1ml;0.021;162.21;0;0;1
3832764;3400938327649;;JANSSEN-CILAG;Non renseigné;EPREX 30 000 UI/0.75ml S inj seringue préremplie Ser/0,75 ml;0.021;121.78;0;0;1
3874260;3400938742602;;JANSSEN-CILAG;Non renseigné;INTELENCE 100 mg Cpr Fl/120;0.021;183.78;0;0;1
3931408;3400939314082;;JANSSEN-CILAG;Non renseigné;PREZISTA 600 mg Cpr pell Fl/60;0.021;414.93;0;0;1
3973074;3400939730745;;JANSSEN-CILAG;Non renseigné;SIMPONI 50 mg S inj en stylo prérempli Stylo prérempli/0,5ml;0.021;471.67;0;30;1
3973097;3400939730974;;JANSSEN-CILAG;Non renseigné;SIMPONI 50 mg S inj en seringue préremplie Ser/0,5ml;0.021;471.67;0;0;1
4176658;3400941766589;;JANSSEN-CILAG;Non renseigné;XEPLION 25 mg Susp inj LP 1Ser+2aig;0.021;52.8;0;0;1
4176664;3400941766640;;JANSSEN-CILAG;Non renseigné;XEPLION 50 mg Susp inj LP 1Ser+2aig;0.021;105.61;0;10;1
4176670;3400941766701;;JANSSEN-CILAG;Non renseigné;XEPLION 75 mg Susp inj LP 1Ser+2aig;0.021;137.28;0;0;1
4176687;3400941766879;;JANSSEN-CILAG;Non renseigné;XEPLION 100 mg Susp inj LP 1Ser+2aig;0.021;168.98;0;10;1
4176693;3400941766930;;JANSSEN-CILAG;Non renseigné;XEPLION 150 mg Susp inj LP 1Ser+2aig;0.021;253.46;0;10;1
2241067;3400922410678;;JOHNSON & JOHNSON GROSSISTE;Nicorette;NICORETTESPRAY 1 mg/dose S pulv bucc 2Fl/13,2ml;0.021;15.46;0;1;1
3709696;3400937096966;;JOHNSON & JOHNSON GROSSISTE;Nicorette;NICORETTE 2 mg Gom à mâcher médic sans sucre menthe glaciale Plq/105;0.021;9.88;0;16;1
3709839;3400937098397;;JOHNSON & JOHNSON GROSSISTE;Nicorette;NICORETTE 4 mg Gom à mâcher médic sans sucre menthe glaciale Plq/105;0.021;9.88;0;16;1
3709957;3400937099578;;JOHNSON & JOHNSON GROSSISTE;Nicorette;NICORETTE 2 mg Gom à mâcher médic sans sucre fruits Plq/105;0.021;9.88;0;16;1
3710073;3400937100731;;JOHNSON & JOHNSON GROSSISTE;Nicorette;NICORETTE 4 mg Gom à mâcher médic fruits sans sucre Plq/105;0.021;9.88;0;16;1
3757695;3400937576956;;JOHNSON & JOHNSON GROSSISTE;Nicorette;NICORETTE 2 mg Gom à mâcher médic sans sucre fruits Plq/210;0.021;19.75;0;24;1
3763075;3400937630757;3400937630757;JOHNSON & JOHNSON GROSSISTE;Nicorette;NICORETTE 4 mg Gom à mâcher médic sans sucre édulcorée au sorbitol Plq/105;0.021;9.88;0;48;1
3763112;3400937631129;;JOHNSON & JOHNSON GROSSISTE;Nicorette;NICORETTE 2 mg Gom à mâcher médic sans sucre édulcorée au sorbitol Plq/105;0.021;9.88;0;48;1
3763129;3400937631297;;JOHNSON & JOHNSON GROSSISTE;Nicorette;NICORETTE 2 mg Gom à mâcher médic sans sucre édulcorée au sorbitol Plq/210;0.021;19.75;0;24;1
3763135;3400937631358;;JOHNSON & JOHNSON GROSSISTE;Nicorette;NICORETTE 2 mg Gom à mâcher médic sans sucre menthe fraîche Plq/105;0.021;9.88;0;16;1
3763158;3400937631587;;JOHNSON & JOHNSON GROSSISTE;Nicorette;NICORETTE 4 mg Gom à mâcher médic sans sucre menthe fraîche Plq/105;0.021;9.88;0;16;1
3799239;3400937992398;;JOHNSON & JOHNSON GROSSISTE;Nicorette;NICORETTE MICROTAB 2 mg Cpr subl Plq/100;0.021;8.47;0;54;1
3900336;3400939003368;;JOHNSON & JOHNSON GROSSISTE;Nicorette;NICORETTE 2 mg Gom à mâcher médic sans sucre menthe glaciale Plq/210;0.021;19.75;0;24;1
3965092;3400939650920;;JOHNSON & JOHNSON GROSSISTE;Nicoretteskin;NICORETTESKIN 15 mg/16 h Disp transderm 28Sach;0.021;20.35;0;72;1
3965100;3400939651002;;JOHNSON & JOHNSON GROSSISTE;Nicoretteskin;NICORETTESKIN 25 mg/16 h Disp transderm 7Sach;0.021;5.09;0;0;1
3234017;3400932340170;;JOHNSON & JOHNSON GROSSISTE;Non renseigné;FLUVERMAL Cpr Plq/6;0.021;2.02;0;120;1
3244079;3400932440795;;JOHNSON & JOHNSON GROSSISTE;Non renseigné;FLUVERMAL 2 % Susp buv Fl/30ml;0.021;2.25;0;25;1
3515822;3400935158222;;JOHNSON & JOHNSON GROSSISTE;Non renseigné;RHINOCORT 64 µg/dose Susp pulv nas Fl/120doses;0.021;4.78;0;48;1
3763141;3400937631419;;JOHNSON & JOHNSON GROSSISTE;Non renseigné;NICORETTE 2 mg Gom à mâcher médic sans sucre menthe fraîche Plq/210;0.021;19.75;0;24;1
3965057;3400939650579;;JOHNSON & JOHNSON GROSSISTE;Non renseigné;NICORETTESKIN 10 mg/16 h Disp transderm 28Sach;0.021;20.35;0;0;1
3965123;3400939651231;;JOHNSON & JOHNSON GROSSISTE;Non renseigné;NICORETTESKIN 25 mg/16 h Disp transderm 28Sach;0.021;20.35;0;72;1
3005328;3400930053287;;JOLLY-JATEL GROSSISTE / EURODEP;Non renseigné;ANTIBIO SYNALAR S p inst aur Fl/10ml;0.021;1.63;0;150;1
3081996;3400930819968;;JOLLY-JATEL GROSSISTE / EURODEP;Non renseigné;PERNAZENE 0,05 % S pulv nas Néb/12ml;0.021;1.03;0;310;1
2180420;3400921804201;;JUVISE PHARMACEUTICALS / ALLOGA ;Non renseigné;PYLERA 140 mg/125 mg/125 mg Gél Fl/120;0.021;44.83;0;15;1
3391633;3400933916336;;JUVISE PHARMACEUTICALS / ALLOGA ;Non renseigné;CASODEX 50 mg Cpr enr Plq/30;0.021;33.06;0;1;1
3423652;3400934236525;;JUVISE PHARMACEUTICALS / ALLOGA ;Non renseigné;ARIMIDEX 1 mg Cpr pell Plq/30;0.021;21.45;0;0;1
3719654;3400937196543;;JUVISE PHARMACEUTICALS / ALLOGA ;Non renseigné;ESIDREX 25 mg Cpr séc Plq/30;0.021;1.17;0;160;1
3719660;3400937196604;;JUVISE PHARMACEUTICALS / ALLOGA ;Non renseigné;ESIDREX 25 mg Cpr séc Plq/90;0.021;3.11;0;96;1
3909521;3400939095219;;JUVISE PHARMACEUTICALS / ALLOGA ;Non renseigné;ARIMIDEX 1 mg Cpr pell Plq/90;0.021;61.12;0;0;1
;3400930104934;;KARO PHARMA / ALLOGA  AMIENS;Non renseigné;SELEXID 200 mg Cpr pell Plq/20;0.021;7.16;0;40;1
;3400930104941;;KARO PHARMA / ALLOGA  AMIENS;Non renseigné;SELEXID 200 mg Cpr pell Plq/28;0.021;10.03;0;1;1
3028884;3400930288849;;KARO PHARMA / ALLOGA  AMIENS;Non renseigné;DELIPROCT Suppos Plq/6;0.1;5.91;0;120;1
3185224;3400931852247;;KARO PHARMA / ALLOGA  AMIENS;Non renseigné;PEVARYL 1 % Cr T/30g;0.021;3.17;0;0;1
3202276;3400932022762;;KARO PHARMA / ALLOGA  AMIENS;Non renseigné;GYNO PEVARYL 150 mg Ov B/3;0.021;3.07;0;0;1
3285842;3400932858422;;KARO PHARMA / ALLOGA  AMIENS;Non renseigné;BURINEX 2 mg/4 ml S inj en ampoule IV 5Amp/4ml;0.021;5.68;0;0;1
3293965;3400932939657;;KARO PHARMA / ALLOGA  AMIENS;Non renseigné;BURINEX 1 mg Cpr Plq Alu/PVC/30;0.021;3.1;0;100;1
3312616;3400933126162;;KARO PHARMA / ALLOGA  AMIENS;Non renseigné;CONDYLINE 0,5 % S appl cut Fl/3,5ml;0.021;15.04;0;0;1
3321733;3400933217334;;KARO PHARMA / ALLOGA  AMIENS;Non renseigné;KALEORID LP 600 mg Cpr LP Plq/30;0.021;1.22;0;200;1
3327782;3400933277826;;KARO PHARMA / ALLOGA  AMIENS;Non renseigné;KALEORID LP 1000 mg Cpr LP Plq/30;0.021;1.69;0;200;1
3338685;3400933386856;;KARO PHARMA / ALLOGA  AMIENS;Non renseigné;FONX 1 % Cr en tube T/15g;0.021;2.48;0;0;1
3342362;3400933423629;;KARO PHARMA / ALLOGA  AMIENS;Non renseigné;PEVARYL 1 % Pdr appl cut en flacon Fl pdreur/30g;0.021;4.53;0;0;1
3452139;3400934521393;;KARO PHARMA / ALLOGA  AMIENS;Non renseigné;BURINEX 5 mg Cpr Film/30;0.021;13.33;0;0;1
3500186;3400935001863;;KARO PHARMA / ALLOGA  AMIENS;Non renseigné;LAMISILDERMGEL 1% Gel T/15g;0.021;3.6;0;0;1
3558553;3400935585530;;KARO PHARMA / ALLOGA  AMIENS;Non renseigné;LAMISIL 1% S pulv cut Fl/15ml;0.021;3.6;0;0;1
3372848;3400933728489;;KREUSSLER PHARMA;Non renseigné;PREXIDINE 0,12 % S bain bouche Fl/200ml;0.021;1.82;0;24;1
3527989;3400935279897;;KREUSSLER PHARMA / CGV;Non renseigné;DYNEXAN 2 % Cr buccale T/10g;0.021;3.02;0;0;1
;3400930259061;;KRKA FRANCE - SAG / CSP COURNON;Non renseigné;SITAGLIPTINE HCS 50 mg Cpr pell séc Plq/30;0.021;4.89;0.3;1;1
2762292;3400927622922;;KRKA FRANCE - SAG / CSP COURNON;Non renseigné;OPRYMEA Gé 2,1 mg Cpr LP Plq/30;0.021;22.3;0;0;1
;3400930235942;;LABORATOIRE XO ;Non renseigné;MANTADIX 100 mg Caps Plq Alu/PVC/PE/PVDC/50;0.021;6.17;0;1;1
3105283;3400931052838;;LABORATOIRE XO ;Non renseigné;THERALENE 5 mg Cpr pell séc Fl/50;0.021;1.49;0;210;1
3105308;3400931053088;;LABORATOIRE XO ;Non renseigné;THERALENE 4 % S buv Fl/30ml;0.021;1.62;0;84;1
3164854;3400931648543;;LABORATOIRE XO ;Non renseigné;NEBCINE 25 mg S inj Fl/2,5ml;0.021;2.46;0;0;1
3164877;3400931648772;;LABORATOIRE XO ;Non renseigné;NEBCINE 100 mg S inj Fl amp/2ml;0.021;2.87;0;192;1
3203169;3400932031696;3400932031696;LABORATOIRE XO ;Non renseigné;TROLOVOL 300 mg Cpr pell Plq/30;0.021;16.77;0;0;1
3278173;3400932781737;;LABORATOIRE XO ;Non renseigné;LOXEN 20 mg Cpr séc Plq/30;0.021;3.21;0;140;1
3278204;3400932782048;;LABORATOIRE XO ;Non renseigné;LOXEN 20 mg Cpr séc Plq/90;0.021;9.04;0;0;1
3295510;3400932955107;;LABORATOIRE XO ;Non renseigné;LOXEN LP 50 mg Gél LP Plq/60;0.021;9.98;0;50;1
3297578;3400932975785;;LABORATOIRE XO ;Non renseigné;LOGIRENE Cpr séc Plq/30;0.021;4.5;0;0;1
3345024;3400933450243;;LABORATOIRE XO ;Non renseigné;EXACOR 130 mg Cpr pell séc Plq/30;0.021;10.48;0;0;1
3352969;3400933529697;;LABORATOIRE XO ;Non renseigné;INOFER 100 mg Cpr pell Plq/100;0.021;4.36;0;0;1
3411689;3400934116896;;LABORATOIRE XO ;Non renseigné;MYNOCINE 100 mg Gél Plq PVC/Alu/15;0.021;5.05;0;0;1
3719648;3400937196482;;LABORATOIRE XO ;Non renseigné;LOXEN LP 50 mg Gél LP Plq/180;0.021;28.45;0;28;1
3438725;3400934387258;;LABORATOIRES GRUNENTHAL STUP;Non renseigné;ORAMORPH 10 mg/5 ml S buv en récipient unidose 10Unid/5ml;0.021;4.53;0;0;1
3438748;3400934387487;;LABORATOIRES GRUNENTHAL STUP;Non renseigné;ORAMORPH 30 mg/5 ml S buv en récipient unidose 10Unid/5ml;0.021;4.53;0;0;1
3438760;3400934387609;;LABORATOIRES GRUNENTHAL STUP;Non renseigné;ORAMORPH 100 mg/5 ml S buv en récipient unidose 10Unidoses/5ml;0.021;4.53;0;0;1
3658728;3400936587281;;LABORATOIRES GRUNENTHAL STUP;Non renseigné;ORAMORPH 20 mg/1 ml S buv en goutte Fl/20ml;0.021;12.02;0;50;1
4966633;3400949666331;;LABORATOIRES GRUNENTHAL STUP;Non renseigné;PECFENT 100 µg/pulvérisation S pulv nas Fl/1,55ml;0.021;38.23;0;30;1
4966662;3400949666621;;LABORATOIRES GRUNENTHAL STUP;Non renseigné;PECFENT 400 µg/pulvérisation S pulv nas Fl/1,55ml;0.021;38.23;0;30;1
;3400930074985;;LABORATOIRES LEO / ALLOGA  AMIENS;Non renseigné;ENSTILAR 50 µg/0,5 mg/g Msse cut Fl/60g;0.021;29.99;0;30;1
;3400930074992;;LABORATOIRES LEO / ALLOGA  AMIENS;Non renseigné;ENSTILAR 50 µg/0,5 mg/g Msse cut 2Fl/60g;0.021;59.99;0;15;1
3222356;3400932223565;;LABORATOIRES LEO / ALLOGA  AMIENS;Non renseigné;NERISONE Pom T/30g;0.021;1.93;0;80;1
3222362;3400932223626;;LABORATOIRES LEO / ALLOGA  AMIENS;Non renseigné;NERISONE GRAS Pom T/30g;0.021;1.93;0;1;1
3222379;3400932223794;;LABORATOIRES LEO / ALLOGA  AMIENS;Non renseigné;NERISONE 0,1 % Cr T/30g;0.021;1.93;0;80;1
3322715;3400933227159;;LABORATOIRES LEO / ALLOGA  AMIENS;Non renseigné;FUCIDINE 100 mg/2 ml Susp buv en flacon nourrisson Fl/50ml;0.021;8.17;0;0;1
3322721;3400933227210;;LABORATOIRES LEO / ALLOGA  AMIENS;Non renseigné;FUCIDINE 250 mg/5 ml Susp buv en flacon enfant Fl/90ml;0.021;13.24;0;1;1
3343338;3400933433383;;LABORATOIRES LEO / ALLOGA  AMIENS;Non renseigné;INNOHEP 3500UIAXa S inj SC 10Ser/0,35ml;0.021;29.85;0;1;1
3397251;3400933972516;;LABORATOIRES LEO / ALLOGA  AMIENS;Non renseigné;INNOHEP 10 000 UI anti-Xa/0,5 ml S inj SC 10Ser/0,5ml;0.021;88.65;0;20;1
3397280;3400933972806;;LABORATOIRES LEO / ALLOGA  AMIENS;Non renseigné;INNOHEP 14 000 UI anti-Xa/0,7 ml S inj SC 10Ser/0.7ml;0.021;110.16;0;20;1
3397311;3400933973117;;LABORATOIRES LEO / ALLOGA  AMIENS;Non renseigné;INNOHEP 18 000 UI anti-Xa/0,9 ml S inj 10Ser/0,9ml;0.021;132.5;0;20;1
3421713;3400934217135;;LABORATOIRES LEO / ALLOGA  AMIENS;Non renseigné;INNOHEP 4500UIAXa S inj SC 10Ser/0,45ml;0.021;39.79;0;20;1
3563488;3400935634887;;LABORATOIRES LEO / ALLOGA  AMIENS;Non renseigné;DAIVONEX 50µg/g Pom T/120g;0.021;24.91;0;1;1
3563494;3400935634948;;LABORATOIRES LEO / ALLOGA  AMIENS;Non renseigné;DAIVONEX 50 µg/g Cr T/120g;0.021;24.91;0;50;1
3592219;3400935922199;;LABORATOIRES LEO / ALLOGA  AMIENS;Non renseigné;PROTOPIC 0,03 % Pom T/30g;0.021;23.07;0;0;1
3592231;3400935922311;;LABORATOIRES LEO / ALLOGA  AMIENS;Non renseigné;PROTOPIC 0,1 % Pom T/30g;0.021;17.48;0;0;1
3608268;3400936082687;;LABORATOIRES LEO / ALLOGA  AMIENS;Non renseigné;DAIVOBET 50 µg/0,5 mg/g Pom T/60g;0.021;19.69;0;100;1
3676637;3400936766372;;LABORATOIRES LEO / ALLOGA  AMIENS;Non renseigné;FUCIDINE 250 mg Cpr pell Plq/10;0.021;6.06;0;120;1
3896936;3400938969368;;LABORATOIRES LEO / ALLOGA  AMIENS;Non renseigné;DAIVOBET 50 µg/0,5 mg/g Gel Fl/60g;0.021;19.69;0;50;1
3896971;3400938969719;;LABORATOIRES LEO / ALLOGA  AMIENS;Non renseigné;XAMIOL 50 µg/0,5 mg/g Gel Fl/60g;0.021;19.69;0;50;1
;3400930176061;;LEURQUIN MEDIOLANUM / EURODEP;Non renseigné;PREMINOR 5 mg/10 mg Gél Plq/30;0.021;6.51;0;1;1
;3400930176085;;LEURQUIN MEDIOLANUM / EURODEP;Non renseigné;PREMINOR 10 mg/5 mg Gél Plq/30;0.021;6.51;0;1;1
;3400930176115;;LEURQUIN MEDIOLANUM / EURODEP;Non renseigné;PREMINOR 5 mg/5 mg Gél Plq/30;0.021;6.51;0;116;1
;3400930176139;;LEURQUIN MEDIOLANUM / EURODEP;Non renseigné;PREMINOR 10 mg/10 mg Gél Plq/30;0.021;6.51;0;1;1
;3400930201015;;LEURQUIN MEDIOLANUM / EURODEP;Non renseigné;NIFEXINE Cr rect T/30g;0.021;8.74;0;1;1
;3400930000854;;LILLY FRANCE GROSSISTE;Non renseigné;HUMALOG KWIKPEN 200 U/ml S inj en stylo prérempli 5Stylo/3ml;0.021;52.57;0;32;1
;3400930003732;;LILLY FRANCE GROSSISTE;Non renseigné;TRULICITY 0,75 mg S inj en stylo prérempli B/4;0.021;73.2;0;24;1
;3400930003763;;LILLY FRANCE GROSSISTE;Non renseigné;TRULICITY 1,5 mg S inj en stylo prérempli B/4;0.021;73.2;0;24;1
;3400930040072;;LILLY FRANCE GROSSISTE;Non renseigné;ABASAGLAR KWIKPEN 100 U/ml Sol inj stylo prérempli 5Stylo/3ml (1 à 80 U);0.021;30.67;0;32;1
;3400930060759;;LILLY FRANCE GROSSISTE;Non renseigné;TALTZ 80 mg S inj en stylo prérempli Stylo/1ml;0.021;812.23;0;20;1
;3400930060797;;LILLY FRANCE GROSSISTE;Non renseigné;TALTZ 80 mg S inj en seringue préremplie Ser/1ml;0.021;812.23;0;1;1
;3400930087398;;LILLY FRANCE GROSSISTE;Non renseigné;OLUMIANT 4 mg Cpr pell Plq/28;0.021;519.54;0;1;1
;3400930125267;;LILLY FRANCE GROSSISTE;Non renseigné;HUMALOG JUNIOR KWIKPEN 100 U/ml S inj en stylo prérempli 5Stylo/3ml;0.021;25.52;0;1;1
;3400930162965;;LILLY FRANCE GROSSISTE;Non renseigné;VERZENIOS 50 mg Cpr pell Plq/56;0.021;1565.88;0;1;1
;3400930162989;;LILLY FRANCE GROSSISTE;Non renseigné;VERZENIOS 100 mg Cpr pell Plq/56;0.021;1565.88;0;1;1
;3400930163009;;LILLY FRANCE GROSSISTE;Non renseigné;VERZENIOS 150 mg Cpr pell Plq/56;0.021;1565.88;0;1;1
;3400930195291;;LILLY FRANCE GROSSISTE;Non renseigné;BAQSIMI 3 mg Pdre nasal récip unidos Unid;0.021;52.41;0;32;1
;3400930204009;;LILLY FRANCE GROSSISTE;Non renseigné;LYUMJEV JUNIOR KWIKPEN 100 U/ml S inj en stylo prérempli 5Stylo/3ml;0.021;25.52;0;1;1
;3400930204023;;LILLY FRANCE GROSSISTE;Non renseigné;LYUMJEV KWIKPEN 200 U/ml S inj en stylo prérempli 5Stylo/3ml;0.021;50.52;0;1;1
;3400930216453;;LILLY FRANCE GROSSISTE;Non renseigné;TRULICITY 3 mg S inj en stylo prérempli 4Stylos;0.021;73.2;0;24;1
;3400930216484;;LILLY FRANCE GROSSISTE;Non renseigné;TRULICITY 4,5 mg S inj en stylo prérempli 4Stylo;0.021;73.2;0;24;1
;3400930292907;;LILLY FRANCE GROSSISTE;Non renseigné;MOUNJARO KWIKPEN 2,5 mg/dose Sol inj stylo prérempli Stylo/2,4ml;0.1;162.26;0;64;1
;3400930292914;;LILLY FRANCE GROSSISTE;Non renseigné;MOUNJARO KWIKPEN 5 mg/dose Sol inj stylo prérempli Stylo/2,4ml;0.1;220.5;0;64;1
;3400930292938;;LILLY FRANCE GROSSISTE;Non renseigné;MOUNJARO KWIKPEN 7,5 mg/dose Sol inj stylo prérempli Stylo/2,4ml;0.1;308.68;0;64;1
;3400930292945;;LILLY FRANCE GROSSISTE;Non renseigné;MOUNJARO KWIKPEN 10 mg/dose Sol inj stylo prérempli Stylo/2,4ml;0.1;308.68;0;64;1
;3400930292952;;LILLY FRANCE GROSSISTE;Non renseigné;MOUNJARO KWIKPEN 12,5 mg/dose Sol inj stylo prérempli Stylo/2,4ml;0.1;396.9;0;1;1
;3400930292976;;LILLY FRANCE GROSSISTE;Non renseigné;MOUNJARO KWIKPEN 15 mg/dose Sol inj stylo prérempli Stylo/2,4ml;0.1;396.9;0;1;1
3414268;3400934142680;;LILLY FRANCE GROSSISTE;Non renseigné;HUMALOG 100 U/ml S inj en flacon Fl/10ml;0.021;12.85;0;200;1
3437393;3400934373930;;LILLY FRANCE GROSSISTE;Non renseigné;HUMALOG 100 U/ml Sol inj cart 5Cart/3ml;0.021;21.73;0;0;1
3487824;3400934878244;;LILLY FRANCE GROSSISTE;Non renseigné;UMULINE PROFIL 30 KWIKPEN 100 UI/ml Susp inj 5Stylo/3ml;0.021;27.52;0;0;1
3487882;3400934878824;;LILLY FRANCE GROSSISTE;Non renseigné;UMULINE NPH KWIKPEN 100 UI/ml Susp inj 5Stylo/3ml;0.021;27.52;0;0;1
3622162;3400936221628;;LILLY FRANCE GROSSISTE;Non renseigné;FORSTEO 20 µg/80 µl S inj en stylo prérempli Cart/2,4ml;0.021;186.45;0;48;1
3851098;3400938510980;;LILLY FRANCE GROSSISTE;Non renseigné;HUMALOG KWIKPEN 100 U/ml S inj 5Stylo/3ml;0.021;25.52;0;32;1
3851106;3400938511062;;LILLY FRANCE GROSSISTE;Non renseigné;HUMALOG MIX25 KWIKPEN 100 U/ml Susp inj 5Stylo/3ml;0.021;25.52;0;0;1
3851112;3400938511123;;LILLY FRANCE GROSSISTE;Non renseigné;HUMALOG MIX50 KWIKPEN 100 U/ml Susp inj 5Stylo/3ml;0.021;25.52;0;0;1
2744348;3400927443480;;LUNDBECK SAS;Non renseigné;SELINCRO 18 mg Cpr pell Plq/14;0.021;36.09;0;0;1
2770802;3400927708022;;LUNDBECK SAS;Non renseigné;BRINTELLIX 5 mg Cpr pell Plq/28;0.021;9.27;0;162;1
2770819;3400927708190;;LUNDBECK SAS;Non renseigné;BRINTELLIX 10 mg Cpr pell Plq/28;0.021;18.54;0;162;1
2770825;3400927708251;;LUNDBECK SAS;Non renseigné;BRINTELLIX 15 mg Cpr pell Plq/28;0.021;19.55;0;9;1
2770831;3400927708312;;LUNDBECK SAS;Non renseigné;BRINTELLIX 20 mg Cpr pell Plq/28;0.021;25.49;0;9;1
3165552;3400931655527;;LUNDBECK SAS;Non renseigné;FLUANXOL 4 % S buv Fl/10ml;0.021;4.66;0;0;1
3263496;3400932634965;;LUNDBECK SAS;Non renseigné;FLUANXOL LP 100 mg/1 ml S inj IM 1Amp/1ml;0.021;5.39;0;120;1
3294798;3400932947980;;LUNDBECK SAS;Non renseigné;CLOPIXOL 2 % S buv en gouttes Fl/20ml;0.021;6.96;0;0;1
3294806;3400932948062;;LUNDBECK SAS;Non renseigné;CLOPIXOL ACTION PROLONGEE 200 mg/ml S inj IM Amp/1ml;0.021;5.39;0;120;1
3383361;3400933833619;;LUNDBECK SAS;Non renseigné;SEROPRAM 20 mg Cpr pell séc Plq/28;0.021;4.84;0;0;1
3465372;3400934653728;;LUNDBECK SAS;Non renseigné;SEROPRAM 40 mg/ml S buv Fl/12ml+Ser;0.021;19.27;0;0;1
3599351;3400935993519;;LUNDBECK SAS;Non renseigné;SEROPLEX 5 mg Cpr pell Plq/28;0.021;4.07;0;0;1
3599374;3400935993748;;LUNDBECK SAS;Non renseigné;SEROPLEX 10 mg Cpr pell séc Plq/28;0.021;4.07;0;0;1
3599397;3400935993977;;LUNDBECK SAS;Non renseigné;SEROPLEX 15 mg Cpr pell séc Plq/28;0.021;4.07;0;1;1
3599411;3400935994110;;LUNDBECK SAS;Non renseigné;SEROPLEX 20 mg Cpr pell séc Plq/28;0.021;4.07;0;0;1
3695416;3400936954168;;LUNDBECK SAS;Non renseigné;CLOPIXOL 10 mg Cpr pell Plq/30;0.021;3.52;0;108;1
3695439;3400936954397;;LUNDBECK SAS;Non renseigné;CLOPIXOL 25 mg Cpr pell Plq/30;0.021;8.01;0;108;1
3820459;3400938204599;;LUNDBECK SAS;Non renseigné;SEROPLEX 20 mg/ml S buv en gouttes Fl/15ml;0.021;10.77;0;0;1
2217896;3400922178967;;MAJORELLE / ALLOGA ARRAS;Non renseigné;OPTILOVA 20 µg/100 µg Cpr pell 1Plq/21 blanc+7 rouge;0.021;1.26;0;0;1
2217904;3400922179049;;MAJORELLE / ALLOGA ARRAS;Non renseigné;OPTILOVA 20 µg/100 µg Cpr pell 3Plq/21 blanc+7 rouge;0.021;3.23;0;160;1
2675268;3400926752682;;MAJORELLE / ALLOGA ARRAS;Non renseigné;OPTIDRIL 30 µg/150 µg Cpr pell 3Plq/21 jaune+7 rouge;0.021;3.23;0;160;1
2740698;3400927406980;;MAJORELLE / ALLOGA ARRAS;Non renseigné;OPTIMIZETTE Gé 75 µg Cpr pell 3Plq/28 (84);0.021;2.54;0;112;1
2754387;3400927543876;;MAJORELLE / ALLOGA ARRAS;Non renseigné;VITAROS 300 µg Cr 4Réc unid/100mg;0.021;30.75;0;1;1
2757003;3400927570032;;MAJORELLE / ALLOGA ARRAS;Non renseigné;TROSPIPHARM Gé 20 mg Cpr pell Plq/30;0.021;2.76;0;90;1
3222304;3400932223046;;MAJORELLE / ALLOGA ARRAS;Non renseigné;FAZOL Cr T/30g;0.021;3.02;0;0;1
3380724;3400933807245;;MAJORELLE / ALLOGA ARRAS;Non renseigné;TRINIPATCH 5 mg/24 h Disp transderm (22,4 mg / 7 cm²) 30Sach/1dispo;0.021;10.46;0;0;1
3380730;3400933807306;;MAJORELLE / ALLOGA ARRAS;Non renseigné;TRINIPATCH 10 mg/24 h Disp transderm (44,8 mg / 14 cm2) 30Sach/1dispo;0.021;11.39;0;0;1
3476708;3400934767081;;MAJORELLE / ALLOGA ARRAS;Non renseigné;TRINIPATCH 15 mg/24 h Disp transderm (67,2 mg/21 cm²) 30Sach/1dispo;0.021;12.32;0;0;1
;3400930012260;;MAYOLY-SPINDLER-SAG;Non renseigné;EUROBIOL 12 500 U Gél gastrorés Fl/100;0.021;16.78;0;1;1
;3400930087688;;MAYOLY-SPINDLER-SAG;Non renseigné;CALCIDOSE VITAMINE D3 500 mg/800 UI Pdr sol buv en sachet 30Sach/2,6g;0.021;4.62;0;1;1
;3400930303337;;MAYOLY-SPINDLER-SAG;Non renseigné;EUROBIOL 25 000 U Gél gastro-rés Fl/100+sec enf;0.021;27.74;0;1;1
;3400930303344;;MAYOLY-SPINDLER-SAG;Non renseigné;EUROBIOL 40 000 U Gél gastro-rés Fl/50+sec enf;0.021;21.51;0;40;1
;3400930314418;;MAYOLY-SPINDLER-SAG;Non renseigné;CODEINE-ERYSIMUM MAYOLY SPINDLER Sirop sans sucre Fl verre/300ml+gob;0.021;2.58;0;1;1
2190625;3400921906257;;MAYOLY-SPINDLER-SAG;Non renseigné;CHOLURSO 250 mg Cpr pell Plq/60;0.021;17.93;0;0;1
2190660;3400921906608;3400921906608;MAYOLY-SPINDLER-SAG;Non renseigné;CHOLURSO 500 mg Cpr pell séc Plq/60;0.021;35.89;0;126;1
3031116;3400930311165;3400930311165;MAYOLY-SPINDLER-SAG;Non renseigné;COLCHICINA LIRCA 1 mg Cpr Plq/30 [AIT];0.021;3.06;0;130;1
3325406;3400933254063;;MAYOLY-SPINDLER-SAG;Non renseigné;METEOSPASMYL Caps molle Plq PVC/alu/20;0.021;2.18;0;144;1
3383088;3400933830885;;MAYOLY-SPINDLER-SAG;Non renseigné;CALCIDOSE VITAMINE D3 500 mg/400 UI Pdr sol buv en sachet 60Sach;0.021;4.62;0;48;1
3392236;3400933922368;;MAYOLY-SPINDLER-SAG;Non renseigné;CALCIDOSE Pdr susp buv en sachet 60Sach;0.021;4.62;0;48;1
3431321;3400934313219;;MAYOLY-SPINDLER-SAG;Non renseigné;HELIKIT 75 mg Pdr sol buv Fl/75mg+Sach/1,4g;0.021;26.16;0;24;1
;3400930018644;;MEDAC SAS;Non renseigné;BCG-MEDAC Pdre/solv p susp intravésic Fl pdre+Poch/50ml+disp;0.021;144.02;0;1;1
;3400930020197;;MEDAC SAS;Non renseigné;METOJECT 7,5 mg/0,15 ml S inj en stylo prérempli Stylo/0,15ml;0.021;11.82;0;1;1
;3400930020258;;MEDAC SAS;Non renseigné;METOJECT 10 mg/0,20 ml S inj en stylo prérempli B/1;0.021;12.65;0;1;1
;3400930020296;;MEDAC SAS;Non renseigné;METOJECT 12,5 mg/0,25 ml S inj en stylo prérempli B/1;0.021;12.65;0;1;1
;3400930020326;;MEDAC SAS;Non renseigné;METOJECT 15 mg/0,30 ml S inj en stylo prérempli B/1;0.021;14.56;0;200;1
;3400930020364;;MEDAC SAS;Non renseigné;METOJECT 17,5 mg/0,35 ml S inj en stylo prérempli B/1;0.021;14.56;0;1;1
;3400930020395;;MEDAC SAS;Non renseigné;METOJECT 20 mg/0,40 ml S inj en stylo prérempli Stylo/0,40ml;0.021;16.22;0;200;1
;3400930020432;;MEDAC SAS;Non renseigné;METOJECT 22,5 mg/0,45 ml S inj en stylo prérempli Stylo/0,45ml;0.021;16.22;0;1;1
;3400930020463;;MEDAC SAS;Non renseigné;METOJECT 25 mg/0,50 ml S inj en stylo prérempli Stylo/0,50ml;0.021;18.91;0;240;1
;3400930020494;;MEDAC SAS;Non renseigné;METOJECT 27,5 mg/0,55 ml S inj en stylo prérempli Stylo/0,55ml;0.021;18.91;0;1;1
;3400930254998;;MEDAC SAS;Non renseigné;METOTAB Gé 10 mg Cpr séc Plq/10;0.021;6.48;0;1;1
2677497;3400926774974;;MEDAC SAS;Non renseigné;METOJECT 15 mg/0,3 ml S inj en seringue préremplie Ser/0,3ml+Aig;0.021;14.56;0;0;1
2688868;3400926888688;;MEDAC SAS;Non renseigné;METOJECT 7,5 mg/0,15 ml S inj en seringue préremplie Ser/0,15ml+Aig;0.021;11.82;0;0;1
2688905;3400926889050;;MEDAC SAS;Non renseigné;METOJECT 10 mg/0,2 ml S inj en seringue préremplie Ser/0,2ml+Aig;0.021;12.65;0;0;1
2688940;3400926889401;;MEDAC SAS;Non renseigné;METOJECT 20 mg/0,4 ml S inj en seringue préremplie Ser/0,4ml+Aig;0.021;16.22;0;0;1
2688992;3400926889920;;MEDAC SAS;Non renseigné;METOJECT 25 mg/0,5 ml S inj en seringue préremplie Ser/0,5ml+Aig;0.021;18.91;0;0;1
3337071;3400933370718;;MEDIPHA SANTÉ AMBIANTS / CSP MOVIANTO;Non renseigné;SECNOL 2 g Glé en sachet-dose Sach/2g;0.021;5.14;0;0;1
;3400930023341;;MERCK SERONO SAS;Non renseigné;LEVOTHYROX 200 µg Cpr séc Plq PVC/alu/30;0.021;3.05;0;1;1
;3400930065556;;MERCK SERONO SAS;Non renseigné;LEVOTHYROX 25 µg Cpr séc Plq PVC/alu/30;0.021;0.5;0;192;1
;3400930065570;;MERCK SERONO SAS;Non renseigné;LEVOTHYROX 25 µg Cpr séc Plq PVC/alu/90;0.021;1.26;0;192;1
;3400930065662;;MERCK SERONO SAS;Non renseigné;LEVOTHYROX 50 µg Cpr séc Plq/PVC/alu/30;0.021;0.85;0;192;1
;3400930065686;;MERCK SERONO SAS;Non renseigné;LEVOTHYROX 50 µg Cpr séc Plq/PVC/alu/90;0.021;2.31;0;192;1
;3400930065785;;MERCK SERONO SAS;Non renseigné;LEVOTHYROX 75 µg Cpr séc Plq PVC/alu/30;0.021;1.23;0;192;1
;3400930065891;;MERCK SERONO SAS;Non renseigné;LEVOTHYROX 100 µg Cpr séc Plq PVC/alu/30;0.021;1.59;0;192;1
;3400930066010;;MERCK SERONO SAS;Non renseigné;LEVOTHYROX 125 µg Cpr séc Plq PVC/alu/30;0.021;1.95;0;120;1
;3400930066188;;MERCK SERONO SAS;Non renseigné;LEVOTHYROX 150 µg Cpr séc Plq PVC/alu/30;0.021;2.32;0;120;1
;3400930066249;;MERCK SERONO SAS;Non renseigné;LEVOTHYROX 175 µg Cpr séc Plq PVC/alu/30;0.021;2.68;0;120;1
;3400930089217;;MERCK SERONO SAS;Non renseigné;PERGOVERIS (300 UI + 150 UI)/0,48 ml S inj en stylo prérempli Stylo+5Aig;0.021;118.48;0;1;1
;3400930089224;;MERCK SERONO SAS;Non renseigné;PERGOVERIS (450 UI + 225 UI)/0,72 ml S inj en stylo prérempli Stylo+7Aig;0.021;177.47;0;1;1
;3400930089231;;MERCK SERONO SAS;Non renseigné;PERGOVERIS (900 UI + 450 UI)/1,44 ml S inj en stylo prérempli Stylo+14Aig;0.021;354.45;0;1;1
;3400930121429;;MERCK SERONO SAS;Non renseigné;LEVOTHYROX 100 µg Cpr séc Plq PVC/alu/90;0.021;4.53;0;120;1
;3400930121443;;MERCK SERONO SAS;Non renseigné;LEVOTHYROX 125 µg Cpr séc Plq PVC/alu/90;0.021;5.64;0;120;1
;3400930121467;;MERCK SERONO SAS;Non renseigné;LEVOTHYROX 150 µg Cpr séc Plq PVC/alu/90;0.021;6.78;0;120;1
;3400930121481;;MERCK SERONO SAS;Non renseigné;LEVOTHYROX 200 µg Cpr séc Plq PVC/alu/90;0.021;9.03;0;1;1
;3400930121504;;MERCK SERONO SAS;Non renseigné;LEVOTHYROX 175 µg Cpr séc Plq PVC/alu/90;0.021;7.89;0;1;1
;3400930157930;;MERCK SERONO SAS;Non renseigné;LEVOTHYROX 88 µg Cpr séc Plq PVC/alu/30;0.021;1.41;0;192;1
;3400930157954;;MERCK SERONO SAS;Non renseigné;LEVOTHYROX 88 µg Cpr séc Plq PVC/alu/90;0.021;4;0;8;1
;3400930158043;;MERCK SERONO SAS;Non renseigné;LEVOTHYROX 112 µg Cpr séc Plq PVC/alu/30;0.021;1.77;0;192;1
;3400930158074;;MERCK SERONO SAS;Non renseigné;LEVOTHYROX 112 µg Cpr séc Plq PVC/alu/90;0.021;5.08;0;120;1
;3400930158166;;MERCK SERONO SAS;Non renseigné;LEVOTHYROX 137 µg Cpr séc Plq PVC/alu/30;0.021;2.13;0;120;1
;3400930158180;;MERCK SERONO SAS;Non renseigné;LEVOTHYROX 137 µg Cpr séc Plq PVC/alu/90;0.021;6.21;0;1;1
;3400930212653;;MERCK SERONO SAS;Non renseigné;GONAL-F 150 UI/0,24 ml S inj en stylo prérempli stylo/0,24ml;0.021;31.36;0;1;1
;3400930276013;;MERCK SERONO SAS;Non renseigné;EUTHYROX ELEA 25 µg Cpr séc Plq/50 (AIT);0.021;0.76;0;1;1
;3400930276020;;MERCK SERONO SAS;Non renseigné;EUTHYROX ELEA 50 µg Cpr séc Plq/50 (AIT);0.021;1.34;0;1;1
;3400930276037;;MERCK SERONO SAS;Non renseigné;EUTHYROX ELEA 75 µg Cpr séc Plq/50 (AIT);0.021;1.97;0;1;1
;3400930276044;;MERCK SERONO SAS;Non renseigné;EUTHYROX ELEA 100 µg Cpr séc Plq/50 (AIT);0.021;2.57;0;1;1
;3400930276051;;MERCK SERONO SAS;Non renseigné;EUTHYROX ELEA 125 µg Cpr séc Plq/50 [AIT];0.021;3.17;0;1;1
;3400930276068;;MERCK SERONO SAS;Non renseigné;EUTHYROX ELEA 150 µg Cpr séc Plq/50 (AIT);0.021;3.79;0;1;1
;3400930292464;;MERCK SERONO SAS;Non renseigné;LEVOTHYROX 63 µg Cpr séc Plq PVC/alu/30;0.021;1.05;0;1;1
;3400930292488;;MERCK SERONO SAS;Non renseigné;LEVOTHYROX 63 µg Cpr séc Plq PVC/alu/90;0.021;2.9;0;1;1
;3400930292563;;MERCK SERONO SAS;Non renseigné;LEVOTHYROX 38 µg Cpr séc Plq PVC/alu/30;0.021;0.68;0;1;1
;3400930292594;;MERCK SERONO SAS;Non renseigné;LEVOTHYROX 38 µg Cpr séc Plq PVC/alu/90;0.021;1.8;0;1;1
3012140;3400930121405;;MERCK SERONO SAS;Non renseigné;LEVOTHYROX 75 µg Cpr séc Plq PVC/alu/90;0.021;3.45;0;192;1
3044802;3400930448021;;MERCK SERONO SAS;Non renseigné;GLUCOPHAGE 850 mg Cpr pell Plq/30;0.021;2.2;0;30;1
3192750;3400931927501;;MERCK SERONO SAS;Non renseigné;STAGID 700 mg Cpr séc Plq/30;0.021;1.76;0;160;1
3192767;3400931927679;;MERCK SERONO SAS;Non renseigné;STAGID 700 mg Cpr séc Plq/100;0.021;4.92;0;80;1
3274850;3400932748501;;MERCK SERONO SAS;Non renseigné;AMYCOR 1 % Cr pour application locale T/15g;0.021;2.71;0;210;1
3297615;3400932976157;;MERCK SERONO SAS;Non renseigné;AOTAL 333 mg Cpr enr gastro-rés Plq/60;0.021;8.6;0;50;1
3348413;3400933484132;;MERCK SERONO SAS;Non renseigné;PREVISCAN 20 mg Cpr quadriséc 2Plq/15 (30);0.021;1.76;0;140;1
3380888;3400933808884;;MERCK SERONO SAS;Non renseigné;AMYCOR ONYCHOSET Pom T/10g+20Pans;0.021;15.74;0;50;1
3528167;3400935281678;;MERCK SERONO SAS;Non renseigné;GLUCOPHAGE 500 mg Cpr pell B/30;0.021;1.53;0;0;1
3529681;3400935296818;;MERCK SERONO SAS;Non renseigné;CARDENSIEL 1,25 mg Cpr pell Plq/30;0.021;4.38;0;0;1
3529698;3400935296986;;MERCK SERONO SAS;Non renseigné;CARDENSIEL 1,25 mg Cpr pell Plq/90;0.021;12.47;0;0;1
3529706;3400935297068;;MERCK SERONO SAS;Non renseigné;CARDENSIEL 2,5 mg Cpr pell séc Plq/3x10 (30);0.021;4.38;0;0;1
3529712;3400935297129;;MERCK SERONO SAS;Non renseigné;CARDENSIEL 2,5 mg Cpr pell séc Plq/90;0.021;12.47;0;0;1
3529729;3400935297297;;MERCK SERONO SAS;Non renseigné;CARDENSIEL 3,75 mg Cpr pell séc Plq/3x10 (30);0.021;4.38;0;0;1
3529741;3400935297419;;MERCK SERONO SAS;Non renseigné;CARDENSIEL 5 mg Cpr pell séc Plq/3x10 (30);0.021;2.97;0;0;1
3531293;3400935312938;;MERCK SERONO SAS;Non renseigné;CARDENSIEL 7,5 mg Cpr pell séc Plq/3x10 (30);0.021;4.38;0;0;1
3531318;3400935313188;;MERCK SERONO SAS;Non renseigné;CARDENSIEL 10 mg Cpr pell séc Plq/30;0.021;4.38;0;0;1
3560171;3400935601711;;MERCK SERONO SAS;Non renseigné;GLUCOPHAGE 1000 mg Cpr pell séc Plq/30;0.021;2.2;0;0;1
3560231;3400935602312;;MERCK SERONO SAS;Non renseigné;GLUCOPHAGE 1000 mg Cpr pell séc Plq/90;0.021;6.41;0;48;1
3588175;3400935881755;;MERCK SERONO SAS;Non renseigné;DETENSIEL 10 mg Cpr pell séc Plq/30;0.021;4.38;0;0;1
3622452;3400936224520;;MERCK SERONO SAS;Non renseigné;OVITRELLE 250 µg/0,5 ml S inj en seringue préremplie 1Ser préremplie/0.5ml;0.021;22.3;0;1;1
3634797;3400936347977;;MERCK SERONO SAS;Non renseigné;GONAL-F 300 UI/0,48 ml S inj en stylo prérempli Stylo/0,48ml;0.021;62.2;0;0;1
3634805;3400936348059;;MERCK SERONO SAS;Non renseigné;GONAL-F 450 UI/0,72 ml S inj en stylo prérempli stylo/0,72ml;0.021;93.07;0;0;1
3634811;3400936348110;;MERCK SERONO SAS;Non renseigné;GONAL-F 900 UI/1,44 ml S inj en stylo prérempli stylo/1,44ml;0.021;185.61;0;30;1
3720485;3400937204859;;MERCK SERONO SAS;Non renseigné;GLUCOPHAGE 500 mg Cpr pell Plq/90;0.021;4.14;0;20;1
3722455;3400937224550;;MERCK SERONO SAS;Non renseigné;DETENSIEL 10 mg Cpr pell séc Plq/90;0.021;12.47;0;1;1
3722461;3400937224611;;MERCK SERONO SAS;Non renseigné;GLUCOPHAGE 850 mg Cpr pell Plq/90;0.021;6.41;0;15;1
3748377;3400937483773;;MERCK SERONO SAS;Non renseigné;EUTHYRAL 100 µg/20 µg Cpr séc Plq/50;0.021;2.04;0;0;1
3751706;3400937517065;;MERCK SERONO SAS;Non renseigné;AOTAL 333 mg Cpr enr gastro-rés Plq/180;0.021;25.81;0;0;1
3869632;3400938696325;;MERCK SERONO SAS;Non renseigné;LODOZ 2,5 mg/6,25 mg Cpr pell Plq/30;0.021;4.38;0;0;1
3869661;3400938696615;;MERCK SERONO SAS;Non renseigné;LODOZ 2,5 mg/6,25 mg Cpr pell Plq/90;0.021;12.47;0;0;1
3869684;3400938696844;;MERCK SERONO SAS;Non renseigné;LODOZ 5 mg/6,25 mg Cpr pell Plaq/30;0.021;4.38;0;0;1
3869715;3400938697155;;MERCK SERONO SAS;Non renseigné;LODOZ 5 mg/6,25 mg Cpr pell Plq/90;0.021;12.47;0;120;1
3869738;3400938697384;;MERCK SERONO SAS;Non renseigné;LODOZ 10 mg/6,25 mg Cpr pell Plq/30;0.021;4.38;0;0;1
3869767;3400938697674;;MERCK SERONO SAS;Non renseigné;LODOZ 10 mg/6,25 mg Cpr pell Plq/90;0.021;12.47;0;0;1
3911156;3400939111568;;MERCK SERONO SAS;Non renseigné;THYROZOL 5 mg Cpr pell séc Plq/30;0.021;1.5;0;0;1
3911191;3400939111919;;MERCK SERONO SAS;Non renseigné;THYROZOL 10 mg Cpr pell séc Plq/30;0.021;2.67;0;1;1
3911245;3400939112459;;MERCK SERONO SAS;Non renseigné;THYROZOL 20 mg Cpr pell séc Plq/30;0.021;2.97;0;0;1
4155768;3400941557682;;MERCK SERONO SAS;Non renseigné;SAIZEN 8 mg/ml Sol inj cart Cart/1,50ml;0.021;253.91;0;0;1
4155774;3400941557743;;MERCK SERONO SAS;Non renseigné;SAIZEN 8 mg/ml S inj en cartouche Cart/2,50ml;0.021;422.85;0;0;1
3029837;3400930298374;;MITEM PHARMA / MOVIANTO;Non renseigné;DESFERAL 500 mg Pdre/solv p sol inj Fl/500mg+Amp/5ml;0.021;4.61;0;80;1
;3400930000915;;MSD FRANCE / CSP COURNON;Non renseigné;JANUMET 50 mg/1000 mg Cpr pell Plq/60;0.021;13.49;0;100;1
;3400930044384;;MSD FRANCE / CSP COURNON;Non renseigné;PNEUMOVAX S inj en seringue préremplie 1Ser/0,5ml+2aig;0.021;16.81;0;112;1
;3400930056202;;MSD FRANCE / CSP COURNON;Non renseigné;GARDASIL 9 Susp inj en seringue préremplie Ser/0,5ml+2 aig;0.021;106.05;0;112;1
;3400930079782;;MSD FRANCE / CSP COURNON;Non renseigné;VAXELIS Susp inj en seringue préremplie 1Ser/0,5ml+1aig;0.021;29;0;162;1
;3400930104002;;MSD FRANCE / CSP COURNON;Non renseigné;ISENTRESS 600 mg Cpr pell Fl/60;0.021;315.65;0;1;1
;3400930127230;;MSD FRANCE / CSP COURNON;Non renseigné;PREVYMIS 240 mg Cpr pell Plq/28x1;0.021;4118.22;0;1;1
;3400930161340;;MSD FRANCE / CSP COURNON;Non renseigné;PIFELTRO 100 mg Cpr pell Fl/30;0.021;194.17;0;1;1
;3400930161357;;MSD FRANCE / CSP COURNON;Non renseigné;DELSTRIGO 100 mg/300 mg/245 mg Cpr pell Fl/30;0.021;365.35;0;1;1
;3400930244371;;MSD FRANCE / CSP COURNON;Non renseigné;VAXNEUVANCE Susp inj en seringue préremplie Ser+Aig;0.021;44.42;0;112;1
;3400930311462;;MSD FRANCE / CSP COURNON;Non renseigné;CAPVAXIVE Sol inj ser préremplie Ser/0,5ml+Aig;0.021;51.51;0;1;1
2788771;3400927887710;;MSD FRANCE / CSP COURNON;Non renseigné;JANUVIA 50 mg Cpr pell Plq/30;0.021;13.49;0;180;1
2788788;3400927887888;;MSD FRANCE / CSP COURNON;Non renseigné;JANUVIA 100 mg Cpr pell Plq/30;0.021;13.49;0;180;1
3635070;3400936350700;;MSD FRANCE / CSP COURNON;Non renseigné;EMEND 80 mg Gél Blist/2;0.021;23.31;0;0;1
3635118;3400936351189;;MSD FRANCE / CSP COURNON;Non renseigné;EMEND 125 mg/80 mg Gél Blist/3;0.021;34.96;0;0;1
3687641;3400936876415;;MSD FRANCE / CSP COURNON;Non renseigné;VARIVAX Pdre/solv p susp inj en ser préremplie Fl+Ser/0,5ml;0.021;33.22;0;112;1
3732821;3400937328210;;MSD FRANCE / CSP COURNON;Non renseigné;M-M-RVAXPRO Pdre/solv p susp inj en ser préremplie Fl+Ser solv/0,5ml+2Aig;0.021;11.57;0;112;1
3762236;3400937622363;;MSD FRANCE / CSP COURNON;Non renseigné;ROTATEQ S buv T/2ml;0.021;47.5;0;0;1
3830848;3400938308488;;MSD FRANCE / CSP COURNON;Non renseigné;ISENTRESS 400 mg Cpr pell Fl/60;0.021;355.12;0;0;1
3830995;3400938309959;;MSD FRANCE / CSP COURNON;Non renseigné;VAQTA 50 U/1 ml Susp inj en seringue préremplie adulte Ser/1ml+2Aig;0.021;19.28;0;1;1
;3400930132074;;MUNDIPHARMA;Non renseigné;OXSYNIA LP 20 mg/10 mg Cpr LP Plq/28;0.021;8.04;0;1;1
;3400930163481;;MUNDIPHARMA;Non renseigné;PELMEG 6 mg S inj en seringue préremplie Ser/0,6ml;0.021;358.57;0;1;1
;3400930181393;;MUNDIPHARMA;Non renseigné;NYXOID 1,8 mg S pulv nas en récipient unidose 2Fl;0.021;27.75;0;1;1
2664879;3400926648794;;MUNDIPHARMA;Non renseigné;FLUTIFORM 50 µg/5 µg par dose Susp p inh en fl press Cart/120 doses;0.021;22.31;0;0;1
2664885;3400926648855;;MUNDIPHARMA;Non renseigné;FLUTIFORM 125 µg/5 µg par dose Susp p inh en fl press Cart/120 doses;0.021;27.75;0;48;1
3286971;3400932869718;;MUNDIPHARMA;Non renseigné;MOSCONTIN 10 mg Cpr enr LP Plq/14;0.021;2.74;0;0;1
3286988;3400932869886;;MUNDIPHARMA;Non renseigné;MOSCONTIN 30 mg Cpr enr LP Plq/14;0.021;6.28;0;0;1
3286994;3400932869947;;MUNDIPHARMA;Non renseigné;MOSCONTIN 60 mg Cpr enr LP Plq/14;0.021;13.03;0;0;1
3347997;3400933479978;;MUNDIPHARMA;Non renseigné;SEVREDOL 10 mg Cpr pell 2Plq/7 (14);0.021;1.9;0;0;1
3348005;3400933480059;;MUNDIPHARMA;Non renseigné;SEVREDOL 20 mg Cpr pell 2Plq/7 (14);0.021;3.38;0;0;1
3430066;3400934300660;;MUNDIPHARMA;Non renseigné;MOSCONTIN LP 200 mg Cpr pell LP Plq/14;0.021;35.8;0;0;1
3489013;3400934890130;;MUNDIPHARMA;Non renseigné;SOPHIDONE LP 4 mg Gél LP B/14;0.021;8.96;0;0;1
3489042;3400934890420;;MUNDIPHARMA;Non renseigné;SOPHIDONE LP 8 mg Gél LP B/14;0.021;17.04;0;0;1
3542090;3400935420909;;MUNDIPHARMA;Non renseigné;OXYCONTIN LP 10 mg Cpr pell LP Plq/28;0.021;4.46;0;0;1
3542150;3400935421500;;MUNDIPHARMA;Non renseigné;OXYCONTIN LP 20 mg Cpr pell LP Plq/28;0.021;8.93;0;0;1
3542227;3400935422279;;MUNDIPHARMA;Non renseigné;OXYCONTIN LP 40 mg Cpr pell LP Plq/28;0.021;18;0;0;1
3624190;3400936241909;;MUNDIPHARMA;Non renseigné;OXYNORM 5 mg Gél Plq/14;0.021;1.24;0;0;1
3624215;3400936242159;;MUNDIPHARMA;Non renseigné;OXYNORM 10 mg Gél B/14;0.021;2.15;0;0;1
3624238;3400936242388;;MUNDIPHARMA;Non renseigné;OXYNORM 20 mg Gél Plq/14;0.021;4.18;0;0;1
3669034;3400936690349;;MUNDIPHARMA;Non renseigné;OXYCONTIN LP 5 mg Cpr pell LP Plq/28;0.021;2.51;0;0;1
3804213;3400938042139;;MUNDIPHARMA;Non renseigné;OXYNORMORO 5 mg Cpr orodisp Plq/14;0.021;1.24;0;240;1
3804259;3400938042597;;MUNDIPHARMA;Non renseigné;OXYNORMORO 10 mg Cpr orodisp Plq/14;0.021;2.15;0;240;1
3804288;3400938042887;;MUNDIPHARMA;Non renseigné;OXYNORMORO 20 mg Cpr orodisp Plq/14;0.021;4.18;0;0;1
3845844;3400938458442;;MUNDIPHARMA;Non renseigné;OXYCONTIN LP 15 mg Cpr pell LP Plq/28;0.021;6.77;0;0;1
3845873;3400938458732;;MUNDIPHARMA;Non renseigné;OXYCONTIN LP 30 mg Cpr pell LP Plq/28;0.021;13.56;0;0;1
3845985;3400938459852;;MUNDIPHARMA;Non renseigné;OXYCONTIN LP 60 mg Cpr pell LP Plq/28;0.021;23.78;0;0;1
3846022;3400938460223;;MUNDIPHARMA;Non renseigné;OXYCONTIN LP 120 mg Cpr pell LP Plq/28;0.021;47.56;0;0;1
3582327;3400935823274;;MYLAN-SAG / VIATRIS SANTÉ GENERIQUES;Ibuprofene;IBUPROFENE VIATRIS 200 mg Cpr enr Plq/30;0.021;0.87;0.05;0;1
3866183;3400938661835;;MYLAN-SAG / VIATRIS SANTÉ GENERIQUES;Ibuprofene;IBUPROF VIATRIS 20mg/ml Sus buv Fl/200ml+ser;0.021;1.74;0.05;30;1
3948225;3400939482255;;MYLAN-SAG / VIATRIS SANTÉ GENERIQUES;Mylan;DIOSMECTITE VIATRIS 3 g Pdr susp buv 30Sach/3g;0.021;1.88;0.025;60;1
;3400930002384;;MYLAN-SAG / VIATRIS SANTÉ GENERIQUES;Non renseigné;SEVELAMER CARBONATE VIATRIS 800 mg Cpr pell Fl/180;0.021;55.66;0.05;1;1
;3400930010266;;MYLAN-SAG / VIATRIS SANTÉ GENERIQUES;Non renseigné;QUETIAPINE VIATRIS LP 50 mg Cpr LP Plq/30x1;0.021;5.57;0.22;1;1
;3400930010310;;MYLAN-SAG / VIATRIS SANTÉ GENERIQUES;Non renseigné;QUETIAPINE VIATRIS LP 300 mg Cpr LP Plq/30x1;0.021;9.88;0.22;1;1
;3400930010419;;MYLAN-SAG / VIATRIS SANTÉ GENERIQUES;Non renseigné;ACCOFIL 30 MU/0,5 ml Sol inj/p perf en ser préremplie Ser/0,5ml+prot aig;0.021;49.23;0.025;1;1
;3400930010433;;MYLAN-SAG / VIATRIS SANTÉ GENERIQUES;Non renseigné;ACCOFIL 30 MU/0,5 ml Sol inj/p perf en ser préremplie 5Ser/0,5ml+prot aig;0.021;246.1;0.025;1;1
;3400930010457;;MYLAN-SAG / VIATRIS SANTÉ GENERIQUES;Non renseigné;ACCOFIL 48 MU/0,5 ml Sol inj/p perf en ser préremplie Ser/0,5ml+prot aig;0.021;80.09;0.025;1;1
;3400930010488;;MYLAN-SAG / VIATRIS SANTÉ GENERIQUES;Non renseigné;ACCOFIL 48 MU/0,5 ml Sol inj/p perf en ser préremplie 5Ser/0,5ml+prot aig;0.021;400.43;0.025;1;1
;3400930010662;;MYLAN-SAG / VIATRIS SANTÉ GENERIQUES;Non renseigné;AMOXICILLINE VIATRIS PHARMA 1 g Cpr disp Plq/6;0.021;1.43;0.05;360;1
;3400930012437;;MYLAN-SAG / VIATRIS SANTÉ GENERIQUES;Non renseigné;EPLERENONE VIATRIS 25 mg Cpr pell Plq/30;0.021;8.53;0.22;1;1
;3400930012482;;MYLAN-SAG / VIATRIS SANTÉ GENERIQUES;Non renseigné;EPLERENONE VIATRIS 50 mg Cpr pell Plq/30;0.021;10.39;0.05;1;1
;3400930018125;;MYLAN-SAG / VIATRIS SANTÉ GENERIQUES;Non renseigné;PREGABALINE VIATRIS 25 mg Gél Plq/84x1;0.021;3.79;0.22;1;1
;3400930018163;;MYLAN-SAG / VIATRIS SANTÉ GENERIQUES;Non renseigné;PREGABALINE VIATRIS 75 mg Gél Plq/56x1;0.021;6.28;0.22;1;1
;3400930018187;;MYLAN-SAG / VIATRIS SANTÉ GENERIQUES;Non renseigné;PREGABALINE VIATRIS 100 mg Gél Plq/84x1;0.021;9.41;0.22;1;1
;3400930018200;;MYLAN-SAG / VIATRIS SANTÉ GENERIQUES;Non renseigné;PREGABALINE VIATRIS 150 mg Gél Plq/56x1;0.021;9.38;0.22;1;1
;3400930018224;;MYLAN-SAG / VIATRIS SANTÉ GENERIQUES;Non renseigné;PREGABALINE VIATRIS 200 mg Gél Plq/84x1;0.021;14.06;0.22;1;1
;3400930018804;;MYLAN-SAG / VIATRIS SANTÉ GENERIQUES;Non renseigné;EPLERENONE VIATRIS 50 mg Cpr pell Plq/90;0.021;29.61;0.05;1;1
;3400930020784;;MYLAN-SAG / VIATRIS SANTÉ GENERIQUES;Non renseigné;PARACETAMOL VIATRIS 500 mg Cpr Fl/16;0.021;0.74;0.025;1;1
;3400930021583;;MYLAN-SAG / VIATRIS SANTÉ GENERIQUES;Non renseigné;PARACETAMOL VIATRIS 500 mg Cpr eff T/16;0.021;0.74;0.025;120;1
;3400930021613;;MYLAN-SAG / VIATRIS SANTÉ GENERIQUES;Non renseigné;PARACETAMOL VIATRIS 1000 mg Cpr eff séc T/8;0.021;0.74;0.025;120;1
;3400930025819;;MYLAN-SAG / VIATRIS SANTÉ GENERIQUES;Non renseigné;EZETIMIBE/SIMVASTATINE VIATRIS 10 mg/20 mg Cpr Plq/30x1;0.021;8.82;0.22;1;1
;3400930025826;;MYLAN-SAG / VIATRIS SANTÉ GENERIQUES;Non renseigné;EZETIMIBE/SIMVASTATINE VIATRIS 10 mg/20 mg Cpr Plq/90x1;0.021;25.15;0.22;1;1
;3400930026571;;MYLAN-SAG / VIATRIS SANTÉ GENERIQUES;Non renseigné;DULOXETINE VIATRIS SANTE 30 mg Gél gastro-rés Plq/28;0.021;2.85;0.22;90;1
;3400930026793;;MYLAN-SAG / VIATRIS SANTÉ GENERIQUES;Non renseigné;DULOXETINE VIATRIS SANTE 60 mg Gél gastro-rés Plq/28;0.021;3.11;0.15;70;1
;3400930029435;;MYLAN-SAG / VIATRIS SANTÉ GENERIQUES;Non renseigné;ELETRIPTAN VIATRIS 40 mg Cpr pell Plq/6;0.021;5.33;0.05;1;1
;3400930029442;;MYLAN-SAG / VIATRIS SANTÉ GENERIQUES;Non renseigné;ELETRIPTAN VIATRIS 40 mg Cpr pell Plq/10;0.021;8.88;0.05;1;1
;3400930030202;;MYLAN-SAG / VIATRIS SANTÉ GENERIQUES;Non renseigné;ETORICOXIB VIATRIS 30 mg Cpr pell Plq PVC/PVDC/Alu/28;0.021;2.9;0.22;1;1
;3400930030523;;MYLAN-SAG / VIATRIS SANTÉ GENERIQUES;Non renseigné;ETORICOXIB VIATRIS 60 mg Cpr pell Plq PVC/PVDC/Alu/28x1;0.021;4.62;0.22;1;1
;3400930032886;;MYLAN-SAG / VIATRIS SANTÉ GENERIQUES;Non renseigné;BRINZOLAMIDE VIATRIS 10 mg/ml Col susp Fl/5ml;0.021;3.22;0.05;1;1
;3400930038390;;MYLAN-SAG / VIATRIS SANTÉ GENERIQUES;Non renseigné;NEBIVOLOL VIATRIS 5 mg Cpr quadriséc Plq/30;0.021;2.39;0.22;1;1
;3400930038420;;MYLAN-SAG / VIATRIS SANTÉ GENERIQUES;Non renseigné;NEBIVOLOL VIATRIS 5 mg Cpr quadriséc Plq/90;0.021;6.9;0.22;75;1
;3400930040669;;MYLAN-SAG / VIATRIS SANTÉ GENERIQUES;Non renseigné;PARACETAMOL VIATRIS 1 g Cpr séc Fl/8;0.021;0.74;0.025;160;1
;3400930040768;;MYLAN-SAG / VIATRIS SANTÉ GENERIQUES;Non renseigné;SOLIFENACINE VIATRIS 5 mg Cpr pell 30Plq/1;0.021;4.14;0.22;1;1
;3400930040775;;MYLAN-SAG / VIATRIS SANTÉ GENERIQUES;Non renseigné;SOLIFENACINE VIATRIS 5 mg Cpr pell Fl/30;0.021;5.04;0.05;1;1
;3400930040812;;MYLAN-SAG / VIATRIS SANTÉ GENERIQUES;Non renseigné;SOLIFENACINE VIATRIS 10 mg Cpr pell 30Plq/1;0.021;4.51;0.15;1;1
;3400930057377;;MYLAN-SAG / VIATRIS SANTÉ GENERIQUES;Non renseigné;CINACALCET VIATRIS 30 mg Cpr pell Plq/28x1;0.021;47.31;0.22;1;1
;3400930057391;;MYLAN-SAG / VIATRIS SANTÉ GENERIQUES;Non renseigné;CINACALCET VIATRIS 60 mg Cpr pell Plq/28x1;0.021;87.34;0.22;1;1
;3400930058732;;MYLAN-SAG / VIATRIS SANTÉ GENERIQUES;Non renseigné;AMLODIPINE/VALSARTAN MYLAN 5 mg/160 mg Cpr pell Plq/30x1;0.021;3.9;0.22;1;1
;3400930058756;;MYLAN-SAG / VIATRIS SANTÉ GENERIQUES;Non renseigné;AMLODIPINE/VALSARTAN MYLAN 5 mg/80 mg Cpr pell Plq/90x1;0.021;9.71;0.22;1;1
;3400930058794;;MYLAN-SAG / VIATRIS SANTÉ GENERIQUES;Non renseigné;ZONISAMIDE VIATRIS 25 mg Gél Plq/14;0.021;2.96;0.05;1;1
;3400930058824;;MYLAN-SAG / VIATRIS SANTÉ GENERIQUES;Non renseigné;ZONISAMIDE VIATRIS 50 mg Gél Plq/14;0.021;2.96;0.05;1;1
;3400930058886;;MYLAN-SAG / VIATRIS SANTÉ GENERIQUES;Non renseigné;ZONISAMIDE VIATRIS 100 mg Gél Plq/56;0.021;11.88;0.05;1;1
;3400930059517;;MYLAN-SAG / VIATRIS SANTÉ GENERIQUES;Non renseigné;DOMPERIDONE VIATRIS 10 mg Cpr pell Plq/20;0.021;0.71;0.15;1;1
;3400930059937;;MYLAN-SAG / VIATRIS SANTÉ GENERIQUES;Non renseigné;RASAGILINE VIATRIS 1 mg Cpr Plq OPA/Alu/PVC/30;0.021;22.69;0.22;1;1
;3400930060049;;MYLAN-SAG / VIATRIS SANTÉ GENERIQUES;Non renseigné;LOPINAVIR/RITONAVIR VIATRIS 200 mg/50 mg Cpr pell Plq/120;0.021;134.06;0.05;1;1
;3400930060179;;MYLAN-SAG / VIATRIS SANTÉ GENERIQUES;Non renseigné;OMEPRAZOLE VIATRIS 10 mg Gél gastro-rés Plq/14;0.021;0.8;0.22;1;1
;3400930060193;;MYLAN-SAG / VIATRIS SANTÉ GENERIQUES;Non renseigné;OMEPRAZOLE VIATRIS 10 mg Gél gastro-rés Plq/28;0.021;1.61;0.22;80;1
;3400930060216;;MYLAN-SAG / VIATRIS SANTÉ GENERIQUES;Non renseigné;OMEPRAZOLE VIATRIS 20 mg Gél gastro-rés Plq/7;0.021;0.43;0.22;1;1
;3400930060223;;MYLAN-SAG / VIATRIS SANTÉ GENERIQUES;Non renseigné;OMEPRAZOLE VIATRIS 20 mg Gél gastro-rés Plq/14;0.021;0.85;0.22;1;1
;3400930060247;;MYLAN-SAG / VIATRIS SANTÉ GENERIQUES;Non renseigné;OMEPRAZOLE VIATRIS 20 mg Gél gastro-rés Plq/28;0.021;1.72;0.22;80;1
;3400930067857;;MYLAN-SAG / VIATRIS SANTÉ GENERIQUES;Non renseigné;TIAPRIDE VIATRIS 100 mg Cpr séc Fl/20;0.021;1.56;0.05;12;1
;3400930067970;;MYLAN-SAG / VIATRIS SANTÉ GENERIQUES;Non renseigné;IMATINIB VIATRIS 400 mg Cpr pell séc Plq unit/30;0.021;418.56;0.22;1;1
;3400930073766;;MYLAN-SAG / VIATRIS SANTÉ GENERIQUES;Non renseigné;BIMATOPROST VIATRIS 0,3 mg/ml Collyre sol Fl/3ml;0.021;4.49;0.05;1;1
;3400930074848;;MYLAN-SAG / VIATRIS SANTÉ GENERIQUES;Non renseigné;ESCITALOPRAM VIATRIS 10 mg Cpr pell séc Plq/28x1;0.021;2.45;0.22;192;1
;3400930074879;;MYLAN-SAG / VIATRIS SANTÉ GENERIQUES;Non renseigné;ESCITALOPRAM VIATRIS 15 mg Cpr pell séc Plq/28x1;0.021;2.45;0.22;1;1
;3400930074893;;MYLAN-SAG / VIATRIS SANTÉ GENERIQUES;Non renseigné;ESCITALOPRAM VIATRIS 20 mg Cpr pell séc Plq/28x1;0.021;2.45;0.22;1;1
;3400930075333;;MYLAN-SAG / VIATRIS SANTÉ GENERIQUES;Non renseigné;MUPIROCINE VIATRIS 2 % Pom T/15g;0.021;2.31;0.05;132;1
;3400930077344;;MYLAN-SAG / VIATRIS SANTÉ GENERIQUES;Non renseigné;RUPATADINE VIATRIS 10 mg Cpr Plq/30;0.021;1.85;0.15;1;1
;3400930079188;;MYLAN-SAG / VIATRIS SANTÉ GENERIQUES;Non renseigné;IVABRADINE VIATRIS 5 mg Cpr pell Plq/PVC/56;0.021;9.77;0.22;1;1
;3400930079331;;MYLAN-SAG / VIATRIS SANTÉ GENERIQUES;Non renseigné;IVABRADINE VIATRIS 7,5 mg Cpr pell Plq/PVC/56;0.021;9.77;0.22;1;1
;3400930080085;;MYLAN-SAG / VIATRIS SANTÉ GENERIQUES;Non renseigné;ATORVASTATINE VIATRIS 10 mg Cpr pell Plq OPA/Alu/PVC/30;0.021;1.98;0.22;1;1
;3400930080153;;MYLAN-SAG / VIATRIS SANTÉ GENERIQUES;Non renseigné;ATORVASTATINE VIATRIS 80 mg Cpr pell Plq OPA/Alu/PVC/90;0.021;5.94;0.22;30;1
;3400930082539;;MYLAN-SAG / VIATRIS SANTÉ GENERIQUES;Non renseigné;ROPINIROLE VIATRIS LP 2 mg Cpr LP Plq/28;0.021;4.7;0.15;1;1
;3400930082621;;MYLAN-SAG / VIATRIS SANTÉ GENERIQUES;Non renseigné;ROPINIROLE VIATRIS LP 4 mg Cpr LP Plq/28;0.021;8.73;0.15;1;1
;3400930082690;;MYLAN-SAG / VIATRIS SANTÉ GENERIQUES;Non renseigné;ROPINIROLE VIATRIS LP 8 mg Cpr LP Plq/28;0.021;17.14;0.15;1;1
;3400930084939;;MYLAN-SAG / VIATRIS SANTÉ GENERIQUES;Non renseigné;DARUNAVIR VIATRIS 400 mg Cpr pell Plq PVC/PE/PVDC/Alu/60x1;0.021;104.45;0.22;1;1
;3400930084953;;MYLAN-SAG / VIATRIS SANTÉ GENERIQUES;Non renseigné;DARUNAVIR VIATRIS 600 mg Cpr pell Plq PVC/PE/PVDC/Alu/60x1;0.021;167.36;0.22;1;1
;3400930084977;;MYLAN-SAG / VIATRIS SANTÉ GENERIQUES;Non renseigné;DARUNAVIR VIATRIS 800 mg Cpr pell Plq PVC/PE/PVDC/Alu/30x1;0.021;104.45;0.22;1;1
;3400930085493;;MYLAN-SAG / VIATRIS SANTÉ GENERIQUES;Non renseigné;SEVELAMER CARBONATE VIATRIS 2,4 g Pdr susp buv 90Sach;0.021;83.5;0.05;1;1
;3400930087039;;MYLAN-SAG / VIATRIS SANTÉ GENERIQUES;Non renseigné;ROSUVASTATINE VIATRIS 10 mg Cpr pell Plq OPA/Alu/PVC/30;0.021;2.89;0.22;1;1
;3400930088821;;MYLAN-SAG / VIATRIS SANTÉ GENERIQUES;Non renseigné;BIMATOPROST VIATRIS 0,1 mg/ml Collyre sol Fl/3ml;0.021;4.49;0.05;1;1
;3400930092989;;MYLAN-SAG / VIATRIS SANTÉ GENERIQUES;Non renseigné;VALGANCICLOVIR VIATRIS 450 mg Cpr pell Plq/60;0.021;404.35;0.22;1;1
;3400930094846;;MYLAN-SAG / VIATRIS SANTÉ GENERIQUES;Non renseigné;TRAMADOL VIATRIS 50 mg Gél Fl/30;0.021;2.66;0.05;1;1
;3400930097274;;MYLAN-SAG / VIATRIS SANTÉ GENERIQUES;Non renseigné;FUSIDATE DE SODIUM VIATRIS 250 mg Cpr pell Plq/10;0.021;5.25;0.05;1;1
;3400930097533;;MYLAN-SAG / VIATRIS SANTÉ GENERIQUES;Non renseigné;CYAMEMAZINE VIATRIS 25 mg Cpr pell séc Plq/30;0.021;2.84;0.025;216;1
;3400930103456;;MYLAN-SAG / VIATRIS SANTÉ GENERIQUES;Non renseigné;LEVODOPA/CARBIDOPA/ENTACAPONE VIATRIS 50 mg/12,5 mg/200 mg Cpr pell Fl/100;0.021;31.88;0.15;1;1
;3400930103494;;MYLAN-SAG / VIATRIS SANTÉ GENERIQUES;Non renseigné;LEVODOPA/CARBIDOPA/ENTACAPONE VIATRIS 75 mg/18,75 mg/200 mg Cpr pell Fl/100;0.021;32.73;0.15;1;1
;3400930103531;;MYLAN-SAG / VIATRIS SANTÉ GENERIQUES;Non renseigné;LEVODOPA/CARBIDOPA/ENTACAPONE VIATRIS 100 mg/25 mg/200 mg Cpr pell Fl/100;0.021;33.15;0.15;1;1
;3400930103579;;MYLAN-SAG / VIATRIS SANTÉ GENERIQUES;Non renseigné;LEVO/CARB VIATRIS 125mg/31,25mg/200mg Fl/100;0.021;34.21;0.15;1;1
;3400930103623;;MYLAN-SAG / VIATRIS SANTÉ GENERIQUES;Non renseigné;LEVODOPA/CARBIDOPA/ENTACAPONE VIATRIS 150 mg/37,5 mg/200 mg Cpr pell Fl/100;0.021;34.85;0.15;1;1
;3400930103678;;MYLAN-SAG / VIATRIS SANTÉ GENERIQUES;Non renseigné;LEVO/CARB VIATRIS 175mg/43,75mg/200mg Fl/100;0.021;35.7;0.15;1;1
;3400930103722;;MYLAN-SAG / VIATRIS SANTÉ GENERIQUES;Non renseigné;LEVODOPA/CARBIDOPA/ENTACAPONE VIATRIS 200 mg/50 mg/200 mg Cpr pell Fl/100;0.021;36.55;0.15;1;1
;3400930105115;;MYLAN-SAG / VIATRIS SANTÉ GENERIQUES;Non renseigné;ESCITALOPRAM VIATRIS 15 mg Cpr pell séc Fl/28;0.021;2.98;0.05;1;1
;3400930105122;;MYLAN-SAG / VIATRIS SANTÉ GENERIQUES;Non renseigné;ESCITALOPRAM VIATRIS 10 mg Cpr pell séc Fl/28;0.021;2.98;0.05;1;1
;3400930105177;;MYLAN-SAG / VIATRIS SANTÉ GENERIQUES;Non renseigné;TRAVOPROST/TIMOLOL VIATRIS 40 µg/ml+5 mg/ml Collyre sol Fl;0.021;4.68;0.22;1;1
;3400930105801;;MYLAN-SAG / VIATRIS SANTÉ GENERIQUES;Non renseigné;ESCITALOPRAM VIATRIS 5 mg Cpr pell Plq/28x1;0.021;2.26;0.22;1;1
;3400930107683;;MYLAN-SAG / VIATRIS SANTÉ GENERIQUES;Non renseigné;BIMATOPROST/TIMOLOL VIATRIS 0,3 mg/ml + 5 mg/ml Collyre sol Fl/3ml;0.021;4.79;0.15;1;1
;3400930110775;;MYLAN-SAG / VIATRIS SANTÉ GENERIQUES;Non renseigné;ERLOTINIB VIATRIS 25 mg Cpr pell Plq/30x1;0.021;132.06;0.22;1;1
;3400930110959;;MYLAN-SAG / VIATRIS SANTÉ GENERIQUES;Non renseigné;ERLOTINIB VIATRIS 100 mg Cpr pell Plq/30x1;0.021;480.45;0.22;1;1
;3400930110973;;MYLAN-SAG / VIATRIS SANTÉ GENERIQUES;Non renseigné;ERLOTINIB VIATRIS 150 mg Cpr pell Plq/30x1;0.021;593.46;0.22;1;1
;3400930114698;;MYLAN-SAG / VIATRIS SANTÉ GENERIQUES;Non renseigné;TRAMADOL/PARACETAMOL VIATRIS 37,5 mg/325 mg Cpr pell Fl/20;0.021;1.09;0.05;1;1
;3400930115343;;MYLAN-SAG / VIATRIS SANTÉ GENERIQUES;Non renseigné;FLECAINIDE VIATRIS LP 50 mg Gél LP Plq/30;0.021;6.19;0.15;32;1
;3400930115350;;MYLAN-SAG / VIATRIS SANTÉ GENERIQUES;Non renseigné;FLECAINIDE VIATRIS LP 100 mg Gél LP Plq/30;0.021;6.19;0.15;28;1
;3400930115367;;MYLAN-SAG / VIATRIS SANTÉ GENERIQUES;Non renseigné;FLECAINIDE VIATRIS LP 150 mg Gél LP Plq/30;0.021;6.19;0.15;28;1
;3400930115374;;MYLAN-SAG / VIATRIS SANTÉ GENERIQUES;Non renseigné;FLECAINIDE VIATRIS LP 200 mg Gél LP Plq/30;0.021;6.92;0.05;28;1
;3400930115572;;MYLAN-SAG / VIATRIS SANTÉ GENERIQUES;Non renseigné;ENTECAVIR VIATRIS 0,5 mg Cpr pell Plq/30;0.021;89.21;0.22;1;1
;3400930119884;;MYLAN-SAG / VIATRIS SANTÉ GENERIQUES;Non renseigné;DICLOFENAC VIATRIS LP 75 mg Cpr enr LP Plq/30;0.021;3.37;0.05;231;1
;3400930127674;;MYLAN-SAG / VIATRIS SANTÉ GENERIQUES;Non renseigné;NEVIRAPINE VIATRIS LP 400 mg Cpr LP Plq/30x1;0.021;25.9;0.22;1;1
;3400930129739;;MYLAN-SAG / VIATRIS SANTÉ GENERIQUES;Non renseigné;INHIXA 2000 UI (20 mg)/0,2 ml S inj en seringue préremplie 2Ser+prot aig;0.021;3.76;0;1;1
;3400930129753;;MYLAN-SAG / VIATRIS SANTÉ GENERIQUES;Non renseigné;INHIXA 4000 UI (40 mg)/0,4 ml S inj en seringue préremplie 2Ser+prot aig;0.021;7.48;0;1;1
;3400930130230;;MYLAN-SAG / VIATRIS SANTÉ GENERIQUES;Non renseigné;ABACAVIR/LAMIVUDINE VIATRIS 600 mg/300 mg Cpr pell Plq/30x1;0.021;89.68;0.22;1;1
;3400930130308;;MYLAN-SAG / VIATRIS SANTÉ GENERIQUES;Non renseigné;ANAGRELIDE VIATRIS 0,5 mg Gél Fl/100;0.021;102.85;0.22;1;1
;3400930130506;;MYLAN-SAG / VIATRIS SANTÉ GENERIQUES;Non renseigné;ENALAPRIL/LERCANIDIPINE VIATRIS 20 mg/10 mg Cpr pell Plq/30;0.021;3.96;0.22;1;1
;3400930132579;;MYLAN-SAG / VIATRIS SANTÉ GENERIQUES;Non renseigné;APREPITANT VIATRIS 80 mg Gél Plq/2;0.021;9.4;0.22;1;1
;3400930132586;;MYLAN-SAG / VIATRIS SANTÉ GENERIQUES;Non renseigné;APREPITANT VIATRIS 125 mg/80 mg Gél Plq/125mg+2x80mg;0.021;14.1;0.22;1;1
;3400930136522;;MYLAN-SAG / VIATRIS SANTÉ GENERIQUES;Non renseigné;GLICLAZIDE VIATRIS 60 mg Cpr LP Plq/30;0.021;1.99;0.15;120;1
;3400930136546;;MYLAN-SAG / VIATRIS SANTÉ GENERIQUES;Non renseigné;GLICLAZIDE VIATRIS 60 mg Cpr LP Plq/90;0.021;5.97;0.15;1;1
;3400930136577;;MYLAN-SAG / VIATRIS SANTÉ GENERIQUES;Non renseigné;GLICLAZIDE VIATRIS 60 mg Cpr LP Fl/30;0.021;2.22;0.05;1;1
;3400930136652;;MYLAN-SAG / VIATRIS SANTÉ GENERIQUES;Non renseigné;CELECOXIB VIATRIS 200 mg Gél Plq/30;0.021;3.57;0.15;100;1
;3400930137147;;MYLAN-SAG / VIATRIS SANTÉ GENERIQUES;Non renseigné;AMOXICILLINE VIATRIS 1 g Cpr disp Plq PVC/TE/PVDC/Alu/6;0.021;1.43;0.05;140;1
;3400930139448;;MYLAN-SAG / VIATRIS SANTÉ GENERIQUES;Non renseigné;ABACAVIR VIATRIS 300 mg Cpr pell séc Plq alu/60x1;0.021;84.61;0.05;1;1
;3400930140734;;MYLAN-SAG / VIATRIS SANTÉ GENERIQUES;Non renseigné;FULVESTRANT MYLAN 250 mg S inj en seringue préremplie Ser/5ml+Aig;0.021;68;0.15;1;1
;3400930149768;;MYLAN-SAG / VIATRIS SANTÉ GENERIQUES;Non renseigné;ARIPIPRAZOLE VIATRIS 15 mg Cpr orodisp Plq/28x1;0.021;12.38;0.15;1;1
;3400930150702;;MYLAN-SAG / VIATRIS SANTÉ GENERIQUES;Non renseigné;BUPRENORPHINE/NALOXONE VIATRIS 8 mg/2 mg Cpr subl sécable Plq/7x1;0.021;3.5;0.05;1;1
;3400930150726;;MYLAN-SAG / VIATRIS SANTÉ GENERIQUES;Non renseigné;BUPRENORPHINE/NALOXONE VIATRIS 8 mg/2 mg Cpr subl sécable Plq/28x1;0.021;15.63;0.05;1;1
;3400930150740;;MYLAN-SAG / VIATRIS SANTÉ GENERIQUES;Non renseigné;BUPRENORPHINE/NALOXONE VIATRIS 2 mg/0,5 mg Cpr subl sécable Plq/7x1;0.021;1.22;0.05;1;1
;3400930150764;;MYLAN-SAG / VIATRIS SANTÉ GENERIQUES;Non renseigné;BUPRENORPHINE/NALOXONE VIATRIS 2 mg/0,5 mg Cpr subl sécable Plq/28x1;0.021;5.25;0.05;1;1
;3400930151198;;MYLAN-SAG / VIATRIS SANTÉ GENERIQUES;Non renseigné;MOMETASONE VIATRIS 50 µg/dose Susp pulv nas Fl/18g(140 doses);0.021;3.66;0.025;60;1
;3400930151310;;MYLAN-SAG / VIATRIS SANTÉ GENERIQUES;Non renseigné;IRBESARTAN VIATRIS 150 mg Cpr Fl/30;0.021;2.85;0.05;1;1
;3400930151655;;MYLAN-SAG / VIATRIS SANTÉ GENERIQUES;Non renseigné;MODAFINIL VIATRIS 100 mg Cpr Plq/30;0.021;25.95;0.22;1;1
;3400930152409;;MYLAN-SAG / VIATRIS SANTÉ GENERIQUES;Non renseigné;EVEROLIMUS VIATRIS 2,5 mg Cpr Plq/30;0.021;310.42;0.22;1;1
;3400930152447;;MYLAN-SAG / VIATRIS SANTÉ GENERIQUES;Non renseigné;EVEROLIMUS VIATRIS 10 mg Cpr Plq/30;0.021;808.88;0.22;1;1
;3400930155981;;MYLAN-SAG / VIATRIS SANTÉ GENERIQUES;Non renseigné;NEBIVOLOL/HYDROCHLOROTHIAZIDE VIATRIS 5 mg/12,5 mg Cpr pell Plq/30;0.021;3.28;0.05;1;1
;3400930155998;;MYLAN-SAG / VIATRIS SANTÉ GENERIQUES;Non renseigné;NEBIVOLOL/HYDROCHLOROTHIAZIDE VIATRIS 5 mg/12,5 mg Cpr pell Plq/90;0.021;9.34;0.05;1;1
;3400930156018;;MYLAN-SAG / VIATRIS SANTÉ GENERIQUES;Non renseigné;NEBIVOLOL/HYDROCHLOROTHIAZIDE VIATRIS 5 mg/25 mg Cpr pell Plq/30;0.021;3.28;0.05;1;1
;3400930156025;;MYLAN-SAG / VIATRIS SANTÉ GENERIQUES;Non renseigné;NEBIVOLOL/HYDROCHLOROTHIAZIDE VIATRIS 5 mg/25 mg Cpr pell Plq/90;0.021;9.34;0.05;1;1
;3400930156674;;MYLAN-SAG / VIATRIS SANTÉ GENERIQUES;Non renseigné;AGOMELATINE VIATRIS 25 mg Cpr Plq/28;0.021;9.74;0.15;1;1
;3400930156827;;MYLAN-SAG / VIATRIS SANTÉ GENERIQUES;Non renseigné;VERAPAMIL VIATRIS LP 240 mg Cpr pell séc LP Plq/30;0.021;4.15;0.05;96;1
;3400930156834;;MYLAN-SAG / VIATRIS SANTÉ GENERIQUES;Non renseigné;VERAPAMIL VIATRIS LP 240 mg Cpr pell séc LP Plq/90;0.021;11.83;0.05;48;1
;3400930161531;;MYLAN-SAG / VIATRIS SANTÉ GENERIQUES;Non renseigné;ATAZANAVIR VIATRIS 300 mg Gél Plq/30;0.021;104.44;0.22;1;1
;3400930164198;;MYLAN-SAG / VIATRIS SANTÉ GENERIQUES;Non renseigné;CYAMEMAZINE VIATRIS 100 mg Cpr pell séc Plq/25;0.021;6.36;0.15;128;1
;3400930169162;;MYLAN-SAG / VIATRIS SANTÉ GENERIQUES;Non renseigné;ACIDE ALENDRONIQUE/VITAMINE D3 VIATRIS 70 mg/2800 UI Cpr Plq/4;0.021;3.88;0.22;1;1
;3400930169186;;MYLAN-SAG / VIATRIS SANTÉ GENERIQUES;Non renseigné;ACIDE ALENDRONIQUE/VITAMINE D3 VIATRIS 70 mg/2800 UI Cpr Plq/12;0.021;10.52;0.22;1;1
;3400930169209;;MYLAN-SAG / VIATRIS SANTÉ GENERIQUES;Non renseigné;ACIDE ALENDRONIQUE/VITAMINE D3 VIATRIS 70 mg/5600 UI Cpr Plq/4;0.021;3.88;0.22;1;1
;3400930169223;;MYLAN-SAG / VIATRIS SANTÉ GENERIQUES;Non renseigné;ACIDE ALENDRONIQUE/VITAMINE D3 VIATRIS 70 mg/5600 UI Cpr Plq/12;0.021;10.52;0.22;1;1
;3400930169346;;MYLAN-SAG / VIATRIS SANTÉ GENERIQUES;Non renseigné;APOMORPHINE VIATRIS 5 mg/ml S inj 10Amp/10ml;0.021;56.85;0.05;1;1
;3400930169452;;MYLAN-SAG / VIATRIS SANTÉ GENERIQUES;Non renseigné;GABAPENTINE VIATRIS 600 mg Cpr pell séc Plq PVC/PVDC/Alu/90;0.021;19.58;0.15;1;1
;3400930169476;;MYLAN-SAG / VIATRIS SANTÉ GENERIQUES;Non renseigné;GABAPENTINE VIATRIS 800 mg Cpr pell séc Plq PVC/PVDC/Alu/90;0.021;19.58;0.15;1;1
;3400930171066;;MYLAN-SAG / VIATRIS SANTÉ GENERIQUES;Non renseigné;ULIPRISTAL ACETATE VIATRIS 30 mg Cpr pell Plq/1;0.021;5;0.05;280;1
;3400930172230;;MYLAN-SAG / VIATRIS SANTÉ GENERIQUES;Non renseigné;IRBESARTAN/HYDROCHLOROTHIAZIDE VIATRIS 150 mg/12,5 mg Cpr Plq/30;0.021;2.55;0.15;1;1
;3400930172247;;MYLAN-SAG / VIATRIS SANTÉ GENERIQUES;Non renseigné;IRBESARTAN/HYDROCHLOROTHIAZIDE VIATRIS 150 mg/12,5 mg Cpr Plq/90;0.021;7.02;0.22;84;1
;3400930172346;;MYLAN-SAG / VIATRIS SANTÉ GENERIQUES;Non renseigné;IRBESARTAN/HYDROCHLOROTHIAZIDE VIATRIS 300 mg/12,5 mg Cpr Plq/30;0.021;2.85;0.05;1;1
;3400930172360;;MYLAN-SAG / VIATRIS SANTÉ GENERIQUES;Non renseigné;IRBESARTAN/HYDROCHLOROTHIAZIDE VIATRIS 300 mg/25 mg Cpr Plq/30;0.021;2.85;0.05;1;1
;3400930172377;;MYLAN-SAG / VIATRIS SANTÉ GENERIQUES;Non renseigné;IRBESARTAN/HYDROCHLOROTHIAZIDE VIATRIS 300 mg/25 mg Cpr Plq/90;0.021;8.78;0.025;1;1
;3400930172520;;MYLAN-SAG / VIATRIS SANTÉ GENERIQUES;Non renseigné;VERAPAMIL VIATRIS 120 mg Gél Plq/30;0.021;2.14;0.05;1;1
;3400930172537;;MYLAN-SAG / VIATRIS SANTÉ GENERIQUES;Non renseigné;VERAPAMIL VIATRIS 120 mg Gél Plq/90;0.021;6.41;0.05;1;1
;3400930172735;;MYLAN-SAG / VIATRIS SANTÉ GENERIQUES;Non renseigné;KETOCONAZOLE VIATRIS 2 % Cr T/15g;0.021;1.58;0.05;1;1
;3400930173398;;MYLAN-SAG / VIATRIS SANTÉ GENERIQUES;Non renseigné;SILODOSINE VIATRIS 4 mg Gél Plq/30;0.021;3.43;0.025;1;1
;3400930173442;;MYLAN-SAG / VIATRIS SANTÉ GENERIQUES;Non renseigné;SILODOSINE VIATRIS 8 mg Gél Plq/30;0.021;3.43;0.025;1;1
;3400930176207;;MYLAN-SAG / VIATRIS SANTÉ GENERIQUES;Non renseigné;PROPIO FLUT VIATR 100µg/50µg/d Pdr i u i/60ud;0.021;13.45;0.025;1;1
;3400930176245;;MYLAN-SAG / VIATRIS SANTÉ GENERIQUES;Non renseigné;PROPIO FLUT VIATR 250µg/50µg/dose P i i/60ud;0.021;15.77;0.025;56;1
;3400930176290;;MYLAN-SAG / VIATRIS SANTÉ GENERIQUES;Non renseigné;PROPIO FLUT VIATR 500µg/50µg/dose P u i/60ud;0.021;17.65;0.025;56;1
;3400930182543;;MYLAN-SAG / VIATRIS SANTÉ GENERIQUES;Non renseigné;ACIDE ACETYLSALICYLIQUE VIATRIS 100 mg Cpr gastro-rés Plq/30;0.021;1.21;0.025;1;1
;3400930183571;;MYLAN-SAG / VIATRIS SANTÉ GENERIQUES;Non renseigné;BISOPROLOL VIATRIS 1,25 mg Cpr pell Plq unit/90;0.021;7.16;0.22;100;1
;3400930183748;;MYLAN-SAG / VIATRIS SANTÉ GENERIQUES;Non renseigné;BISOPROLOL VIATRIS 2,5 mg Cpr pell séc Plq unit PVC/PVDC/Alu/30;0.021;2.51;0.22;280;1
;3400930183755;;MYLAN-SAG / VIATRIS SANTÉ GENERIQUES;Non renseigné;BISOPROLOL VIATRIS 2,5 mg Cpr pell séc Plq unit PVC/PVDC/Alu/90;0.021;7.16;0.22;140;1
;3400930183960;;MYLAN-SAG / VIATRIS SANTÉ GENERIQUES;Non renseigné;BISOPROLOL VIATRIS 3,75 mg Cpr pell séc Plq unit PVC/PVDC/Alu/30;0.021;2.51;0.22;1;1
;3400930184059;;MYLAN-SAG / VIATRIS SANTÉ GENERIQUES;Non renseigné;BISOPROLOL VIATRIS 5 mg Cpr pell séc Plq unit PVC/PVDC/Alu/30;0.021;1.26;0.22;200;1
;3400930184066;;MYLAN-SAG / VIATRIS SANTÉ GENERIQUES;Non renseigné;BISOPROLOL VIATRIS 5 mg Cpr pell séc Plq unit PVC/PVDC/Alu/90;0.021;3.59;0.22;140;1
;3400930184318;;MYLAN-SAG / VIATRIS SANTÉ GENERIQUES;Non renseigné;BISOPROLOL VIATRIS 7,5 mg Cpr pell séc Plq unit PVC/PVDC/Alu/30;0.021;2.51;0.22;1;1
;3400930184417;;MYLAN-SAG / VIATRIS SANTÉ GENERIQUES;Non renseigné;BISOPROLOL VIATRIS 10 mg Cpr pell séc Plq PVC/PVDC/Alu/30x1;0.021;2.51;0.22;1;1
;3400930184424;;MYLAN-SAG / VIATRIS SANTÉ GENERIQUES;Non renseigné;BISOPROLOL VIATRIS 10 mg Cpr pell séc Plq PVC/PVDC/Alu/90x1;0.021;7.16;0.22;1;1
;3400930188606;;MYLAN-SAG / VIATRIS SANTÉ GENERIQUES;Non renseigné;DUTASTERIDE/TAMSULOSINE VIATRIS 0,5 mg/0,4 mg Gél Fl/30;0.021;7.21;0.15;1;1
;3400930190647;;MYLAN-SAG / VIATRIS SANTÉ GENERIQUES;Non renseigné;BORAX/AC BOR VIATRIS 12mg/18mg/ml 20Unid/5ml;0.021;1.32;0.05;42;1
;3400930199527;;MYLAN-SAG / VIATRIS SANTÉ GENERIQUES;Non renseigné;BISOPROLOL VIATRIS SANTE 10 mg Cpr pell séc Plq PVC/alu/30;0.021;2.51;0.22;1;1
;3400930199534;;MYLAN-SAG / VIATRIS SANTÉ GENERIQUES;Non renseigné;BISOPROLOL VIATRIS SANTE 10 mg Cpr pell séc Plq PVC/alu/90;0.021;7.16;0.22;1;1
;3400930202975;;MYLAN-SAG / VIATRIS SANTÉ GENERIQUES;Non renseigné;URAPIDIL VIATRIS LP 30 mg Gél LP Fl/30;0.021;2.4;0.05;1;1
;3400930206461;;MYLAN-SAG / VIATRIS SANTÉ GENERIQUES;Non renseigné;MIDAZOLAM VIATRIS 5 mg/ml S inj ou rectale 10Amp ver/1ml;0.021;12.83;0.05;1;1
;3400930206478;;MYLAN-SAG / VIATRIS SANTÉ GENERIQUES;Non renseigné;MIDAZOLAM VIATRIS 5 mg/ml S inj ou rectale 10Amp ver/10ml;0.021;26.6;0.05;1;1
;3400930207420;;MYLAN-SAG / VIATRIS SANTÉ GENERIQUES;Non renseigné;CICLOPIROX OLAMINE VIATRIS 1 % Cr T/30g;0.021;1.84;0.05;72;1
;3400930208502;;MYLAN-SAG / VIATRIS SANTÉ GENERIQUES;Non renseigné;TIXOCORTOL VIATRIS 1 % Susp nas Fl/10ml;0.021;1.29;0.025;144;1
;3400930212547;;MYLAN-SAG / VIATRIS SANTÉ GENERIQUES;Non renseigné;DIVALCOTE Gé 250 mg Cpr gastro-rés Plq alu/30;0.021;3.19;0.025;60;1
;3400930212578;;MYLAN-SAG / VIATRIS SANTÉ GENERIQUES;Non renseigné;DIVALCOTE Gé 500 mg Cpr gastro-rés Plq alu/90;0.021;19.08;0.025;12;1
;3400930213865;;MYLAN-SAG / VIATRIS SANTÉ GENERIQUES;Non renseigné;ACIDE FOLIQUE VIATRIS 5 mg Cpr Plq PVC/PVDC/Alu/20;0.021;0.7;0.22;315;1
;3400930218327;;MYLAN-SAG / VIATRIS SANTÉ GENERIQUES;Non renseigné;TRAVOPROST VIATRIS 40 µg/ml Collyre sol Fl/2,5ml;0.021;4.02;0.15;1;1
;3400930218808;;MYLAN-SAG / VIATRIS SANTÉ GENERIQUES;Non renseigné;DEXAMETHASONE VIATRIS 4 mg/1 ml S inj en ampoule 5Amp ver/1ml;0.021;22.5;0.025;1;1
;3400930220399;;MYLAN-SAG / VIATRIS SANTÉ GENERIQUES;Non renseigné;LANTHANE VIATRIS 750 mg Cpr à croquer 6Fl/15 (90);0.021;65.91;0.05;1;1
;3400930224755;;MYLAN-SAG / VIATRIS SANTÉ GENERIQUES;Non renseigné;EZETIMIBE VIATRIS 10 mg Cpr 30Plq PVC/PVDC/Alu/1;0.021;7.79;0.22;12;1
;3400930224762;;MYLAN-SAG / VIATRIS SANTÉ GENERIQUES;Non renseigné;EZETIMIBE VIATRIS 10 mg Cpr 90Plq PVC/PVDC/Alu/1;0.021;22.2;0.22;1;1
;3400930226766;;MYLAN-SAG / VIATRIS SANTÉ GENERIQUES;Non renseigné;SIMVASTATINE VIATRIS 10 mg Cpr pell Plq PVC/PVDC/Alu/28;0.021;1.37;0.22;240;1
;3400930226872;;MYLAN-SAG / VIATRIS SANTÉ GENERIQUES;Non renseigné;SIMVASTATINE VIATRIS 20 mg Cpr pell séc Plq PVC/PVDC/Alu/28;0.021;1.68;0.22;1;1
;3400930226919;;MYLAN-SAG / VIATRIS SANTÉ GENERIQUES;Non renseigné;SIMVASTATINE VIATRIS 20 mg Cpr pell séc Plq PVC/PVDC/Alu/84;0.021;5.06;0.22;105;1
;3400930227022;;MYLAN-SAG / VIATRIS SANTÉ GENERIQUES;Non renseigné;SIMVASTATINE VIATRIS 40 mg Cpr pell Plq PVC/PVDC/Alu/28;0.021;1.68;0.22;1;1
;3400930227053;;MYLAN-SAG / VIATRIS SANTÉ GENERIQUES;Non renseigné;SIMVASTATINE VIATRIS 40 mg Cpr pell Plq PVC/PVDC/Alu/84;0.021;5.06;0.22;1;1
;3400930228371;;MYLAN-SAG / VIATRIS SANTÉ GENERIQUES;Non renseigné;MIDODRINE VIATRIS 2,5 mg Cpr Plq/30x1;0.021;4.27;0.15;1;1
;3400930228388;;MYLAN-SAG / VIATRIS SANTÉ GENERIQUES;Non renseigné;MIDODRINE VIATRIS 2,5 mg Cpr Plq/90x1;0.021;12.81;0.15;1;1
;3400930233542;;MYLAN-SAG / VIATRIS SANTÉ GENERIQUES;Non renseigné;BILASTINE VIATRIS 20 mg Cpr Plq/30;0.021;2.31;0.025;100;1
;3400930234792;;MYLAN-SAG / VIATRIS SANTÉ GENERIQUES;Non renseigné;VILDAGLIPTINE VIATRIS 50 mg Cpr Plq/30;0.021;2.84;0.15;1;1
;3400930234815;;MYLAN-SAG / VIATRIS SANTÉ GENERIQUES;Non renseigné;VILDAGLIPTINE VIATRIS 50 mg Cpr Plq/60;0.021;5.68;0.15;1;1
;3400930236635;;MYLAN-SAG / VIATRIS SANTÉ GENERIQUES;Non renseigné;PERINDOPRIL TERT-BUTYLAMINE/AMLODIPINE VIATRIS 4 mg/5 mg Cpr Plq/30;0.021;4.62;0.15;1;1
;3400930236642;;MYLAN-SAG / VIATRIS SANTÉ GENERIQUES;Non renseigné;PERINDOPRIL TERT-BUTYLAMINE/AMLODIPINE VIATRIS 4 mg/10 mg Cpr Plq/30;0.021;4.62;0.15;1;1
;3400930236666;;MYLAN-SAG / VIATRIS SANTÉ GENERIQUES;Non renseigné;PERINDOPRIL TERT-BUTYLAMINE/AMLODIPINE VIATRIS 8 mg/10 mg Cpr Plq/30;0.021;6.29;0.15;1;1
;3400930236833;;MYLAN-SAG / VIATRIS SANTÉ GENERIQUES;Non renseigné;OFLOXACINE VIATRIS 1,5 mg/0,5 ml Sol auric récip unidose 20Unid/0,5ml;0.021;2.74;0.05;55;1
;3400930238264;;MYLAN-SAG / VIATRIS SANTÉ GENERIQUES;Non renseigné;PERINDOPRIL TERT-BUTYLAMINE/AMLODIPINE VIATRIS 4 mg/5 mg Cpr Plq Alu/OPA/90;0.021;13.18;0.15;1;1
;3400930238271;;MYLAN-SAG / VIATRIS SANTÉ GENERIQUES;Non renseigné;PERIN/AMLO VIATRIS 4mg/10mg Cp Plq Alu/OPA/90;0.021;13.18;0.15;1;1
;3400930238295;;MYLAN-SAG / VIATRIS SANTÉ GENERIQUES;Non renseigné;PERIN/AMLO VIATRIS 8mg/10mg Cp Plq Alu/OPA/90;0.021;17.93;0.15;1;1
;3400930239490;;MYLAN-SAG / VIATRIS SANTÉ GENERIQUES;Non renseigné;PHLOROGLUCINOL VIATRIS 160 mg Cpr orodisp Plq/5;0.021;0.95;0.05;288;1
;3400930241820;;MYLAN-SAG / VIATRIS SANTÉ GENERIQUES;Non renseigné;SITAGLIPTINE VIATRIS SANTE 50 mg Cpr pell Plq/30;0.021;5.44;0.22;1;1
;3400930241868;;MYLAN-SAG / VIATRIS SANTÉ GENERIQUES;Non renseigné;SITAGLIPTINE VIATRIS SANTE 100 mg Cpr pell Plq/30;0.021;5.44;0.22;1;1
;3400930242506;;MYLAN-SAG / VIATRIS SANTÉ GENERIQUES;Non renseigné;ABIRATERONE MYLAN 500 mg Cpr pell Plq Alu/PVC/PE/PVDC/60x1;0.021;584.5;0.22;1;1
;3400930245705;;MYLAN-SAG / VIATRIS SANTÉ GENERIQUES;Non renseigné;PERINDOPRIL VIATRIS 2 mg Cpr Plq/30;0.021;2.55;0.15;1;1
;3400930245729;;MYLAN-SAG / VIATRIS SANTÉ GENERIQUES;Non renseigné;PERINDOPRIL VIATRIS 4 mg Cpr séc Plq/30;0.021;2.55;0.15;1;1
;3400930245743;;MYLAN-SAG / VIATRIS SANTÉ GENERIQUES;Non renseigné;PERINDOPRIL VIATRIS 4 mg Cpr séc Plq/90;0.021;7.65;0.15;1;1
;3400930245767;;MYLAN-SAG / VIATRIS SANTÉ GENERIQUES;Non renseigné;PERINDOPRIL VIATRIS 8 mg Cpr Plq/90;0.021;7.65;0.15;1;1
;3400930247648;;MYLAN-SAG / VIATRIS SANTÉ GENERIQUES;Non renseigné;VILDAGLIPTINE/METFORMINE VIATRIS 50 mg/1000 mg Cpr pell Plq/60;0.021;6.51;0.025;45;1
;3400930248249;;MYLAN-SAG / VIATRIS SANTÉ GENERIQUES;Non renseigné;SITAGLIPTINE/METFORMINE VIATRIS SANTE 50 mg/1000 mg Cpr pell Plq/60;0.021;6.81;0.025;48;1
;3400930248256;;MYLAN-SAG / VIATRIS SANTÉ GENERIQUES;Non renseigné;SONDELBAY 20 µg/80 µl S inj en stylo prérempli Stylo (cart)/2,4ml;0.021;168.41;0.025;1;1
;3400930255278;;MYLAN-SAG / VIATRIS SANTÉ GENERIQUES;Non renseigné;ENALAPRIL/LERCANIDIPINE VIATRIS 20 mg/20 mg Cpr pell Plq/30;0.021;4.83;0.05;1;1
;3400930263068;;MYLAN-SAG / VIATRIS SANTÉ GENERIQUES;Non renseigné;IBUPROFENE VIATRIS SANTE 400 mg Cpr pell Plq/20;0.021;0.92;0.05;200;1
;3400930263082;;MYLAN-SAG / VIATRIS SANTÉ GENERIQUES;Non renseigné;IBUPROFENE VIATRIS SANTE 400 mg Cpr pell Plq/30;0.021;1.39;0.05;100;1
;3400930263488;;MYLAN-SAG / VIATRIS SANTÉ GENERIQUES;Non renseigné;ATORVASTATINE VIATRIS SANTE 10 mg Cpr pell Plq PVC/PE/PVDC/Alu/30;0.021;1.98;0.22;1;1
;3400930263495;;MYLAN-SAG / VIATRIS SANTÉ GENERIQUES;Non renseigné;ATORVASTATINE VIATRIS SANTE 20 mg Cpr pell séc Plq PVC/PE/PVDC/Alu/30;0.021;1.98;0.22;1;1
;3400930263501;;MYLAN-SAG / VIATRIS SANTÉ GENERIQUES;Non renseigné;ATORVASTATINE VIATRIS SANTE 40 mg Cpr pell séc Plq PVC/PE/PVDC/Alu/30;0.021;1.98;0.22;1;1
;3400930263518;;MYLAN-SAG / VIATRIS SANTÉ GENERIQUES;Non renseigné;ATORVASTATINE VIATRIS SANTE 80 mg Cpr pell séc Plq PVC/PE/PVDC/Alu/30;0.021;1.98;0.22;90;1
;3400930263938;;MYLAN-SAG / VIATRIS SANTÉ GENERIQUES;Non renseigné;TERIFLUNOMIDE VIATRIS 14 mg Cpr pell Plq/28;0.021;216.12;0.025;1;1
;3400930267547;;MYLAN-SAG / VIATRIS SANTÉ GENERIQUES;Non renseigné;TRAMADOL VIATRIS 50 mg Gél Plq/10;0.021;0.88;0.05;1;1
;3400930269350;;MYLAN-SAG / VIATRIS SANTÉ GENERIQUES;Non renseigné;RIVAROXABAN VIATRIS 15 mg Cpr pell Plq/28;0.021;7.78;0.22;120;1
;3400930274460;;MYLAN-SAG / VIATRIS SANTÉ GENERIQUES;Non renseigné;RACECADOTRIL VIATRIS 100 mg Gél Plq/20;0.021;3.48;0.05;120;1
;3400930274927;;MYLAN-SAG / VIATRIS SANTÉ GENERIQUES;Non renseigné;CHOLECALCIFEROL VIATRIS 50 000 UI S buv en ampoule Amp/2ml;0.021;0.68;0.025;420;1
;3400930274934;;MYLAN-SAG / VIATRIS SANTÉ GENERIQUES;Non renseigné;CHOLECALCIFEROL VIATRIS 50 000 UI S buv en ampoule 2Amp/2ml;0.021;1.37;0.025;195;1
;3400930274958;;MYLAN-SAG / VIATRIS SANTÉ GENERIQUES;Non renseigné;CHOLECALCIFEROL VIATRIS 50 000 UI S buv en ampoule 4Amp/2ml;0.021;2.73;0.025;195;1
;3400930279229;;MYLAN-SAG / VIATRIS SANTÉ GENERIQUES;Non renseigné;PARACETAMOL VIATRIS SANTE 1000 mg Cpr séc Plq/8;0.021;0.74;0.025;300;1
;3400930280416;;MYLAN-SAG / VIATRIS SANTÉ GENERIQUES;Non renseigné;AMOXICILLINE VIATRIS SANTE 500 mg/5 ml Pdr susp buv Fl verre/10,5g;0.021;1.32;0.05;48;1
;3400930287279;;MYLAN-SAG / VIATRIS SANTÉ GENERIQUES;Non renseigné;DABIGATRAN ETEXILATE VIATRIS SANTE 110 mg Gél Plq/60x1;0.021;9.68;0.025;48;1
;3400930287293;;MYLAN-SAG / VIATRIS SANTÉ GENERIQUES;Non renseigné;DABIGATRAN ETEXILATE VIATRIS SANTE 150 mg Gél 60Plq/1;0.021;9.68;0.025;32;1
;3400930287712;;MYLAN-SAG / VIATRIS SANTÉ GENERIQUES;Non renseigné;TRAMADOL VIATRIS LP 100 mg Cpr LP Plaq/30;0.021;3.18;0.22;1;1
;3400930287842;;MYLAN-SAG / VIATRIS SANTÉ GENERIQUES;Non renseigné;TRAMADOL VIATRIS LP 150 mg Cpr LP Plaq/30;0.021;4.49;0.22;1;1
;3400930288016;;MYLAN-SAG / VIATRIS SANTÉ GENERIQUES;Non renseigné;TRAMADOL VIATRIS LP 200 mg Cpr LP Plaq/30;0.021;5.8;0.22;1;1
;3400930291849;;MYLAN-SAG / VIATRIS SANTÉ GENERIQUES;Non renseigné;EZETIMIBE/ATORVASTATINE VIATRIS 10 mg/10 mg Cpr pell Plq/30;0.021;7.98;0.05;72;1
;3400930291856;;MYLAN-SAG / VIATRIS SANTÉ GENERIQUES;Non renseigné;EZETIMIBE/ATORVASTATINE VIATRIS 10 mg/10 mg Cpr pell Plq/90;0.021;23.94;0.05;27;1
;3400930291863;;MYLAN-SAG / VIATRIS SANTÉ GENERIQUES;Non renseigné;EZETIMIBE/ATORVASTATINE VIATRIS 10 mg/20 mg Cpr pell Plq/30;0.021;7.98;0.05;1;1
;3400930291870;;MYLAN-SAG / VIATRIS SANTÉ GENERIQUES;Non renseigné;EZETIMIBE/ATORVASTATINE VIATRIS 10 mg/20 mg Cpr pell Plq/90;0.021;23.94;0.05;27;1
;3400930291887;;MYLAN-SAG / VIATRIS SANTÉ GENERIQUES;Non renseigné;EZETIMIBE/ATORVASTATINE VIATRIS 10 mg/40 mg Cpr pell Plq/30;0.021;7.98;0.05;60;1
;3400930291894;;MYLAN-SAG / VIATRIS SANTÉ GENERIQUES;Non renseigné;EZETIMIBE/ATORVASTATINE VIATRIS 10 mg/40 mg Cpr pell Plq/90;0.021;23.94;0.05;18;1
;3400930291900;;MYLAN-SAG / VIATRIS SANTÉ GENERIQUES;Non renseigné;EZETIMIBE/ATORVASTATINE VIATRIS 10 mg/80 mg Cpr pell Plq/30;0.021;7.98;0.05;36;1
;3400930291917;;MYLAN-SAG / VIATRIS SANTÉ GENERIQUES;Non renseigné;EZETIMIBE/ATORVASTATINE VIATRIS 10 mg/80 mg Cpr pell Plq/90 (2x45);0.021;23.94;0.05;9;1
;3400930295212;;MYLAN-SAG / VIATRIS SANTÉ GENERIQUES;Non renseigné;CHOLECALCIFEROL VIATRIS 200 000 UI S buv en ampoule Amp/2ml;0.021;0.68;0.025;420;1
;3400930295229;;MYLAN-SAG / VIATRIS SANTÉ GENERIQUES;Non renseigné;CHOLECALCIFEROL VIATRIS 80 000 UI S buv en ampoule Amp/2ml;0.021;0.68;0.025;420;1
;3400930297582;;MYLAN-SAG / VIATRIS SANTÉ GENERIQUES;Non renseigné;TRAMADOL/PARACETAMOL VIATRIS 37,5 mg/325 mg Cpr pell Plq/20;0.021;0.9;0.22;400;1
;3400930300411;;MYLAN-SAG / VIATRIS SANTÉ GENERIQUES;Non renseigné;FEXOFENADINE VIATRIS SANTE 120 mg Cpr pell Plq Alu/PVC/PE/Aclar/15;0.021;1.8;0.05;1;1
;3400930304877;;MYLAN-SAG / VIATRIS SANTÉ GENERIQUES;Non renseigné;BACLOFENE VIATRIS 10 mg Cpr séc Plq/30;0.021;1.84;0.05;98;1
;3400930306840;;MYLAN-SAG / VIATRIS SANTÉ GENERIQUES;Non renseigné;ELTROMBOPAG VIATRIS 25 mg Cpr pell Plq/28;0.021;196.21;0.15;1;1
;3400930306864;;MYLAN-SAG / VIATRIS SANTÉ GENERIQUES;Non renseigné;ELTROMBOPAG VIATRIS 50 mg Cpr pell Plq/28;0.021;392.41;0.15;1;1
;3400930307724;;MYLAN-SAG / VIATRIS SANTÉ GENERIQUES;Non renseigné;CANDESARTAN VIATRIS SANTE 4 mg Cpr séc Plq/30;0.021;2.55;0.15;1;1
;3400930307731;;MYLAN-SAG / VIATRIS SANTÉ GENERIQUES;Non renseigné;CANDESARTAN VIATRIS SANTE 4 mg Cpr séc Plq/90;0.021;7.02;0.22;1;1
;3400930307748;;MYLAN-SAG / VIATRIS SANTÉ GENERIQUES;Non renseigné;CANDESARTAN VIATRIS SANTE 8 mg Cpr séc Plq/30;0.021;2.55;0.15;1;1
;3400930307755;;MYLAN-SAG / VIATRIS SANTÉ GENERIQUES;Non renseigné;CANDESARTAN VIATRIS SANTE 8 mg Cpr séc Plq/90;0.021;7.65;0.15;1;1
;3400930307762;;MYLAN-SAG / VIATRIS SANTÉ GENERIQUES;Non renseigné;CANDESARTAN VIATRIS SANTE 16 mg Cpr séc Plq/30;0.021;2.55;0.15;1;1
;3400930307779;;MYLAN-SAG / VIATRIS SANTÉ GENERIQUES;Non renseigné;CANDESARTAN VIATRIS SANTE 16 mg Cpr séc Plq/90;0.021;7.65;0.15;1;1
;3400930307786;;MYLAN-SAG / VIATRIS SANTÉ GENERIQUES;Non renseigné;CANDESARTAN VIATRIS SANTE 32 mg Cpr séc Plq/30;0.021;2.55;0.15;1;1
;3400930311783;;MYLAN-SAG / VIATRIS SANTÉ GENERIQUES;Non renseigné;BECLO/FOR VIATRIS 200/6µg/d S inh fl 1Fl/120d;0.021;15.77;0.025;1;1
;3400930313657;;MYLAN-SAG / VIATRIS SANTÉ GENERIQUES;Non renseigné;AMOXICILLINE VIATRIS SANTE 1 g Cpr disp Plq PVC/PVDC/Alu/14;0.021;3.24;0.05;1;1
;3400930330616;;MYLAN-SAG / VIATRIS SANTÉ GENERIQUES;Non renseigné;ATORVASTATINE VIATRIS SANTE 80 mg Cpr pell séc Plq PVC/PE/PVDC/Alu/90;0.021;5.94;0.22;1;1
2164349;3400921643497;;MYLAN-SAG / VIATRIS SANTÉ GENERIQUES;Non renseigné;LOSARTAN/HYDROCHLOROTHIAZIDE VIATRIS SANTE 100 mg/12,5 mg Cpr pell Plq/28;0.021;2.38;0.15;0;1
2164409;3400921644098;;MYLAN-SAG / VIATRIS SANTÉ GENERIQUES;Non renseigné;LOSARTAN/HYDROCHLOROTHIAZIDE VIATRIS SANTE 100 mg/12,5 mg Cpr pell Plq/90;0.021;7.65;0.15;0;1
2184613;3400921846133;;MYLAN-SAG / VIATRIS SANTÉ GENERIQUES;Non renseigné;PRAVASTATINE VIATRIS 20 mg Cpr pell séc Plaq/28;0.021;1.99;0.22;60;1
2184642;3400921846423;;MYLAN-SAG / VIATRIS SANTÉ GENERIQUES;Non renseigné;PRAVASTATINE VIATRIS 20 mg Cpr pell séc Plaq/84;0.021;5.97;0.22;36;1
2184665;3400921846652;;MYLAN-SAG / VIATRIS SANTÉ GENERIQUES;Non renseigné;PRAVASTATINE VIATRIS 40 mg Cpr pell Plaq/28;0.021;1.99;0.22;0;1
2184688;3400921846881;;MYLAN-SAG / VIATRIS SANTÉ GENERIQUES;Non renseigné;PRAVASTATINE VIATRIS 40 mg Cpr pell Plaq/84;0.021;5.97;0.22;0;1
2186546;3400921865462;;MYLAN-SAG / VIATRIS SANTÉ GENERIQUES;Non renseigné;IRBESARTAN VIATRIS 75 mg Cpr Plq/30;0.021;2.55;0.15;90;1
2186606;3400921866063;;MYLAN-SAG / VIATRIS SANTÉ GENERIQUES;Non renseigné;IRBESARTAN VIATRIS 75 mg Cpr Plq/90;0.021;7.02;0.22;54;1
2186664;3400921866643;;MYLAN-SAG / VIATRIS SANTÉ GENERIQUES;Non renseigné;IRBESARTAN VIATRIS 150 mg Cpr Plq/30;0.021;2.55;0.15;90;1
2186724;3400921867244;;MYLAN-SAG / VIATRIS SANTÉ GENERIQUES;Non renseigné;IRBESARTAN VIATRIS 150 mg Cpr Plq/90;0.021;7.02;0.22;54;1
2186799;3400921867992;;MYLAN-SAG / VIATRIS SANTÉ GENERIQUES;Non renseigné;IRBESARTAN VIATRIS 300 mg Cpr Plq/30;0.021;2.55;0.15;90;1
2189119;3400921891195;;MYLAN-SAG / VIATRIS SANTÉ GENERIQUES;Non renseigné;PERINDOPRIL ARGININE VIATRIS 2,5 mg Cpr pell Plq/90;0.021;7.02;0.22;1;1
2189208;3400921892086;;MYLAN-SAG / VIATRIS SANTÉ GENERIQUES;Non renseigné;PERINDOPRIL ARGININE VIATRIS 5 mg Cpr pell séc Plq/30;0.021;2.55;0.15;1;1
2189220;3400921892208;;MYLAN-SAG / VIATRIS SANTÉ GENERIQUES;Non renseigné;PERINDOPRIL ARGININE VIATRIS 5 mg Cpr pell séc Plq/90;0.021;7.65;0.15;1;1
2189303;3400921893038;;MYLAN-SAG / VIATRIS SANTÉ GENERIQUES;Non renseigné;PERINDOPRIL ARGININE VIATRIS 10 mg Cpr pell Plq/30;0.021;2.55;0.15;1;1
2189332;3400921893328;;MYLAN-SAG / VIATRIS SANTÉ GENERIQUES;Non renseigné;PERINDOPRIL ARGININE VIATRIS 10 mg Cpr pell Plq/90;0.021;7.65;0.15;1;1
2191197;3400921911978;;MYLAN-SAG / VIATRIS SANTÉ GENERIQUES;Non renseigné;TELMISARTAN VIATRIS 40 mg Cpr Plq/30;0.021;2.34;0.22;0;1
2191228;3400921912289;;MYLAN-SAG / VIATRIS SANTÉ GENERIQUES;Non renseigné;TELMISARTAN VIATRIS 40 mg Cpr Plq/90;0.021;7.02;0.22;0;1
2191352;3400921913521;;MYLAN-SAG / VIATRIS SANTÉ GENERIQUES;Non renseigné;TELMISARTAN VIATRIS 80 mg Cpr Plq/30;0.021;2.55;0.15;0;1
2191398;3400921913989;;MYLAN-SAG / VIATRIS SANTÉ GENERIQUES;Non renseigné;TELMISARTAN VIATRIS 80 mg Cpr Plq/90;0.021;7.65;0.15;0;1
2208466;3400922084664;;MYLAN-SAG / VIATRIS SANTÉ GENERIQUES;Non renseigné;LEFLUNOMIDE VIATRIS 10 mg Cpr pell Plq/30;0.021;17.36;0.22;1;1
2208495;3400922084954;;MYLAN-SAG / VIATRIS SANTÉ GENERIQUES;Non renseigné;LEFLUNOMIDE VIATRIS 20 mg Cpr pell Plq/30;0.021;17.36;0.22;1;1
2209282;3400922092829;;MYLAN-SAG / VIATRIS SANTÉ GENERIQUES;Non renseigné;BUDESON VIATRIS 0,50mg/2ml Sus 20Unu(5x4)/2ml;0.021;12.44;0.15;0;1
2209299;3400922092997;;MYLAN-SAG / VIATRIS SANTÉ GENERIQUES;Non renseigné;BUDESON VIATRIS 1mg/2ml Susp 20Unid (5x4)/2ml;0.021;16.19;0.22;30;1
2215302;3400922153025;;MYLAN-SAG / VIATRIS SANTÉ GENERIQUES;Non renseigné;LATANOPROST VIATRIS 0,005 % Collyre sol Fl/2,5ml;0.021;3.56;0.22;0;1
2215319;3400922153193;;MYLAN-SAG / VIATRIS SANTÉ GENERIQUES;Non renseigné;LATANOPROST VIATRIS 0,005 % Collyre sol 3Fl/2,5ml;0.021;10.14;0.22;0;1
2227676;3400922276762;;MYLAN-SAG / VIATRIS SANTÉ GENERIQUES;Non renseigné;ENTACAPONE VIATRIS 200 mg Cpr pell Plq/60;0.021;15.94;0.05;0;1
2227682;3400922276823;;MYLAN-SAG / VIATRIS SANTÉ GENERIQUES;Non renseigné;ENTACAPONE VIATRIS 200 mg Cpr pell Plq/100;0.021;26.56;0.05;0;1
2230193;3400922301938;;MYLAN-SAG / VIATRIS SANTÉ GENERIQUES;Non renseigné;FENTANYL VIATRIS 12 µg/h Disp transderm 5Sach;0.021;8.46;0.05;0;1
2230230;3400922302300;;MYLAN-SAG / VIATRIS SANTÉ GENERIQUES;Non renseigné;FENTANYL VIATRIS 25 µg/h Disp transderm 5Sach;0.021;12.07;0.05;0;1
2230276;3400922302768;;MYLAN-SAG / VIATRIS SANTÉ GENERIQUES;Non renseigné;FENTANYL VIATRIS 50 µg/h Disp transderm 5Sach;0.021;15.87;0.05;0;1
2230307;3400922303079;;MYLAN-SAG / VIATRIS SANTÉ GENERIQUES;Non renseigné;FENTANYL VIATRIS 75 µg/h Disp transderm 5Sach;0.021;22.02;0.05;0;1
2230342;3400922303420;;MYLAN-SAG / VIATRIS SANTÉ GENERIQUES;Non renseigné;FENTANYL VIATRIS 100 µg/h Disp transderm 5Sach;0.021;27.03;0.05;0;1
2232803;3400922328034;;MYLAN-SAG / VIATRIS SANTÉ GENERIQUES;Non renseigné;CEFIXIME VIATRIS 200 mg Cpr pell Plq/8;0.021;4.17;0.22;112;1
2233398;3400922333984;;MYLAN-SAG / VIATRIS SANTÉ GENERIQUES;Non renseigné;ACIDE URSODESOXYCHOLIQUE VIATRIS 250 mg Cpr pell Plq/20;0.021;5.53;0.05;0;1
2234469;3400922344690;;MYLAN-SAG / VIATRIS SANTÉ GENERIQUES;Non renseigné;BISOPROLOL/HYDROCHLOROTHIAZIDE VIATRIS 2,5 mg/6,25 mg Cpr pell Plq unit/30;0.021;2.51;0.22;0;1
2234713;3400922347134;;MYLAN-SAG / VIATRIS SANTÉ GENERIQUES;Non renseigné;BISOPROLOL/HYDROCHLOROTHIAZIDE VIATRIS 10 mg/6,25 mg Cpr pell Plq/30x1;0.021;2.51;0.22;0;1
2236451;3400922364513;;MYLAN-SAG / VIATRIS SANTÉ GENERIQUES;Non renseigné;VALSARTAN VIATRIS 40 mg Cpr pell séc Plq/30;0.021;2.34;0.22;0;1
2236474;3400922364742;;MYLAN-SAG / VIATRIS SANTÉ GENERIQUES;Non renseigné;VALSARTAN VIATRIS 40 mg Cpr pell séc Plq/90;0.021;7.02;0.22;0;1
2236540;3400922365404;;MYLAN-SAG / VIATRIS SANTÉ GENERIQUES;Non renseigné;VALSARTAN VIATRIS 80 mg Cpr pell séc Plq/30;0.021;2.34;0.22;0;1
2236652;3400922366524;;MYLAN-SAG / VIATRIS SANTÉ GENERIQUES;Non renseigné;VALSARTAN VIATRIS 80 mg Cpr pell séc Plq/90;0.021;7.02;0.22;0;1
2236729;3400922367293;;MYLAN-SAG / VIATRIS SANTÉ GENERIQUES;Non renseigné;VALSARTAN VIATRIS 160 mg Cpr pell séc Plq/30;0.021;2.55;0.15;0;1
2236741;3400922367415;;MYLAN-SAG / VIATRIS SANTÉ GENERIQUES;Non renseigné;VALSARTAN VIATRIS 160 mg Cpr pell séc Plq/90;0.021;7.65;0.15;0;1
2237663;3400922376639;;MYLAN-SAG / VIATRIS SANTÉ GENERIQUES;Non renseigné;LAMIVUDINE VIATRIS 150 mg Cpr pell séc Plq unit/60;0.021;43.08;0.22;0;1
2237700;3400922377001;;MYLAN-SAG / VIATRIS SANTÉ GENERIQUES;Non renseigné;LAMIVUDINE VIATRIS 300 mg Cpr pell Plq unit/30;0.021;43.08;0.22;0;1
2660290;3400926602901;;MYLAN-SAG / VIATRIS SANTÉ GENERIQUES;Non renseigné;VALSARTAN/HYDROCHLOROTHIAZIDE VIATRIS 80 mg/12,5 mg Cpr pell Plq/30;0.021;2.55;0.15;0;1
2660410;3400926604103;;MYLAN-SAG / VIATRIS SANTÉ GENERIQUES;Non renseigné;VALSARTAN/HYDROCHLOROTHIAZIDE VIATRIS 160 mg/12,5 mg Cpr pell Plq/30;0.021;2.55;0.15;0;1
2660462;3400926604622;;MYLAN-SAG / VIATRIS SANTÉ GENERIQUES;Non renseigné;VALSARTAN/HYDROCHLOROTHIAZIDE VIATRIS 160 mg/12,5 mg Cpr pell Plq/90;0.021;7.65;0.15;30;1
2660545;3400926605452;;MYLAN-SAG / VIATRIS SANTÉ GENERIQUES;Non renseigné;VALSARTAN/HYDROCHLOROTHIAZIDE VIATRIS 160 mg/25 mg Cpr pell Plq/30;0.021;2.55;0.15;0;1
2660580;3400926605803;;MYLAN-SAG / VIATRIS SANTÉ GENERIQUES;Non renseigné;VALSARTAN/HYDROCHLOROTHIAZIDE VIATRIS 160 mg/25 mg Cpr pell Plq/90;0.021;7.65;0.15;30;1
2661869;3400926618698;;MYLAN-SAG / VIATRIS SANTÉ GENERIQUES;Non renseigné;KETOPROFENE VIATRIS LP 100 mg Cpr séc LP Plq/20;0.021;1.88;0.15;252;1
2666128;3400926661281;;MYLAN-SAG / VIATRIS SANTÉ GENERIQUES;Non renseigné;RABEPRAZOLE VIATRIS 10 mg Cpr gastro-rés Plq/14;0.021;1.1;0.22;0;1
2666341;3400926663414;;MYLAN-SAG / VIATRIS SANTÉ GENERIQUES;Non renseigné;RABEPRAZOLE VIATRIS 20 mg Cpr gastro-rés Plq/14;0.021;1.1;0.22;0;1
2667955;3400926679552;;MYLAN-SAG / VIATRIS SANTÉ GENERIQUES;Non renseigné;NICORANDIL VIATRIS 10 mg Cpr séc Plq/30;0.021;2.33;0.15;1;1
2668185;3400926681852;;MYLAN-SAG / VIATRIS SANTÉ GENERIQUES;Non renseigné;NICORANDIL VIATRIS 20 mg Cpr Plq/30;0.021;4.44;0.15;1;1
2681889;3400926818890;;MYLAN-SAG / VIATRIS SANTÉ GENERIQUES;Non renseigné;ALMOTRIPTAN VIATRIS 12,5 mg Cpr pell Plq/6;0.021;4.38;0.22;1;1
2681903;3400926819033;;MYLAN-SAG / VIATRIS SANTÉ GENERIQUES;Non renseigné;ALMOTRIPTAN VIATRIS 12,5 mg Cpr pell Plq/12;0.021;8.75;0.22;1;1
2682587;3400926825874;;MYLAN-SAG / VIATRIS SANTÉ GENERIQUES;Non renseigné;DESLORATADINE VIATRIS 5 mg Cpr pell Plq/15;0.021;1.01;0.22;1;1
2682601;3400926826017;;MYLAN-SAG / VIATRIS SANTÉ GENERIQUES;Non renseigné;DESLORATADINE VIATRIS 5 mg Cpr pell Plq/30;0.021;2.03;0.22;360;1
2685189;3400926851897;;MYLAN-SAG / VIATRIS SANTÉ GENERIQUES;Non renseigné;LEVETIRACETAM VIATRIS 100 mg/ml S buv Fl/300ml+ser;0.021;23.52;0.22;1;1
2688710;3400926887100;;MYLAN-SAG / VIATRIS SANTÉ GENERIQUES;Non renseigné;TERBUTAL VIATRIS 5mg/2ml S inh né 20unid/2ml;0.021;3.27;0.05;1;1
2688733;3400926887339;;MYLAN-SAG / VIATRIS SANTÉ GENERIQUES;Non renseigné;TERBUTAL VIATRIS 5mg/2ml S inh né 50Unid/2ml;0.021;8.18;0.05;20;1
2694320;3400926943202;;MYLAN-SAG / VIATRIS SANTÉ GENERIQUES;Non renseigné;FROVATRIPTAN VIATRIS 2,5 mg Cpr pell Plq/2;0.021;1.78;0.05;1;1
2694337;3400926943370;;MYLAN-SAG / VIATRIS SANTÉ GENERIQUES;Non renseigné;FROVATRIPTAN VIATRIS 2,5 mg Cpr pell Plq/6;0.021;5.33;0.05;1;1
2694343;3400926943431;;MYLAN-SAG / VIATRIS SANTÉ GENERIQUES;Non renseigné;FROVATRIPTAN VIATRIS 2,5 mg Cpr pell Plq/12;0.021;10.66;0.05;1;1
2694900;3400926949006;;MYLAN-SAG / VIATRIS SANTÉ GENERIQUES;Non renseigné;RAMIPRIL/HYDROCHLOROTHIAZIDE VIATRIS 5 mg/12,5 mg Cpr Plq/30;0.021;2.34;0.22;0;1
2694969;3400926949693;;MYLAN-SAG / VIATRIS SANTÉ GENERIQUES;Non renseigné;RAMIPRIL/HYDROCHLOROTHIAZIDE VIATRIS 5 mg/12,5 mg Cpr Plq/90;0.021;7.02;0.22;1;1
2736998;3400927369988;;MYLAN-SAG / VIATRIS SANTÉ GENERIQUES;Non renseigné;CLOXACILLINE VIATRIS 500 mg Gél Plq/16;0.021;2.39;0.05;1;1
2737897;3400927378973;;MYLAN-SAG / VIATRIS SANTÉ GENERIQUES;Non renseigné;BETAXOLOL VIATRIS 20 mg Cpr pell séc Plq/30;0.021;3.57;0.15;0;1
2737911;3400927379116;;MYLAN-SAG / VIATRIS SANTÉ GENERIQUES;Non renseigné;BETAXOLOL VIATRIS 20 mg Cpr pell séc Plq/90;0.021;10.71;0.15;0;1
2741025;3400927410253;;MYLAN-SAG / VIATRIS SANTÉ GENERIQUES;Non renseigné;CANDESARTAN/HYDROCHLOROTHIAZIDE VIATRIS 16 mg/12,5 mg Cpr Plq PVC/alu/30;0.021;2.55;0.15;120;1
2741344;3400927413445;;MYLAN-SAG / VIATRIS SANTÉ GENERIQUES;Non renseigné;CANDESARTAN/HYDROCHLOROTHIAZIDE VIATRIS 8 mg/12,5 mg Cpr Plaq/30;0.021;2.55;0.15;0;1
2741404;3400927414046;;MYLAN-SAG / VIATRIS SANTÉ GENERIQUES;Non renseigné;CANDESARTAN/HYDROCHLOROTHIAZIDE VIATRIS 8 mg/12,5 mg Cpr Plaq/90;0.021;7.02;0.22;0;1
2741893;3400927418938;;MYLAN-SAG / VIATRIS SANTÉ GENERIQUES;Non renseigné;DICLOFENAC VIATRIS 1 % Gel en fl pressurisé Fl/100ml;0.021;2.01;0.025;40;1
2744319;3400927443190;;MYLAN-SAG / VIATRIS SANTÉ GENERIQUES;Non renseigné;CAPECITABINE VIATRIS 150 mg Cpr pell Plaq/60;0.021;16.11;0.15;0;1
2744986;3400927449864;;MYLAN-SAG / VIATRIS SANTÉ GENERIQUES;Non renseigné;CAPECITABINE VIATRIS 500 mg Cpr pell Plaq/120;0.021;98.5;0.22;0;1
2746867;3400927468674;;MYLAN-SAG / VIATRIS SANTÉ GENERIQUES;Non renseigné;TELMISARTAN/HYDROCHLOROTHIAZIDE VIATRIS 40 mg/12,5 mg Cpr Plq alu/30;0.021;2.55;0.15;0;1
2746910;3400927469107;;MYLAN-SAG / VIATRIS SANTÉ GENERIQUES;Non renseigné;TELMISARTAN/HYDROCHLOROTHIAZIDE VIATRIS 40 mg/12,5 mg Cpr Plq alu/90;0.021;8.55;0.05;0;1
2747134;3400927471346;;MYLAN-SAG / VIATRIS SANTÉ GENERIQUES;Non renseigné;TELMISARTAN/HYDROCHLOROTHIAZIDE VIATRIS 80 mg/12,5 mg Cpr Plq alu/30;0.021;2.55;0.15;0;1
2747186;3400927471865;;MYLAN-SAG / VIATRIS SANTÉ GENERIQUES;Non renseigné;TELMISARTAN/HYDROCHLOROTHIAZIDE VIATRIS 80 mg/12,5 mg Cpr Plq alu/90;0.021;7.65;0.15;0;1
2747393;3400927473937;;MYLAN-SAG / VIATRIS SANTÉ GENERIQUES;Non renseigné;TELMISARTAN/HYDROCHLOROTHIAZIDE VIATRIS 80 mg/25 mg Cpr Plq alu/30;0.021;2.55;0.15;0;1
2747430;3400927474309;;MYLAN-SAG / VIATRIS SANTÉ GENERIQUES;Non renseigné;TELMISARTAN/HYDROCHLOROTHIAZIDE VIATRIS 80 mg/25 mg Cpr Plq alu/90;0.021;7.65;0.15;0;1
2748085;3400927480850;;MYLAN-SAG / VIATRIS SANTÉ GENERIQUES;Non renseigné;LATANOPROST/TIMOLOL VIATRIS 50 µg/5 mg par ml Collyre sol Fl/2,5ml;0.021;4.44;0.22;1;1
2748091;3400927480911;;MYLAN-SAG / VIATRIS SANTÉ GENERIQUES;Non renseigné;LATANOPROST/TIMOLOL VIATRIS 50 µg/5 mg par ml Collyre sol 3Fl/2,5ml;0.021;13.79;0.15;1;1
2760382;3400927603822;;MYLAN-SAG / VIATRIS SANTÉ GENERIQUES;Non renseigné;OLANZAPINE VIATRIS 5 mg Cpr orodisp Plq/28x1;0.021;11.36;0.22;1;1
2760436;3400927604362;;MYLAN-SAG / VIATRIS SANTÉ GENERIQUES;Non renseigné;OLANZAPINE VIATRIS 10 mg Cpr orodisp Plq/28x1;0.021;6.44;0.22;1;1
2761039;3400927610394;;MYLAN-SAG / VIATRIS SANTÉ GENERIQUES;Non renseigné;ACIDE ZOLEDRONIQUE VIATRIS 5 mg/100 ml S perf Fl/100ml;0.021;87.8;0.22;1;1
2761157;3400927611575;;MYLAN-SAG / VIATRIS SANTÉ GENERIQUES;Non renseigné;ACARBOSE VIATRIS 50 mg Cpr Plq/90;0.021;8.28;0.05;0;1
2761192;3400927611926;;MYLAN-SAG / VIATRIS SANTÉ GENERIQUES;Non renseigné;ACARBOSE VIATRIS 100 mg Cpr séc Plq/90;0.021;11.28;0.05;0;1
2762300;3400927623004;;MYLAN-SAG / VIATRIS SANTÉ GENERIQUES;Non renseigné;LEVONORGESTREL VIATRIS 1,5 mg Cpr Plq/1;0.021;1.47;0.22;0;1
2770191;3400927701917;;MYLAN-SAG / VIATRIS SANTÉ GENERIQUES;Non renseigné;EBASTINE VIATRIS 10 mg Cpr orodisp Plq alu/30;0.021;3.26;0.025;154;1
2780002;3400927800023;;MYLAN-SAG / VIATRIS SANTÉ GENERIQUES;Non renseigné;ACIDE ZOLEDRONIQUE VIATRIS 4 mg/100 ml S perf Fl/100ml;0.021;66.5;0.22;1;1
2780054;3400927800542;;MYLAN-SAG / VIATRIS SANTÉ GENERIQUES;Non renseigné;PANTOPRAZOLE VIATRIS 20 mg Cpr gastro-rés Film alu/28;0.021;2.11;0.22;140;1
2780114;3400927801143;;MYLAN-SAG / VIATRIS SANTÉ GENERIQUES;Non renseigné;PANTOPRAZOLE VIATRIS 40 mg Cpr gastro-rés Film alu/28;0.021;2.11;0.22;140;1
2781237;3400927812378;;MYLAN-SAG / VIATRIS SANTÉ GENERIQUES;Non renseigné;EBASTINE VIATRIS 10 mg Cpr pell Plq/30;0.021;3.26;0.025;378;1
2786105;3400927861055;;MYLAN-SAG / VIATRIS SANTÉ GENERIQUES;Non renseigné;CELECOXIB VIATRIS 100 mg Gél Plq trans/30;0.021;2;0.05;0;1
2788860;3400927888601;;MYLAN-SAG / VIATRIS SANTÉ GENERIQUES;Non renseigné;OXYCODONE VIATRIS LP 80 mg Cpr pell LP Plq/28;0.021;22.08;0.15;1;1
2788908;3400927889080;;MYLAN-SAG / VIATRIS SANTÉ GENERIQUES;Non renseigné;OXYCODONE VIATRIS LP 5 mg Cpr pell LP Plq/28;0.021;2.04;0.05;1;1
2788937;3400927889370;;MYLAN-SAG / VIATRIS SANTÉ GENERIQUES;Non renseigné;OXYCODONE VIATRIS LP 10 mg Cpr pell LP Plq/28;0.021;3.05;0.22;1;1
2788972;3400927889721;;MYLAN-SAG / VIATRIS SANTÉ GENERIQUES;Non renseigné;OXYCODONE VIATRIS LP 20 mg Cpr pell LP Plq/28;0.021;6.1;0.22;1;1
2789003;3400927890031;;MYLAN-SAG / VIATRIS SANTÉ GENERIQUES;Non renseigné;OXYCODONE VIATRIS LP 40 mg Cpr pell LP Plq/28;0.021;12.3;0.22;1;1
2789322;3400927893223;;MYLAN-SAG / VIATRIS SANTÉ GENERIQUES;Non renseigné;CROMOGLICATE DE SODIUM VIATRIS 2 % Collyre sol Fl/5ml;0.021;1.82;0.05;1;1
2789339;3400927893391;;MYLAN-SAG / VIATRIS SANTÉ GENERIQUES;Non renseigné;CROMOGLICATE DE SODIUM VIATRIS 2 % Collyre sol Fl/10ml;0.021;3.35;0.05;35;1
2789635;3400927896354;;MYLAN-SAG / VIATRIS SANTÉ GENERIQUES;Non renseigné;HYDROXYZINE VIATRIS 25 mg Cpr pell séc Plq/30;0.021;1.14;0.05;130;1
2795452;3400927954528;;MYLAN-SAG / VIATRIS SANTÉ GENERIQUES;Non renseigné;VORICONAZOLE VIATRIS 50 mg Cpr pell Plaq/56x1;0.021;161.97;0.22;1;1
2797646;3400927976469;;MYLAN-SAG / VIATRIS SANTÉ GENERIQUES;Non renseigné;AMISULPRIDE VIATRIS 100 mg Cpr séc Plq/30;0.021;6.26;0.22;1;1
2797741;3400927977411;;MYLAN-SAG / VIATRIS SANTÉ GENERIQUES;Non renseigné;AMISULPRIDE VIATRIS 200 mg Cpr séc Plq/60;0.021;24.34;0.22;1;1
2797787;3400927977879;;MYLAN-SAG / VIATRIS SANTÉ GENERIQUES;Non renseigné;AMISULPRIDE VIATRIS 400 mg Cpr pell séc Plq/30;0.021;9.62;0.15;1;1
2800153;3400928001535;;MYLAN-SAG / VIATRIS SANTÉ GENERIQUES;Non renseigné;METHYLPHENIDATE VIATRIS LP 36 mg Cpr LP Fl/28;0.021;13.28;0.05;1;1
2800182;3400928001825;;MYLAN-SAG / VIATRIS SANTÉ GENERIQUES;Non renseigné;METHYLPHENIDATE VIATRIS LP 54 mg Cpr LP Fl/28;0.021;15.54;0.05;1;1
2802838;3400928028389;;MYLAN-SAG / VIATRIS SANTÉ GENERIQUES;Non renseigné;FORMOTEROL VIATRIS 12 µg Pdr p inh (gélule) Plq/30;0.021;4.05;0.15;1;1
2802844;3400928028440;;MYLAN-SAG / VIATRIS SANTÉ GENERIQUES;Non renseigné;FORMOTEROL VIATRIS 12 µg Pdr p inh (gélule) Plq/60;0.021;8.11;0.15;1;1
3000457;3400930004579;;MYLAN-SAG / VIATRIS SANTÉ GENERIQUES;Non renseigné;CHOLECALCIFEROL VIATRIS 100 000 UI S buv en ampoule Amp/2ml;0.021;0.68;0.025;264;1
3002590;3400930025901;;MYLAN-SAG / VIATRIS SANTÉ GENERIQUES;Non renseigné;EZETIMIBE/SIMVASTATINE VIATRIS 10 mg/40 mg Cpr Plq/30x1;0.021;8.82;0.22;1;1
3011560;3400930115602;;MYLAN-SAG / VIATRIS SANTÉ GENERIQUES;Non renseigné;ENTECAVIR VIATRIS 1 mg Cpr pell Plq/30;0.021;89.21;0.22;1;1
3017756;3400930177563;;MYLAN-SAG / VIATRIS SANTÉ GENERIQUES;Non renseigné;PARACETAMOL/CODEINE VIATRIS 500 mg/30 mg Cpr Plq/16;0.021;0.93;0.05;110;1
3027650;3400930276501;;MYLAN-SAG / VIATRIS SANTÉ GENERIQUES;Non renseigné;CHLORURE DE TROSPIUM VIATRIS 20 mg Cpr enr Plq/30;0.021;2.24;0.15;140;1
3294516;3400932945160;;MYLAN-SAG / VIATRIS SANTÉ GENERIQUES;Non renseigné;LERCANIDIPINE VIATRIS 10 mg Cpr pell séc Plq/30;0.021;3.16;0.22;0;1
3294545;3400932945450;;MYLAN-SAG / VIATRIS SANTÉ GENERIQUES;Non renseigné;LERCANIDIPINE VIATRIS 10 mg Cpr pell séc Plq/90;0.021;9.48;0.22;120;1
3319357;3400933193577;;MYLAN-SAG / VIATRIS SANTÉ GENERIQUES;Non renseigné;LERCANIDIPINE VIATRIS 20 mg Cpr pell séc Plq/30;0.021;3.44;0.15;0;1
3327517;3400933275174;;MYLAN-SAG / VIATRIS SANTÉ GENERIQUES;Non renseigné;LERCANIDIPINE VIATRIS 20 mg Cpr pell séc Plq/90;0.021;9.48;0.22;120;1
3331890;3400933318901;;MYLAN-SAG / VIATRIS SANTÉ GENERIQUES;Non renseigné;TIAPRIDE VIATRIS 100 mg Cpr séc Plq/20;0.021;1.56;0.05;0;1
3342379;3400933423797;;MYLAN-SAG / VIATRIS SANTÉ GENERIQUES;Non renseigné;MIANSERINE VIATRIS 10 mg Cpr pell Plq/30;0.021;1.39;0.15;240;1
3342385;3400933423858;;MYLAN-SAG / VIATRIS SANTÉ GENERIQUES;Non renseigné;MIANSERINE VIATRIS 30 mg Cpr pell Plq/30;0.021;3.03;0.15;0;1
3349950;3400933499501;;MYLAN-SAG / VIATRIS SANTÉ GENERIQUES;Non renseigné;FENOFIBRATE VIATRIS 100 mg Gél Plq/30;0.021;1.05;0.05;50;1
3349973;3400933499730;;MYLAN-SAG / VIATRIS SANTÉ GENERIQUES;Non renseigné;FENOFIBRATE VIATRIS 300 mg Gél Plq/30;0.021;2.99;0.05;0;1
3351639;3400933516390;;MYLAN-SAG / VIATRIS SANTÉ GENERIQUES;Non renseigné;PARACETAMOL VIATRIS 500 mg Cpr Plq/16;0.021;0.74;0.025;0;1
3365156;3400933651565;;MYLAN-SAG / VIATRIS SANTÉ GENERIQUES;Non renseigné;LORAZEPAM VIATRIS 2,5 mg Cpr pell séc Plq/30;0.021;1.35;0.025;90;1
3395223;3400933952235;;MYLAN-SAG / VIATRIS SANTÉ GENERIQUES;Non renseigné;TAMOXIFENE VIATRIS 10 mg Cpr Plq/30;0.021;2.5;0.05;0;1
3398405;3400933984052;;MYLAN-SAG / VIATRIS SANTÉ GENERIQUES;Non renseigné;LACTULOSE VIATRIS 10 g/15 ml S buv en sachet 20Sach/15ml;0.021;1.88;0.025;30;1
3404382;3400934043826;;MYLAN-SAG / VIATRIS SANTÉ GENERIQUES;Non renseigné;LORAZEPAM VIATRIS 1 mg Cpr pell séc Plq/30;0.021;0.62;0.025;108;1
3404554;3400934045547;;MYLAN-SAG / VIATRIS SANTÉ GENERIQUES;Non renseigné;CHLORHYDRATE DE DILTIAZEM VIATRIS 60 mg Cpr B/30;0.021;1.43;0.05;0;1
3409764;3400934097645;;MYLAN-SAG / VIATRIS SANTÉ GENERIQUES;Non renseigné;SPIRONOLACTONE ALTIZIDE VIATRIS 25 mg/15 mg Cpr séc Plq/30;0.021;2.18;0.05;130;1
3454380;3400934543807;;MYLAN-SAG / VIATRIS SANTÉ GENERIQUES;Non renseigné;ALLOPURINOL VIATRIS 100 mg Cpr Plq/28;0.021;0.74;0.025;200;1
3454397;3400934543975;;MYLAN-SAG / VIATRIS SANTÉ GENERIQUES;Non renseigné;ALLOPURINOL VIATRIS 200 mg Cpr Plq/28;0.021;1.17;0.025;200;1
3454405;3400934544057;;MYLAN-SAG / VIATRIS SANTÉ GENERIQUES;Non renseigné;ALLOPURINOL VIATRIS 300 mg Cpr Plq/28;0.021;1.49;0.025;0;1
3454440;3400934544408;;MYLAN-SAG / VIATRIS SANTÉ GENERIQUES;Non renseigné;AMIODARONE VIATRIS 200 mg Cpr séc B/30;0.021;5.85;0.025;180;1
3460570;3400934605703;;MYLAN-SAG / VIATRIS SANTÉ GENERIQUES;Non renseigné;ACICLOVIR VIATRIS 200 mg Cpr Plq/25 (5x5);0.021;5.41;0.22;0;1
3463887;3400934638879;;MYLAN-SAG / VIATRIS SANTÉ GENERIQUES;Non renseigné;ACICLOVIR VIATRIS 800 mg Cpr Plq/35 (7x5);0.021;19.83;0.22;0;1
3468086;3400934680861;;MYLAN-SAG / VIATRIS SANTÉ GENERIQUES;Non renseigné;CHLORHEX/CHL VIATRIS 0,5ml/0,5gp100ml Fl/90ml;0.021;1.07;0.05;80;1
3473118;3400934731181;;MYLAN-SAG / VIATRIS SANTÉ GENERIQUES;Non renseigné;TRIMEBUTINE VIATRIS 100 mg Cpr 3Plq/10 (30);0.021;2.01;0.22;0;1
3475169;3400934751691;;MYLAN-SAG / VIATRIS SANTÉ GENERIQUES;Non renseigné;CAPTOPRIL VIATRIS 50 mg Cpr séc Plq/3x10 (30);0.021;2.55;0.15;0;1
3475287;3400934752872;;MYLAN-SAG / VIATRIS SANTÉ GENERIQUES;Non renseigné;CAPTOPRIL VIATRIS 25 mg Cpr quadriséc Plq/3x10 (30);0.021;2.55;0.15;0;1
3475318;3400934753183;;MYLAN-SAG / VIATRIS SANTÉ GENERIQUES;Non renseigné;CAPTOPRIL VIATRIS 25 mg Cpr quadriséc Plq/90;0.021;7.65;0.15;0;1
3477719;3400934777196;;MYLAN-SAG / VIATRIS SANTÉ GENERIQUES;Non renseigné;FENOFIBRATE VIATRIS 200 mg Gél Plq/30;0.021;3.29;0.22;0;1
3480265;3400934802652;;MYLAN-SAG / VIATRIS SANTÉ GENERIQUES;Non renseigné;BUSPIRONE VIATRIS 10 mg Cpr séc Plq/20;0.021;2.46;0.15;1;1
3482896;3400934828966;;MYLAN-SAG / VIATRIS SANTÉ GENERIQUES;Non renseigné;LOPERAMIDE VIATRIS 2 mg Gél 2Plq/10;0.021;1.11;0.22;360;1
3483252;3400934832529;;MYLAN-SAG / VIATRIS SANTÉ GENERIQUES;Non renseigné;ALPRAZOLAM VIATRIS 0,50 mg Cpr séc Plq/30;0.021;1.14;0.05;240;1
3483335;3400934833359;;MYLAN-SAG / VIATRIS SANTÉ GENERIQUES;Non renseigné;MIANSERINE VIATRIS 60 mg Cpr pell séc Plq/14;0.021;2.03;0.05;0;1
3483513;3400934835131;;MYLAN-SAG / VIATRIS SANTÉ GENERIQUES;Non renseigné;OXYBUTYNINE VIATRIS 5 mg Cpr séc Plq/60;0.021;2.01;0.15;0;1
3483766;3400934837661;;MYLAN-SAG / VIATRIS SANTÉ GENERIQUES;Non renseigné;ALPRAZOLAM VIATRIS 0,25 mg Cpr séc Plq/30;0.021;0.8;0.025;240;1
3486977;3400934869778;;MYLAN-SAG / VIATRIS SANTÉ GENERIQUES;Non renseigné;SOTALOL VIATRIS 80 mg Cpr séc 2Plq/15 (30);0.021;1.62;0.05;240;1
3487008;3400934870088;;MYLAN-SAG / VIATRIS SANTÉ GENERIQUES;Non renseigné;SOTALOL VIATRIS 160 mg Cpr séc 2Plq/15 (30);0.021;2;0.05;0;1
3488350;3400934883507;;MYLAN-SAG / VIATRIS SANTÉ GENERIQUES;Non renseigné;BROMAZEPAM VIATRIS 6 mg Cpr quadriséc Plq/3x10 (30);0.021;1.17;0.05;120;1
3488700;3400934887000;;MYLAN-SAG / VIATRIS SANTÉ GENERIQUES;Non renseigné;ZOPICLONE VIATRIS 7,5 mg Cpr pell séc B/5;0.021;0.54;0.05;1;1
3488746;3400934887468;;MYLAN-SAG / VIATRIS SANTÉ GENERIQUES;Non renseigné;ZOPICLONE VIATRIS 7,5 mg Cpr pell séc 2Plq/7 (14);0.021;1.05;0.22;240;1
3488947;3400934889479;;MYLAN-SAG / VIATRIS SANTÉ GENERIQUES;Non renseigné;BETAHISTINE VIATRIS 8 mg Cpr B/90;0.021;3.53;0.22;0;1
3491317;3400934913174;;MYLAN-SAG / VIATRIS SANTÉ GENERIQUES;Non renseigné;AMOXICILLINE VIATRIS 500 mg Gél 2Plq/6 (12);0.021;1.04;0.05;360;1
3496817;3400934968174;;MYLAN-SAG / VIATRIS SANTÉ GENERIQUES;Non renseigné;SPIRONOLACTONE VIATRIS 75 mg Cpr pell 3Plq/10 (30);0.021;2.55;0.15;0;1
3497633;3400934976339;;MYLAN-SAG / VIATRIS SANTÉ GENERIQUES;Non renseigné;TRAMADOL VIATRIS 50 mg Gél 2Plq/15 (30);0.021;2.18;0.22;200;1
3498934;3400934989346;;MYLAN-SAG / VIATRIS SANTÉ GENERIQUES;Non renseigné;PIROXICAM VIATRIS 20 mg Cpr disp séc Plq/15;0.021;1.76;0.05;0;1
3502096;3400935020963;;MYLAN-SAG / VIATRIS SANTÉ GENERIQUES;Non renseigné;ACEBUTOLOL VIATRIS 400 mg Cpr pell Plq/30;0.021;3.76;0.05;0;1
3510291;3400935102911;;MYLAN-SAG / VIATRIS SANTÉ GENERIQUES;Non renseigné;FLUOXETINE VIATRIS 20 mg Gél B/14;0.021;1.15;0.22;300;1
3510575;3400935105752;;MYLAN-SAG / VIATRIS SANTÉ GENERIQUES;Non renseigné;GLICLAZIDE VIATRIS 80 mg Cpr séc Plq/20;0.021;2.1;0.05;0;1
3510581;3400935105813;;MYLAN-SAG / VIATRIS SANTÉ GENERIQUES;Non renseigné;GLICLAZIDE VIATRIS 80 mg Cpr séc Plq/60;0.021;5.34;0.15;0;1
3518329;3400935183293;;MYLAN-SAG / VIATRIS SANTÉ GENERIQUES;Non renseigné;FENOFIBRATE VIATRIS 67 mg Gél Plq/60;0.021;2.89;0.05;0;1
3525186;3400935251862;;MYLAN-SAG / VIATRIS SANTÉ GENERIQUES;Non renseigné;AMOXICILLINE VIATRIS 500 mg/5 ml Pdr susp buv Fl/12g;0.021;1.32;0.05;120;1
3525192;3400935251923;;MYLAN-SAG / VIATRIS SANTÉ GENERIQUES;Non renseigné;AMOXICILLINE VIATRIS 250 mg/5 ml Pdr susp buv Fl/6,6g;0.021;1;0.05;0;1
3525200;3400935252005;;MYLAN-SAG / VIATRIS SANTÉ GENERIQUES;Non renseigné;AMOXICILLINE VIATRIS 125 mg/5 ml Pdr susp buv Fl/5,1g;0.021;0.72;0.05;0;1
3530141;3400935301413;;MYLAN-SAG / VIATRIS SANTÉ GENERIQUES;Non renseigné;CLOMIPRAMINE VIATRIS 75 mg Cpr pell séc Plq/20;0.021;1.94;0.05;360;1
3532921;3400935329219;;MYLAN-SAG / VIATRIS SANTÉ GENERIQUES;Non renseigné;METOCLOPRAMIDE VIATRIS 10 mg Cpr séc 2Plq/20;0.021;1.5;0.15;240;1
3540406;3400935404060;;MYLAN-SAG / VIATRIS SANTÉ GENERIQUES;Non renseigné;ENALAPRIL VIATRIS 5 mg Cpr séc Plq/30;0.021;1.88;0.15;0;1
3545131;3400935451316;;MYLAN-SAG / VIATRIS SANTÉ GENERIQUES;Non renseigné;AZATHIOPRINE VIATRIS 50 mg Cpr pell séc Plq/100;0.021;13.36;0.22;0;1
3550505;3400935505057;;MYLAN-SAG / VIATRIS SANTÉ GENERIQUES;Non renseigné;ENALAPRIL VIATRIS 20 mg Cpr séc Plq/30;0.021;2.55;0.15;0;1
3556726;3400935567260;;MYLAN-SAG / VIATRIS SANTÉ GENERIQUES;Non renseigné;CEFTRIAXONE VIATRIS 1 g/10 ml Pdre/solv p sol inj IV Fl+Amp;0.021;4.06;0.22;0;1
3556755;3400935567550;;MYLAN-SAG / VIATRIS SANTÉ GENERIQUES;Non renseigné;CEFTRIAXONE VIATRIS 500 mg/5 ml Pdre/solv p sol inj IV Fl+Amp;0.021;2.71;0.05;0;1
3556896;3400935568960;;MYLAN-SAG / VIATRIS SANTÉ GENERIQUES;Non renseigné;CEFTRIAXONE VIATRIS 1 g/3,5 ml Pdre/solv p sol inj IM Fl+Amp;0.021;3.89;0.22;98;1
3556927;3400935569271;;MYLAN-SAG / VIATRIS SANTÉ GENERIQUES;Non renseigné;CEFTRIAXONE VIATRIS 500 mg/2 ml Pdre/solv p sol inj IM Fl+Amp;0.021;2.72;0.05;0;1
3557513;3400935575135;;MYLAN-SAG / VIATRIS SANTÉ GENERIQUES;Non renseigné;ATENOLOL VIATRIS 50 mg Cpr pell séc Plq PVC/alu/30;0.021;1.36;0.22;0;1
3557565;3400935575654;;MYLAN-SAG / VIATRIS SANTÉ GENERIQUES;Non renseigné;ATENOLOL VIATRIS 100 mg Cpr pell séc Plq PVC/alu/30;0.021;2.36;0.22;0;1
3558197;3400935581976;;MYLAN-SAG / VIATRIS SANTÉ GENERIQUES;Non renseigné;DOXYCYCLINE VIATRIS 100 mg Cpr séc Plq/5;0.021;0.86;0.15;0;1
3558211;3400935582119;;MYLAN-SAG / VIATRIS SANTÉ GENERIQUES;Non renseigné;DOXYCYCLINE VIATRIS 100 mg Cpr séc Plq/3x5 (15);0.021;1.93;0.05;0;1
3558234;3400935582348;;MYLAN-SAG / VIATRIS SANTÉ GENERIQUES;Non renseigné;DOXYCYCLINE VIATRIS 100 mg Cpr séc Plq/2x15 (30);0.021;3.37;0.15;120;1
3569769;3400935697691;;MYLAN-SAG / VIATRIS SANTÉ GENERIQUES;Non renseigné;TRINITRINE VIATRIS 5 mg/24 h Disp transderm 30Sach;0.021;9.59;0.025;150;1
3569775;3400935697752;;MYLAN-SAG / VIATRIS SANTÉ GENERIQUES;Non renseigné;TRINITRINE VIATRIS 10 mg/24 h Disp transderm 30Sach;0.021;10.03;0.025;0;1
3570382;3400935703828;;MYLAN-SAG / VIATRIS SANTÉ GENERIQUES;Non renseigné;CLOZAPINE VIATRIS 25 mg Cpr séc Plq/7;0.021;0.67;0.05;0;1
3570407;3400935704078;;MYLAN-SAG / VIATRIS SANTÉ GENERIQUES;Non renseigné;CLOZAPINE VIATRIS 25 mg Cpr séc Plq/28;0.021;2.2;0.22;0;1
3570465;3400935704658;;MYLAN-SAG / VIATRIS SANTÉ GENERIQUES;Non renseigné;CLOZAPINE VIATRIS 100 mg Cpr séc Plq/14;0.021;3.63;0.22;0;1
3570471;3400935704719;;MYLAN-SAG / VIATRIS SANTÉ GENERIQUES;Non renseigné;CLOZAPINE VIATRIS 100 mg Cpr séc Plq/28;0.021;7.17;0.22;120;1
3577295;3400935772954;;MYLAN-SAG / VIATRIS SANTÉ GENERIQUES;Non renseigné;CELIPROLOL VIATRIS 200 mg Cpr pell séc Plq/28;0.021;3.33;0.15;50;1
3583858;3400935838582;;MYLAN-SAG / VIATRIS SANTÉ GENERIQUES;Non renseigné;LACTULOSE VIATRIS SANTE 10 g S buv en sachet-dose 20Sach/15ml;0.021;1.88;0.025;30;1
3587655;3400935876553;;MYLAN-SAG / VIATRIS SANTÉ GENERIQUES;Non renseigné;NEFOPAM VIATRIS 20 mg/2 ml S inj 5Amp/2ml;0.021;1.93;0.05;216;1
3591958;3400935919588;;MYLAN-SAG / VIATRIS SANTÉ GENERIQUES;Non renseigné;TRIMEBUTINE VIATRIS 200 mg Cpr pell Plq/30;0.021;3.88;0.025;180;1
3594856;3400935948564;;MYLAN-SAG / VIATRIS SANTÉ GENERIQUES;Non renseigné;AMOX/AC CLAV VIATRIS 100mg/12,5mgpml Pd n Fl;0.021;1.89;0.05;40;1
3594862;3400935948625;;MYLAN-SAG / VIATRIS SANTÉ GENERIQUES;Non renseigné;AMOX/AC CLAV VIATRIS 100mg/12,5mgpml Fl/10,5g;0.021;3.48;0.05;30;1
3598535;3400935985354;;MYLAN-SAG / VIATRIS SANTÉ GENERIQUES;Non renseigné;ANASTROZOLE VIATRIS 1 mg Cpr pell Plq/90;0.021;46.39;0.22;0;1
3603087;3400936030879;;MYLAN-SAG / VIATRIS SANTÉ GENERIQUES;Non renseigné;OFLOXACINE VIATRIS 200 mg Cpr pell séc Plq/10;0.021;4.73;0.22;0;1
3608742;3400936087422;;MYLAN-SAG / VIATRIS SANTÉ GENERIQUES;Non renseigné;PREDNISOLONE VIATRIS 20 mg Cpr eff séc 1Fl/20;0.021;2.5;0.025;40;1
3608794;3400936087941;;MYLAN-SAG / VIATRIS SANTÉ GENERIQUES;Non renseigné;AMOX/AC CLAV VIATRIS 500mg/62,5mg Cpr 2plq/8;0.021;3.75;0.05;125;1
3608802;3400936088023;;MYLAN-SAG / VIATRIS SANTÉ GENERIQUES;Non renseigné;AMOX/AC CLAV VIATRIS 500mg/62,5mg Cpr 3Plq/8;0.021;4.71;0.05;125;1
3608854;3400936088542;;MYLAN-SAG / VIATRIS SANTÉ GENERIQUES;Non renseigné;LORATADINE VIATRIS 10 mg Cpr pell Plq/15;0.021;1.55;0.15;0;1
3612703;3400936127036;;MYLAN-SAG / VIATRIS SANTÉ GENERIQUES;Non renseigné;CIPROFLOXACINE VIATRIS 250 mg Cpr pell Plq/12;0.021;4.36;0.22;0;1
3612732;3400936127326;;MYLAN-SAG / VIATRIS SANTÉ GENERIQUES;Non renseigné;CIPROFLOXACINE VIATRIS 500 mg Cpr pell séc Plq/12;0.021;5.9;0.22;0;1
3616776;3400936167766;;MYLAN-SAG / VIATRIS SANTÉ GENERIQUES;Non renseigné;CITALOPRAM VIATRIS 20 mg Cpr pell séc B/28;0.021;2.92;0.22;0;1
3627550;3400936275508;;MYLAN-SAG / VIATRIS SANTÉ GENERIQUES;Non renseigné;PARACETAMOL VIATRIS 500 mg Gél Plq/16;0.021;0.74;0.025;180;1
3632048;3400936320482;;MYLAN-SAG / VIATRIS SANTÉ GENERIQUES;Non renseigné;FLUOXETINE VIATRIS 20 mg Cpr disp séc B/28;0.021;2.2;0.22;240;1
3638708;3400936387089;;MYLAN-SAG / VIATRIS SANTÉ GENERIQUES;Non renseigné;TERBINAFINE VIATRIS 250 mg Cpr Plq/14;0.021;6.64;0.05;0;1
3642526;3400936425262;;MYLAN-SAG / VIATRIS SANTÉ GENERIQUES;Non renseigné;FLECAINIDE VIATRIS 100 mg Cpr séc Plq/30;0.021;5.25;0.05;0;1
3645051;3400936450516;;MYLAN-SAG / VIATRIS SANTÉ GENERIQUES;Non renseigné;ZOLPIDEM VIATRIS 10 mg Cpr pell séc Plq/14;0.021;0.87;0.22;240;1
3647699;3400936476998;;MYLAN-SAG / VIATRIS SANTÉ GENERIQUES;Non renseigné;FUROSEMIDE VIATRIS 40 mg Cpr séc Plq/30;0.021;1.06;0.22;240;1
3647854;3400936478541;;MYLAN-SAG / VIATRIS SANTÉ GENERIQUES;Non renseigné;LISINOPRIL VIATRIS 20 mg Cpr séc Plq/28;0.021;2.18;0.22;0;1
3651850;3400936518506;;MYLAN-SAG / VIATRIS SANTÉ GENERIQUES;Non renseigné;PREDNISONE VIATRIS 5 mg Cpr séc Plq/30;0.021;1.34;0.05;192;1
3652140;3400936521407;;MYLAN-SAG / VIATRIS SANTÉ GENERIQUES;Non renseigné;PREDNISONE VIATRIS 20 mg Cpr séc Plq/20;0.021;1.58;0.15;192;1
3656221;3400936562219;;MYLAN-SAG / VIATRIS SANTÉ GENERIQUES;Non renseigné;AMOX/AC CLAV VIATRIS 1g/125mg Pdr Ad 8Sach;0.021;3.75;0.05;0;1
3656238;3400936562387;;MYLAN-SAG / VIATRIS SANTÉ GENERIQUES;Non renseigné;AMOX/AC CLAV VIATRIS 1g/125mg Pdr Ad 12Sach;0.021;4.71;0.05;0;1
3656646;3400936566460;;MYLAN-SAG / VIATRIS SANTÉ GENERIQUES;Non renseigné;SALBUTAMOL VIATRIS 5mg/2,5ml S 60Unid/2,5ml;0.021;12.08;0.025;15;1
3658036;3400936580367;;MYLAN-SAG / VIATRIS SANTÉ GENERIQUES;Non renseigné;IPRATRO VIATRIS 0,5mg/2ml S inh Ad 10unid/2ml;0.021;3.01;0.025;84;1
3658059;3400936580596;;MYLAN-SAG / VIATRIS SANTÉ GENERIQUES;Non renseigné;IPRATRO VIATRIS 0,25mg/ml inh Enf 10Unid/1ml;0.021;1.94;0.15;0;1
3658438;3400936584389;;MYLAN-SAG / VIATRIS SANTÉ GENERIQUES;Non renseigné;SALBUTAMOL VIATRIS 2,5mg/2,5ml 60Unid/2,5ml;0.021;8.11;0.025;15;1
3664918;3400936649187;;MYLAN-SAG / VIATRIS SANTÉ GENERIQUES;Non renseigné;ENALAPRIL/HYDROCHLOROTHIAZIDE VIATRIS 20 mg/12,5 mg Cpr séc Plq/30;0.021;2.55;0.15;0;1
3665125;3400936651258;;MYLAN-SAG / VIATRIS SANTÉ GENERIQUES;Non renseigné;OROZAMUDOL Gé 50 mg Cpr orodisp Plq/10;0.021;0.93;0;1;1
3665504;3400936655041;;MYLAN-SAG / VIATRIS SANTÉ GENERIQUES;Non renseigné;FUROSEMIDE VIATRIS 20 mg Cpr séc Plq/30;0.021;0.71;0.15;0;1
3668129;3400936681293;;MYLAN-SAG / VIATRIS SANTÉ GENERIQUES;Non renseigné;GABAPENTINE VIATRIS 400 mg Gél Plq/90;0.021;14.55;0.22;0;1
3671427;3400936714274;;MYLAN-SAG / VIATRIS SANTÉ GENERIQUES;Non renseigné;SPIRAMYCINE/METRONIDAZOLE VIATRIS 1,5 MUI/250 mg Cpr pell Plq/10;0.021;3.6;0.15;100;1
3675572;3400936755727;;MYLAN-SAG / VIATRIS SANTÉ GENERIQUES;Non renseigné;CEFUROXIME VIATRIS 250 mg Cpr enr Plq/8;0.021;3.25;0.05;0;1
3675721;3400936757219;;MYLAN-SAG / VIATRIS SANTÉ GENERIQUES;Non renseigné;NALTREXONE VIATRIS 50 mg Cpr pell séc Plq/28;0.021;18.67;0.15;90;1
3683117;3400936831179;;MYLAN-SAG / VIATRIS SANTÉ GENERIQUES;Non renseigné;CARVEDILOL VIATRIS 6,25 mg Cpr pell séc Plq/28;0.021;2.76;0.22;0;1
3689203;3400936892033;;MYLAN-SAG / VIATRIS SANTÉ GENERIQUES;Non renseigné;NIFEDIPINE VIATRIS LP 30 mg Cpr pell LP Plq/30;0.021;4.28;0.05;0;1
3690229;3400936902299;;MYLAN-SAG / VIATRIS SANTÉ GENERIQUES;Non renseigné;SPIRONOLACTONE VIATRIS 50 mg Cpr pell séc Plq/30;0.021;2.12;0.15;0;1
3696433;3400936964334;;MYLAN-SAG / VIATRIS SANTÉ GENERIQUES;Non renseigné;FENOFIBRATE VIATRIS 145 mg Cpr pell Plq/30;0.021;3.29;0.22;0;1
3696456;3400936964563;;MYLAN-SAG / VIATRIS SANTÉ GENERIQUES;Non renseigné;FENOFIBRATE VIATRIS 145 mg Cpr pell Plq/90;0.021;11.44;0.05;40;1
3696700;3400936967007;;MYLAN-SAG / VIATRIS SANTÉ GENERIQUES;Non renseigné;VALPROATE DE SODIUM VIATRIS LP 500 mg Cpr pell séc LP Pilul/30;0.021;4.93;0.15;140;1
3697088;3400936970885;;MYLAN-SAG / VIATRIS SANTÉ GENERIQUES;Non renseigné;PHLOROGLUCINOL VIATRIS 80 mg Cpr orodisp Plq/10;0.021;0.95;0.05;240;1
3699532;3400936995321;;MYLAN-SAG / VIATRIS SANTÉ GENERIQUES;Non renseigné;SERTRALINE VIATRIS 50 mg Gél Plq/28;0.021;3.33;0.025;200;1
3700531;3400937005319;;MYLAN-SAG / VIATRIS SANTÉ GENERIQUES;Non renseigné;RAMIPRIL VIATRIS 1,25 mg Cpr Plq/30;0.021;1.79;0.22;0;1
3703050;3400937030502;;MYLAN-SAG / VIATRIS SANTÉ GENERIQUES;Non renseigné;FLUCONAZOLE VIATRIS 50 mg Gél Plq/7;0.021;6.38;0.22;0;1
3703245;3400937032452;;MYLAN-SAG / VIATRIS SANTÉ GENERIQUES;Non renseigné;FLUCONAZOLE VIATRIS 100 mg Gél Plq/7;0.021;9.78;0.22;0;1
3703469;3400937034692;;MYLAN-SAG / VIATRIS SANTÉ GENERIQUES;Non renseigné;FLUCONAZOLE VIATRIS 200 mg Gél Plq/7;0.021;18.55;0.22;0;1
3703498;3400937034982;;MYLAN-SAG / VIATRIS SANTÉ GENERIQUES;Non renseigné;FLUCONAZOLE VIATRIS 200 mg Gél Plq/30;0.021;75.05;0.22;0;1
3704523;3400937045230;;MYLAN-SAG / VIATRIS SANTÉ GENERIQUES;Non renseigné;ALFUZOSINE VIATRIS LP 10 mg Cpr LP Plq/30;0.021;5.72;0.22;120;1
3704977;3400937049771;;MYLAN-SAG / VIATRIS SANTÉ GENERIQUES;Non renseigné;BUPRENORPHINE VIATRIS 8 mg Cpr subl Plq/7;0.021;6.25;0.22;1;1
3705043;3400937050432;;MYLAN-SAG / VIATRIS SANTÉ GENERIQUES;Non renseigné;BUPRENORPHINE VIATRIS 0,4 mg Cpr subl Plq/7;0.021;0.87;0.22;0;1
3705600;3400937056007;;MYLAN-SAG / VIATRIS SANTÉ GENERIQUES;Non renseigné;PINAVERIUM VIATRIS 100 mg Cpr pell Plq/30;0.021;2.96;0.15;50;1
3705735;3400937057356;;MYLAN-SAG / VIATRIS SANTÉ GENERIQUES;Non renseigné;TAMSULOSINE VIATRIS LP 0,4 mg Gél LP Fl/30;0.021;3.57;0.05;1;1
3707680;3400937076807;;MYLAN-SAG / VIATRIS SANTÉ GENERIQUES;Non renseigné;TAMSULOSINE VIATRIS LP 0,4 mg Gél LP Plq/30;0.021;2.93;0.22;100;1
3710831;3400937108317;;MYLAN-SAG / VIATRIS SANTÉ GENERIQUES;Non renseigné;SPIRAMYCINE/METRONIDAZOLE VIATRIS 750 000 UI/125 mg Cpr pell Plq/20;0.021;3.22;0.15;0;1
3724230;3400937242301;;MYLAN-SAG / VIATRIS SANTÉ GENERIQUES;Non renseigné;LISINOPRIL VIATRIS 20 mg Cpr séc Plq/84;0.021;6.55;0.22;0;1
3724276;3400937242769;;MYLAN-SAG / VIATRIS SANTÉ GENERIQUES;Non renseigné;ENALAPRIL VIATRIS 20 mg Cpr séc Plq/90;0.021;7.65;0.15;0;1
3724282;3400937242820;;MYLAN-SAG / VIATRIS SANTÉ GENERIQUES;Non renseigné;NITRENDIPINE VIATRIS 20 mg Cpr séc Plq/30;0.021;7.28;0.05;0;1
3724307;3400937243070;;MYLAN-SAG / VIATRIS SANTÉ GENERIQUES;Non renseigné;NITRENDIPINE VIATRIS 20 mg Cpr séc Plq/90;0.021;20.75;0.05;0;1
3727984;3400937279840;;MYLAN-SAG / VIATRIS SANTÉ GENERIQUES;Non renseigné;ACECLOFENAC VIATRIS 100 mg Cpr pell Plq/30;0.021;2.31;0.15;0;1
3729919;3400937299190;;MYLAN-SAG / VIATRIS SANTÉ GENERIQUES;Non renseigné;ATENOLOL VIATRIS 50 mg Cpr pell séc Plq PVC/PVDC/Alu/90;0.021;3.86;0.22;0;1
3729954;3400937299541;;MYLAN-SAG / VIATRIS SANTÉ GENERIQUES;Non renseigné;ATENOLOL VIATRIS 100 mg Cpr pell séc Plq PVC/PVDC/Alu/90;0.021;6.72;0.22;0;1
3730012;3400937300124;;MYLAN-SAG / VIATRIS SANTÉ GENERIQUES;Non renseigné;ENALAPRIL/HYDROCHLOROTHIAZIDE VIATRIS 20 mg/12,5 mg Cpr séc Plq/90;0.021;7.65;0.15;0;1
3730041;3400937300414;;MYLAN-SAG / VIATRIS SANTÉ GENERIQUES;Non renseigné;RILMENIDINE VIATRIS 1 mg Cpr Plq/90;0.021;8.73;0.22;0;1
3730058;3400937300582;;MYLAN-SAG / VIATRIS SANTÉ GENERIQUES;Non renseigné;RAMIPRIL VIATRIS 1,25 mg Cpr Plq/90;0.021;5.08;0.22;0;1
3730093;3400937300933;;MYLAN-SAG / VIATRIS SANTÉ GENERIQUES;Non renseigné;NITRENDIPINE VIATRIS 10 mg Cpr Plq/30;0.021;4.16;0.05;0;1
3732465;3400937324656;;MYLAN-SAG / VIATRIS SANTÉ GENERIQUES;Non renseigné;SERTRALINE VIATRIS 25 mg Gél Plq/7;0.021;0.67;0.22;200;1
3735311;3400937353113;;MYLAN-SAG / VIATRIS SANTÉ GENERIQUES;Non renseigné;MOXONIDINE VIATRIS 0,2 mg Cpr pell Plq/30;0.021;2.55;0.15;0;1
3735340;3400937353403;;MYLAN-SAG / VIATRIS SANTÉ GENERIQUES;Non renseigné;MOXONIDINE VIATRIS 0,2 mg Cpr pell Plq/90;0.021;7.02;0.22;0;1
3735386;3400937353861;;MYLAN-SAG / VIATRIS SANTÉ GENERIQUES;Non renseigné;MOXONIDINE VIATRIS 0,4 mg Cpr pell Plq/30;0.021;4.38;0.15;0;1
3735417;3400937354172;;MYLAN-SAG / VIATRIS SANTÉ GENERIQUES;Non renseigné;MOXONIDINE VIATRIS 0,4 mg Cpr pell Plq/90;0.021;12.48;0.15;0;1
3735653;3400937356534;;MYLAN-SAG / VIATRIS SANTÉ GENERIQUES;Non renseigné;FENOFIBRATE VIATRIS 160 mg Cpr pell Plq/30;0.021;4.01;0.05;0;1
3736291;3400937362917;;MYLAN-SAG / VIATRIS SANTÉ GENERIQUES;Non renseigné;METOPROLOL VIATRIS 100 mg Cpr séc Plq/90;0.021;3.77;0.15;0;1
3738278;3400937382786;;MYLAN-SAG / VIATRIS SANTÉ GENERIQUES;Non renseigné;FENOFIBRATE VIATRIS 300 mg Gél Plq/90;0.021;8.53;0.05;1;1
3738290;3400937382908;;MYLAN-SAG / VIATRIS SANTÉ GENERIQUES;Non renseigné;NIFEDIPINE VIATRIS LP 30 mg Cpr pell LP Plq/90;0.021;12.83;0.05;0;1
3738315;3400937383158;;MYLAN-SAG / VIATRIS SANTÉ GENERIQUES;Non renseigné;SPIRONOLACTONE ALTIZIDE VIATRIS 25 mg/15 mg Cpr séc Plq/90;0.021;6.23;0.05;0;1
3738338;3400937383387;;MYLAN-SAG / VIATRIS SANTÉ GENERIQUES;Non renseigné;SPIRONOLACTONE VIATRIS 75 mg Cpr pell Plq/90;0.021;7.65;0.15;0;1
3738396;3400937383967;;MYLAN-SAG / VIATRIS SANTÉ GENERIQUES;Non renseigné;FENOFIBRATE VIATRIS 200 mg Gél Plq/90;0.021;9.87;0.22;0;1
3738456;3400937384568;;MYLAN-SAG / VIATRIS SANTÉ GENERIQUES;Non renseigné;LISINOPRIL/HYDROCHLOROTHIAZIDE VIATRIS 20 mg/12,5 mg Cpr séc Plq/30;0.021;2.34;0.22;1;1
3738479;3400937384797;;MYLAN-SAG / VIATRIS SANTÉ GENERIQUES;Non renseigné;LISINOPRIL/HYDROCHLOROTHIAZIDE VIATRIS 20 mg/12,5 mg Cpr séc Plq/90;0.021;7.02;0.22;0;1
3738491;3400937384919;;MYLAN-SAG / VIATRIS SANTÉ GENERIQUES;Non renseigné;CELIPROLOL VIATRIS 200 mg Cpr pell séc Plq/84;0.021;10;0.15;0;1
3740536;3400937405362;;MYLAN-SAG / VIATRIS SANTÉ GENERIQUES;Non renseigné;CARVEDILOL VIATRIS 12,5 mg Cpr pell séc Plq/28;0.021;2.76;0.22;0;1
3740594;3400937405942;;MYLAN-SAG / VIATRIS SANTÉ GENERIQUES;Non renseigné;CARVEDILOL VIATRIS 25 mg Cpr pell séc Plq/28;0.021;2.76;0.22;180;1
3741731;3400937417310;;MYLAN-SAG / VIATRIS SANTÉ GENERIQUES;Non renseigné;PAROXETINE VIATRIS 20 mg Cpr pell séc Plq/14;0.021;1.3;0.22;280;1
3743629;3400937436298;;MYLAN-SAG / VIATRIS SANTÉ GENERIQUES;Non renseigné;ACIDE ALENDRONIQUE VIATRIS 70 mg Cpr Plq/12;0.021;16.13;0.22;0;1
3743960;3400937439602;;MYLAN-SAG / VIATRIS SANTÉ GENERIQUES;Non renseigné;AMLODIPINE VIATRIS 5 mg Gél Plq/30;0.021;2.36;0.025;182;1
3743983;3400937439831;;MYLAN-SAG / VIATRIS SANTÉ GENERIQUES;Non renseigné;AMLODIPINE VIATRIS 5 mg Gél Plq/90;0.021;6.71;0.025;70;1
3744066;3400937440660;;MYLAN-SAG / VIATRIS SANTÉ GENERIQUES;Non renseigné;AMLODIPINE VIATRIS 10 mg Gél Plq/30;0.021;1.89;0.22;80;1
3744072;3400937440721;;MYLAN-SAG / VIATRIS SANTÉ GENERIQUES;Non renseigné;AMLODIPINE VIATRIS 10 mg Gél Plq/90;0.021;5.37;0.22;70;1
3744540;3400937445405;;MYLAN-SAG / VIATRIS SANTÉ GENERIQUES;Non renseigné;LISINOPRIL VIATRIS 5 mg Cpr séc Plq/28;0.021;2.01;0.22;0;1
3744586;3400937445863;;MYLAN-SAG / VIATRIS SANTÉ GENERIQUES;Non renseigné;LISINOPRIL VIATRIS 5 mg Cpr séc Plq/84;0.021;5.73;0.22;0;1
3746119;3400937461191;;MYLAN-SAG / VIATRIS SANTÉ GENERIQUES;Non renseigné;SPIRAMYCINE VIATRIS 3 MUI Cpr pell Plq/10;0.021;4.18;0.15;0;1
3746148;3400937461481;;MYLAN-SAG / VIATRIS SANTÉ GENERIQUES;Non renseigné;SPIRAMYCINE VIATRIS 3 MUI Cpr pell Plq/16;0.021;6.7;0.15;0;1
3746421;3400937464215;;MYLAN-SAG / VIATRIS SANTÉ GENERIQUES;Non renseigné;BUPRENORPHINE VIATRIS 2 mg Cpr subl Plq/7;0.021;2.07;0.22;160;1
3765743;3400937657433;;MYLAN-SAG / VIATRIS SANTÉ GENERIQUES;Non renseigné;GLIMEPIRIDE VIATRIS 4 mg Cpr Plq/30;0.021;3.04;0.22;0;1
3765789;3400937657891;;MYLAN-SAG / VIATRIS SANTÉ GENERIQUES;Non renseigné;GLIMEPIRIDE VIATRIS 4 mg Cpr Plq/90;0.021;9.13;0.22;0;1
3765855;3400937658553;;MYLAN-SAG / VIATRIS SANTÉ GENERIQUES;Non renseigné;GLIMEPIRIDE VIATRIS 3 mg Cpr Plq/30;0.021;3.04;0.22;0;1
3765884;3400937658843;;MYLAN-SAG / VIATRIS SANTÉ GENERIQUES;Non renseigné;GLIMEPIRIDE VIATRIS 3 mg Cpr Plq/90;0.021;9.13;0.22;0;1
3765890;3400937658904;;MYLAN-SAG / VIATRIS SANTÉ GENERIQUES;Non renseigné;GLIMEPIRIDE VIATRIS 2 mg Cpr Plq/30;0.021;2.54;0.22;0;1
3765921;3400937659215;;MYLAN-SAG / VIATRIS SANTÉ GENERIQUES;Non renseigné;GLIMEPIRIDE VIATRIS 2 mg Cpr Plq/90;0.021;7.25;0.22;0;1
3765938;3400937659383;;MYLAN-SAG / VIATRIS SANTÉ GENERIQUES;Non renseigné;GLIMEPIRIDE VIATRIS 1 mg Cpr Plq/30;0.021;1.69;0.15;0;1
3765967;3400937659673;;MYLAN-SAG / VIATRIS SANTÉ GENERIQUES;Non renseigné;GLIMEPIRIDE VIATRIS 1 mg Cpr Plq/90;0.021;4.82;0.15;0;1
3766926;3400937669269;;MYLAN-SAG / VIATRIS SANTÉ GENERIQUES;Non renseigné;ONDANSETRON VIATRIS 2 mg/ml S inj Amp/2ml;0.021;3.37;0.05;0;1
3766932;3400937669320;;MYLAN-SAG / VIATRIS SANTÉ GENERIQUES;Non renseigné;ONDANSETRON VIATRIS 2 mg/ml S inj Amp/4ml;0.021;6.55;0.05;0;1
3771413;3400937714136;;MYLAN-SAG / VIATRIS SANTÉ GENERIQUES;Non renseigné;FINASTERIDE VIATRIS 5 mg Cpr pell Plq/28;0.021;5.66;0.22;0;1
3772631;3400937726313;;MYLAN-SAG / VIATRIS SANTÉ GENERIQUES;Non renseigné;MIRTAZAPINE VIATRIS 15 mg Cpr pell Plq/30;0.021;2.24;0.025;1;1
3773228;3400937732284;;MYLAN-SAG / VIATRIS SANTÉ GENERIQUES;Non renseigné;ECONAZOLE VIATRIS 1 % Cr T/30g;0.021;1.2;0.05;100;1
3773234;3400937732345;;MYLAN-SAG / VIATRIS SANTÉ GENERIQUES;Non renseigné;ECONAZOLE VIATRIS 1 % Emuls cut Fl/30g;0.021;1.2;0.15;0;1
3773240;3400937732406;;MYLAN-SAG / VIATRIS SANTÉ GENERIQUES;Non renseigné;ECONAZOLE VIATRIS 1 % S appl cut Fl/30g;0.021;1.62;0.05;0;1
3773323;3400937733236;;MYLAN-SAG / VIATRIS SANTÉ GENERIQUES;Non renseigné;FENOFIBRATE VIATRIS 160 mg Cpr pell Plq/90;0.021;12.03;0.05;0;1
3773375;3400937733755;;MYLAN-SAG / VIATRIS SANTÉ GENERIQUES;Non renseigné;GLICLAZIDE VIATRIS 80 mg Cpr séc Plq/180;0.021;17.95;0.05;0;1
3776310;3400937763103;;MYLAN-SAG / VIATRIS SANTÉ GENERIQUES;Non renseigné;ONDANSETRON VIATRIS 8 mg Cpr pell Plq/2;0.021;3.1;0.22;0;1
3776327;3400937763271;;MYLAN-SAG / VIATRIS SANTÉ GENERIQUES;Non renseigné;ONDANSETRON VIATRIS 8 mg Cpr pell Plq/4;0.021;6.21;0.22;0;1
3776534;3400937765343;;MYLAN-SAG / VIATRIS SANTÉ GENERIQUES;Non renseigné;GLIBENCLAMIDE VIATRIS 2,5 mg Cpr séc Plq/60;0.021;1.53;0.22;0;1
3776557;3400937765572;;MYLAN-SAG / VIATRIS SANTÉ GENERIQUES;Non renseigné;GLIBENCLAMIDE VIATRIS 5 mg Cpr séc Plq/20;0.021;0.87;0.22;0;1
3776563;3400937765633;;MYLAN-SAG / VIATRIS SANTÉ GENERIQUES;Non renseigné;GLIBENCLAMIDE VIATRIS 5 mg Cpr séc Plq/90;0.021;3.42;0.22;0;1
3780961;3400937809610;;MYLAN-SAG / VIATRIS SANTÉ GENERIQUES;Non renseigné;FLUCONAZOLE VIATRIS 10 mg/ml Pdr susp buv Fl/35ml;0.021;7.98;0.22;0;1
3788891;3400937888912;;MYLAN-SAG / VIATRIS SANTÉ GENERIQUES;Non renseigné;MANIDIPINE VIATRIS 20 mg Cpr Plq/30;0.021;3.83;0.15;0;1
3789229;3400937892292;;MYLAN-SAG / VIATRIS SANTÉ GENERIQUES;Non renseigné;MANIDIPINE VIATRIS 20 mg Cpr Plq/90;0.021;11.48;0.15;0;1
3790385;3400937903851;;MYLAN-SAG / VIATRIS SANTÉ GENERIQUES;Non renseigné;MANIDIPINE VIATRIS 10 mg Cpr Plq/30;0.021;3.83;0.15;0;1
3790741;3400937907415;;MYLAN-SAG / VIATRIS SANTÉ GENERIQUES;Non renseigné;MANIDIPINE VIATRIS 10 mg Cpr Plq/90;0.021;11.48;0.15;0;1
3793739;3400937937399;;MYLAN-SAG / VIATRIS SANTÉ GENERIQUES;Non renseigné;ECONAZOLE VIATRIS 1 % Pdr appl cut Fl/30g;0.021;1.61;0.15;90;1
3794578;3400937945783;;MYLAN-SAG / VIATRIS SANTÉ GENERIQUES;Non renseigné;AZITHROMYCINE VIATRIS 250 mg Cpr pell Plq/6;0.021;4.88;0.22;198;1
3794609;3400937946094;;MYLAN-SAG / VIATRIS SANTÉ GENERIQUES;Non renseigné;METFORMINE VIATRIS 1000 mg Cpr disp Plq/30;0.021;1.39;0.05;0;1
3797878;3400937978781;;MYLAN-SAG / VIATRIS SANTÉ GENERIQUES;Non renseigné;OXCARBAZEPINE VIATRIS 150 mg Cpr pell Plq/50;0.021;5.79;0.05;0;1
3798286;3400937982863;;MYLAN-SAG / VIATRIS SANTÉ GENERIQUES;Non renseigné;OXCARBAZEPINE VIATRIS 300 mg Cpr pell Plq/50;0.021;11.56;0.05;0;1
3800758;3400938007589;;MYLAN-SAG / VIATRIS SANTÉ GENERIQUES;Non renseigné;METFORMINE VIATRIS 500 mg Cpr disp Plq/30;0.021;1.13;0.05;0;1
3801025;3400938010251;;MYLAN-SAG / VIATRIS SANTÉ GENERIQUES;Non renseigné;METFORMINE VIATRIS 850 mg Cpr disp Plq/30;0.021;1.39;0.05;0;1
3808033;3400938080339;;MYLAN-SAG / VIATRIS SANTÉ GENERIQUES;Non renseigné;LAMOTRIGINE VIATRIS 25 mg Cpr disp Plq/30;0.021;2.97;0.22;0;1
3808398;3400938083989;;MYLAN-SAG / VIATRIS SANTÉ GENERIQUES;Non renseigné;LAMOTRIGINE VIATRIS 50 mg Cpr disp Plq/30;0.021;4.9;0.22;120;1
3808493;3400938084931;;MYLAN-SAG / VIATRIS SANTÉ GENERIQUES;Non renseigné;LAMOTRIGINE VIATRIS 100 mg Cpr disp Plq/30;0.021;5.99;0.22;120;1
3808671;3400938086713;;MYLAN-SAG / VIATRIS SANTÉ GENERIQUES;Non renseigné;CLARITHROMYCINE VIATRIS 250 mg Cpr pell Plq/10;0.021;2.68;0.22;0;1
3808725;3400938087253;;MYLAN-SAG / VIATRIS SANTÉ GENERIQUES;Non renseigné;CLARITHROMYCINE VIATRIS 500 mg Cpr pell Plq/10;0.021;5.16;0.22;0;1
3808731;3400938087314;;MYLAN-SAG / VIATRIS SANTÉ GENERIQUES;Non renseigné;CLARITHROMYCINE VIATRIS 500 mg Cpr pell Plq/14;0.021;7.22;0.22;0;1
3810484;3400938104844;;MYLAN-SAG / VIATRIS SANTÉ GENERIQUES;Non renseigné;LANSOPRAZOLE VIATRIS 30 mg Gél gastro-rés Plq/7;0.021;0.66;0.22;0;1
3810490;3400938104905;;MYLAN-SAG / VIATRIS SANTÉ GENERIQUES;Non renseigné;LANSOPRAZOLE VIATRIS 30 mg Gél gastro-rés Plq/14;0.021;1.31;0.22;0;1
3810509;3400938105094;;MYLAN-SAG / VIATRIS SANTÉ GENERIQUES;Non renseigné;LANSOPRAZOLE VIATRIS 30 mg Gél gastro-rés Plq/28;0.021;2.62;0.22;162;1
3812313;3400938123135;;MYLAN-SAG / VIATRIS SANTÉ GENERIQUES;Non renseigné;PIPERACILLINE TAZOBACTAM VIATRIS 2 g/0,25 g Pdr sol perf Fl/2,25g;0.021;4.13;0.05;0;1
3812939;3400938129397;;MYLAN-SAG / VIATRIS SANTÉ GENERIQUES;Non renseigné;PIPERACILLINE TAZOBACTAM VIATRIS 4 g/0,5 g Pdr sol perf Fl/4,5g;0.021;5.85;0.22;0;1
3813985;3400938139853;;MYLAN-SAG / VIATRIS SANTÉ GENERIQUES;Non renseigné;LANSOPRAZOLE VIATRIS 15 mg Gél gastro-rés Plq/15;0.021;1.4;0.22;0;1
3814016;3400938140163;;MYLAN-SAG / VIATRIS SANTÉ GENERIQUES;Non renseigné;LANSOPRAZOLE VIATRIS 15 mg Gél gastro-rés Plq/30;0.021;2.81;0.22;144;1
3818304;3400938183047;;MYLAN-SAG / VIATRIS SANTÉ GENERIQUES;Non renseigné;CEFTAZIDIME VIATRIS 1 g Pdr sol inj IM IV Fl/1g;0.021;4.71;0.15;0;1
3818333;3400938183337;;MYLAN-SAG / VIATRIS SANTÉ GENERIQUES;Non renseigné;CEFTAZIDIME VIATRIS 2 g Pdr sol inj IV Fl/2g;0.021;9.42;0.15;108;1
3820086;3400938200867;;MYLAN-SAG / VIATRIS SANTÉ GENERIQUES;Non renseigné;BUPRENORPHINE VIATRIS 1 mg Cpr subl Plq/7;0.021;1.87;0.025;0;1
3820100;3400938201000;;MYLAN-SAG / VIATRIS SANTÉ GENERIQUES;Non renseigné;BUPRENORPHINE VIATRIS 4 mg Cpr subl Plq/7;0.021;4.9;0.025;0;1
3820123;3400938201239;;MYLAN-SAG / VIATRIS SANTÉ GENERIQUES;Non renseigné;BUPRENORPHINE VIATRIS 6 mg Cpr subl Plq/7;0.021;7.36;0.025;0;1
3821275;3400938212754;;MYLAN-SAG / VIATRIS SANTÉ GENERIQUES;Non renseigné;TRAMADOL VIATRIS LP 100 mg Cpr LP Plaq/10x1;0.021;1.29;0.05;1;1
3822263;3400938222630;;MYLAN-SAG / VIATRIS SANTÉ GENERIQUES;Non renseigné;TRAMADOL VIATRIS LP 150 mg Cpr LP Plaq/10x1;0.021;1.82;0.05;1;1
3822530;3400938225303;;MYLAN-SAG / VIATRIS SANTÉ GENERIQUES;Non renseigné;TRAMADOL VIATRIS LP 200 mg Cpr LP Plaq/10x1;0.021;2.36;0.05;1;1
3823446;3400938234466;;MYLAN-SAG / VIATRIS SANTÉ GENERIQUES;Non renseigné;DOMPERIDONE VIATRIS 10 mg Cpr orodisp Plq/20;0.021;0.82;0.15;1;1
3827088;3400938270884;;MYLAN-SAG / VIATRIS SANTÉ GENERIQUES;Non renseigné;TOPIRAMATE VIATRIS 100 mg Cpr pell Plq/28;0.021;6.99;0.22;0;1
3827970;3400938279702;;MYLAN-SAG / VIATRIS SANTÉ GENERIQUES;Non renseigné;RISPERIDONE VIATRIS 1 mg/ml S buv Fl/30ml;0.021;4.12;0.05;27;1
3827987;3400938279870;;MYLAN-SAG / VIATRIS SANTÉ GENERIQUES;Non renseigné;RISPERIDONE VIATRIS 1 mg/ml S buv Fl/60ml;0.021;7.37;0.15;0;1
3828018;3400938280180;;MYLAN-SAG / VIATRIS SANTÉ GENERIQUES;Non renseigné;RISPERIDONE VIATRIS 1 mg/ml S buv Fl/120ml;0.021;14.74;0.15;0;1
3829124;3400938291247;;MYLAN-SAG / VIATRIS SANTÉ GENERIQUES;Non renseigné;FEXOFENADINE VIATRIS 120 mg Cpr pell Plq/15;0.021;1.8;0.05;0;1
3833746;3400938337464;;MYLAN-SAG / VIATRIS SANTÉ GENERIQUES;Non renseigné;DICLOFENAC VIATRIS 1 % Gel T/50g;0.021;1.07;0.15;70;1
3833752;3400938337525;;MYLAN-SAG / VIATRIS SANTÉ GENERIQUES;Non renseigné;DICLOFENAC VIATRIS SANTE 1 % Gel T/100g;0.021;1.83;0.05;48;1
3835550;3400938355505;;MYLAN-SAG / VIATRIS SANTÉ GENERIQUES;Non renseigné;LOSARTAN VIATRIS 50 mg Cpr pell séc Plq/28;0.021;2.18;0.22;0;1
3835604;3400938356045;;MYLAN-SAG / VIATRIS SANTÉ GENERIQUES;Non renseigné;LOSARTAN VIATRIS 50 mg Cpr pell séc Plq/90;0.021;7.02;0.22;0;1
3835656;3400938356564;;MYLAN-SAG / VIATRIS SANTÉ GENERIQUES;Non renseigné;LOSARTAN VIATRIS 100 mg Cpr pell Plq/28;0.021;2.18;0.22;0;1
3835691;3400938356915;;MYLAN-SAG / VIATRIS SANTÉ GENERIQUES;Non renseigné;LOSARTAN VIATRIS 100 mg Cpr pell Plq/90;0.021;7.02;0.22;0;1
3842691;3400938426915;;MYLAN-SAG / VIATRIS SANTÉ GENERIQUES;Non renseigné;INDAPAMIDE VIATRIS LP 1,5 mg Cpr pell LP Plq/30;0.021;2.7;0.22;56;1
3842716;3400938427165;;MYLAN-SAG / VIATRIS SANTÉ GENERIQUES;Non renseigné;INDAPAMIDE VIATRIS LP 1,5 mg Cpr pell LP Plq/90;0.021;7.69;0.22;0;1
3843288;3400938432886;;MYLAN-SAG / VIATRIS SANTÉ GENERIQUES;Non renseigné;BICALUTAMIDE VIATRIS 50 mg Cpr pell Plq/30;0.021;25.09;0.22;0;1
3843561;3400938435610;;MYLAN-SAG / VIATRIS SANTÉ GENERIQUES;Non renseigné;ANASTROZOLE VIATRIS 1 mg Cpr pell Plq/30;0.021;16.28;0.22;0;1
3847197;3400938471977;;MYLAN-SAG / VIATRIS SANTÉ GENERIQUES;Non renseigné;TRANDOLAPRIL VIATRIS 0,5 mg Gél Plq/28;0.021;1.22;0.15;0;1
3847286;3400938472868;;MYLAN-SAG / VIATRIS SANTÉ GENERIQUES;Non renseigné;TRANDOLAPRIL VIATRIS 2 mg Gél Plq/28;0.021;2.38;0.15;0;1
3847323;3400938473230;;MYLAN-SAG / VIATRIS SANTÉ GENERIQUES;Non renseigné;TRANDOLAPRIL VIATRIS 2 mg Gél Plq/84;0.021;7.14;0.15;0;1
3847375;3400938473759;;MYLAN-SAG / VIATRIS SANTÉ GENERIQUES;Non renseigné;TRANDOLAPRIL VIATRIS 4 mg Gél Plq/28;0.021;2.38;0.15;0;1
3847412;3400938474121;;MYLAN-SAG / VIATRIS SANTÉ GENERIQUES;Non renseigné;TRANDOLAPRIL VIATRIS 4 mg Gél Plq/84;0.021;7.98;0.05;0;1
3850259;3400938502596;;MYLAN-SAG / VIATRIS SANTÉ GENERIQUES;Non renseigné;CLARITHROMYCINE VIATRIS 25 mg/ml Glé susp buv Fl/100ml;0.021;4.18;0.05;0;1
3850271;3400938502718;;MYLAN-SAG / VIATRIS SANTÉ GENERIQUES;Non renseigné;CLARITHROMYCINE VIATRIS 50 mg/ml Glé susp buv Fl/60ml;0.021;5.55;0.05;0;1
3852494;3400938524949;;MYLAN-SAG / VIATRIS SANTÉ GENERIQUES;Non renseigné;METOPROLOL VIATRIS 100 mg Cpr séc Plq/30;0.021;1.48;0.05;0;1
3853536;3400938535365;;MYLAN-SAG / VIATRIS SANTÉ GENERIQUES;Non renseigné;VENLAFAXINE VIATRIS 50 mg Cpr pell Plq/30;0.021;3.14;0.05;0;1
3855883;3400938558838;;MYLAN-SAG / VIATRIS SANTÉ GENERIQUES;Non renseigné;PREDNISONE VIATRIS 1 mg Cpr Plq/30;0.021;0.76;0.05;240;1
3856799;3400938567991;;MYLAN-SAG / VIATRIS SANTÉ GENERIQUES;Non renseigné;GLICLAZIDE VIATRIS 30 mg Cpr LM Plq/30;0.021;2.58;0.22;0;1
3856813;3400938568134;;MYLAN-SAG / VIATRIS SANTÉ GENERIQUES;Non renseigné;GLICLAZIDE VIATRIS 30 mg Cpr LM Plq/60;0.021;4.9;0.22;0;1
3856871;3400938568714;;MYLAN-SAG / VIATRIS SANTÉ GENERIQUES;Non renseigné;GLICLAZIDE VIATRIS 30 mg Cpr LM Plq/180;0.021;14.73;0.22;0;1
3857362;3400938573626;;MYLAN-SAG / VIATRIS SANTÉ GENERIQUES;Non renseigné;FOSINOPRIL/HYDROCHLOROTHIAZIDE VIATRIS 20 mg/12,5 mg Cpr séc Plq/30;0.021;2.85;0.05;0;1
3870983;3400938709834;;MYLAN-SAG / VIATRIS SANTÉ GENERIQUES;Non renseigné;TERBINAFINE VIATRIS 1 % Cr T/15g;0.021;1.85;0.15;0;1
3872367;3400938723670;;MYLAN-SAG / VIATRIS SANTÉ GENERIQUES;Non renseigné;ROPINIROLE VIATRIS 0,25 mg Cpr pell Fl/21;0.021;1.62;0.05;35;1
3872373;3400938723731;;MYLAN-SAG / VIATRIS SANTÉ GENERIQUES;Non renseigné;ROPINIROLE VIATRIS 0,50 mg Cpr pell Fl/21;0.021;2.27;0.15;35;1
3872396;3400938723960;;MYLAN-SAG / VIATRIS SANTÉ GENERIQUES;Non renseigné;ROPINIROLE VIATRIS 1 mg Cpr pell Fl/21;0.021;3.3;0.22;0;1
3872404;3400938724042;;MYLAN-SAG / VIATRIS SANTÉ GENERIQUES;Non renseigné;ROPINIROLE VIATRIS 2 mg Cpr pell Fl/21;0.021;5.26;0.22;0;1
3873639;3400938736397;;MYLAN-SAG / VIATRIS SANTÉ GENERIQUES;Non renseigné;CEFPODOXIME VIATRIS 40 mg/5 ml Pdr susp buv enfant nourrisson Fl/50ml;0.021;2.63;0.025;0;1
3873645;3400938736458;;MYLAN-SAG / VIATRIS SANTÉ GENERIQUES;Non renseigné;CEFPODOXIME VIATRIS 40 mg/5 ml Pdr susp buv enfant nourrisson Fl/100ml;0.021;4.59;0.025;60;1
3882288;3400938822885;;MYLAN-SAG / VIATRIS SANTÉ GENERIQUES;Non renseigné;CICLOPIROX VIATRIS 8 % V ongles médicamenteux Fl/3ml;0.021;4.81;0.15;0;1
3886010;3400938860108;;MYLAN-SAG / VIATRIS SANTÉ GENERIQUES;Non renseigné;KETOCONAZOLE VIATRIS 2 % Gel en récipient unidose Unid/20g;0.021;1.41;0.15;0;1
3886033;3400938860337;;MYLAN-SAG / VIATRIS SANTÉ GENERIQUES;Non renseigné;KETOCONAZOLE VIATRIS 2 % Gel en sachet-dose 8Sach/6g;0.021;3.1;0.15;54;1
3887570;3400938875706;;MYLAN-SAG / VIATRIS SANTÉ GENERIQUES;Non renseigné;ACIDE FUSIDIQUE VIATRIS 2 % Cr T/15g;0.021;1.23;0.05;0;1
3895842;3400938958423;;MYLAN-SAG / VIATRIS SANTÉ GENERIQUES;Non renseigné;BRIMONIDINE VIATRIS 0,2 % (2 mg/ml) Collyre sol Fl/5ml;0.021;2.77;0.05;160;1
3896149;3400938961492;;MYLAN-SAG / VIATRIS SANTÉ GENERIQUES;Non renseigné;FOSINOPRIL/HYDROCHLOROTHIAZIDE VIATRIS 20 mg/12,5 mg Cpr séc Plaq/90;0.021;8.55;0.05;0;1
3904788;3400939047881;;MYLAN-SAG / VIATRIS SANTÉ GENERIQUES;Non renseigné;RISPERIDONE VIATRIS 2 mg Cpr pell séc Plq/60x1;0.021;10.78;0.22;0;1
3906238;3400939062389;;MYLAN-SAG / VIATRIS SANTÉ GENERIQUES;Non renseigné;CEFEPIME VIATRIS 1 g Pdr sol inj Fl;0.021;5.04;0.05;0;1
3906296;3400939062969;;MYLAN-SAG / VIATRIS SANTÉ GENERIQUES;Non renseigné;CEFEPIME VIATRIS 2 g Pdr sol inj Fl;0.021;8.31;0.05;0;1
3910346;3400939103464;;MYLAN-SAG / VIATRIS SANTÉ GENERIQUES;Non renseigné;PREDNISOLONE VIATRIS 20 mg Cpr orodisp Plq/20;0.021;2.54;0.025;240;1
3928990;3400939289908;;MYLAN-SAG / VIATRIS SANTÉ GENERIQUES;Non renseigné;PERINDOPRIL/INDAPAMIDE VIATRIS 2 mg/0,625 mg Cpr Plq/30;0.021;2.34;0.22;0;1
3929044;3400939290447;;MYLAN-SAG / VIATRIS SANTÉ GENERIQUES;Non renseigné;PERINDOPRIL/INDAPAMIDE VIATRIS 2 mg/0,625 mg Cpr Plq/90;0.021;7.02;0.22;0;1
3929535;3400939295350;;MYLAN-SAG / VIATRIS SANTÉ GENERIQUES;Non renseigné;PERINDOPRIL/INDAPAMIDE VIATRIS 4 mg/1,25 mg Cpr Plq/30;0.021;2.34;0.22;0;1
3929570;3400939295701;;MYLAN-SAG / VIATRIS SANTÉ GENERIQUES;Non renseigné;PERINDOPRIL/INDAPAMIDE VIATRIS 4 mg/1,25 mg Cpr Plq/90;0.021;7.02;0.22;0;1
3930751;3400939307510;;MYLAN-SAG / VIATRIS SANTÉ GENERIQUES;Non renseigné;PANTOPRAZOLE VIATRIS SANTE 40 mg Cpr gastro-rés Plq/7;0.021;0.53;0.22;0;1
3930768;3400939307688;;MYLAN-SAG / VIATRIS SANTÉ GENERIQUES;Non renseigné;PANTOPRAZOLE VIATRIS SANTE 40 mg Cpr gastro-rés Plq/14;0.021;1.05;0.22;0;1
3930774;3400939307749;;MYLAN-SAG / VIATRIS SANTÉ GENERIQUES;Non renseigné;PANTOPRAZOLE VIATRIS SANTE 40 mg Cpr gastro-rés Plq/28;0.021;2.11;0.22;90;1
3932075;3400939320755;;MYLAN-SAG / VIATRIS SANTÉ GENERIQUES;Non renseigné;PANTOPRAZOLE VIATRIS SANTE 20 mg Cpr gastro-rés Plq/14;0.021;1.05;0.22;0;1
3932081;3400939320816;;MYLAN-SAG / VIATRIS SANTÉ GENERIQUES;Non renseigné;PANTOPRAZOLE VIATRIS SANTE 20 mg Cpr gastro-rés Plq/28;0.021;2.11;0.22;90;1
3942381;3400939423814;;MYLAN-SAG / VIATRIS SANTÉ GENERIQUES;Non renseigné;FOSFOMYCINE VIATRIS 3 g Glé s buv en sachet adulte Sach/8g;0.021;2.97;0.15;200;1
3945439;3400939454399;;MYLAN-SAG / VIATRIS SANTÉ GENERIQUES;Non renseigné;OLANZAPINE VIATRIS 5 mg Cpr pell 28Plq/1;0.021;11.36;0.22;1;1
3945505;3400939455051;;MYLAN-SAG / VIATRIS SANTÉ GENERIQUES;Non renseigné;OLANZAPINE VIATRIS 10 mg Cpr pell Plq/28x1;0.021;6.44;0.22;96;1
3948231;3400939482316;;MYLAN-SAG / VIATRIS SANTÉ GENERIQUES;Non renseigné;DIOSMECTITE VIATRIS 3 g Pdr susp buv 60Sach/3g;0.021;3.48;0.025;36;1
3949928;3400939499284;;MYLAN-SAG / VIATRIS SANTÉ GENERIQUES;Non renseigné;FLUVASTATINE VIATRIS 20 mg Gél Plq/30;0.021;3.28;0.05;0;1
3950015;3400939500157;;MYLAN-SAG / VIATRIS SANTÉ GENERIQUES;Non renseigné;FLUVASTATINE VIATRIS 40 mg Gél Plq/30;0.021;3.28;0.05;0;1
3952178;3400939521787;;MYLAN-SAG / VIATRIS SANTÉ GENERIQUES;Non renseigné;LOSARTAN/HYDROCHLOROTHIAZIDE VIATRIS 50 mg/12,5 mg Cpr pell Plq/28;0.021;2.38;0.15;0;1
3952250;3400939522500;;MYLAN-SAG / VIATRIS SANTÉ GENERIQUES;Non renseigné;LOSARTAN/HYDROCHLOROTHIAZIDE VIATRIS 100 mg/25 mg Cpr pell Plq/28;0.021;2.38;0.15;0;1
3955923;3400939559230;;MYLAN-SAG / VIATRIS SANTÉ GENERIQUES;Non renseigné;LOSARTAN/HYDROCHLOROTHIAZIDE VIATRIS 50 mg/12,5 mg Cpr pell Plq/90;0.021;7.65;0.15;0;1
3955952;3400939559520;;MYLAN-SAG / VIATRIS SANTÉ GENERIQUES;Non renseigné;LOSARTAN/HYDROCHLOROTHIAZIDE VIATRIS 100 mg/25 mg Cpr pell Plq/90;0.021;7.65;0.15;0;1
3974257;3400939742571;;MYLAN-SAG / VIATRIS SANTÉ GENERIQUES;Non renseigné;SPIRONOLACTONE VIATRIS 25 mg Cpr pell séc Plq/90;0.021;6.52;0.15;0;1
3980890;3400939808901;;MYLAN-SAG / VIATRIS SANTÉ GENERIQUES;Non renseigné;VALACICLOVIR VIATRIS 500 mg Cpr pell Plq/10;0.021;4.62;0.22;180;1
3980915;3400939809151;;MYLAN-SAG / VIATRIS SANTÉ GENERIQUES;Non renseigné;VALACICLOVIR VIATRIS 500 mg Cpr pell Plq/42;0.021;19.17;0.22;72;1
3980921;3400939809212;;MYLAN-SAG / VIATRIS SANTÉ GENERIQUES;Non renseigné;VALACICLOVIR VIATRIS 500 mg Cpr pell Plq/112;0.021;53.84;0.22;20;1
3985663;3400939856636;;MYLAN-SAG / VIATRIS SANTÉ GENERIQUES;Non renseigné;LEVOCETIRIZINE VIATRIS 5 mg Cpr pell Plq/14;0.021;1.33;0.05;0;1
3985692;3400939856926;;MYLAN-SAG / VIATRIS SANTÉ GENERIQUES;Non renseigné;LEVOCETIRIZINE VIATRIS 5 mg Cpr pell Plq/28;0.021;2.19;0.22;240;1
3991149;3400939911496;;MYLAN-SAG / VIATRIS SANTÉ GENERIQUES;Non renseigné;LEVOFLOXACINE VIATRIS 500 mg Cpr pell séc Plq/5;0.021;5.77;0.22;0;1
3993214;3400939932149;;MYLAN-SAG / VIATRIS SANTÉ GENERIQUES;Non renseigné;CEFPODOXIME VIATRIS 100 mg Cpr pell Plq/10;0.021;3.74;0.15;1;1
3997548;3400939975481;;MYLAN-SAG / VIATRIS SANTÉ GENERIQUES;Non renseigné;REPAGLINIDE VIATRIS 0,5 mg Cpr Plq/90;0.021;3.95;0.22;0;1
3997560;3400939975603;;MYLAN-SAG / VIATRIS SANTÉ GENERIQUES;Non renseigné;REPAGLINIDE VIATRIS 0,5 mg Cpr Plq/270;0.021;11.23;0.22;0;1
3997672;3400939976723;;MYLAN-SAG / VIATRIS SANTÉ GENERIQUES;Non renseigné;REPAGLINIDE VIATRIS 1 mg Cpr Plq/90;0.021;3.95;0.22;0;1
3997695;3400939976952;;MYLAN-SAG / VIATRIS SANTÉ GENERIQUES;Non renseigné;REPAGLINIDE VIATRIS 1 mg Cpr Plq/270;0.021;11.23;0.22;0;1
3997790;3400939977904;;MYLAN-SAG / VIATRIS SANTÉ GENERIQUES;Non renseigné;REPAGLINIDE VIATRIS 2 mg Cpr Plq/90;0.021;3.95;0.22;50;1
3997815;3400939978154;;MYLAN-SAG / VIATRIS SANTÉ GENERIQUES;Non renseigné;REPAGLINIDE VIATRIS 2 mg Cpr Plq/270;0.021;11.23;0.22;0;1
4159105;3400941591051;;MYLAN-SAG / VIATRIS SANTÉ GENERIQUES;Non renseigné;CANDESARTAN VIATRIS 4 mg Cpr séc Plq/30;0.021;2.55;0.15;0;1
4159157;3400941591570;;MYLAN-SAG / VIATRIS SANTÉ GENERIQUES;Non renseigné;CANDESARTAN VIATRIS 4 mg Cpr séc Plq/90;0.021;7.02;0.22;0;1
4159252;3400941592522;;MYLAN-SAG / VIATRIS SANTÉ GENERIQUES;Non renseigné;CANDESARTAN VIATRIS 8 mg Cpr séc Plq/30;0.021;2.55;0.15;0;1
4159306;3400941593062;;MYLAN-SAG / VIATRIS SANTÉ GENERIQUES;Non renseigné;CANDESARTAN VIATRIS 8 mg Cpr séc Plq/90;0.021;7.65;0.15;0;1
4159387;3400941593871;;MYLAN-SAG / VIATRIS SANTÉ GENERIQUES;Non renseigné;CANDESARTAN VIATRIS 16 mg Cpr séc Plq/30;0.021;2.55;0.15;0;1
4159430;3400941594304;;MYLAN-SAG / VIATRIS SANTÉ GENERIQUES;Non renseigné;CANDESARTAN VIATRIS 16 mg Cpr séc Plq/90;0.021;7.65;0.15;0;1
4159536;3400941595363;;MYLAN-SAG / VIATRIS SANTÉ GENERIQUES;Non renseigné;CANDESARTAN VIATRIS 32 mg Cpr séc Plq/30;0.021;2.55;0.15;0;1
4161527;3400941615276;;MYLAN-SAG / VIATRIS SANTÉ GENERIQUES;Non renseigné;MONTELUKAST VIATRIS 5 mg Cpr à croquer Plq/28;0.021;5.83;0.22;0;1
4161987;3400941619878;;MYLAN-SAG / VIATRIS SANTÉ GENERIQUES;Non renseigné;RALOXIFENE VIATRIS 60 mg Cpr pell Plq/28;0.021;7.22;0.22;0;1
4162001;3400941620010;;MYLAN-SAG / VIATRIS SANTÉ GENERIQUES;Non renseigné;RALOXIFENE VIATRIS 60 mg Cpr pell Plq/84;0.021;20.58;0.22;0;1
4162610;3400941626104;;MYLAN-SAG / VIATRIS SANTÉ GENERIQUES;Non renseigné;LEVETIRACETAM VIATRIS 250 mg Cpr pell Plq/60;0.021;9.24;0.22;0;1
4162691;3400941626913;;MYLAN-SAG / VIATRIS SANTÉ GENERIQUES;Non renseigné;LEVETIRACETAM VIATRIS 500 mg Cpr pell Plq/60;0.021;13.88;0.22;48;1
4162722;3400941627224;;MYLAN-SAG / VIATRIS SANTÉ GENERIQUES;Non renseigné;LEVETIRACETAM VIATRIS 1000 mg Cpr pell Plq/60;0.021;15.12;0.15;0;1
4177215;3400941772153;;MYLAN-SAG / VIATRIS SANTÉ GENERIQUES;Non renseigné;TAMSULOSINE VIATRIS LP 0,4 mg Cpr LP Plq/30;0.021;2.93;0.22;1;1
4182239;3400941822391;;MYLAN-SAG / VIATRIS SANTÉ GENERIQUES;Non renseigné;NARATRIPTAN VIATRIS 2,5 mg Cpr pell Plq/6;0.021;4.38;0.22;0;1
4186160;3400941861604;;MYLAN-SAG / VIATRIS SANTÉ GENERIQUES;Non renseigné;PERINDOPRIL ARGININE/INDAPAMIDE VIATRIS 2,5 mg/0,625 mg Cpr pell Plq/30;0.021;2.34;0.22;1;1
4186183;3400941861833;;MYLAN-SAG / VIATRIS SANTÉ GENERIQUES;Non renseigné;PERINDOPRIL ARGININE/INDAPAMIDE VIATRIS 2,5 mg/0,625 mg Cpr pell Plq/90;0.021;7.02;0.22;1;1
4189856;3400941898563;;MYLAN-SAG / VIATRIS SANTÉ GENERIQUES;Non renseigné;BETAHISTINE VIATRIS 24 mg Cpr Plaq/60;0.021;3.87;0.22;100;1
4195093;3400941950933;;MYLAN-SAG / VIATRIS SANTÉ GENERIQUES;Non renseigné;ZOFENOPRIL VIATRIS 30 mg Cpr pell séc Plq/30;0.021;2.85;0.05;0;1
4195118;3400941951183;;MYLAN-SAG / VIATRIS SANTÉ GENERIQUES;Non renseigné;ZOFENOPRIL VIATRIS 30 mg Cpr pell séc Plq/90;0.021;8.55;0.05;0;1
4196069;3400941960697;;MYLAN-SAG / VIATRIS SANTÉ GENERIQUES;Non renseigné;DORZOLAMIDE/TIMOLOL VIATRIS 20 mg/ml + 5 mg/ml Collyre sol Fl/5ml;0.021;4;0.15;0;1
4196572;3400941965722;;MYLAN-SAG / VIATRIS SANTÉ GENERIQUES;Non renseigné;DESLORATADINE VIATRIS 0,5 mg/ml S buv Fl/150ml+ser;0.021;1.49;0.05;30;1
4911342;3400949113422;;MYLAN-SAG / VIATRIS SANTÉ GENERIQUES;Non renseigné;QIADE 150 µg/30 µg Gé Cpr pell 3Plq PVC/PVDC/Alu/21;0.021;2.64;0.15;0;1
4912040;3400949120406;;MYLAN-SAG / VIATRIS SANTÉ GENERIQUES;Non renseigné;METFORMINE VIATRIS 500 mg Cpr pell Plq/30;0.021;0.93;0.22;180;1
4912301;3400949123018;;MYLAN-SAG / VIATRIS SANTÉ GENERIQUES;Non renseigné;METFORMINE VIATRIS 850 mg Cpr pell Plq/30;0.021;1.14;0.22;180;1
4912376;3400949123766;;MYLAN-SAG / VIATRIS SANTÉ GENERIQUES;Non renseigné;METFORMINE VIATRIS 850 mg Cpr pell Plq/90;0.021;3.42;0.22;72;1
4912577;3400949125777;;MYLAN-SAG / VIATRIS SANTÉ GENERIQUES;Non renseigné;METFORMINE VIATRIS 1000 mg Cpr pell séc Plq/30;0.021;1.14;0.22;120;1
4912643;3400949126439;;MYLAN-SAG / VIATRIS SANTÉ GENERIQUES;Non renseigné;METFORMINE VIATRIS 1000 mg Cpr pell séc Plq/90;0.021;4.27;0.025;72;1
4917273;3400949172733;;MYLAN-SAG / VIATRIS SANTÉ GENERIQUES;Non renseigné;IMIPENEM/CILASTATINE VIATRIS 500 mg/500 mg Pdr sol perf Fl;0.021;5.35;0.05;1;1
4921553;3400949215539;;MYLAN-SAG / VIATRIS SANTÉ GENERIQUES;Non renseigné;OXOMEMAZINE VIATRIS 0,33mg/ml S buv Fl/150ml;0.021;1.43;0.05;30;1
4924669;3400949246694;;MYLAN-SAG / VIATRIS SANTÉ GENERIQUES;Non renseigné;OXOMEMAZINE VIATRIS 0,33 mg/ml Sirop Fl/150ml;0.021;1.43;0.05;30;1
4949103;3400949491032;;MYLAN-SAG / VIATRIS SANTÉ GENERIQUES;Non renseigné;CICLETANINE VIATRIS 50 mg Gél Plq/90;0.021;15.46;0.15;0;1
4960613;3400949606139;;MYLAN-SAG / VIATRIS SANTÉ GENERIQUES;Non renseigné;DORZOLAMIDE VIATRIS 2 % Collyre sol Fl;0.021;3.15;0.15;0;1
4963907;3400949639076;;MYLAN-SAG / VIATRIS SANTÉ GENERIQUES;Non renseigné;PRAMIPEXOLE VIATRIS 0,7 mg Cpr Plq/30;0.021;13.43;0.22;0;1
4963959;3400949639595;;MYLAN-SAG / VIATRIS SANTÉ GENERIQUES;Non renseigné;PRAMIPEXOLE VIATRIS 0,7 mg Cpr Plq/100;0.021;44.76;0.22;0;1
4966923;3400949669233;;MYLAN-SAG / VIATRIS SANTÉ GENERIQUES;Non renseigné;MONTELUKAST VIATRIS 10 mg Cpr pell Plq/28;0.021;5.83;0.22;120;1
4971901;3400949719013;;MYLAN-SAG / VIATRIS SANTÉ GENERIQUES;Non renseigné;ESOMEPRAZOLE VIATRIS 20 mg Gél gastro-rés Plq/7;0.021;0.62;0.22;180;1
4971918;3400949719181;;MYLAN-SAG / VIATRIS SANTÉ GENERIQUES;Non renseigné;ESOMEPRAZOLE VIATRIS 20 mg Gél gastro-rés Plq/14;0.021;1.25;0.22;120;1
4971924;3400949719242;;MYLAN-SAG / VIATRIS SANTÉ GENERIQUES;Non renseigné;ESOMEPRAZOLE VIATRIS 20 mg Gél gastro-rés Plq/28;0.021;2.5;0.22;100;1
4971947;3400949719471;;MYLAN-SAG / VIATRIS SANTÉ GENERIQUES;Non renseigné;ESOMEPRAZOLE VIATRIS 40 mg Gél gastro-rés Plq/14;0.021;1.25;0.22;0;1
4971953;3400949719532;;MYLAN-SAG / VIATRIS SANTÉ GENERIQUES;Non renseigné;ESOMEPRAZOLE VIATRIS 40 mg Gél gastro-rés Plq/28;0.021;2.72;0.15;100;1
4974615;3400949746156;;MYLAN-SAG / VIATRIS SANTÉ GENERIQUES;Non renseigné;RISEDRONATE VIATRIS 35 mg Cpr pell Plq/4;0.021;5.89;0.22;0;1
4974638;3400949746385;;MYLAN-SAG / VIATRIS SANTÉ GENERIQUES;Non renseigné;RISEDRONATE VIATRIS 35 mg Cpr pell Plq/12;0.021;17.67;0.22;0;1
4979392;3400949793921;;MYLAN-SAG / VIATRIS SANTÉ GENERIQUES;Non renseigné;MYCOPHENOLATE MOFETIL VIATRIS 500 mg Cpr pell Plq/50;0.021;34.04;0.22;0;1
4981495;3400949814954;;MYLAN-SAG / VIATRIS SANTÉ GENERIQUES;Non renseigné;AMOROLFINE VIATRIS 5 % V ongles médicamenteux Fl/2,5ml+20spatules;0.021;6.17;0.22;0;1
4991499;3400949914999;;MYLAN-SAG / VIATRIS SANTÉ GENERIQUES;Non renseigné;ONDANSETRON VIATRIS 8 mg Cpr orodisp Plaq/2;0.021;3.1;0.22;0;1
4991507;3400949915071;;MYLAN-SAG / VIATRIS SANTÉ GENERIQUES;Non renseigné;ONDANSETRON VIATRIS 8 mg Cpr orodisp Plaq/4;0.021;6.21;0.22;0;1
4993185;3400949931859;;MYLAN-SAG / VIATRIS SANTÉ GENERIQUES;Non renseigné;EXEMESTANE VIATRIS 25 mg Cpr pell Plq/30;0.021;25.32;0.22;0;1
;3400930017586;;MYLAN-SAG / VIATRIS SANTÉ PRINCEPS;Non renseigné;MESTINON LP 180 mg Cpr LP Plq/50;0.021;97.63;0;1;1
;3400930057414;;MYLAN-SAG / VIATRIS SANTÉ PRINCEPS;Non renseigné;CINACALCET VIATRIS 90 mg Cpr pell Plq/28x1;0.021;131.02;0.22;1;1
;3400930087299;;MYLAN-SAG / VIATRIS SANTÉ PRINCEPS;Non renseigné;ZYMAD 50 000 UI S buv en ampoule 1Amp/2ml;0.021;0.95;0;420;1
;3400930129746;;MYLAN-SAG / VIATRIS SANTÉ PRINCEPS;Non renseigné;INHIXA 2000 UI (20 mg)/0,2 ml S inj en seringue préremplie 6Ser+prot aig;0.021;11.21;0;1;1
;3400930129760;;MYLAN-SAG / VIATRIS SANTÉ PRINCEPS;Non renseigné;INHIXA 4000 UI (40 mg)/0,4 ml S inj en seringue préremplie 6Ser+prot aig;0.021;22.43;0;60;1
;3400930129777;;MYLAN-SAG / VIATRIS SANTÉ PRINCEPS;Non renseigné;INHIXA 6000 UI (60 mg)/0,6 ml S inj en seringue préremplie 2Ser+prot aig;0.021;8.62;0;1;1
;3400930129784;;MYLAN-SAG / VIATRIS SANTÉ PRINCEPS;Non renseigné;INHIXA 6000 UI (60 mg)/0,6 ml S inj en seringue préremplie 10Ser+prot aig;0.021;43.1;0;1;1
;3400930129791;;MYLAN-SAG / VIATRIS SANTÉ PRINCEPS;Non renseigné;INHIXA 8000 UI (80 mg)/0,8 ml S inj en seringue préremplie 2Ser+prot aig;0.021;9.66;0;1;1
;3400930129807;;MYLAN-SAG / VIATRIS SANTÉ PRINCEPS;Non renseigné;INHIXA 8000 UI (80 mg)/0,8 ml S inj en seringue préremplie 10Ser+prot aig;0.021;48.25;0;1;1
;3400930161791;;MYLAN-SAG / VIATRIS SANTÉ PRINCEPS;Non renseigné;CREON 35 000 U Gél gastro-rés Fl/60;0.021;26.2;0;1;1
;3400930163887;;MYLAN-SAG / VIATRIS SANTÉ PRINCEPS;Non renseigné;TWICOR 10 mg/10 mg Cpr pell Plq/30;0.021;13.4;0;1;1
;3400930163917;;MYLAN-SAG / VIATRIS SANTÉ PRINCEPS;Non renseigné;TWICOR 10 mg/10 mg Cpr pell Plq/90;0.021;38.2;0;40;1
;3400930163955;;MYLAN-SAG / VIATRIS SANTÉ PRINCEPS;Non renseigné;TWICOR 20 mg/10 mg Cpr pell Plq/30;0.021;13.4;0;1;1
;3400930163979;;MYLAN-SAG / VIATRIS SANTÉ PRINCEPS;Non renseigné;TWICOR 20 mg/10 mg Cpr pell Plq/90;0.021;38.2;0;1;1
;3400930185537;;MYLAN-SAG / VIATRIS SANTÉ PRINCEPS;Non renseigné;ALONEST 1,5 mg/ml S pulv nas Fl/20ml ds 20 ml;0.021;5.45;0;70;1
;3400930199138;;MYLAN-SAG / VIATRIS SANTÉ PRINCEPS;Non renseigné;ZYMAD 50 000 UI S buv en ampoule 2Amp/2ml;0.021;1.78;0;195;1
;3400930219997;;MYLAN-SAG / VIATRIS SANTÉ PRINCEPS;Non renseigné;ZYMAD 50 000 UI S buv en ampoule 4Amp/2ml;0.021;3.44;0;195;1
;3400930239476;;MYLAN-SAG / VIATRIS SANTÉ PRINCEPS;Non renseigné;CICLOPIROX OLAMINE VIATRIS 1,5 % Shampooing Fl/100ml;0.021;4.47;0;48;1
;3400930247075;;MYLAN-SAG / VIATRIS SANTÉ PRINCEPS;Non renseigné;LACOSAMIDE VIATRIS 50 mg Cpr pell 56Plq/1;0.021;8.66;0.15;1;1
;3400930247082;;MYLAN-SAG / VIATRIS SANTÉ PRINCEPS;Non renseigné;LACOSAMIDE VIATRIS 100 mg Cpr pell 56Plq/1;0.021;17.33;0.15;1;1
;3400930247099;;MYLAN-SAG / VIATRIS SANTÉ PRINCEPS;Non renseigné;LACOSAMIDE VIATRIS 150 mg Cpr pell 56Plq/1;0.021;25.99;0.15;1;1
;3400930247143;;MYLAN-SAG / VIATRIS SANTÉ PRINCEPS;Non renseigné;LACOSAMIDE VIATRIS 200 mg Cpr pell 56Plq/1;0.021;34.65;0.15;1;1
;3400930261958;;MYLAN-SAG / VIATRIS SANTÉ PRINCEPS;Non renseigné;BECLOMET VIATRIS 100/6µg/dose S inh Fl/120d;0.021;15.77;0.025;72;1
;3400930268780;;MYLAN-SAG / VIATRIS SANTÉ PRINCEPS;Non renseigné;ZAMUDOL LP 100 mg Gél LP Plq/10;0.021;1.9;0;1;1
;3400930278406;;MYLAN-SAG / VIATRIS SANTÉ PRINCEPS;Non renseigné;RIZMOIC 200 µg Cpr pell Plq/30;0.021;44.63;0;1;1
2737130;3400927371301;;MYLAN-SAG / VIATRIS SANTÉ PRINCEPS;Non renseigné;LEPONEX 25 mg Cpr séc Plaq/28;0.021;3.54;0;0;1
2737207;3400927372070;;MYLAN-SAG / VIATRIS SANTÉ PRINCEPS;Non renseigné;LEPONEX 100 mg Cpr séc Plaq/28;0.021;11.93;0;0;1
2756311;3400927563119;;MYLAN-SAG / VIATRIS SANTÉ PRINCEPS;Non renseigné;DYMISTA 137 µg/50 µg Susp pulv nas Fl/23g;0.021;8.88;0;80;1
2756475;3400927564758;;MYLAN-SAG / VIATRIS SANTÉ PRINCEPS;Non renseigné;EPIPEN 0,15 mg/0,3 ml S inj en stylo prérempli 2Stylo/0,3ml;0.021;81.4;0;0;1
2756498;3400927564987;;MYLAN-SAG / VIATRIS SANTÉ PRINCEPS;Non renseigné;EPIPEN 0,30 mg/0,3 ml S inj en stylo prérempli 2Stylo/0,3ml;0.021;81.4;0;64;1
2791365;3400927913655;;MYLAN-SAG / VIATRIS SANTÉ PRINCEPS;Non renseigné;CREON 5000 U Glé gastro-résistants Fl/20g;0.021;20.49;0;1;1
3054580;3400930545805;;MYLAN-SAG / VIATRIS SANTÉ PRINCEPS;Non renseigné;ISOPTINE 40 mg Cpr enr B/75;0.021;2.66;0;120;1
3202655;3400932026555;;MYLAN-SAG / VIATRIS SANTÉ PRINCEPS;Non renseigné;PARLODEL 2,5 mg Cp séc B/30;0.021;3.06;0;0;1
3263622;3400932636228;;MYLAN-SAG / VIATRIS SANTÉ PRINCEPS;Non renseigné;FLECAINE 100 mg Cpr séc 2Plq/15;0.021;5.68;0;0;1
3265710;3400932657100;;MYLAN-SAG / VIATRIS SANTÉ PRINCEPS;Non renseigné;RYTHMOL 300 mg Cpr pell séc B/30;0.021;3.36;0;0;1
3272383;3400932723836;;MYLAN-SAG / VIATRIS SANTÉ PRINCEPS;Non renseigné;DICETEL 50 mg Cpr pell Plq/2x10 (20);0.021;2.81;0;0;1
3272911;3400932729111;;MYLAN-SAG / VIATRIS SANTÉ PRINCEPS;Non renseigné;FLOXYFRAL 50 mg Cpr pell séc Plq/30;0.021;7.33;0;0;1
3278279;3400932782796;;MYLAN-SAG / VIATRIS SANTÉ PRINCEPS;Non renseigné;FRAXIPARINE 2850 UI AXa/0,3 ml S inj SC 10Ser/0,3ml;0.021;27.29;0;1;1
3286741;3400932867417;;MYLAN-SAG / VIATRIS SANTÉ PRINCEPS;Non renseigné;ISOPTINE LP 240 mg Cpr pell séc LP Plq/30;0.021;4.49;0;88;1
3319831;3400933198312;;MYLAN-SAG / VIATRIS SANTÉ PRINCEPS;Non renseigné;FLOXYFRAL 100 mg Cpr pell séc B/15;0.021;6.59;0;0;1
3324861;3400933248611;;MYLAN-SAG / VIATRIS SANTÉ PRINCEPS;Non renseigné;DISCOTRINE 5 mg/24 h Disp transderm 30Sach;0.021;10.46;0;0;1
3324884;3400933248840;;MYLAN-SAG / VIATRIS SANTÉ PRINCEPS;Non renseigné;DISCOTRINE 10 mg/24 h Disp transderm 30Sach;0.021;11.39;0;0;1
3326357;3400933263577;;MYLAN-SAG / VIATRIS SANTÉ PRINCEPS;Non renseigné;LIPANTHYL 200 mg Gél micronisé Plq/30;0.021;4.82;0;108;1
3340311;3400933403119;;MYLAN-SAG / VIATRIS SANTÉ PRINCEPS;Non renseigné;ZECLAR 250 mg Cpr pell Plq/10;0.021;3.93;0;0;1
3352716;3400933527167;;MYLAN-SAG / VIATRIS SANTÉ PRINCEPS;Non renseigné;LIPANTHYL 67 mg Gél micronisé Plq/60;0.021;3.16;0;0;1
3352722;3400933527228;;MYLAN-SAG / VIATRIS SANTÉ PRINCEPS;Non renseigné;LIPANTHYL 67 mg Gél micronisé Plq/90;0.021;4.46;0;0;1
3376102;3400933761028;;MYLAN-SAG / VIATRIS SANTÉ PRINCEPS;Non renseigné;ODRIK 2 mg Gél Plq/30;0.021;3.12;0;0;1
3380138;3400933801380;;MYLAN-SAG / VIATRIS SANTÉ PRINCEPS;Non renseigné;ZECLAR 500 mg Cpr pell Plq/10;0.021;7.54;0;0;1
3383059;3400933830595;;MYLAN-SAG / VIATRIS SANTÉ PRINCEPS;Non renseigné;ALLERGODIL 0,127 mg S pulv nas Fl/17ml;0.021;6.12;0;70;1
3387620;3400933876203;;MYLAN-SAG / VIATRIS SANTÉ PRINCEPS;Non renseigné;DICETEL 100 mg Cpr pell Plq/3x10 (30);0.021;3.99;0;0;1
3395654;3400933956547;;MYLAN-SAG / VIATRIS SANTÉ PRINCEPS;Non renseigné;DISCOTRINE 15 mg/24 h Disp transderm 30Sach;0.021;12.32;0;0;1
3408948;3400934089480;;MYLAN-SAG / VIATRIS SANTÉ PRINCEPS;Non renseigné;ZYMAFLUOR 0,50 mg Cpr T/100;0.021;1;0;0;1
3445613;3400934456138;;MYLAN-SAG / VIATRIS SANTÉ PRINCEPS;Non renseigné;TILCOTIL 20 mg Cpr pell séc Plq/15;0.021;5.1;0;0;1
3465403;3400934654039;;MYLAN-SAG / VIATRIS SANTÉ PRINCEPS;Non renseigné;ZAMUDOL LP 50 mg Gél LP 3Plq/10 (30);0.021;3.93;0;0;1
3465432;3400934654329;;MYLAN-SAG / VIATRIS SANTÉ PRINCEPS;Non renseigné;ZAMUDOL LP 100 mg Gél LP 3Plq/10;0.021;5.48;0;0;1
3465455;3400934654558;;MYLAN-SAG / VIATRIS SANTÉ PRINCEPS;Non renseigné;ZAMUDOL LP 150 mg Gél LP 3Plq/10 (30);0.021;7.74;0;0;1
3465478;3400934654787;;MYLAN-SAG / VIATRIS SANTÉ PRINCEPS;Non renseigné;ZAMUDOL LP 200 mg Gél LP 3Plq/10 (30);0.021;9.99;0;0;1
3473331;3400934733314;;MYLAN-SAG / VIATRIS SANTÉ PRINCEPS;Non renseigné;FRAXODI 15 200 UI AXa/0,8 ml S inj SC 10Ser prér/0,8ml;0.021;119.51;0;0;1
3474230;3400934742309;;MYLAN-SAG / VIATRIS SANTÉ PRINCEPS;Non renseigné;PARLODEL 10 mg Gél Plq/30;0.021;8.77;0;0;1
3474282;3400934742828;;MYLAN-SAG / VIATRIS SANTÉ PRINCEPS;Non renseigné;PARLODEL 5 mg Gél Plq/30;0.021;4.83;0;0;1
3476720;3400934767203;;MYLAN-SAG / VIATRIS SANTÉ PRINCEPS;Non renseigné;ALLERGODIL 0,05 % Collyre Fl/6ml;0.021;4.17;0;160;1
3478050;3400934780509;;MYLAN-SAG / VIATRIS SANTÉ PRINCEPS;Non renseigné;ZYMADUO 150 UI S buv en gouttes Fl/12ml;0.021;2.22;0;0;1
3478535;3400934785351;;MYLAN-SAG / VIATRIS SANTÉ PRINCEPS;Non renseigné;ZECLAR 50 mg/ml Glé susp buv Fl PE/60ml;0.021;6;0;0;1
3481069;3400934810695;;MYLAN-SAG / VIATRIS SANTÉ PRINCEPS;Non renseigné;ZYMADUO 300 UI S buv en gouttes Fl/12ml;0.021;2.22;0;0;1
3492044;3400934920448;;MYLAN-SAG / VIATRIS SANTÉ PRINCEPS;Non renseigné;ALDARA 5 % Cr 12Sach/250mg;0.021;44.87;0;20;1
3515495;3400935154958;;MYLAN-SAG / VIATRIS SANTÉ PRINCEPS;Non renseigné;LAMALINE Gél Plq/16;0.021;1.1;0;100;1
3516158;3400935161581;;MYLAN-SAG / VIATRIS SANTÉ PRINCEPS;Non renseigné;CERIS 20 mg Cpr enr Plq/30;0.021;3.36;0;160;1
3535813;3400935358134;;MYLAN-SAG / VIATRIS SANTÉ PRINCEPS;Non renseigné;ZYMAD 80 000 UI S buv en ampoule Amp/2ml;0.021;0.95;0;420;1
3535836;3400935358363;;MYLAN-SAG / VIATRIS SANTÉ PRINCEPS;Non renseigné;ZYMAD 10 000 UI/ml S buv en gouttes Fl/10ml;0.021;1.53;0;120;1
3547791;3400935477910;;MYLAN-SAG / VIATRIS SANTÉ PRINCEPS;Non renseigné;ISOPTINE 120 mg Gél Plq/30;0.021;2.37;0;0;1
3553739;3400935537393;;MYLAN-SAG / VIATRIS SANTÉ PRINCEPS;Non renseigné;LIPANTHYL 160 mg Cpr pell Plq/30;0.021;4.82;0;0;1
3553975;3400935539755;;MYLAN-SAG / VIATRIS SANTÉ PRINCEPS;Non renseigné;SERC 8 mg Cpr Plq/90;0.021;5.16;0;0;1
3556471;3400935564719;;MYLAN-SAG / VIATRIS SANTÉ PRINCEPS;Non renseigné;BETASERC 24 mg Cpr Plq/60;0.021;5.1;0;100;1
3580529;3400935805294;;MYLAN-SAG / VIATRIS SANTÉ PRINCEPS;Non renseigné;FLECAINE LP 50 mg Gél LP 2Plq/15;0.021;9.25;0;0;1
3580541;3400935805416;;MYLAN-SAG / VIATRIS SANTÉ PRINCEPS;Non renseigné;FLECAINE LP 150 mg Gél LP 2Plq/15;0.021;9.25;0;32;1
3580564;3400935805645;;MYLAN-SAG / VIATRIS SANTÉ PRINCEPS;Non renseigné;FLECAINE LP 100 mg Gél LP Plq/30;0.021;9.25;0;40;1
3580587;3400935805874;;MYLAN-SAG / VIATRIS SANTÉ PRINCEPS;Non renseigné;FLECAINE LP 200 mg Gél LP 2Plq/15;0.021;9.25;0;40;1
3584964;3400935849649;;MYLAN-SAG / VIATRIS SANTÉ PRINCEPS;Non renseigné;ZYMAD 200 000 UI S buv en ampoule Amp/2ml;0.021;0.95;0;420;1
3592254;3400935922540;;MYLAN-SAG / VIATRIS SANTÉ PRINCEPS;Non renseigné;ARIXTRA 2,5 mg/0,5 ml Sol inj ser préremplie 2Ser ver/0,5ml;0.021;7.9;0;0;1
3592260;3400935922601;;MYLAN-SAG / VIATRIS SANTÉ PRINCEPS;Non renseigné;ARIXTRA 2,5 mg/0,5 ml Sol inj ser préremplie 7Ser ver/0,5ml;0.021;27.68;0;32;1
3616279;3400936162792;;MYLAN-SAG / VIATRIS SANTÉ PRINCEPS;Non renseigné;MESTINON 60 mg Cpr enr Fl/20;0.021;3.92;0;150;1
3628294;3400936282940;;MYLAN-SAG / VIATRIS SANTÉ PRINCEPS;Non renseigné;OMEPRAZOLE VIATRIS 20 mg Gél gastro-rés Pilul/28;0.021;2.09;0.05;150;1
3629388;3400936293885;;MYLAN-SAG / VIATRIS SANTÉ PRINCEPS;Non renseigné;NOVOPULMON NOVOLIZER 200 µg/dose Pdr inh Cart/200doses+Inhal;0.021;17.98;0;0;1
3629402;3400936294028;;MYLAN-SAG / VIATRIS SANTÉ PRINCEPS;Non renseigné;NOVOPULMON NOVOLIZER 200 µg/dose Pdr inh Cart/200doses;0.021;13.88;0;0;1
3639642;3400936396425;;MYLAN-SAG / VIATRIS SANTÉ PRINCEPS;Non renseigné;CREON 10 000 UI Gél gastro-rés Fl/60;0.021;9.49;0;0;1
3639665;3400936396654;;MYLAN-SAG / VIATRIS SANTÉ PRINCEPS;Non renseigné;CREON 10 000 UI Gél gastro-rés Fl/120;0.021;17.12;0;0;1
3641202;3400936412026;;MYLAN-SAG / VIATRIS SANTÉ PRINCEPS;Non renseigné;VENTILASTIN NOVOLIZER 100 µg/dose Pdr inh Cart/200doses+Inhal;0.021;6.71;0;42;1
3641219;3400936412194;;MYLAN-SAG / VIATRIS SANTÉ PRINCEPS;Non renseigné;VENTILASTIN NOVOLIZER 100 µg/dose Pdr inh Cart/200doses;0.021;5.26;0;0;1
3656474;3400936564749;;MYLAN-SAG / VIATRIS SANTÉ PRINCEPS;Non renseigné;ARIXTRA 5 mg/0,4 ml Sol inj ser préremplie 2Ser ver/0,4ml;0.021;17.18;0;0;1
3656497;3400936564978;;MYLAN-SAG / VIATRIS SANTÉ PRINCEPS;Non renseigné;ARIXTRA 5 mg/0,4 ml Sol inj ser préremplie 10Ser ver/0,4ml;0.021;85.91;0;0;1
3656505;3400936565050;;MYLAN-SAG / VIATRIS SANTÉ PRINCEPS;Non renseigné;ARIXTRA 7,5 mg/0,6 ml Sol inj ser préremplie 2Ser prér/0,6ml;0.021;21.94;0;0;1
3656528;3400936565289;;MYLAN-SAG / VIATRIS SANTÉ PRINCEPS;Non renseigné;ARIXTRA 7,5 mg/0,6 ml Sol inj ser préremplie 10Ser prér/0,6ml;0.021;109.72;0;18;1
3656534;3400936565340;;MYLAN-SAG / VIATRIS SANTÉ PRINCEPS;Non renseigné;ARIXTRA 10 mg/0,8 ml Sol inj ser préremplie 2Ser verre/0,8ml;0.021;21.94;0;0;1
3656557;3400936565579;;MYLAN-SAG / VIATRIS SANTÉ PRINCEPS;Non renseigné;ARIXTRA 10 mg/0,8 ml Sol inj ser préremplie 10Ser verre/0,8ml;0.021;109.72;0;0;1
3665154;3400936651548;;MYLAN-SAG / VIATRIS SANTÉ PRINCEPS;Non renseigné;OROZAMUDOL Gé 50 mg Cpr orodisp Plq/30;0.021;2.8;0;0;1
3696410;3400936964105;;MYLAN-SAG / VIATRIS SANTÉ PRINCEPS;Non renseigné;LIPANTHYL 145 mg Cpr pell Plq/30;0.021;4.82;0;0;1
3696427;3400936964273;;MYLAN-SAG / VIATRIS SANTÉ PRINCEPS;Non renseigné;LIPANTHYL 145 mg Cpr pell Plq/90;0.021;13.74;0;0;1
3698461;3400936984615;;MYLAN-SAG / VIATRIS SANTÉ PRINCEPS;Non renseigné;NOVOPULMON NOVOLIZER 400 µg/dose Pdr inh Cart/100doses+Inhal;0.021;17.98;0;0;1
3698490;3400936984905;;MYLAN-SAG / VIATRIS SANTÉ PRINCEPS;Non renseigné;NOVOPULMON NOVOLIZER 400 µg/dose Pdr inh Cart/100doses;0.021;13.88;0;0;1
3712557;3400937125574;;MYLAN-SAG / VIATRIS SANTÉ PRINCEPS;Non renseigné;TARKA LP 180 mg/2 mg Cpr pell LP Plq/30;0.021;7.15;0;0;1
3713686;3400937136860;;MYLAN-SAG / VIATRIS SANTÉ PRINCEPS;Non renseigné;TARKA LP 180 mg/2 mg Cpr pell LP Plq/90;0.021;21.46;0;0;1
3713723;3400937137232;;MYLAN-SAG / VIATRIS SANTÉ PRINCEPS;Non renseigné;ODRIK 4 mg Gél Plq/30;0.021;5.22;0;0;1
3713752;3400937137522;;MYLAN-SAG / VIATRIS SANTÉ PRINCEPS;Non renseigné;ODRIK 4 mg Gél Plq/90;0.021;15.48;0;0;1
3714042;3400937140423;;MYLAN-SAG / VIATRIS SANTÉ PRINCEPS;Non renseigné;ISOPTINE 120 mg Gél Plq/90;0.021;6.94;0;0;1
3715248;3400937152488;;MYLAN-SAG / VIATRIS SANTÉ PRINCEPS;Non renseigné;ISOPTINE LP 240 mg Cpr pell séc LP Plq/90;0.021;12.79;0;0;1
3715260;3400937152600;;MYLAN-SAG / VIATRIS SANTÉ PRINCEPS;Non renseigné;ODRIK 2 mg Gél Plq/90;0.021;9.25;0;0;1
3715596;3400937155960;;MYLAN-SAG / VIATRIS SANTÉ PRINCEPS;Non renseigné;CIBADREX 10 mg/12,5 mg Cpr pell séc Plq/30;0.021;3.12;0;0;1
3715610;3400937156103;;MYLAN-SAG / VIATRIS SANTÉ PRINCEPS;Non renseigné;CIBADREX 10 mg/12,5 mg Cpr pell séc Plq/90;0.021;9.25;0;0;1
3717804;3400937178044;;MYLAN-SAG / VIATRIS SANTÉ PRINCEPS;Non renseigné;LIPANTHYL 160 mg Cpr pell Plq/90;0.021;14.46;0;0;1
3717856;3400937178563;;MYLAN-SAG / VIATRIS SANTÉ PRINCEPS;Non renseigné;LIPANTHYL 200 mg Gél micronisé Plq/90;0.021;14.46;0;48;1
3767268;3400937672689;;MYLAN-SAG / VIATRIS SANTÉ PRINCEPS;Non renseigné;ASMELOR NOVOLIZER 12 µg/dose Pdr inh Cart/60doses+inh;0.021;14.49;0;0;1
3767274;3400937672740;;MYLAN-SAG / VIATRIS SANTÉ PRINCEPS;Non renseigné;ASMELOR NOVOLIZER 12 µg/dose Pdr inh Cart/60doses;0.021;14.49;0;0;1
3844879;3400938448795;;MYLAN-SAG / VIATRIS SANTÉ PRINCEPS;Non renseigné;VENLAFAXINE BIPHAR 150 mg Cpr LP Plq/30;0.021;10.64;0;1;1
3845063;3400938450637;;MYLAN-SAG / VIATRIS SANTÉ PRINCEPS;Non renseigné;VENLAFAXINE BIPHAR 225 mg Cpr LP Plq/30;0.021;15.95;0;1;1
3931420;3400939314204;;MYLAN-SAG / VIATRIS SANTÉ PRINCEPS;Non renseigné;TARKA LP 240 mg/2 mg Cpr pell LP Plq/30;0.021;7.15;0;1;1
3931443;3400939314433;;MYLAN-SAG / VIATRIS SANTÉ PRINCEPS;Non renseigné;TARKA LP 240 mg/2 mg Cpr pell LP Plq/90;0.021;21.46;0;1;1
3931696;3400939316963;;MYLAN-SAG / VIATRIS SANTÉ PRINCEPS;Non renseigné;TARKA LP 240 mg/4 mg Cpr pell LP Plq/30;0.021;7.15;0;1;1
3931710;3400939317106;;MYLAN-SAG / VIATRIS SANTÉ PRINCEPS;Non renseigné;TARKA LP 240 mg/4 mg Cpr pell LP Plq/90;0.021;21.46;0;1;1
4960553;3400949605538;;MYLAN-SAG / VIATRIS SANTÉ PRINCEPS;Non renseigné;IZALGI 500 mg/25 mg Gél Plq/16;0.021;1.25;0;100;1
;3400930002278;;NEURAXPHARM SAG / CSP MOVIANTO;Non renseigné;TOPALGIC 50 mg Gél Plq/30;0.021;2.92;0;0;1
;3400930290057;;NEURAXPHARM SAG / CSP MOVIANTO;Non renseigné;TOPALGIC LP 200 mg Cpr LP Plq PP/Alu/30;0.021;9.99;0;1;1
;3400930290125;;NEURAXPHARM SAG / CSP MOVIANTO;Non renseigné;TOPALGIC LP 100 mg Cpr LP Plq PP/Alu/30;0.021;5.48;0;1;1
2210865;3400922108650;;NEURAXPHARM SAG / CSP MOVIANTO;Non renseigné;BUCCOLAM 7,5 mg S bucc 4Ser/1,5ml;0.021;70.57;0;0;1
2697784;3400926977849;;NEURAXPHARM SAG / CSP MOVIANTO;Non renseigné;VICTAN 2 mg Cpr pell séc Plq/30;0.021;1.92;0;1;1
3006687;3400930066874;;NEURAXPHARM SAG / CSP MOVIANTO;Non renseigné;ARTANE 2 mg Cpr B/50;0.021;1.44;0;0;1
3006693;3400930066935;;NEURAXPHARM SAG / CSP MOVIANTO;Non renseigné;ARTANE 5 mg Cpr Plq/20;0.021;1.44;0;180;1
3032880;3400930328804;;NEURAXPHARM SAG / CSP MOVIANTO;Non renseigné;DOGMATIL 200 mg Cpr séc Plq/12;0.021;2.2;0;0;1
3032897;3400930328972;;NEURAXPHARM SAG / CSP MOVIANTO;Non renseigné;DOGMATIL 50 mg Gél Plq/30;0.021;1.91;0;0;1
3032905;3400930329054;;NEURAXPHARM SAG / CSP MOVIANTO;Non renseigné;DOGMATIL 0,5g/100ml S buv s suc Fl/200ml;0.021;1.29;0;0;1
3037469;3400930374696;;NEURAXPHARM SAG / CSP MOVIANTO;Non renseigné;ESPERAL 500 mg Cpr T/20;0.021;1.45;0;0;1
3057118;3400930571187;;NEURAXPHARM SAG / CSP MOVIANTO;Non renseigné;LARGACTIL 25 mg Cpr pell Plq/50;0.021;2.17;0;1;1
3057124;3400930571248;;NEURAXPHARM SAG / CSP MOVIANTO;Non renseigné;LARGACTIL 100 mg Cpr pell séc Plq/30;0.021;3.92;0;0;1
3057147;3400930571477;;NEURAXPHARM SAG / CSP MOVIANTO;Non renseigné;LARGACTIL 4 % S buv en gouttes Fl/30ml;0.021;2.44;0;35;1
3069848;3400930698488;;NEURAXPHARM SAG / CSP MOVIANTO;Non renseigné;MYTELASE 10 mg Cpr Fl/50;0.021;4.24;0;0;1
3071696;3400930716960;;NEURAXPHARM SAG / CSP MOVIANTO;Non renseigné;NEULEPTIL 1 % S buv Fl/30ml;0.021;2.4;0;0;1
3074281;3400930742815;;NEURAXPHARM SAG / CSP MOVIANTO;Non renseigné;NOZINAN 25 mg Cpr pell séc 2Plq/10;0.021;3.06;0;180;1
3074298;3400930742983;;NEURAXPHARM SAG / CSP MOVIANTO;Non renseigné;NOZINAN 100 mg Cpr pell séc 2Plq/10;0.021;9.31;0;180;1
3074312;3400930743126;;NEURAXPHARM SAG / CSP MOVIANTO;Non renseigné;NOZINAN 40 mg/ml S buv Fl/30ml;0.021;5.27;0;0;1
3102267;3400931022671;;NEURAXPHARM SAG / CSP MOVIANTO;Non renseigné;SURMONTIL 100 mg Cpr pell séc Plq/20;0.021;9.26;0;0;1
3174249;3400931742494;;NEURAXPHARM SAG / CSP MOVIANTO;Non renseigné;TIAPRIDAL 100 mg Cpr séc Plq/20;0.021;1.76;0;0;1
3189593;3400931895930;;NEURAXPHARM SAG / CSP MOVIANTO;Non renseigné;ARTANE 0,4 % S buv Fl/30ml;0.021;2.45;0;0;1
3272242;3400932722426;;NEURAXPHARM SAG / CSP MOVIANTO;Non renseigné;LARGACTIL 25 mg/5 ml S inj en ampoule 5Amp/5ml;0.021;5.03;0;0;1
3272578;3400932725786;;NEURAXPHARM SAG / CSP MOVIANTO;Non renseigné;NOZINAN 25 mg/ml S inj en ampoule IM 5Amp/1ml;0.021;1.46;0;0;1
3272584;3400932725847;;NEURAXPHARM SAG / CSP MOVIANTO;Non renseigné;NEULEPTIL 4 % S buv Fl/30ml;0.021;4.9;0;39;1
3431456;3400934314568;;NEURAXPHARM SAG / CSP MOVIANTO;Non renseigné;TOPALGIC LP 150 mg Cpr LP Plq PP/Alu/30x1;0.021;7.74;0;0;1
3542718;3400935427182;;NEURAXPHARM SAG / CSP MOVIANTO;Non renseigné;NEULEPTIL 10 mg Gél Plq/50;0.021;5.14;0;0;1
3620677;3400936206779;;NEURAXPHARM SAG / CSP MOVIANTO;Non renseigné;TOPALGIC 100 mg/ml S buv Fl/10ml;0.021;4;0;0;1
3629885;3400936298859;;NEURAXPHARM SAG / CSP MOVIANTO;Non renseigné;TRANXENE 20 mg Gél Plq/28;0.021;3.15;0;56;1
3770129;3400937701297;;NEURAXPHARM SAG / CSP MOVIANTO;Non renseigné;TRANXENE 5 mg Gél Plq/30;0.021;1.21;0;80;1
3770135;3400937701358;;NEURAXPHARM SAG / CSP MOVIANTO;Non renseigné;TRANXENE 10 mg Gél Plq/30;0.021;1.93;0;80;1
;3400930078655;;NHS MENARINI GROSSISTE;Non renseigné;REVINTY ELLIPTA 92 µg/22 µg Pdr inh en récipient unidose Inhal/30doses;0.021;25.05;0;24;1
;3400930078679;;NHS MENARINI GROSSISTE;Non renseigné;REVINTY ELLIPTA 184 µg/22 µg Pdr inh en récipient unidose Inhal/30doses;0.021;25.05;0;24;1
;3400930082751;;NHS MENARINI GROSSISTE;Non renseigné;ADENURIC 80 mg Cpr pell Plq PVC/PE/PVDC/Alu/28;0.021;13.33;0;168;1
;3400930082768;;NHS MENARINI GROSSISTE;Non renseigné;ADENURIC 120 mg Cpr pell Plq PVC/PE/PVDC/Alu/28;0.021;13.33;0;1;1
;3400930082799;;NHS MENARINI GROSSISTE;Non renseigné;LAVENTAIR ELLIPTA 55 µg/22 µg Pdr inh en récipient unidose Inhal/30doses;0.021;31.35;0;24;1
;3400930093207;;NHS MENARINI GROSSISTE;Non renseigné;GIBITER EASYHALER 160 µg/4,5 µg/dose Pdr inh 1Inhal/120doses;0.021;23.14;0;98;1
;3400930093245;;NHS MENARINI GROSSISTE;Non renseigné;GIBITER EASYHALER 320 µg/9 µg/dose Pdr inh 1Inhal/60doses;0.021;23.14;0;98;1
;3400930125205;;NHS MENARINI GROSSISTE;Non renseigné;ELEBRATO ELLIPTA 92µg/55µg/22µg Inhal/30doses;0.021;43.13;0;24;1
;3400930208526;;NHS MENARINI GROSSISTE;Non renseigné;REVINTY ELLIPTA 184 µg/22 µg Pdr inh en récipient unidose 3Inhal/30doses;0.021;75.13;0;8;1
;3400930221198;;NHS MENARINI GROSSISTE;Non renseigné;GIBITER EASYHALER 320 µg/9 µg/dose Pdr inh 3inhal/60doses;0.021;69.42;0;1;1
;3400930221228;;NHS MENARINI GROSSISTE;Non renseigné;GIBITER EASYHALER 160 µg/4,5 µg/dose Pdr inh 3Inhal/120doses;0.021;69.42;0;1;1
;3400930231135;;NHS MENARINI GROSSISTE;Non renseigné;TIGREAT 2,5 mg Cpr pell Plq PVC/PE/PVDC/Alu/12;0.021;18.74;0;1;1
;3400930240595;;NHS MENARINI GROSSISTE;Non renseigné;RYALTRIS 25 µg/600 µg/dose Susp pulv nas Fl/30ml;0.021;8.98;0;160;1
2767289;3400927672897;;NHS MENARINI GROSSISTE;Non renseigné;INVOKANA 100 mg Cpr pell Plq/30;0.021;33.92;0;80;1
2767295;3400927672958;;NHS MENARINI GROSSISTE;Non renseigné;INVOKANA 300 mg Cpr pell Plq/30;0.021;33.92;0;60;1
3392791;3400933927912;;NHS MENARINI GROSSISTE;Non renseigné;KETUM Gé 100 mg Cpr pell Plq/30;0.021;2.22;0;160;1
3405329;3400934053290;;NHS MENARINI GROSSISTE;Non renseigné;MULTICROM 2 % Collyre sol Fl/10ml;0.021;5.02;0;150;1
3552898;3400935528988;;NHS MENARINI GROSSISTE;Non renseigné;IBUFETUM 5 % Gel T/60g;0.021;1.61;0;126;1
3741978;3400937419789;;NHS MENARINI GROSSISTE;Non renseigné;ZOFENIL 15 mg Cpr pell 1Plq/30;0.021;7.71;0;0;1
3741984;3400937419840;;NHS MENARINI GROSSISTE;Non renseigné;ZOFENIL 15 mg Cpr pell Plq/90;0.021;23.12;0;0;1
3741990;3400937419901;;NHS MENARINI GROSSISTE;Non renseigné;ZOFENIL 30 mg Cpr pell Plq/30;0.021;4.62;0;120;1
3742009;3400937420099;;NHS MENARINI GROSSISTE;Non renseigné;ZOFENIL 30 mg Cpr pell Plq/90;0.021;13.88;0;0;1
3742038;3400937420389;;NHS MENARINI GROSSISTE;Non renseigné;TEMERIT 5 mg Cpr quadriséc Plq/30;0.021;5.24;0;0;1
3742044;3400937420440;;NHS MENARINI GROSSISTE;Non renseigné;TEMERIT 5 mg Cpr quadriséc Plq/90;0.021;15.72;0;0;1
3742073;3400937420730;;NHS MENARINI GROSSISTE;Non renseigné;NEBILOX 5 mg Cpr quadriséc Plq/30;0.021;5.24;0;0;1
3742096;3400937420969;;NHS MENARINI GROSSISTE;Non renseigné;NEBILOX 5 mg Cpr quadriséc Plq/90;0.021;15.72;0;0;1
3939634;3400939396347;;NHS MENARINI GROSSISTE;Non renseigné;CONEBILOX 5 mg/12,5 mg Cpr pell Plq/30;0.021;7.09;0;0;1
3939769;3400939397696;;NHS MENARINI GROSSISTE;Non renseigné;TEMERITDUO 5 mg/12,5 mg Cpr pell Plq/30;0.021;7.09;0;0;1
3939775;3400939397757;;NHS MENARINI GROSSISTE;Non renseigné;TEMERITDUO 5 mg/12,5 mg Cpr pell Plq/90;0.021;20.21;0;0;1
3939781;3400939397818;;NHS MENARINI GROSSISTE;Non renseigné;TEMERITDUO 5 mg/25 mg Cpr pell Plq/30;0.021;7.09;0;0;1
3939798;3400939397986;;NHS MENARINI GROSSISTE;Non renseigné;TEMERITDUO 5 mg/25 mg Cpr pell Plq/90;0.021;20.21;0;1;1
4991358;3400949913589;;NHS MENARINI GROSSISTE;Non renseigné;BILASKA 20 mg Cpr Plq/10;0.021;1.14;0;0;1
4991370;3400949913701;;NHS MENARINI GROSSISTE;Non renseigné;BILASKA 20 mg Cpr Plq/30;0.021;3.16;0;112;1
;3400930016343;;NORDIC PHARMA;Non renseigné;IMETH 10 mg/0,4 ml S inj en seringue préremplie 4Ser/0,4ml;0.021;45.67;0;1;1
;3400930016367;;NORDIC PHARMA;Non renseigné;IMETH 12,5 mg/0,5 ml S inj en seringue préremplie 4Ser/0,5ml;0.021;45.67;0;1;1
;3400930016381;;NORDIC PHARMA;Non renseigné;IMETH 15 mg/0,6 ml S inj en seringue préremplie 4Ser/0,6ml;0.021;52.57;0;1;1
;3400930016428;;NORDIC PHARMA;Non renseigné;IMETH 20 mg/0,8 ml S inj en seringue préremplie 4Ser/0,8ml;0.021;58.55;0;1;1
;3400930075005;;NORDIC PHARMA;Non renseigné;NORDIMET 7,5 mg S inj en stylo prérempli 4Stylo/0,3ml;0.021;42.67;0;1;1
;3400930075012;;NORDIC PHARMA;Non renseigné;NORDIMET 10 mg S inj en stylo prérempli 4Stylo/0,4ml;0.021;45.67;0;1;1
;3400930075029;;NORDIC PHARMA;Non renseigné;NORDIMET 12,5 mg S inj en stylo prérempli 4Stylo/0,5ml;0.021;45.67;0;1;1
;3400930075036;;NORDIC PHARMA;Non renseigné;NORDIMET 15 mg S inj en stylo prérempli 4Stylo/0,6ml;0.021;52.57;0;36;1
;3400930075043;;NORDIC PHARMA;Non renseigné;NORDIMET 17,5 mg S inj en stylo prérempli 4Stylo/0,7ml;0.021;52.57;0;1;1
;3400930075067;;NORDIC PHARMA;Non renseigné;NORDIMET 20 mg S inj en stylo prérempli 4Stylo/0,8ml;0.021;58.55;0;36;1
;3400930075081;;NORDIC PHARMA;Non renseigné;NORDIMET 25 mg S inj en stylo prérempli 4Stylo/1ml;0.021;68.26;0;1;1
;3400930217900;;NORDIC PHARMA;Non renseigné;IMENOR Gé 2,5 mg Cpr Plq/24;0.021;3.9;0;1;1
;3400930266670;;NORDIC PHARMA;Non renseigné;IMENOR 10 mg Cpr séc Plq/10;0.021;6.48;0;448;1
;3400930238257;;NORGINE SAS;Non renseigné;MOVIPREP ORANGE Pdr sol buv 2Sach (A+B);0.021;6.68;0;40;1
2736917;3400927369179;;NORGINE SAS;Non renseigné;SETOFILM Gé 4 mg Film orodisp 4Sach;0.021;7.05;0;0;1
2736923;3400927369230;;NORGINE SAS;Non renseigné;SETOFILM Gé 8 mg Film orodisp 2Sach;0.021;4.1;0;0;1
3040891;3400930408919;;NORGINE SAS;Non renseigné;SPECIAFOLDINE 5mg Cpr T/20;0.021;1.12;0;50;1
3130737;3400931307372;;NORGINE SAS;Non renseigné;NORMACOL LAVEMENT S rect en récipient unidose adulte Fl/130ml;0.021;1.23;0;50;1
3130743;3400931307433;;NORGINE SAS;Non renseigné;NORMACOL LAVEMENT S rect en récipient unidose enfant Fl/60ml;0.021;1.01;0;72;1
3215600;3400932156009;;NORGINE SAS;Non renseigné;DANTRIUM 25 mg Gél Plq/5x10 (50);0.021;4.58;0;40;1
3356430;3400933564308;;NORGINE SAS;Non renseigné;SINTROM 4 mg Cpr quadriséc 3Plq/10 (30);0.021;1.61;0;0;1
3366291;3400933662912;;NORGINE SAS;Non renseigné;MINI-SINTROM 1 mg Cpr Plq/20;0.021;0.89;0;140;1
3466667;3400934666674;;NORGINE SAS;Non renseigné;PROVAMES 1 mg Cpr pell B/30;0.021;1.4;0;270;1
3547934;3400935479341;;NORGINE SAS;Non renseigné;PROVAMES 2 mg Cpr pell B/28;0.021;1.4;0;200;1
3615570;3400936155701;;NORGINE SAS;Non renseigné;SPECIAFOLDINE 0,4 mg Cpr 2Plq/14 (28);0.021;1.83;0;40;1
3640970;3400936409705;;NORGINE SAS;Non renseigné;MACROGOL 3350 NORGINE 6,563 g Pdr sol buv en sachet-dose enfant 20Sach/6,9g;0.021;3.95;0;30;1
3788164;3400937881647;;NORGINE SAS;Non renseigné;MOVIPREP Pdr sol buv 2Sach(A+B);0.021;6.68;0;40;1
;3400930010600;;NOVARTIS PHARMA  / CSP MOUSSY ;Non renseigné;COSENTYX 150 mg S inj en seringue préremplie Ser/1ml;0.021;450.05;0;1;1
;3400930010617;;NOVARTIS PHARMA  / CSP MOUSSY ;Non renseigné;COSENTYX 150 mg S inj en seringue préremplie 2Ser/1ml;0.021;878.35;0;1;1
;3400930010624;;NOVARTIS PHARMA  / CSP MOUSSY ;Non renseigné;COSENTYX 150 mg S inj en stylo prérempli Stylo/1ml;0.021;450.05;0;1;1
;3400930010631;;NOVARTIS PHARMA  / CSP MOUSSY ;Non renseigné;COSENTYX 150 mg S inj en stylo prérempli 2Stylo/1ml;0.021;878.35;0;1;1
;3400930021477;;NOVARTIS PHARMA  / CSP MOUSSY ;Non renseigné;SANDOSTATINE LP 10 mg Pdr & solv susp inj Fl+Ser/2ml+Adap+Aig;0.021;336.98;0;1;1
;3400930021484;;NOVARTIS PHARMA  / CSP MOUSSY ;Non renseigné;SANDOSTATINE LP 20 mg Pdr & solv susp inj Fl+Ser/2ml+Adap+Aig;0.021;395.92;0;1;1
;3400930021545;;NOVARTIS PHARMA  / CSP MOUSSY ;Non renseigné;SANDOSTATINE LP 30 mg Pdr & solv susp inj Fl+Ser/2ml+Adap+Aig;0.021;456.32;0;1;1
;3400930037904;;NOVARTIS PHARMA  / CSP MOUSSY ;Non renseigné;ENTRESTO 24 mg/26 mg Cpr pell Plq/28;0.021;49.06;0;180;1
;3400930037911;;NOVARTIS PHARMA  / CSP MOUSSY ;Non renseigné;ENTRESTO 49 mg/51 mg Cpr pell Plq/56;0.021;98.15;0;84;1
;3400930037928;;NOVARTIS PHARMA  / CSP MOUSSY ;Non renseigné;ENTRESTO 97 mg/103 mg Cpr pell Plq/56;0.021;98.15;0;90;1
;3400930061718;;NOVARTIS PHARMA  / CSP MOUSSY ;Non renseigné;EXJADE 90 mg Cpr pell Plq/30;0.021;58.65;0;1;1
;3400930061763;;NOVARTIS PHARMA  / CSP MOUSSY ;Non renseigné;EXJADE 360 mg Cpr pell Plq/30;0.021;234.61;0;1;1
;3400930136676;;NOVARTIS PHARMA  / CSP MOUSSY ;Non renseigné;CERTICAN 1,0 mg Cpr Plq/60;0.021;222.41;0;1;1
;3400930187210;;NOVARTIS PHARMA  / CSP MOUSSY ;Non renseigné;GLIVEC 100 mg Cpr pell Plq PVDC/Alu/60;0.021;275.74;0;1;1
;3400930207772;;NOVARTIS PHARMA  / CSP MOUSSY ;Non renseigné;ATECTURA BREEZHALER 125 µg/127,5 µg Pdr p inh (gélule) 30Plq+inh;0.021;19.98;0;40;1
;3400930208892;;NOVARTIS PHARMA  / CSP MOUSSY ;Non renseigné;ENERZAIR BREEZHALER 114 µg/46 µg/136 µg Pdr p inh (gélule) Plq/30x1+Inhal;0.021;43.01;0;40;1
;3400930210369;;NOVARTIS PHARMA  / CSP MOUSSY ;Non renseigné;EUCREAS 50 mg/1000 mg Cpr pell Plq PVC/PE/PVDC/Alu/60;0.021;12.91;0;45;1
;3400930216361;;NOVARTIS PHARMA  / CSP MOUSSY ;Non renseigné;COSENTYX 300 mg S inj en seringue préremplie Ser/2ml;0.021;878.35;0;1;1
;3400930216378;;NOVARTIS PHARMA  / CSP MOUSSY ;Non renseigné;COSENTYX 300 mg S inj en stylo prérempli Stylo/2ml;0.021;878.35;0;50;1
;3400930226971;;NOVARTIS PHARMA  / CSP MOUSSY ;Non renseigné;KESIMPTA 20 mg S inj en stylo prérempli Stylo/0,4ml;0.021;1078.12;0;1;1
;3400930277126;;NOVARTIS PHARMA  / CSP MOUSSY ;Non renseigné;ENTRESTO 6 mg/6 mg Glé gél à ouvrir Plq/60;0.021;105.14;0;1;1
;3400930277133;;NOVARTIS PHARMA  / CSP MOUSSY ;Non renseigné;ENTRESTO 15 mg/16 mg Glé gél à ouvrir Plq/60;0.021;105.14;0;1;1
;3400930281109;;NOVARTIS PHARMA  / CSP MOUSSY ;Non renseigné;XOLAIR 75 mg S inj en seringue préremplie Ser/0,5ml+Aig;0.021;95.01;0;1;1
;3400930281123;;NOVARTIS PHARMA  / CSP MOUSSY ;Non renseigné;XOLAIR 75 mg S inj en stylo prérempli Stylo/0,5ml+Aig;0.021;95.01;0;1;1
;3400930281130;;NOVARTIS PHARMA  / CSP MOUSSY ;Non renseigné;XOLAIR 150 mg S inj en seringue préremplie Ser/1ml+Aig;0.021;189.51;0;100;1
;3400930281147;;NOVARTIS PHARMA  / CSP MOUSSY ;Non renseigné;XOLAIR 300 mg S inj en stylo prérempli Stylo/2ml;0.021;378.52;0;50;1
;3400930281154;;NOVARTIS PHARMA  / CSP MOUSSY ;Non renseigné;XOLAIR 300 mg S inj en seringue préremplie Ser/2ml+Aig;0.021;378.52;0;1;1
;3400930281161;;NOVARTIS PHARMA  / CSP MOUSSY ;Non renseigné;XOLAIR 150 mg S inj en stylo prérempli Stylo/1ml;0.021;189.51;0;1;1
;3400930316184;;NOVARTIS PHARMA  / CSP MOUSSY ;Non renseigné;DUOTRAV 40 µg/ml+5 mg/ml Collyre sol Fl PEBD/2,5ml;0.021;9.25;0;1;1
;3400930323434;;NOVARTIS PHARMA  / CSP MOUSSY ;Non renseigné;KISQALI 200 mg Cpr pell Plq PA/Alu/PVC/21;0.021;775.21;0;1;1
;3400930323441;;NOVARTIS PHARMA  / CSP MOUSSY ;Non renseigné;KISQALI 200 mg Cpr pell Plq PA/Alu/PVC/42;0.021;1537.44;0;1;1
2168755;3400921687552;;NOVARTIS PHARMA  / CSP MOUSSY ;Non renseigné;TASIGNA 200 mg Gél Plaq/28;0.021;520.5;0;0;1
2168761;3400921687613;;NOVARTIS PHARMA  / CSP MOUSSY ;Non renseigné;TASIGNA 200 mg Gél 4Plq/28 (112);0.021;2043.04;0;0;1
2675498;3400926754983;;NOVARTIS PHARMA  / CSP MOUSSY ;Non renseigné;SEEBRI BREEZHALER 44 µg Pdr p inh (gélule) Plq/30+inhal;0.021;15.54;0;40;1
2754967;3400927549670;;NOVARTIS PHARMA  / CSP MOUSSY ;Non renseigné;TAFINLAR 50 mg Gél Fl/120;0.021;2825.79;0;0;1
2754973;3400927549731;;NOVARTIS PHARMA  / CSP MOUSSY ;Non renseigné;TAFINLAR 75 mg Gél Fl/120;0.021;4232.19;0;0;1
2756647;3400927566479;;NOVARTIS PHARMA  / CSP MOUSSY ;Non renseigné;ULTIBRO BREEZHALER 85 µg/43 µg Pdr p inh (gélule) Plq/30+inhal;0.021;24.67;0;40;1
2767119;3400927671197;;NOVARTIS PHARMA  / CSP MOUSSY ;Non renseigné;LUCENTIS 10 mg/ml S inj en seringue préremplie Ser/0,165ml;0.021;284.59;0;100;1
2792962;3400927929625;;NOVARTIS PHARMA  / CSP MOUSSY ;Non renseigné;SIMBRINZA 10 mg/ml + 2 mg/ml Col susp Fl;0.021;6.17;0;1;1
2794435;3400927944352;;NOVARTIS PHARMA  / CSP MOUSSY ;Non renseigné;MEKINIST 0,5 mg Cpr pell Fl/30;0.021;1048.46;0;1;1
2794470;3400927944703;;NOVARTIS PHARMA  / CSP MOUSSY ;Non renseigné;MEKINIST 2 mg Cpr pell Fl/30;0.021;4155.48;0;1;1
3065253;3400930652534;;NOVARTIS PHARMA  / CSP MOUSSY ;Non renseigné;MAXIDROL Collyre Fl/3ml;0.021;1.48;0;0;1
3103545;3400931035459;;NOVARTIS PHARMA  / CSP MOUSSY ;Non renseigné;TEGRETOL 200 mg Cpr séc 5Plq/10;0.021;2.56;0;120;1
3171618;3400931716181;;NOVARTIS PHARMA  / CSP MOUSSY ;Non renseigné;LIORESAL 10 mg Cpr séc 5Plq/10;0.021;4.75;0;0;1
3198356;3400931983569;;NOVARTIS PHARMA  / CSP MOUSSY ;Non renseigné;MAXIDROL Pom ophtalm T/3,5g;0.021;1.13;0;0;1
3221434;3400932214341;;NOVARTIS PHARMA  / CSP MOUSSY ;Non renseigné;VOLTARENE 100 mg Suppos adulte Film/10;0.021;1.95;0;0;1
3235117;3400932351176;;NOVARTIS PHARMA  / CSP MOUSSY ;Non renseigné;VOLTARENE 50 mg Cpr enr gastro-rés 3Plq/10 (30);0.021;2.4;0;0;1
3246049;3400932460496;;NOVARTIS PHARMA  / CSP MOUSSY ;Non renseigné;VOLTARENE LP 100 mg Cpr enr LP B/15;0.021;3.14;0;0;1
3280537;3400932805372;;NOVARTIS PHARMA  / CSP MOUSSY ;Non renseigné;TOBREX 0,3 % Pom opht T/5g;0.021;2;0;0;1
3280543;3400932805433;;NOVARTIS PHARMA  / CSP MOUSSY ;Non renseigné;TOBREX 0,3 % Collyre sol Fl/5ml;0.021;1.23;0;0;1
3295639;3400932956395;;NOVARTIS PHARMA  / CSP MOUSSY ;Non renseigné;TEGRETOL 20 mg/ml Susp buv Fl/150ml;0.021;2.96;0;20;1
3298431;3400932984312;;NOVARTIS PHARMA  / CSP MOUSSY ;Non renseigné;TEGRETOL LP 400 mg Cpr pell séc LP 3Plq/10;0.021;3.05;0;168;1
3314874;3400933148744;;NOVARTIS PHARMA  / CSP MOUSSY ;Non renseigné;TEGRETOL LP 200 mg Cpr pell séc LP 3Plq/10 (30);0.021;1.66;0;168;1
3325760;3400933257606;;NOVARTIS PHARMA  / CSP MOUSSY ;Non renseigné;ISOPTO-PILOCARPINE 2 % Collyre Fl/10ml;0.021;1.37;0;0;1
3359204;3400933592042;;NOVARTIS PHARMA  / CSP MOUSSY ;Non renseigné;VOLTARENE LP 75 mg Cpr enr LP Plq/30;0.021;3.91;0;120;1
3373753;3400933737535;;NOVARTIS PHARMA  / CSP MOUSSY ;Non renseigné;CILOXAN 0,3 % Collyre Fl/5ml;0.021;3.37;0;0;1
3414742;3400934147425;;NOVARTIS PHARMA  / CSP MOUSSY ;Non renseigné;FEMARA 2,5 mg Cpr pell B/30;0.021;28.67;0;105;1
3442997;3400934429972;;NOVARTIS PHARMA  / CSP MOUSSY ;Non renseigné;TOBRADEX Col susp Fl/5ml;0.021;1.9;0;450;1
3463048;3400934630484;;NOVARTIS PHARMA  / CSP MOUSSY ;Non renseigné;NEORAL 25 mg Caps molle B/60;0.021;33.33;0;0;1
3463054;3400934630545;;NOVARTIS PHARMA  / CSP MOUSSY ;Non renseigné;NEORAL 50 mg Caps molle B/60;0.021;66.66;0;50;1
3463060;3400934630606;;NOVARTIS PHARMA  / CSP MOUSSY ;Non renseigné;NEORAL 100 mg Caps molle B/60;0.021;133.31;0;0;1
3463077;3400934630774;;NOVARTIS PHARMA  / CSP MOUSSY ;Non renseigné;NEORAL 10 mg Caps molle B/60;0.021;13.34;0;0;1
3535701;3400935357014;;NOVARTIS PHARMA  / CSP MOUSSY ;Non renseigné;TRILEPTAL 150 mg Cpr pell Plq/50;0.021;6.26;0;0;1
3535724;3400935357243;;NOVARTIS PHARMA  / CSP MOUSSY ;Non renseigné;TRILEPTAL 300 mg Cpr pell Plq/50;0.021;12.51;0;70;1
3535747;3400935357472;;NOVARTIS PHARMA  / CSP MOUSSY ;Non renseigné;TRILEPTAL 600 mg Cpr pell Plq/50;0.021;16.44;0;0;1
3543497;3400935434975;;NOVARTIS PHARMA  / CSP MOUSSY ;Non renseigné;AZOPT 10 mg/ml Col susp Fl/5ml;0.021;3.51;0;450;1
3579012;3400935790125;;NOVARTIS PHARMA  / CSP MOUSSY ;Non renseigné;TRILEPTAL 60 mg/ml Susp buv Fl/250ml;0.021;24.66;0;12;1
3584763;3400935847638;;NOVARTIS PHARMA  / CSP MOUSSY ;Non renseigné;TRAVATAN 40 µg/ml Collyre sol Fl PP/2,5ml;0.021;4.86;0;1;1
3598972;3400935989727;;NOVARTIS PHARMA  / CSP MOUSSY ;Non renseigné;OPATANOL 1 mg/ml Collyre en sol Fl/5ml;0.021;4.92;0;0;1
3622498;3400936224988;;NOVARTIS PHARMA  / CSP MOUSSY ;Non renseigné;GLIVEC 400 mg Cpr pell Plq/30;0.021;549.62;0;0;1
3630871;3400936308718;;NOVARTIS PHARMA  / CSP MOUSSY ;Non renseigné;MYFORTIC 180 mg Cpr gastro-rés 12Plaq/10;0.021;83.64;0;0;1
3630919;3400936309197;;NOVARTIS PHARMA  / CSP MOUSSY ;Non renseigné;MYFORTIC 360 mg Cpr gastro-rés Plq/120;0.021;167.26;0;16;1
3641030;3400936410305;;NOVARTIS PHARMA  / CSP MOUSSY ;Non renseigné;CERTICAN 0,75 mg Cpr Plq/60;0.021;166.8;0;1;1
3641082;3400936410824;;NOVARTIS PHARMA  / CSP MOUSSY ;Non renseigné;CERTICAN 0,5 mg Cpr Plq/60;0.021;111.19;0;0;1
3641113;3400936411135;;NOVARTIS PHARMA  / CSP MOUSSY ;Non renseigné;CERTICAN 0,25 mg Cpr Plq/60;0.021;55.61;0;0;1
3641159;3400936411593;;NOVARTIS PHARMA  / CSP MOUSSY ;Non renseigné;CERTICAN 0,1 mg Cpr disp Plq/60;0.021;22.24;0;0;1
3641188;3400936411883;;NOVARTIS PHARMA  / CSP MOUSSY ;Non renseigné;CERTICAN 0,25 mg Cpr disp Plq/60;0.021;55.61;0;0;1
3745858;3400937458580;;NOVARTIS PHARMA  / CSP MOUSSY ;Non renseigné;REVOLADE 25 mg Cpr pell Plq/14;0.021;237.23;0;0;1
3745864;3400937458641;;NOVARTIS PHARMA  / CSP MOUSSY ;Non renseigné;REVOLADE 25 mg Cpr pell Plq/28;0.021;474.45;0;0;1
3781759;3400937817592;;NOVARTIS PHARMA  / CSP MOUSSY ;Non renseigné;EXFORGE 5 mg/80 mg Cpr pell Plq/30;0.021;8.46;0;120;1
3781771;3400937817714;;NOVARTIS PHARMA  / CSP MOUSSY ;Non renseigné;EXFORGE 5 mg/80 mg Cpr pell Plq/90;0.021;24.1;0;40;1
3781788;3400937817882;;NOVARTIS PHARMA  / CSP MOUSSY ;Non renseigné;EXFORGE 5 mg/160 mg Cpr pell Plq/30;0.021;9.66;0;60;1
3781802;3400937818025;;NOVARTIS PHARMA  / CSP MOUSSY ;Non renseigné;EXFORGE 5 mg/160 mg Cpr pell Plq/90;0.021;27.52;0;40;1
3781819;3400937818193;;NOVARTIS PHARMA  / CSP MOUSSY ;Non renseigné;EXFORGE 10 mg/160 mg Cpr pell Plq/30;0.021;9.66;0;60;1
3781831;3400937818315;;NOVARTIS PHARMA  / CSP MOUSSY ;Non renseigné;EXFORGE 10 mg/160 mg Cpr pell Plq/90;0.021;27.52;0;56;1
3815406;3400938154061;;NOVARTIS PHARMA  / CSP MOUSSY ;Non renseigné;TAREG 40 mg Cpr pell séc Plq PVC/PVDC/Alu/30;0.021;4.62;0;0;1
3815435;3400938154351;;NOVARTIS PHARMA  / CSP MOUSSY ;Non renseigné;TAREG 40 mg Cpr pell séc Plq PVC/PVDC/Alu/90;0.021;13.88;0;0;1
3815464;3400938154641;;NOVARTIS PHARMA  / CSP MOUSSY ;Non renseigné;TAREG 80 mg Cpr pell Plaq/30;0.021;4.62;0;0;1
3815493;3400938154931;;NOVARTIS PHARMA  / CSP MOUSSY ;Non renseigné;TAREG 80 mg Cpr pell Plaq/90;0.021;13.88;0;0;1
3815524;3400938155242;;NOVARTIS PHARMA  / CSP MOUSSY ;Non renseigné;TAREG 160 mg Cpr pell Plaq/30;0.021;4.62;0;1;1
3815553;3400938155532;;NOVARTIS PHARMA  / CSP MOUSSY ;Non renseigné;TAREG 160 mg Cpr pell Plaq/90;0.021;13.88;0;0;1
3815582;3400938155822;;NOVARTIS PHARMA  / CSP MOUSSY ;Non renseigné;COTAREG 80 mg/12,5 mg Cpr pell Plaq/30;0.021;4.62;0;0;1
3815636;3400938156362;;NOVARTIS PHARMA  / CSP MOUSSY ;Non renseigné;COTAREG 80 mg/12,5 mg Cpr pell Plaq/90;0.021;13.88;0;0;1
3815665;3400938156652;;NOVARTIS PHARMA  / CSP MOUSSY ;Non renseigné;COTAREG 160 mg/12,5 mg Cpr pell Plaque/30;0.021;4.62;0;0;1
3815702;3400938157024;;NOVARTIS PHARMA  / CSP MOUSSY ;Non renseigné;COTAREG 160 mg/12,5 mg Cpr pell Plaque/90;0.021;13.88;0;0;1
3815731;3400938157314;;NOVARTIS PHARMA  / CSP MOUSSY ;Non renseigné;COTAREG 160 mg/25 mg Cpr pell Plaq/30;0.021;4.62;0;1;1
3815777;3400938157772;;NOVARTIS PHARMA  / CSP MOUSSY ;Non renseigné;COTAREG 160 mg/25 mg Cpr pell Plaq/90;0.021;13.88;0;56;1
3819516;3400938195163;;NOVARTIS PHARMA  / CSP MOUSSY ;Non renseigné;GALVUS 50 mg Cpr Plq/30;0.021;6.46;0;0;1
3832215;3400938322156;;NOVARTIS PHARMA  / CSP MOUSSY ;Non renseigné;GALVUS 50 mg Cpr Plq/60;0.021;12.91;0;60;1
3912664;3400939126647;;NOVARTIS PHARMA  / CSP MOUSSY ;Non renseigné;AZARGA 10 mg/ml + 5 mg/ml Col susp Fl/5ml;0.021;8.22;0;0;1
3962811;3400939628110;;NOVARTIS PHARMA  / CSP MOUSSY ;Non renseigné;AFINITOR 5 mg Cpr Plq/30;0.021;808.94;0;0;1
3962828;3400939628288;;NOVARTIS PHARMA  / CSP MOUSSY ;Non renseigné;AFINITOR 10 mg Cpr Plq/30;0.021;1050.03;0;0;1
3998223;3400939982236;;NOVARTIS PHARMA  / CSP MOUSSY ;Non renseigné;ONBREZ BREEZHALER 150 µg Pdr p inh (gélule) 3Plq/10 (30);0.021;15.54;0;60;1
3998252;3400939982526;;NOVARTIS PHARMA  / CSP MOUSSY ;Non renseigné;ONBREZ BREEZHALER 300 µg Pdr p inh (gélule) 3Plq/10 (30);0.021;15.54;0;0;1
4981584;3400949815845;;NOVARTIS PHARMA  / CSP MOUSSY ;Non renseigné;TASIGNA 150 mg Gél Plq/28;0.021;391.19;0;0;1
4981590;3400949815906;;NOVARTIS PHARMA  / CSP MOUSSY ;Non renseigné;TASIGNA 150 mg Gél Plq/112;0.021;1535.57;0;0;1
;3400930018514;;NOVO NORDISK / CSP;Non renseigné;XULTOPHY 100 U/ml + 3,6 mg/ml S inj 5Stylo/3ml;0.021;139.3;0;48;1
;3400930083161;;NOVO NORDISK / CSP;Non renseigné;FIASP FLEXTOUCH 100 U/ml S inj en stylo prérempli 5Stylo/3ml;0.021;28.29;0;48;1
;3400930083178;;NOVO NORDISK / CSP;Non renseigné;FIASP 100 U/ml S inj en flacon Fl/10ml;0.021;14.22;0;1;1
;3400930083185;;NOVO NORDISK / CSP;Non renseigné;FIASP PENFILL 100 U/ml Sol inj cart 5Cart/3ml;0.021;24.08;0;1;1
;3400930151075;;NOVO NORDISK / CSP;Non renseigné;OZEMPIC 0,25 mg S inj en stylo prérempli Stylo/1,5ml+4Aig;0.021;69.95;0;80;1
;3400930151099;;NOVO NORDISK / CSP;Non renseigné;OZEMPIC 0,5mg/0,37ml(1,34mg/ml S in Sty1,5ml;0.021;69.95;0;80;1
;3400930151105;;NOVO NORDISK / CSP;Non renseigné;OZEMPIC 1 mg S inj en stylo prérempli Stylo/3ml+4Aig;0.021;69.95;0;80;1
;3400930179543;;NOVO NORDISK / CSP;Non renseigné;NORDITROPINE FLEXPRO 5 mg/1,5 ml S inj en stylo prérempli Cart/1,5ml;0.021;106.09;0;1;1
;3400930179567;;NOVO NORDISK / CSP;Non renseigné;NORDITROPINE FLEXPRO 10 mg/1,5 ml S inj en stylo prérempli Stylo/1,5ml;0.021;211.68;0;1;1
;3400930179581;;NOVO NORDISK / CSP;Non renseigné;NORDITROPINE FLEXPRO 15 mg/1,5 ml S inj en stylo prérempli Cart/1,5ml;0.021;317.26;0;1;1
;3400930210574;;NOVO NORDISK / CSP;Non renseigné;SAXENDA 6 mg/ml S inj en stylo prérempli 3Stylo/3ml;0.1;125.87;0;1;1
;3400930247297;;NOVO NORDISK / CSP;Non renseigné;SOGROYA 10 mg/1,5 ml S inj en stylo prérempli Stylo/1,5ml;0.021;370.99;0;1;1
;3400930258620;;NOVO NORDISK / CSP;Non renseigné;WEGOVY 0,25 mg S inj en stylo prérempli FlexTouch Stylo/1,5ml+4Aig;0.1;132.75;0;80;1
;3400930258637;;NOVO NORDISK / CSP;Non renseigné;WEGOVY 0,5mg/0,375ml S inj stylo FT S/1,5ml;0.1;157.52;0;80;1
;3400930258644;;NOVO NORDISK / CSP;Non renseigné;WEGOVY 1 mg S inj en stylo prérempli FlexTouch Styl/3ml+4Aig;0.1;157.52;0;80;1
;3400930258668;;NOVO NORDISK / CSP;Non renseigné;WEGOVY 2,4 mg S inj en stylo prérempli FlexTouch Stylo/3ml+4Aig;0.1;216.25;0;80;1
;3400930260241;;NOVO NORDISK / CSP;Non renseigné;WEGOVY 1,7 mg S inj en stylo prérempli FlexTouch Stylo/3ml+4Aig;0.1;177.33;0;80;1
;3400930278017;;NOVO NORDISK / CSP;Non renseigné;SOGROYA 15 mg/1,5 ml S inj en stylo prérempli Stylo/1,5ml;0.021;553.03;0;1;1
;3400930317815;;NOVO NORDISK / CSP;Non renseigné;WEGOVY 0,5mg/0,75 ml S inj stylo FT S/3ml;0.1;157.52;0;1;1
;3400930322154;;NOVO NORDISK / CSP;Non renseigné;OZEMPIC 0,5mg/0,74ml(0,68mg/ml) S inj Sty/3ml;0.021;69.95;0;80;1
2685338;3400926853389;;NOVO NORDISK / CSP;Non renseigné;TRESIBA Penfill 100 U/ml Sol inj cart 5Cart/3ml;0.021;42.62;0;1;1
2685798;3400926857981;;NOVO NORDISK / CSP;Non renseigné;TRESIBA FlexTouch 200 U/ml S inj en stylo prérempli 3Stylo/3ml;0.021;51.04;0;64;1
2771457;3400927714573;;NOVO NORDISK / CSP;Non renseigné;NOVORAPID PUMPCART 100 U/ml Sol inj cart 5Cart/1,6 ml;0.021;15.77;0;1;1
3359049;3400933590499;;NOVO NORDISK / CSP;Non renseigné;GLUCAGEN KIT 1 mg/ml Pdre/solv p sol inj en seringue préremplie Fl+Ser/1ml;0.021;16.61;0;100;1
3525909;3400935259097;;NOVO NORDISK / CSP;Non renseigné;NOVORAPID 100 U/ml S inj en flacon Fl/10ml;0.021;11.51;0;160;1
3525921;3400935259219;;NOVO NORDISK / CSP;Non renseigné;NOVORAPID PENFILL 100 U/ml Sol inj cart 5Cart/3ml;0.021;17.06;0;0;1
3549525;3400935495259;;NOVO NORDISK / CSP;Non renseigné;NOVOMIX 30 PENFILL 100 U/ml Susp inj cart 5Cart/3ml;0.021;24.08;0;0;1
3552740;3400935527400;;NOVO NORDISK / CSP;Non renseigné;NOVORAPID FLEXPEN 100 U/ml S inj en stylo prérempli 5Cart/3ml;0.021;20.01;0;54;1
3567664;3400935676641;;NOVO NORDISK / CSP;Non renseigné;NOVOMIX 30 FLEXPEN 100 U/ml Susp inj en stylo prérempli 5Stylo/3ml;0.021;28.29;0;54;1
3612011;3400936120112;;NOVO NORDISK / CSP;Non renseigné;ACTRAPID 100 UI/ml S inj Fl/10ml;0.021;13.47;0;0;1
3651181;3400936511811;;NOVO NORDISK / CSP;Non renseigné;LEVEMIR 100 U/ml S inj en cartouche Penfill 5Cart/3ml;0.021;38.18;0;0;1
3651198;3400936511989;;NOVO NORDISK / CSP;Non renseigné;LEVEMIR 100 U/ml S inj en stylo prérempli Flexpen 5Stylo/3ml;0.021;38.18;0;54;1
3702429;3400937024297;;NOVO NORDISK / CSP;Non renseigné;NOVOMIX 50 FLEXPEN 100 U/ml Susp inj en stylo prérempli 5Stylo/3ml;0.021;28.29;0;0;1
3963236;3400939632360;;NOVO NORDISK / CSP;Non renseigné;VICTOZA 6 mg/ml S inj en stylo prérempli 2Cart/3ml;0.021;44.05;0;80;1
;;3664524000266;NUTERGIA;Non renseigné;ERGYPHILUS ATB Gél B/30;0.055;11.19;0;1;1
;;3664524000693;NUTERGIA;Non renseigné;ERGYPHILUS BABY S buv Fl cpte-gttes/10ml;0.055;13.42;0;1;1
;;9999910000000;Non renseigné;Non renseigné;Frais de livraison - panier ambiant;0.2;5;0;0;1
;;9999920000000;Non renseigné;Non renseigné;Frais de livraison - panier froid;0.2;70;0;0;1
;3400930075142;;ORGANON;Non renseigné;NASONEX 50 µg Susp pulv nas Fl/140doses;0.021;3.87;0;1;1
;3400930271209;;ORGANON;Non renseigné;DIPROSONE 0,05 % Lot Fl/30ml;0.021;2.41;0;160;1
;3400930271216;;ORGANON;Non renseigné;DIPROSALIC Lot Fl/30ml;0.021;2.25;0;160;1
;3400930279021;;ORGANON;Non renseigné;NILEMDO 180 mg Cpr pell Plq/30;0.021;50.9;0;1;1
2800489;3400928004895;;ORGANON;Non renseigné;LIPTRUZET 10 mg/10 mg Cpr pell Plq/30;0.021;17.26;0;200;1
2800495;3400928004956;;ORGANON;Non renseigné;LIPTRUZET 10 mg/10 mg Cpr pell Plq/90;0.021;51.8;0;60;1
2800532;3400928005328;;ORGANON;Non renseigné;LIPTRUZET 10 mg/20 mg Cpr pell Plq/30;0.021;17.26;0;120;1
2800549;3400928005496;;ORGANON;Non renseigné;LIPTRUZET 10 mg/20 mg Cpr pell Plq/90;0.021;51.8;0;60;1
2800555;3400928005557;;ORGANON;Non renseigné;LIPTRUZET 10 mg/40 mg Cpr pell Plq/30;0.021;17.26;0;40;1
2800561;3400928005618;;ORGANON;Non renseigné;LIPTRUZET 10 mg/40 mg Cpr pell Plq/90;0.021;51.8;0;16;1
2800578;3400928005786;;ORGANON;Non renseigné;LIPTRUZET 10 mg/80 mg Cpr pell Plq/30;0.021;17.26;0;40;1
2800584;3400928005847;;ORGANON;Non renseigné;LIPTRUZET 10 mg/80 mg Cpr pell Plq/90;0.021;51.8;0;16;1
3019508;3400930195086;;ORGANON;Non renseigné;CELESTENE 0,05 % S buv en gouttes Fl/30ml;0.021;2.43;0;100;1
3172463;3400931724636;;ORGANON;Non renseigné;SINEMET 250 mg/25 mg Cpr séc Plq/50;0.021;6.95;0;0;1
3200509;3400932005093;;ORGANON;Non renseigné;DIPROSTENE Susp inj en seringue préremplie Ser/1ml+Aig;0.021;3.71;0;216;1
3200805;3400932008056;;ORGANON;Non renseigné;SINEMET 100 mg/10 mg Cpr Plq/100;0.021;5.29;0;100;1
3230829;3400932308293;;ORGANON;Non renseigné;DIPROSONE 0,05 % Pom T/30g;0.021;2.41;0;160;1
3230901;3400932309016;;ORGANON;Non renseigné;DIPROSONE 0,05 % Cr T/30g;0.021;1.61;0;100;1
3230924;3400932309245;;ORGANON;Non renseigné;DIPROSALIC Pom T/30g;0.021;2.25;0;100;1
3270898;3400932708987;;ORGANON;Non renseigné;RENITEC 5 mg Cpr 2Plq/14 (28);0.021;2.18;0;0;1
3270906;3400932709069;;ORGANON;Non renseigné;RENITEC 20 mg Cpr Plq/28;0.021;2.92;0;0;1
3275826;3400932758265;;ORGANON;Non renseigné;DIPROLENE 0,05 % Pom T/15g;0.021;1.42;0;160;1
3302405;3400933024055;;ORGANON;Non renseigné;CO-RENITEC 20 mg/12,5 mg Cpr Plq/28;0.021;2.92;0;0;1
3352484;3400933524845;;ORGANON;Non renseigné;CHIBRO-PROSCAR 5 mg Cpr pell Plaq/28;0.021;9.6;0;0;1
3356654;3400933566548;;ORGANON;Non renseigné;SINEMET LP 100 mg/25 mg Cpr LP Plq/30;0.021;3.13;0;300;1
3356938;3400933569389;;ORGANON;Non renseigné;SINEMET LP 200 mg/50 mg Cpr LP Plq/30;0.021;5.36;0;0;1
3385207;3400933852078;;ORGANON;Non renseigné;HYZAAR 50 mg/12,5 mg Cpr pell Plq /28;0.021;2.92;0;0;1
3385242;3400933852429;;ORGANON;Non renseigné;COZAAR 50 mg Cpr pell Plq/28;0.021;2.92;0;0;1
3412447;3400934124471;;ORGANON;Non renseigné;CELESTENE 2 mg Cpr disp séc Fl PP/20;0.021;2.28;0;0;1
3445412;3400934454127;;ORGANON;Non renseigné;NORSET 15 mg Cpr pell Plq/30;0.021;2.42;0;0;1
3461285;3400934612855;;ORGANON;Non renseigné;SINGULAIR 5 mg Cpr à croquer Plq/28;0.021;8.18;0;0;1
3461411;3400934614118;;ORGANON;Non renseigné;SINGULAIR 10 mg Cpr pell Plq/28;0.021;8.18;0;0;1
3479368;3400934793684;;ORGANON;Non renseigné;MAXALT 10 mg Cpr Plq/12;0.021;11.53;0;0;1
3479434;3400934794346;;ORGANON;Non renseigné;MAXALTLYO 10 mg Lyophilisat oral Plq/6;0.021;6.78;0;0;1
3479440;3400934794407;;ORGANON;Non renseigné;MAXALTLYO 10 mg Lyophilisat oral Plq/12;0.021;11.53;0;36;1
3515443;3400935154439;;ORGANON;Non renseigné;NEXPLANON 68 mg Implant pour usage sous-cutané Plq/implant;0.021;85.66;0;72;1
3518625;3400935186256;;ORGANON;Non renseigné;FORTZAAR 100 mg/25 mg Cpr pell Plq/28;0.021;2.92;0;0;1
3553018;3400935530189;;ORGANON;Non renseigné;ORGALUTRAN 0,25 mg/0,5 ml S inj 1Ser/0,5ml;0.021;20.17;0;0;1
3553024;3400935530240;;ORGANON;Non renseigné;ORGALUTRAN 0,25 mg/0,5 ml S inj 5Ser/0,5ml;0.021;100.91;0;0;1
3565576;3400935655769;;ORGANON;Non renseigné;AERIUS 5 mg Cpr pell Plq/15;0.021;1.53;0;0;1
3565607;3400935656070;;ORGANON;Non renseigné;AERIUS 5 mg Cpr pell 2Plq/15 (30);0.021;2.95;0;0;1
3584958;3400935849588;;ORGANON;Non renseigné;COZAAR 100 mg Cpr pell Plq/28;0.021;2.92;0;150;1
3595637;3400935956378;;ORGANON;Non renseigné;FOSAMAX 70 mg Cpr B/4;0.021;7.76;0;0;1
3595666;3400935956668;;ORGANON;Non renseigné;FOSAMAX 70 mg Cpr B/12;0.021;23.29;0;0;1
3611069;3400936110694;;ORGANON;Non renseigné;ZOCOR 40 mg Cpr pell Plq/28;0.021;3.18;0;0;1
3622707;3400936227071;;ORGANON;Non renseigné;EZETROL 10 mg Cpr Plq/28x1;0.021;10.51;0;180;1
3630813;3400936308138;;ORGANON;Non renseigné;NUVARING 15 µg/120 µg/24 h Système diffusion vaginale Sach/1;0.1;12.47;0;0;1
3630836;3400936308367;;ORGANON;Non renseigné;NUVARING 15 µg/120 µg/24 h Système diffusion vaginale Sach/3;0.1;35.42;0;0;1
3651413;3400936514133;;ORGANON;Non renseigné;PUREGON 900 UI/1,08 ml S inj Cart+9Aig;0.021;243.29;0;0;1
3676689;3400936766891;;ORGANON;Non renseigné;ZOCOR 20 mg Cpr pell Plq/28;0.021;3.18;0;0;1
3692518;3400936925182;;ORGANON;Non renseigné;FOSAVANCE 70 mg/2800 UI Cpr Plq/4;0.021;5.12;0;0;1
3696137;3400936961371;;ORGANON;Non renseigné;INEGY 10 mg/20 mg Cpr Plq/30;0.021;12.75;0;150;1
3696166;3400936961661;;ORGANON;Non renseigné;INEGY 10 mg/40 mg Cpr Plq/30;0.021;12.75;0;1;1
3702234;3400937022347;;ORGANON;Non renseigné;FOSAVANCE 70 mg/2800 UI Cpr 3Plq/4;0.021;13.86;0;0;1
3713781;3400937137812;;ORGANON;Non renseigné;CO-RENITEC 20 mg/12,5 mg Cpr Plq/90;0.021;9.25;0;0;1
3714088;3400937140881;;ORGANON;Non renseigné;FORTZAAR 100 mg/25 mg Cpr pell Plq/90;0.021;9.25;0;0;1
3714467;3400937144674;;ORGANON;Non renseigné;HYZAAR 50 mg/12,5 mg Cpr pell Plq/90;0.021;9.25;0;0;1
3714504;3400937145046;;ORGANON;Non renseigné;COZAAR 100 mg Cpr pell Plq/90;0.021;9.25;0;1;1
3714616;3400937146166;;ORGANON;Non renseigné;COZAAR 50 mg Cpr pell séc Plq/90;0.021;9.25;0;0;1
3774848;3400937748483;;ORGANON;Non renseigné;FORTZAAR 100 mg/12,5 mg Cpr pell Plq/28;0.021;2.92;0;0;1
3774883;3400937748834;;ORGANON;Non renseigné;FORTZAAR 100 mg/12,5 mg Cpr pell Plq/90;0.021;9.25;0;0;1
3776238;3400937762380;;ORGANON;Non renseigné;ZOCOR 20 mg Cpr pell Plq/84;0.021;9.44;0;0;1
3776250;3400937762502;;ORGANON;Non renseigné;ZOCOR 40 mg Cpr pell Plq/84;0.021;9.44;0;0;1
3780872;3400937808729;;ORGANON;Non renseigné;ADROVANCE 70 mg/2800 UI Cpr Plq/4;0.021;5.12;0;0;1
3780895;3400937808958;;ORGANON;Non renseigné;ADROVANCE 70 mg/2800 UI Cpr Plq/12;0.021;13.86;0;0;1
3809848;3400938098488;;ORGANON;Non renseigné;AERIUS 0,5 mg/ml S buv Fl/150ml+ser;0.021;1.83;0;30;1
3820181;3400938201819;;ORGANON;Non renseigné;FOSAVANCE 70 mg/5600 UI Cpr Plq/4;0.021;5.12;0;0;1
3820198;3400938201987;;ORGANON;Non renseigné;FOSAVANCE 70 mg/5600 UI Cpr Plq/12;0.021;13.86;0;0;1
3820212;3400938202120;;ORGANON;Non renseigné;ADROVANCE 70 mg/5600 UI Cpr Plq/4;0.021;5.12;0;0;1
3820229;3400938202298;;ORGANON;Non renseigné;ADROVANCE 70 mg/5600 UI Cpr Plq/12;0.021;13.86;0;0;1
3879257;3400938792577;;ORGANON;Non renseigné;ARCOXIA 60 mg Cpr pell Plq/28;0.021;6.08;0;120;1
3879808;3400938798081;;ORGANON;Non renseigné;ARCOXIA 30 mg Cpr pell Plq/28;0.021;3.84;0;180;1
3909567;3400939095677;;ORGANON;Non renseigné;INEGY 10 mg/20 mg Cpr Plq/ 90;0.021;36.35;0;75;1
3909573;3400939095738;;ORGANON;Non renseigné;INEGY 10 mg/40 mg Cpr Plq/90;0.021;36.35;0;0;1
3917006;3400939170060;;ORGANON;Non renseigné;EZETROL 10 mg Cpr Plq/90;0.021;32.1;0;75;1
3931124;3400939311241;;ORGANON;Non renseigné;SINGULAIR 4 mg Cpr à croquer Plq/28;0.021;8.18;0;0;1
3931236;3400939312361;;ORGANON;Non renseigné;SINGULAIR 4 mg Glé Sach/28;0.021;8.18;0;0;1
;3400930289716;;OTSUKA PHARMACEUTICAL FRANCE SAS;Non renseigné;ABILIFY MAINTENA 720 mg Susp inj LP ser préremplie Ser/2,4ml;0.021;330.06;0;1;1
;3400930289723;;OTSUKA PHARMACEUTICAL FRANCE SAS;Non renseigné;ABILIFY MAINTENA 960 mg Susp inj LP ser préremplie Ser/3,2ml;0.021;330.06;0;1;1
2772184;3400927721847;;OTSUKA PHARMACEUTICAL FRANCE SAS;Non renseigné;ABILIFY MAINTENA 300 mg Pdr & solv susp inj LP Fl pdre+Fl slv/2ml;0.021;165.03;0;12;1
3001897;3400930018972;;OTSUKA PHARMACEUTICAL FRANCE SAS;Non renseigné;ABILIFY MAINT 400mg P/S inLP Ser+3Aig;0.021;165.03;0;12;1
3640697;3400936406971;;OTSUKA PHARMACEUTICAL FRANCE SAS;Non renseigné;ABILIFY 5 mg Cpr Plq/28;0.021;21.01;0;0;1
3640734;3400936407343;;OTSUKA PHARMACEUTICAL FRANCE SAS;Non renseigné;ABILIFY 10 mg Cpr Plq/28;0.021;21.01;0;96;1
3640786;3400936407862;;OTSUKA PHARMACEUTICAL FRANCE SAS;Non renseigné;ABILIFY 15 mg Cpr Plq/28;0.021;21.01;0;0;1
3692174;3400936921740;;OTSUKA PHARMACEUTICAL FRANCE SAS;Non renseigné;ABILIFY 15 mg Cpr orodisp Plq/28;0.021;21.01;0;0;1
3732979;3400937329798;;OTSUKA PHARMACEUTICAL FRANCE SAS;Non renseigné;ABILIFY 1 mg/ml S buv Fl/150ml;0.021;31.3;0;12;1
;3400930057834;;Opella Healthcare France ;Non renseigné;CODOLIPRANE 500 mg/30 mg Gél Plq/16;0.021;1.38;0;160;1
2756239;3400927562396;;Opella Healthcare France ;Non renseigné;CODOLIPRANE 500 mg/30 mg Cpr Plq/16;0.021;1.38;0;160;1
3219756;3400932197569;;Opella Healthcare France ;Non renseigné;PHOSPHALUGEL Susp buv en sachet-dose 26Sach/15ml;0.021;2.61;0;24;1
3232018;3400932320189;;Opella Healthcare France ;Non renseigné;DOLIPRANE 500 mg Cpr 2Plq/8;0.021;0.88;0;160;1
3233153;3400932331536;;Opella Healthcare France ;Non renseigné;DOLIPRANE 500 mg Pdr sol buv en sachet-dose 12Sach;0.021;0.88;0;200;1
3304746;3400933047467;;Opella Healthcare France ;Non renseigné;DOLIPRANE 1000 mg Suppos adultes Plq/2x4 (8);0.021;1.15;0;1;1
3322075;3400933220754;;Opella Healthcare France ;Non renseigné;CODOLIPRANE 400 mg/20 mg Cpr séc adulte Plq/16;0.021;1.38;0;160;1
3429229;3400934292293;;Opella Healthcare France ;Non renseigné;NASACORT 55 µg Susp pulv nas Fl/15ml;0.021;6.55;0;36;1
3450778;3400934507786;;Opella Healthcare France ;Non renseigné;DOLIPRANE 500 mg Gél Plq/16;0.021;0.88;0;160;1
3461546;3400934615467;;Opella Healthcare France ;Non renseigné;DOLIPRANE 2,4 % Susp buv Fl/100ml;0.021;1.08;0;24;1
3480911;3400934809118;;Opella Healthcare France ;Non renseigné;DOLIPRANE 100 mg Suppos sécable Plq/2x5 (10);0.021;1.03;0;300;1
3480940;3400934809408;;Opella Healthcare France ;Non renseigné;DOLIPRANE 150 mg Suppos Plq/2x5 (10);0.021;1.03;0;300;1
3480986;3400934809866;;Opella Healthcare France ;Non renseigné;DOLIPRANE 200 mg Suppos Plq/2x5 (10);0.021;1.03;0;300;1
3481017;3400934810176;;Opella Healthcare France ;Non renseigné;DOLIPRANE 300 mg Suppos Plq/2x5 (10);0.021;1.03;0;76;1
3499916;3400934999161;;Opella Healthcare France ;Non renseigné;DOLIPRANE 200 mg Pdr sol buv en sachet-dose 12Sach;0.021;1.12;0;200;1
3499945;3400934999451;;Opella Healthcare France ;Non renseigné;DOLIPRANE 300 mg Pdr sol buv en sachet-dose 12Sach;0.021;1.12;0;200;1
3529422;3400935294227;;Opella Healthcare France ;Non renseigné;DOLIPRANE 1000 mg Cpr eff séc T/8;0.021;0.88;0;144;1
3595583;3400935955838;;Opella Healthcare France ;Non renseigné;DOLIPRANE 1000 mg Cpr Plq/8;0.021;0.88;0;160;1
3624698;3400936246980;;Opella Healthcare France ;Non renseigné;DOLIPRANE 1000 mg Pdr sol buv en sachet-dose 8Sach;0.021;0.88;0;200;1
4153396;3400941533969;;Opella Healthcare France ;Non renseigné;DOLIPRANE 1000 mg Gél Plq/8;0.021;0.88;0;240;1
;3400930252512;;PANPHARMA;Non renseigné;NEFOPAM PANPHARMA 30 mg Cpr pell Plq/30;0.021;8.84;0;156;1
3269501;3400932695010;;PANPHARMA;Non renseigné;GENTAMICINE PANPHARMA 80 mg S inj Amp/2ml;0.021;3.34;0;0;1
;3400930124086;;PERRIGO - SAG;Non renseigné;ELLAONE 30 mg Cpr pell Plq PVC/PVDC/Alu/1;0.021;10.19;0;180;1
3641372;3400936413726;;PERRIGO - SAG;Non renseigné;NORLEVO 1,5 mg Cpr Plq/1;0.021;2.77;0;240;1
;3400930012208;;PFIZER;Non renseigné;RETACRIT 30 000 UI/0,75 ml S inj en seringue préremplie Ser/0,75ml+disp séc;0.021;121.78;0;1;1
;3400930012215;;PFIZER;Non renseigné;RETACRIT 40 000 UI/1,0 ml S inj en seringue préremplie Ser/1ml+disp séc;0.021;162.21;0;1;1
;3400930013953;;PFIZER;Non renseigné;RESITUNE 75 mg Cpr gastro-rés Fl/30;0.021;1.36;0;192;1
;3400930014035;;PFIZER;Non renseigné;RESITUNE 100 mg Cpr gastro-rés Fl/30;0.021;1.36;0;1;1
;3400930014066;;PFIZER;Non renseigné;RESITUNE 100 mg Cpr gastro-rés Fl/90;0.021;3.84;0;192;1
;3400930067840;;PFIZER;Non renseigné;NOVATREX 2,5 mg Cpr Plq/12;0.021;2.22;0;1;1
;3400930075272;;PFIZER;Non renseigné;IBRANCE 75 mg Gél Plq/21;0.021;1504.3;0;1;1
;3400930075296;;PFIZER;Non renseigné;IBRANCE 100 mg Gél Plq/21;0.021;1504.3;0;1;1
;3400930075302;;PFIZER;Non renseigné;IBRANCE 125 mg Gél Plq/21;0.021;1504.3;0;1;1
;3400930081051;;PFIZER;Non renseigné;TRINORDIOL Cpr enr Plq/21;0.021;1.26;0;1;1
;3400930081068;;PFIZER;Non renseigné;TRINORDIOL Cpr enr 3Plq/21;0.021;3.23;0;1;1
;3400930202074;;PFIZER;Non renseigné;VYNDAQEL 61 mg Caps molle 30Plq/1;0.021;6994.52;0;1;1
;3400930224311;;PFIZER;Non renseigné;DOSTINEX 0,5 mg Cpr Fl PEHD/2;0.021;5.27;0;1;1
;3400930224342;;PFIZER;Non renseigné;DOSTINEX 0,5 mg Cpr Fl PEHD/8;0.021;21.08;0;96;1
;3400930245514;;PFIZER;Non renseigné;PAXLOVID 150 mg + 100 mg Cpr pell Plq/30 (20+10);0.021;913;0;1;1
;3400930247235;;PFIZER;Non renseigné;NGENLA 24 mg S inj en stylo prérempli Stylo;0.021;216.06;0;1;1
;3400930247273;;PFIZER;Non renseigné;NGENLA 60 mg S inj en stylo prérempli Stylo;0.021;537.1;0;1;1
;3400930247853;;PFIZER;Non renseigné;PREVENAR 20 Susp inj ser préremplie Ser+Aig;0.021;51.51;0;100;1
;3400930275573;;PFIZER;Non renseigné;ABRYSVO Pdre/solv p sol inj Fl+adap+ser+aig;0.021;179.93;0;1;1
;3400930279724;;PFIZER;Non renseigné;LITFULO 50 mg Gél Plq/30;0.021;887.38;0;1;1
;3400930281468;;PFIZER;Non renseigné;SOLU-MEDROL 40 mg/1 ml Pdre/solv p sol inj Fl bicompartim;0.021;2.22;0;192;1
2182459;3400921824599;;PFIZER;Non renseigné;VYNDAQEL 20 mg Caps molle 30Plq/1;0.021;4175.5;0;0;1
2225393;3400922253930;;PFIZER;Non renseigné;NIMENRIX Pdre/solv p sol inj ser préremplie Fl+Ser/1,25ml+2Aig;0.021;35.59;0;72;1
2664827;3400926648275;;PFIZER;Non renseigné;INLYTA 5 mg Cpr pell Plq/56;0.021;2028.43;0;0;1
2670472;3400926704728;;PFIZER;Non renseigné;TOVIAZ 4 mg Cpr LP Plq/30;0.021;5.87;0;0;1
2670489;3400926704896;;PFIZER;Non renseigné;TOVIAZ 8 mg Cpr LP Plq/30;0.021;5.87;0;0;1
2676256;3400926762568;;PFIZER;Non renseigné;XALKORI 200 mg Gél Plq/60;0.021;3420.46;0;0;1
2699352;3400926993528;;PFIZER;Non renseigné;BOSULIF 100 mg Cpr pell Plq/28;0.021;397.04;0;1;1
2784170;3400927841705;;PFIZER;Non renseigné;TICOVAC 0,5 ml Susp inj en seringue préremplie adultes Ser+Aig;0.021;32.84;0;1;1
3065595;3400930655955;;PFIZER;Non renseigné;MEDROL 4 mg Cpr Plq/30;0.021;2.09;0;120;1
3066815;3400930668153;;PFIZER;Non renseigné;DALACINE 150 mg Gél Plq/12;0.021;2.42;0;1;1
3085244;3400930852446;;PFIZER;Non renseigné;PONSTYL 250 mg Gél 2Plq/10;0.021;2.42;0;0;1
3155281;3400931552819;;PFIZER;Non renseigné;SOLUMEDROL 120 mg/2 ml Lyoph/S us parent Fl+Amp/2ml;0.021;3.43;0;0;1
3182390;3400931823902;;PFIZER;Non renseigné;MINIDRIL Cpr enr Plq/21;0.021;1.26;0;0;1
3182409;3400931824091;;PFIZER;Non renseigné;MINIDRIL Cpr enr 3Plq/21;0.021;3.23;0;240;1
3184064;3400931840640;;PFIZER;Non renseigné;ADEPAL Cpr enr Plq/21;0.021;1.26;0;0;1
3184087;3400931840879;;PFIZER;Non renseigné;ADEPAL Cpr enr 3Plq/21;0.021;3.23;0;48;1
3206110;3400932061105;;PFIZER;Non renseigné;PIVALONE 1% Susp nas Fl doseur/10ml;0.021;1.44;0;60;1
3220067;3400932200672;;PFIZER;Non renseigné;MICROVAL Cpr enr Plq/28;0.021;0.94;0;0;1
3220073;3400932200733;;PFIZER;Non renseigné;MICROVAL Cpr enr 3Plq/28;0.021;2.48;0;0;1
3226880;3400932268801;;PFIZER;Non renseigné;SALAZOPYRINE 500 mg Cpr enr gastro-rés B/100;0.021;8.3;0;0;1
3238699;3400932386994;;PFIZER;Non renseigné;DEPO PROVERA 150 mg/3 ml Susp inj intramusculaire profonde Fl/3ml;0.021;2.13;0;0;1
3260635;3400932606351;;PFIZER;Non renseigné;LIPUR 450 mg Cpr pell Plq/60;0.021;8.66;0;0;1
3268281;3400932682812;;PFIZER;Non renseigné;LONOTEN 10 mg Cpr séc B/40;0.021;10.34;0;0;1
3268306;3400932683062;;PFIZER;Non renseigné;LONOTEN 5 mg Cpr séc B/40;0.021;5.69;0;20;1
3295361;3400932953615;;PFIZER;Non renseigné;UNACIM INJECTABLE 0,5 g/1 g Pdr us parent Fl/20ml;0.021;3.56;0;1;1
3305510;3400933055103;;PFIZER;Non renseigné;TRIFLUCAN 50 mg Gél Plq/7;0.021;9.35;0;0;1
3318984;3400933189846;;PFIZER;Non renseigné;MEDROL 16 mg Cpr Plq/20;0.021;3.91;0;128;1
3325702;3400933257026;;PFIZER;Non renseigné;LEDERFOLINE 15 mg Cpr séc Plq/30;0.021;15.23;0;0;1
3354709;3400933547097;;PFIZER;Non renseigné;TRIFLUCAN 10 mg/ml Pdr susp buv Fl/24,4g;0.021;11.69;0;0;1
3354715;3400933547158;;PFIZER;Non renseigné;TRIFLUCAN 40 mg/ml Pdr susp buv Fl/24,4g;0.021;85.72;0;0;1
3390467;3400933904678;;PFIZER;Non renseigné;DEBRIDAT 100 mg Cpr pell 2Plq/15;0.021;2.99;0;0;1
3396346;3400933963460;;PFIZER;Non renseigné;CAVERJECT 10 µg/ml Pdre/solv p sol inj Fl+Ser;0.021;7.75;0;0;1
3410365;3400934103650;;PFIZER;Non renseigné;DALACINE 300 mg Gél Plq/16;0.021;5.97;0;120;1
3419969;3400934199691;;PFIZER;Non renseigné;GENOTONORM 12 mg Pdre/solv p sol inj Cart bi-comp;0.021;253.87;0;0;1
3438441;3400934384417;;PFIZER;Non renseigné;GENOTONORM MINIQUICK 0,6 mg Pdr & solv inj 7Cart bi-comp+Ser;0.021;89.17;0;0;1
3446630;3400934466304;;PFIZER;Non renseigné;ALDACTONE 25 mg Cpr séc Plq/30;0.021;3.11;0;0;1
3455741;3400934557415;;PFIZER;Non renseigné;TRIFLUCAN 100 mg Gél Plq/7;0.021;12.89;0;0;1
3455758;3400934557583;;PFIZER;Non renseigné;TRIFLUCAN 200 mg Gél Plq/7;0.021;24.44;0;0;1
3475494;3400934754944;;PFIZER;Non renseigné;LEDERFOLINE 5 mg Cpr Plaq/30;0.021;7.47;0;0;1
3479718;3400934797187;;PFIZER;Non renseigné;LEDERFOLINE 25 mg Cpr B/30;0.021;22.99;0;1;1
3512539;3400935125392;;PFIZER;Non renseigné;ALDACTONE 50 mg Cpr séc Plq/30;0.021;6.17;0;0;1
3512545;3400935125453;;PFIZER;Non renseigné;ALDACTONE 75 mg Cpr séc Plq/30;0.021;9.07;0;120;1
3512551;3400935125514;;PFIZER;Non renseigné;ALDACTAZINE 25 mg/15 mg Cpr séc Plq/30;0.021;2.42;0;0;1
3517732;3400935177322;;PFIZER;Non renseigné;ZITHROMAX 250 mg Cpr pell Plq/6;0.021;7.15;0;0;1
3517778;3400935177780;;PFIZER;Non renseigné;ZITHROMAX MONODOSE 250 mg Cpr pell Plq/4;0.021;5.18;0;0;1
3527966;3400935279668;;PFIZER;Non renseigné;AROMASINE 25 mg Cpr enr 2Plq/15;0.021;33.36;0;0;1
3535210;3400935352101;;PFIZER;Non renseigné;SYNAREL 0,2 mg/dose S pulv nas Fl/8ml;0.021;98;0;0;1
3565642;3400935656421;;PFIZER;Non renseigné;ZITHROMAX 40 mg/ml Pdr susp buv enfant Fl/29,3g+pipette;0.021;9.92;0;50;1
3565659;3400935656599;;PFIZER;Non renseigné;ZITHROMAX 40 mg/ml Pdr susp buv enfant Fl/35,6g+pipette;0.021;12.4;0;50;1
3568847;3400935688477;;PFIZER;Non renseigné;RAPAMUNE 1 mg/ml S buv Fl/60ml;0.021;180.67;0;6;1
3591941;3400935919410;;PFIZER;Non renseigné;DEBRIDAT 200 mg Cpr pell 2Plq/15;0.021;4.54;0;0;1
3595301;3400935953018;;PFIZER;Non renseigné;RAPAMUNE 1 mg Cpr enr Plq/30;0.021;87.71;0;0;1
3622506;3400936225060;;PFIZER;Non renseigné;SOMAVERT 20 mg Pdre/solv p sol inj Fl+Ser/1ml;0.021;104.94;0;0;1
3691921;3400936919211;;PFIZER;Non renseigné;TAZOCILLINE 2 g/0,25 g Pdr sol perf Fl;0.021;4.96;0;0;1
3691944;3400936919440;;PFIZER;Non renseigné;TAZOCILLINE 4 g/0,5 g Pdr sol perf Fl;0.021;8.56;0;0;1
3723242;3400937232425;;PFIZER;Non renseigné;MEDROL 100 mg Cpr Plq/30;0.021;30.83;0;0;1
3723354;3400937233545;;PFIZER;Non renseigné;ALDACTONE 50 mg Cpr séc Plq/90;0.021;7.3;0;0;1
3729606;3400937296069;;PFIZER;Non renseigné;ALDACTONE 75 mg Cpr séc Plq/90;0.021;9.25;0;0;1
3771809;3400937718097;;PFIZER;Non renseigné;CHAMPIX 0,5 mg et 1 mg Cpr pell Plq/11+Plq/14;0.021;21.81;0;1;1
3771844;3400937718448;;PFIZER;Non renseigné;CHAMPIX 0,5 mg Cpr pell Fl/56;0.021;48.86;0;0;1
3771873;3400937718738;;PFIZER;Non renseigné;CHAMPIX 1 mg Cpr pell Plq/28;0.021;24.43;0;1;1
3771896;3400937718967;;PFIZER;Non renseigné;CHAMPIX 1 mg Cpr pell Plq/56;0.021;48.86;0;1;1
3821039;3400938210392;;PFIZER;Non renseigné;SUTENT 25 mg Gél B/28;0.021;847.16;0;0;1
3974300;3400939743004;;PFIZER;Non renseigné;FRAGMINE 7500 UI anti-Xa/0,3 ml S inj en seringue préremplie 10Ser/0,3ml;0.021;44.43;0;0;1
3990115;3400939901152;;PFIZER;Non renseigné;PREVENAR 13 S inj vac pn po co 13 Ser/0,5ml+A;0.021;44.42;0;100;1
4930457;3400949304578;;PFIZER;Non renseigné;RAPAMUNE 0,5 mg Cpr enr Plq/30;0.021;43.85;0;0;1
4941366;3400949413669;;PFIZER;Non renseigné;NIVESTIM 30 MU/0,5 ml Sol inj ou p perf Ser/0,5ml;0.021;53.79;0;0;1
4941372;3400949413720;;PFIZER;Non renseigné;NIVESTIM 30 MU/0,5 ml Sol inj ou p perf 5Ser/0,5ml;0.021;266.91;0;1;1
4941389;3400949413898;;PFIZER;Non renseigné;NIVESTIM 48 MU/0,5 ml Sol inj ou p perf Ser/0,5ml;0.021;87.2;0;0;1
4974182;3400949741823;;PFIZER;Non renseigné;GENOTONORM GOQUICK 5,3 mg Pdre/solv p sol inj cart bi-comp+Stylo;0.021;112.4;0;0;1
4974207;3400949742073;;PFIZER;Non renseigné;GENOTONORM GOQUICK 12 mg Pdre/solv p sol inj cart bi-comp+Stylo;0.021;253.87;0;0;1
2698051;3400926980511;;PHARMAAND GMBH / CSP MOUSSY;Non renseigné;PEGASYS 90 µg S inj en seringue préremplie Ser/0,5ml;0.021;129.59;0;1;1
3599598;3400935995988;;PHARMAAND GMBH / CSP MOUSSY;Non renseigné;PEGASYS 135 µg S inj en seringue préremplie 4Ser/0,5ml;0.021;664.62;0;0;1
3599606;3400935996060;;PHARMAAND GMBH / CSP MOUSSY;Non renseigné;PEGASYS 180 µg S inj en seringue préremplie Ser/0,5ml;0.021;202.55;0;0;1
3599612;3400935996121;;PHARMAAND GMBH / CSP MOUSSY;Non renseigné;PEGASYS 180 µg S inj en seringue préremplie 4Ser/0,5ml;0.021;792.22;0;0;1
3184130;3400931841302;;PHARMY II-CSP COURNON;Non renseigné;HEXATRIONE 2 % Susp inj intra-articulaire Amp/2ml;0.021;8.22;0;168;1
3233242;3400932332427;;PHARMY II-CSP COURNON;Non renseigné;ALFATIL 125 mg/5 ml Pdr susp buv Fl/60ml;0.021;2.43;0;0;1
3245624;3400932456246;;PHARMY II-CSP COURNON;Non renseigné;ALFATIL 250 mg/5 ml Pdr susp buv Fl/60ml;0.021;3.79;0;0;1
3310801;3400933108014;;PHARMY II-CSP COURNON;Non renseigné;MESOCAINE 50 mg/5 ml S inj Amp/5ml;0.021;0.91;0;0;1
3357599;3400933575991;;PHARMY II-CSP COURNON;Non renseigné;ALFATIL LP 500 mg Cpr pell LP Plq/8;0.021;8.43;0;0;1
3476447;3400934764479;;PHARMY II-CSP COURNON;Non renseigné;CALCITONINE PHARMY II 100 UI/1 ml S inj 5Amp/1ml;0.1;40;0;0;1
3051417;3400930514177;;PHOENIX LABS;Non renseigné;HYDROCORTISONE ROUSSEL 10 mg Cpr séc Plq/25;0.021;1.61;0;160;1
3137538;3400931375388;;PHOENIX LABS;Non renseigné;SANMIGRAN 0,50 mg Cpr enr Plq/50;0.021;4.46;0;0;1
3137544;3400931375449;;PHOENIX LABS;Non renseigné;SANMIGRAN 0,50 mg Cpr enr Plq/100;0.021;8.15;0;0;1
3224266;3400932242665;;PHOENIX LABS;Non renseigné;VISKEN QUINZE Cpr séc Plq/30;0.021;7.82;0;0;1
3308106;3400933081065;;PHOENIX LABS;Non renseigné;TOPREC 25 mg Cpr Plq/20;0.021;1.94;0;1;1
3580682;3400935806826;;PHOENIX LABS;Non renseigné;ACTIQ 400 µg Cpr avec applicateur buccal Plq/3;0.021;16;0;0;1
3714674;3400937146746;;PHOENIX LABS;Non renseigné;VISKEN 5 mg Cpr Plq/90;0.021;5.84;0;0;1
3922088;3400939220888;;PHOENIX LABS;Non renseigné;EFFENTORA 100 µg Cpr buccogingiv Plq/28;0.021;74.39;0;24;1
3922102;3400939221021;;PHOENIX LABS;Non renseigné;EFFENTORA 200 µg Cpr buccogingiv Plq/28;0.021;74.39;0;24;1
3998022;3400939980225;;PHOENIX LABS;Non renseigné;BI PROFENID LP 100 mg Cpr séc LP Plq/20;0.021;3.07;0;1;1
3873071;3400938730715;;PIERRE FABRE MÉDICAMENT;Nicopass;NICOPASS 2,5 mg Past menthe fraîcheur sans sucre Plq/96;0.021;7.23;0;12;1
;3400930024164;;PIERRE FABRE MÉDICAMENT;Non renseigné;NICOPATCHLIB 7 mg/24 h Disp transderm 7Sach;0.021;5.09;0;1;1
;3400930024218;;PIERRE FABRE MÉDICAMENT;Non renseigné;NICOPATCHLIB 7 mg/24 h Disp transderm 28Sach;0.021;20.35;0;40;1
;3400930024249;;PIERRE FABRE MÉDICAMENT;Non renseigné;NICOPATCHLIB 14 mg/24 h Disp transderm 7Sach;0.021;5.09;0;1;1
;3400930024263;;PIERRE FABRE MÉDICAMENT;Non renseigné;NICOPATCHLIB 14 mg/24 h Disp transderm 28Sach;0.021;20.35;0;40;1
;3400930024270;;PIERRE FABRE MÉDICAMENT;Non renseigné;NICOPATCHLIB 21 mg/24 h Disp transderm 7Sach;0.021;5.09;0;1;1
;3400930024300;;PIERRE FABRE MÉDICAMENT;Non renseigné;NICOPATCHLIB 21 mg/24 h Disp transderm 28Sach;0.021;20.35;0;40;1
;3400930142950;;PIERRE FABRE MÉDICAMENT;Non renseigné;CICLOPIROX OLAMINE PIERRE FABRE 1 % Cr T/30g;0.021;2.06;0;1;1
;3400930155196;;PIERRE FABRE MÉDICAMENT;Non renseigné;IVERMECTINE PIERRE FABRE 3 mg Cpr Plq/4;0.021;6.58;0;1;1
;3400930176023;;PIERRE FABRE MÉDICAMENT;Non renseigné;ALIZEM 30 mg Gé Caps molle Plq/30;0.021;158.28;0;1;1
;3400930193266;;PIERRE FABRE MÉDICAMENT;Non renseigné;TOLAK 40 mg/g Cr T/20g;0.021;26.53;0;24;1
;3400930198995;;PIERRE FABRE MÉDICAMENT;Non renseigné;VINORELBINE PIERRE FABRE 20 mg Caps molle Plq/1;0.021;21.19;0;1;1
;3400930204870;;PIERRE FABRE MÉDICAMENT;Non renseigné;KLIPAL 300 mg/25 mg Cpr Plq/16;0.021;1.29;0;160;1
;3400930204887;;PIERRE FABRE MÉDICAMENT;Non renseigné;KLIPAL 600 mg/50 mg Cpr Plq/12;0.021;1.38;0;240;1
;3400930221907;;PIERRE FABRE MÉDICAMENT;Non renseigné;TARDYFERON 80 mg Cpr pell Plq/90;0.021;6.23;0;64;1
2165828;3400921658286;;PIERRE FABRE MÉDICAMENT;Non renseigné;CLARELUX 500 µg/g Mousse p appl cut en fl pressurisé Fl/100g;0.021;7.39;0;24;1
2225720;3400922257204;;PIERRE FABRE MÉDICAMENT;Non renseigné;ELUDRILPERIO 0,20 % S bain bouche Fl (PET)/200ml;0.021;2.02;0;24;1
2667435;3400926674359;;PIERRE FABRE MÉDICAMENT;Non renseigné;GLYCEROL/VASELINE/PARAFFINE PIERRE FABRE SANTE 15 %/8 %/2 % Cr T/250g;0.021;2.08;0;36;1
2788363;3400927883637;;PIERRE FABRE MÉDICAMENT;Non renseigné;HEMANGIOL 3,75 mg/ml S buv Fl/120ml;0.021;158.17;0;14;1
2802577;3400928025777;;PIERRE FABRE MÉDICAMENT;Non renseigné;TARDYFERON 50 mg Cpr pell Plq/30;0.021;1.37;0;64;1
3006316;3400930063163;;PIERRE FABRE MÉDICAMENT;Non renseigné;ARGININE VEYRON S buv en flacon Fl/250ml;0.021;3.67;0;24;1
3019900;3400930199008;;PIERRE FABRE MÉDICAMENT;Non renseigné;VINORELBINE PIERRE FABRE 30 mg Caps molle Plq/1;0.021;31.54;0;1;1
3084931;3400930849316;;PIERRE FABRE MÉDICAMENT;Non renseigné;POLERY Sirop adultes Fl/200ml;0.021;1.63;0;20;1
3181568;3400931815686;;PIERRE FABRE MÉDICAMENT;Non renseigné;PRIMALAN 5 mg Cpr séc Plq/14;0.021;1.67;0;0;1
3255746;3400932557462;;PIERRE FABRE MÉDICAMENT;Non renseigné;MYCOSTER 1% Cr T/30g;0.021;2.28;0;0;1
3263680;3400932636808;;PIERRE FABRE MÉDICAMENT;Non renseigné;PRIMALAN Sirop Fl/60ml;0.021;1.09;0;0;1
3267100;3400932671007;;PIERRE FABRE MÉDICAMENT;Non renseigné;ERYFLUID Lot Fl/100ml;0.021;3.58;0;28;1
3272259;3400932722594;;PIERRE FABRE MÉDICAMENT;Non renseigné;TANGANIL 500 mg/5 ml S inj en ampoule IV 5Amp/5ml;0.021;1.9;0;0;1
3292463;3400932924639;;PIERRE FABRE MÉDICAMENT;Non renseigné;SEPTEAL S appl cut Fl/250ml;0.021;2.14;0;48;1
3304114;3400933041144;;PIERRE FABRE MÉDICAMENT;Non renseigné;MYCOSTER 1% S appl cut Fl/30ml;0.021;3.06;0;0;1
3341894;3400933418946;;PIERRE FABRE MÉDICAMENT;Non renseigné;MYCOSTER 8 % S appl cut Fl/3ml+pinceau;0.021;5.82;0;0;1
3344958;3400933449582;;PIERRE FABRE MÉDICAMENT;Non renseigné;PERMIXON 160 mg Gél Plq/60;0.021;12.81;0;126;1
3351800;3400933518004;;PIERRE FABRE MÉDICAMENT;Non renseigné;TARDYFERON 80 mg Cpr pell Plq/30;0.021;2.27;0;160;1
3359598;3400933595982;;PIERRE FABRE MÉDICAMENT;Non renseigné;BREXIN 20 mg Cpr séc Plq/14;0.021;4.47;0;120;1
3385124;3400933851248;;PIERRE FABRE MÉDICAMENT;Non renseigné;LOCATOP 0,1% Cr T/30g;0.021;1.85;0;64;1
3395832;3400933958329;;PIERRE FABRE MÉDICAMENT;Non renseigné;PRIMALAN 10 mg Cpr séc 2Plq/7 (14);0.021;2.59;0;0;1
3412482;3400934124822;;PIERRE FABRE MÉDICAMENT;Non renseigné;MYCOSTER 1% Pdr appl cut Fl/30g;0.021;3.06;0;0;1
3443347;3400934433474;;PIERRE FABRE MÉDICAMENT;Non renseigné;GRANUDOXY Gé 100 mg Cpr pell séc Plq/15;0.021;2.15;0;0;1
3443353;3400934433535;;PIERRE FABRE MÉDICAMENT;Non renseigné;GRANUDOXY Gé 100 mg Cpr pell séc Plq/28;0.021;4;0;0;1
3567316;3400935673169;;PIERRE FABRE MÉDICAMENT;Non renseigné;LUDEAL Gé 0,15 mg/0,03 mg Cpr enr Plq/21;0.021;1.03;0;0;1
3567322;3400935673220;;PIERRE FABRE MÉDICAMENT;Non renseigné;LUDEAL Gé 0,15 mg/0,03 mg Cpr enr 3Plq/21;0.021;2.61;0;0;1
3581256;3400935812568;;PIERRE FABRE MÉDICAMENT;Non renseigné;CURACNE Gé 5 mg Caps molle Plq/30;0.021;5.76;0;80;1
3581316;3400935813169;;PIERRE FABRE MÉDICAMENT;Non renseigné;CURACNE Gé 10 mg Caps molle Plq/30;0.021;9.73;0;0;1
3581368;3400935813688;;PIERRE FABRE MÉDICAMENT;Non renseigné;CURACNE Gé 20 mg Caps molle Plq/30;0.021;16.88;0;0;1
3588436;3400935884367;;PIERRE FABRE MÉDICAMENT;Non renseigné;DAILY Gé Cpr enr Plq/3x21;0.021;2.61;0;0;1
3627308;3400936273085;;PIERRE FABRE MÉDICAMENT;Non renseigné;PRIMALAN Sirop Fl/125ml;0.021;1.88;0;30;1
3676034;3400936760349;;PIERRE FABRE MÉDICAMENT;Non renseigné;CURACNE 40 mg Caps molle Plq/30;0.021;32.32;0;0;1
3686363;3400936863637;;PIERRE FABRE MÉDICAMENT;Non renseigné;ANESDERM 5 % Gé Cr T/5g;0.021;2.56;0;72;1
3686400;3400936864009;;PIERRE FABRE MÉDICAMENT;Non renseigné;MYCOSTER 10 mg/g Shampooing Fl/60ml;0.021;4.25;0;80;1
3689574;3400936895744;;PIERRE FABRE MÉDICAMENT;Non renseigné;ELUDRIL Gé 0,5 ml/0,5 g pour 100 ml S bain bouche Fl/90ml;0.021;1.25;0;100;1
3691849;3400936918498;;PIERRE FABRE MÉDICAMENT;Non renseigné;DIASEPTYL 0,5 % S appl cut Fl pulv/125ml;0.021;2.35;0;48;1
3722432;3400937224321;;PIERRE FABRE MÉDICAMENT;Non renseigné;PERMIXON 160 mg Gél Plq/180;0.021;38.48;0;28;1
3870954;3400938709544;;PIERRE FABRE MÉDICAMENT;Non renseigné;CLARELUX Gé 500 µg/g Cr T/10g;0.021;1.03;0;132;1
3874231;3400938742312;;PIERRE FABRE MÉDICAMENT;Non renseigné;FUSIDATE DE SODIUM PIERRE FABRE 2 % Pom 1B/15g;0.021;1.41;0;132;1
3984586;3400939845869;;PIERRE FABRE MÉDICAMENT;Non renseigné;POLERY Sirop sans sucre adultes Fl/200ml;0.021;1.63;0;20;1
3332926;3400933329266;;PROVEPHARM;Non renseigné;QUITAXON 10 mg Cpr pell séc 2Plq/20 (40);0.021;1.14;0;0;1
3332932;3400933329327;;PROVEPHARM;Non renseigné;QUITAXON 50 mg Cpr pell séc B/20;0.021;2.79;0;0;1
3565346;3400935653468;;PROVEPHARM;Vitamine;VITAMINE E PROVEPHARM 100 mg/2 ml S inj 6Amp/2ml;0.021;4.69;0;0;1
3295272;3400932952724;;RB PHARMACEUTICALS LTD;Non renseigné;TEMGESIC 0,2 mg Cpr subl Plq/20;0.021;7.18;0;0;1
3394399;3400933943998;;RB PHARMACEUTICALS LTD;Non renseigné;SUBUTEX 8 mg Cpr subl Plq/7;0.021;11.43;0;360;1
3394442;3400933944421;;RB PHARMACEUTICALS LTD;Non renseigné;SUBUTEX 0,4 mg Cpr subl Plq/7;0.021;1.46;0;0;1
3395140;3400933951405;;RB PHARMACEUTICALS LTD;Non renseigné;SUBUTEX 2 mg Cpr subl Plq/7;0.021;3.78;0;360;1
3776132;3400937761321;;RB PHARMACEUTICALS LTD;Non renseigné;SUBOXONE 2 mg/0,5 mg Cpr subl Plq/7;0.021;2.63;0;0;1
3776155;3400937761550;;RB PHARMACEUTICALS LTD;Non renseigné;SUBOXONE 8 mg/2 mg Cpr subl Plq/7;0.021;7.86;0;0;1
;3400930186145;;RECKITT BENCKISER HEALTHCARE-SAG;Non renseigné;NUREFLEX 400 mg Cpr enr Plq/24;0.021;1.72;0;1;1
3228502;3400932285020;;RECKITT BENCKISER HEALTHCARE-SAG;Non renseigné;GAVISCON Susp buv en flacon Fl/250ml;0.021;2.72;0;12;1
3309525;3400933095253;;RECKITT BENCKISER HEALTHCARE-SAG;Non renseigné;GAVISCON Susp buv en sachet 24Sach/10ml;0.021;3.42;0;12;1
3375367;3400933753672;;RECKITT BENCKISER HEALTHCARE-SAG;Non renseigné;GAVISCON Susp buv en flacon nourrisson Fl/150ml+pipette;0.021;1.93;0;12;1
;3400930066546;;ROCHE;Non renseigné;MODOPAR 62,5 (50 mg/12,5 mg) Gél Fl/60;0.021;2.66;0;100;1
;3400930066560;;ROCHE;Non renseigné;MODOPAR 125 (100 mg/25 mg) Gél Fl/60;0.021;4.69;0;100;1
;3400930066607;;ROCHE;Non renseigné;MODOPAR 250 (200 mg/50 mg) Gél Fl/60;0.021;8.18;0;80;1
;3400930066638;;ROCHE;Non renseigné;MODOPAR LP 125 (100 mg/25 mg) Gél LP Fl/60;0.021;5.5;0;80;1
;3400930066669;;ROCHE;Non renseigné;MODOPAR 125 (100 mg/25 mg) Cpr séc susp buv dispersible Fl/60;0.021;5.02;0;100;1
;3400930083048;;ROCHE;Non renseigné;ALECENSA 150 mg Gél 4Plq/56;0.021;3640.54;0;1;1
;3400930141427;;ROCHE;Non renseigné;HEMLIBRA 150 mg/ml S inj Fl/0,4ml;0.021;2411.5;0;1;1
;3400930141434;;ROCHE;Non renseigné;HEMLIBRA 150 mg/ml S inj Fl/0,7ml;0.021;4200.25;0;1;1
;3400930141441;;ROCHE;Non renseigné;HEMLIBRA 150 mg/ml S inj Fl/1ml;0.021;5989;0;1;1
;3400930145524;;ROCHE;Non renseigné;ROACTEMRA 162 mg Sol inj stylo prérempli 4Stylo/0,9ml;0.021;527.76;0;1;1
;3400930229385;;ROCHE;Non renseigné;EVRYSDI 0,75 mg/ml Pdr sol buv Fl+Ser;0.021;7383.55;0;1;1
;3400930262597;;ROCHE;Non renseigné;VABYSMO 120 mg/ml S inj Fl/0,24ml+aig;0.021;345.28;0;88;1
;3400930272282;;ROCHE;Non renseigné;HEMLIBRA 150 mg/ml S inj Fl/2ml;0.021;11951.5;0;1;1
3267488;3400932674886;;ROCHE;Non renseigné;ROCEPHINE 1 g/10 ml Pdre/solv p sol inj IV Fl+Amp/10ml;0.021;5.35;0;0;1
3267525;3400932675258;;ROCHE;Non renseigné;ROCEPHINE 1 g/3,5 ml Pdre/solv p sol inj IM Fl+Amp/3,5ml;0.021;5.69;0;0;1
3595258;3400935952585;;ROCHE;Non renseigné;CELLCEPT 250 mg Gél Plq/10x10 (100);0.021;44.85;0;30;1
3595270;3400935952707;;ROCHE;Non renseigné;CELLCEPT 500 mg Cpr pell Plq/5x10 (50);0.021;44.85;0;50;1
3595293;3400935952936;;ROCHE;Non renseigné;CELLCEPT 1 g/5 ml Pdr susp buv Fl/110g;0.021;166.9;0;0;1
3599629;3400935996299;;ROCHE;Non renseigné;TAMIFLU 75 mg Gél 1Plq/10;0.021;8.31;0;0;1
3634662;3400936346628;;ROCHE;Non renseigné;NEORECORMON 30 000 UI S inj 4Ser préremplies/0.6ml;0.021;455.42;0;0;1
3646754;3400936467545;;ROCHE;Non renseigné;PULMOZYME 2500 U/2,5 ml S p inh/nébulis 30Amp/2,5ml;0.021;731.5;0;0;1
3815145;3400938151459;;ROCHE;Non renseigné;MIRCERA 50 µg/0,3 ml S inj en seringue préremplie Ser/0,3ml;0.021;46.38;0;0;1
3815151;3400938151510;;ROCHE;Non renseigné;MIRCERA 75 µg/0,3 ml S inj en seringue préremplie Ser/0,3ml;0.021;69.32;0;0;1
3815174;3400938151749;;ROCHE;Non renseigné;MIRCERA 100 µg/0,3 ml S inj en seringue préremplie Ser/0,3ml;0.021;92.24;0;0;1
3903808;3400939038087;;ROCHE;Non renseigné;MIRCERA 120 µg/0,3 ml S inj en seringue préremplie Ser/0,3ml;0.021;110.59;0;0;1
;3400930009291;;SANDOZ - SAG  PRNCEPS / ALLOGA  ANGERS ;Non renseigné;ADOPORT 2 mg Gél Plq/50;0.021;97.03;0;1;1
;3400930097304;;SANDOZ - SAG  PRNCEPS / ALLOGA  ANGERS ;Non renseigné;ENOXAPAR BECAT 2000UI(20mg)/0,2ml 6Ser/0,2ml;0.021;11.21;0;1;1
;3400930097359;;SANDOZ - SAG  PRNCEPS / ALLOGA  ANGERS ;Non renseigné;ENOXAPAR BECAT 4000UI(40mg)/0,4ml 2Ser/0,4ml;0.021;7.48;0;72;1
;3400930097366;;SANDOZ - SAG  PRNCEPS / ALLOGA  ANGERS ;Non renseigné;ENOXAPAR BECAT 4000UI(40mg)/0,4ml 6Ser/0,4ml;0.021;22.43;0;50;1
;3400930097564;;SANDOZ - SAG  PRNCEPS / ALLOGA  ANGERS ;Non renseigné;ENOXAPAR BECAT 6000UI (60 mg)/0,6ml 2Se/0,6ml;0.021;8.62;0;1;1
;3400930097601;;SANDOZ - SAG  PRNCEPS / ALLOGA  ANGERS ;Non renseigné;ENOXAPAR BECAT 6000UI (60 mg)/0,6ml 10S/0,6ml;0.021;43.1;0;1;1
;3400930097656;;SANDOZ - SAG  PRNCEPS / ALLOGA  ANGERS ;Non renseigné;ENOXAPAR BECAT 8000UI (80mg)/0,8ml 2Ser/0,8ml;0.021;9.66;0;1;1
;3400930097670;;SANDOZ - SAG  PRNCEPS / ALLOGA  ANGERS ;Non renseigné;ENOXAPAR BECAT 8000UI (80mg)/0,8ml 10Se/0,8ml;0.021;48.25;0;1;1
;3400930097977;;SANDOZ - SAG  PRNCEPS / ALLOGA  ANGERS ;Non renseigné;ENOXAPAR BECAT 10000UI100mg/1ml 10Ser/1ml;0.021;60.03;0;1;1
;3400930098943;;SANDOZ - SAG  PRNCEPS / ALLOGA  ANGERS ;Non renseigné;ERELZI 25 mg S inj en seringue préremplie 4Ser;0.021;217.9;0;1;1
;3400930098950;;SANDOZ - SAG  PRNCEPS / ALLOGA  ANGERS ;Non renseigné;ERELZI 50 mg S inj en seringue préremplie 4Ser;0.021;435.32;0;1;1
;3400930098967;;SANDOZ - SAG  PRNCEPS / ALLOGA  ANGERS ;Non renseigné;ERELZI 50 mg S inj en stylo prérempli 4Stylo;0.021;435.32;0;1;1
;3400930162743;;SANDOZ - SAG  PRNCEPS / ALLOGA  ANGERS ;Non renseigné;ZIEXTENZO 6 mg S inj en seringue préremplie Ser/0,6ml;0.021;358.57;0;1;1
;3400930273029;;SANDOZ - SAG  PRNCEPS / ALLOGA  ANGERS ;Non renseigné;HYRIMOZ 40 mg/0,4 ml S inj en seringue préremplie 2Ser/0,4ml;0.021;350.02;0;1;1
;3400930273043;;SANDOZ - SAG  PRNCEPS / ALLOGA  ANGERS ;Non renseigné;HYRIMOZ 40 mg/0,4 ml S inj en stylo prérempli 2Stylo/0,4ml;0.021;350.02;0;1;1
;3400930273074;;SANDOZ - SAG  PRNCEPS / ALLOGA  ANGERS ;Non renseigné;HYRIMOZ 80 mg/0,8 ml S inj en stylo prérempli Stylo/0,8ml;0.021;350.02;0;1;1
;3400930293416;;SANDOZ - SAG  PRNCEPS / ALLOGA  ANGERS ;Non renseigné;PYZCHIVA 45 mg Sol inj ser préremplie Ser/0,5ml;0.021;1046.54;0;1;1
;3400930293591;;SANDOZ - SAG  PRNCEPS / ALLOGA  ANGERS ;Non renseigné;EZETIMIBE/ATORVASTATINE SANDOZ 10 mg/80 mg Cpr pell Plq/90 (2x45);0.021;24.57;0.025;9;1
;3400930305867;;SANDOZ - SAG  PRNCEPS / ALLOGA  ANGERS ;Non renseigné;JUBBONTI 60 mg Sol inj ser préremplie Ser/1ml;0.021;85.88;0;1;1
;3400930305874;;SANDOZ - SAG  PRNCEPS / ALLOGA  ANGERS ;Non renseigné;WYOST 120 mg S inj Fl/1,7ml;0.021;141.73;0;1;1
2168778;3400921687781;;SANDOZ - SAG  PRNCEPS / ALLOGA  ANGERS ;Non renseigné;OMNITROPE 15 mg/1,5 ml Sol inj cart Cart/1,5ml;0.021;278.78;0;0;1
2168784;3400921687842;;SANDOZ - SAG  PRNCEPS / ALLOGA  ANGERS ;Non renseigné;OMNITROPE 15 mg/1,5 ml Sol inj cart 5Cart/1,5ml;0.021;1344.82;0;0;1
2168790;3400921687903;;SANDOZ - SAG  PRNCEPS / ALLOGA  ANGERS ;Non renseigné;OMNITROPE 15 mg/1,5 ml Sol inj cart 10Cart/1,5 ml;0.021;2663.15;0;0;1
2176045;3400921760453;;SANDOZ - SAG  PRNCEPS / ALLOGA  ANGERS ;Non renseigné;DESLORATADINE SANDOZ 0,5 mg/ml S buv Fl/150ml+ser;0.021;1.53;0.025;30;1
2755286;3400927552861;;SANDOZ - SAG  PRNCEPS / ALLOGA  ANGERS ;Non renseigné;OMNITROPE 10 mg/1,5 ml Sol inj cart Cart Surepal 10;0.021;186.02;0;0;1
3091629;3400930916292;;SANDOZ - SAG  PRNCEPS / ALLOGA  ANGERS ;Non renseigné;RIMACTAN 300 mg Gél B/30;0.021;10.76;0;0;1
3283033;3400932830336;;SANDOZ - SAG  PRNCEPS / ALLOGA  ANGERS ;Non renseigné;NITRIDERM TTS 5 mg/24 h Disp transderm 30Sach;0.021;10.46;0;0;1
3283056;3400932830565;;SANDOZ - SAG  PRNCEPS / ALLOGA  ANGERS ;Non renseigné;NITRIDERM TTS 10 mg/24 h Disp transderm 30Sach;0.021;11.39;0;0;1
3312148;3400933121488;;SANDOZ - SAG  PRNCEPS / ALLOGA  ANGERS ;Non renseigné;ZINNAT 250 mg Cpr pell Plq/8;0.021;3.92;0;0;1
3377343;3400933773434;;SANDOZ - SAG  PRNCEPS / ALLOGA  ANGERS ;Non renseigné;FORADIL 12 µg Pdr p inh (gélule) Plq/60gélules+inh;0.021;9.8;0;50;1
3407512;3400934075124;;SANDOZ - SAG  PRNCEPS / ALLOGA  ANGERS ;Non renseigné;NITRIDERM TTS 15 mg/24 h Disp transderm 30Sach;0.021;12.32;0;0;1
3439452;3400934394522;;SANDOZ - SAG  PRNCEPS / ALLOGA  ANGERS ;Non renseigné;ZOPHREN 4 mg Lyophilisat oral Plq/4;0.021;7.42;0;0;1
3439498;3400934394980;;SANDOZ - SAG  PRNCEPS / ALLOGA  ANGERS ;Non renseigné;ZOPHREN 8 mg Lyophilisat oral Plq/4;0.021;8.18;0;0;1
3616204;3400936162044;;SANDOZ - SAG  PRNCEPS / ALLOGA  ANGERS ;Non renseigné;ZOPHREN 8 mg Cpr pell Plq/4;0.021;8.18;0;0;1
3616368;3400936163683;;SANDOZ - SAG  PRNCEPS / ALLOGA  ANGERS ;Non renseigné;ZOPHREN 4 mg Cpr pell Plq/2;0.021;6.84;0;0;1
3616380;3400936163805;;SANDOZ - SAG  PRNCEPS / ALLOGA  ANGERS ;Non renseigné;ZOPHREN 4 mg Cpr pell Plq/4;0.021;13.68;0;0;1
3658711;3400936587113;;SANDOZ - SAG  PRNCEPS / ALLOGA  ANGERS ;Non renseigné;ACLASTA 5 mg S perf Fl/100ml;0.021;169.14;0;0;1
3723288;3400937232883;;SANDOZ - SAG  PRNCEPS / ALLOGA  ANGERS ;Non renseigné;FORTUM 500 mg Pdr sol inj IM IV enfant nourrisson Fl pdre/591mg;0.021;4.49;0;0;1
3723302;3400937233026;;SANDOZ - SAG  PRNCEPS / ALLOGA  ANGERS ;Non renseigné;FORTUM 1 g Pdre p sol inj/p perf IM IV Fl;0.021;6.7;0;0;1
3741547;3400937415477;;SANDOZ - SAG  PRNCEPS / ALLOGA  ANGERS ;Non renseigné;ADOPORT 0,5 mg Gél Plq/50;0.021;24.27;0;0;1
3748532;3400937485326;;SANDOZ - SAG  PRNCEPS / ALLOGA  ANGERS ;Non renseigné;ADOPORT 1 mg Gél Plq/50;0.021;48.51;0;0;1
3821677;3400938216776;;SANDOZ - SAG  PRNCEPS / ALLOGA  ANGERS ;Non renseigné;BINOCRIT 10 000 UI/1 ml Sol inj ser préremplie Ser/1,0ml;0.021;40.92;0;0;1
3935441;3400939354415;;SANDOZ - SAG  PRNCEPS / ALLOGA  ANGERS ;Non renseigné;ZARZIO 30 MU/0,5 ml Sol inj/p perf en ser préremplie Ser/0,5ml+Aig;0.021;53.79;0;0;1
3935464;3400939354644;;SANDOZ - SAG  PRNCEPS / ALLOGA  ANGERS ;Non renseigné;ZARZIO 30 MU/0,5 ml Sol inj/p perf en ser préremplie 5Ser/0,5ml+aig;0.021;266.91;0;0;1
3935487;3400939354873;;SANDOZ - SAG  PRNCEPS / ALLOGA  ANGERS ;Non renseigné;ZARZIO 48 MU/0,5 ml Sol inj/p perf en ser préremplie Ser/0,5ml+Aig;0.021;87.2;0;0;1
3935501;3400939355016;;SANDOZ - SAG  PRNCEPS / ALLOGA  ANGERS ;Non renseigné;ZARZIO 48 MU/0,5 ml Sol inj/p perf en ser préremplie 5Ser/0,5ml+aig;0.021;433.97;0;0;1
4981839;3400949818396;;SANDOZ - SAG  PRNCEPS / ALLOGA  ANGERS ;Non renseigné;BINOCRIT 20 000 UI/0,5 ml Sol inj ser préremplie Ser/0,5ml;0.021;81.36;0;0;1
4981851;3400949818518;;SANDOZ - SAG  PRNCEPS / ALLOGA  ANGERS ;Non renseigné;BINOCRIT 30 000 UI/0,75 ml Sol inj ser préremplie Ser/0,75ml;0.021;121.78;0;121;1
4981874;3400949818747;;SANDOZ - SAG  PRNCEPS / ALLOGA  ANGERS ;Non renseigné;BINOCRIT 40 000 UI/1 ml Sol inj ser préremplie Ser/1,0ml;0.021;162.21;0;0;1
3658303;3400936583030;;SANDOZ - SAG GENERIQUES / ALLOGA  ANGERS;Ibuprofene;IBUPROFENE SANDOZ 200 mg Cpr enr Plq/30;0.021;0.9;0.025;100;1
3665579;3400936655799;;SANDOZ - SAG GENERIQUES / ALLOGA  ANGERS;Ibuprofene;IBUPROFENE SANDOZ 400 mg Cpr pell Plq/20;0.021;1.05;0.025;100;1
;3400930004555;;SANDOZ - SAG GENERIQUES / ALLOGA  ANGERS;Non renseigné;CHOLECALCIFEROL SANDOZ 100 000 UI S buv en ampoule Amp/2ml;0.021;0.68;0.025;264;1
;3400930005293;;SANDOZ - SAG GENERIQUES / ALLOGA  ANGERS;Non renseigné;ALMOTRIPTAN SANDOZ 12,5 mg Cpr pell Plq PVC/PVDC/Alu/12;0.021;10.1;0.1;1;1
;3400930012314;;SANDOZ - SAG GENERIQUES / ALLOGA  ANGERS;Non renseigné;PRAMIPEXOLE SANDOZ LP 0,52 mg Cpr LP Plq/30;0.021;5.78;0.025;1;1
;3400930012338;;SANDOZ - SAG GENERIQUES / ALLOGA  ANGERS;Non renseigné;PRAMIPEXOLE SANDOZ LP 1,05 mg Cpr LP Plq/30;0.021;11.55;0.025;1;1
;3400930012376;;SANDOZ - SAG GENERIQUES / ALLOGA  ANGERS;Non renseigné;PRAMIPEXOLE SANDOZ LP 2,1 mg Cpr LP Plq/30;0.021;21.16;0.025;1;1
;3400930013632;;SANDOZ - SAG GENERIQUES / ALLOGA  ANGERS;Non renseigné;AMOROLFINE SANDOZ 5 % V ongles médicamenteux Fl/2,5ml+20spatules;0.021;7.51;0.05;1;1
;3400930015223;;SANDOZ - SAG GENERIQUES / ALLOGA  ANGERS;Non renseigné;BRINZOLAMIDE SANDOZ 10 mg/ml Col susp Fl/5ml;0.021;3.31;0.025;1;1
;3400930023433;;SANDOZ - SAG GENERIQUES / ALLOGA  ANGERS;Non renseigné;SEVELAMER CARBONATE SANDOZ 800 mg Cpr pell Fl/180;0.021;57.13;0.025;1;1
;3400930023648;;SANDOZ - SAG GENERIQUES / ALLOGA  ANGERS;Non renseigné;ARIPIPRAZOLE SANDOZ 10 mg Cpr Plq/28;0.021;13.83;0.05;288;1
;3400930023655;;SANDOZ - SAG GENERIQUES / ALLOGA  ANGERS;Non renseigné;ARIPIPRAZOLE SANDOZ 15 mg Cpr Plq/28;0.021;13.83;0.05;1;1
;3400930028322;;SANDOZ - SAG GENERIQUES / ALLOGA  ANGERS;Non renseigné;QUETIAPINE SANDOZ LP 50 mg Cpr LP Plq/30;0.021;6.78;0.05;49;1
;3400930028377;;SANDOZ - SAG GENERIQUES / ALLOGA  ANGERS;Non renseigné;QUETIAPINE SANDOZ LP 300 mg Cpr LP Plq/30;0.021;11.4;0.1;1;1
;3400930028407;;SANDOZ - SAG GENERIQUES / ALLOGA  ANGERS;Non renseigné;QUETIAPINE SANDOZ LP 400 mg Cpr LP Plq/30;0.021;18.35;0.025;1;1
;3400930028414;;SANDOZ - SAG GENERIQUES / ALLOGA  ANGERS;Non renseigné;QUETIAPINE SANDOZ LP 400 mg Cpr LP Plq/60;0.021;36.7;0.025;1;1
;3400930043264;;SANDOZ - SAG GENERIQUES / ALLOGA  ANGERS;Non renseigné;FULVESTRANT SANDOZ 250 mg S inj en seringue préremplie 1Ser/5ml+aig/1;0.021;78;0.025;1;1
;3400930043431;;SANDOZ - SAG GENERIQUES / ALLOGA  ANGERS;Non renseigné;ARIPIPRAZOLE SANDOZ 10 mg Cpr orodisp Plq/28x1;0.021;14.2;0.025;1;1
;3400930043578;;SANDOZ - SAG GENERIQUES / ALLOGA  ANGERS;Non renseigné;ARIPIPRAZOLE SANDOZ 15 mg Cpr orodisp Plq/28x1;0.021;13.1;0.1;1;1
;3400930047507;;SANDOZ - SAG GENERIQUES / ALLOGA  ANGERS;Non renseigné;GLICLAZIDE SANDOZ 60 mg Cpr séc LM Plq PVC/alu/90;0.021;6.67;0.05;1;1
;3400930048306;;SANDOZ - SAG GENERIQUES / ALLOGA  ANGERS;Non renseigné;IMATINIB SANDOZ 100 mg Cpr pell séc Plq/60;0.021;254.89;0.05;1;1
;3400930048351;;SANDOZ - SAG GENERIQUES / ALLOGA  ANGERS;Non renseigné;IMATINIB SANDOZ 400 mg Cpr pell séc Plq/30;0.021;509.79;0.05;1;1
;3400930055601;;SANDOZ - SAG GENERIQUES / ALLOGA  ANGERS;Non renseigné;DESOGESTREL SANDOZ 75 µg Cpr pell Plq/3x28;0.021;2.3;0.025;1;1
;3400930057926;;SANDOZ - SAG GENERIQUES / ALLOGA  ANGERS;Non renseigné;EPLERENONE SANDOZ 25 mg Cpr pell Plq/30;0.021;10.67;0.025;1;1
;3400930057988;;SANDOZ - SAG GENERIQUES / ALLOGA  ANGERS;Non renseigné;EPLERENONE SANDOZ 25 mg Cpr pell Plq/90;0.021;30.39;0.025;1;1
;3400930058497;;SANDOZ - SAG GENERIQUES / ALLOGA  ANGERS;Non renseigné;ZONISAMIDE SANDOZ 25 mg Gél Plq/14;0.021;3.04;0.025;1;1
;3400930058510;;SANDOZ - SAG GENERIQUES / ALLOGA  ANGERS;Non renseigné;ZONISAMIDE SANDOZ 50 mg Gél Plq/14;0.021;3.04;0.025;1;1
;3400930058589;;SANDOZ - SAG GENERIQUES / ALLOGA  ANGERS;Non renseigné;ZONISAMIDE SANDOZ 100 mg Gél Plq/56;0.021;12.19;0.025;1;1
;3400930058930;;SANDOZ - SAG GENERIQUES / ALLOGA  ANGERS;Non renseigné;ROSUVASTATINE SANDOZ 5 mg Cpr pell Plq/30;0.021;3.14;0.05;120;1
;3400930058978;;SANDOZ - SAG GENERIQUES / ALLOGA  ANGERS;Non renseigné;ROSUVASTATINE SANDOZ 5 mg Cpr pell Plq/90;0.021;9.44;0.05;80;1
;3400930058992;;SANDOZ - SAG GENERIQUES / ALLOGA  ANGERS;Non renseigné;ROSUVASTATINE SANDOZ 10 mg Cpr pell Plq/30;0.021;3.52;0.05;120;1
;3400930059036;;SANDOZ - SAG GENERIQUES / ALLOGA  ANGERS;Non renseigné;ROSUVASTATINE SANDOZ 10 mg Cpr pell Plq/90;0.021;10.55;0.05;80;1
;3400930059050;;SANDOZ - SAG GENERIQUES / ALLOGA  ANGERS;Non renseigné;ROSUVASTATINE SANDOZ 20 mg Cpr pell Plq/30;0.021;3.52;0.05;1;1
;3400930059104;;SANDOZ - SAG GENERIQUES / ALLOGA  ANGERS;Non renseigné;ROSUVASTATINE SANDOZ 20 mg Cpr pell Plq/90;0.021;10.55;0.05;1;1
;3400930068823;;SANDOZ - SAG GENERIQUES / ALLOGA  ANGERS;Non renseigné;OXYCODONE SANDOZ 5 mg Gél Plq/14;0.021;0.82;0.025;1;1
;3400930068892;;SANDOZ - SAG GENERIQUES / ALLOGA  ANGERS;Non renseigné;OXYCODONE SANDOZ 10 mg Gél Plq/14;0.021;1.47;0.025;1;1
;3400930068960;;SANDOZ - SAG GENERIQUES / ALLOGA  ANGERS;Non renseigné;OXYCODONE SANDOZ 20 mg Gél Plq/14;0.021;2.93;0.025;1;1
;3400930077948;;SANDOZ - SAG GENERIQUES / ALLOGA  ANGERS;Non renseigné;DUTASTERIDE SANDOZ 0,5 mg Caps molle Plq/30;0.021;5.52;0.05;96;1
;3400930080184;;SANDOZ - SAG GENERIQUES / ALLOGA  ANGERS;Non renseigné;VORICONAZOLE SANDOZ 200 mg Cpr pell Plq/56;0.021;723.95;0.05;1;1
;3400930085523;;SANDOZ - SAG GENERIQUES / ALLOGA  ANGERS;Non renseigné;SEVELAMER CARBONATE SANDOZ 2,4 g Pdr susp buv 90Sach;0.021;85.69;0.025;1;1
;3400930087183;;SANDOZ - SAG GENERIQUES / ALLOGA  ANGERS;Non renseigné;PREGABALINE SANDOZ 25 mg Gél Plq/56;0.021;3.09;0.05;1;1
;3400930087190;;SANDOZ - SAG GENERIQUES / ALLOGA  ANGERS;Non renseigné;PREGABALINE SANDOZ 25 mg Gél Plq/84;0.021;4.62;0.05;1;1
;3400930087206;;SANDOZ - SAG GENERIQUES / ALLOGA  ANGERS;Non renseigné;PREGABALINE SANDOZ 50 mg Gél Plq/84;0.021;7.7;0.05;70;1
;3400930087213;;SANDOZ - SAG GENERIQUES / ALLOGA  ANGERS;Non renseigné;PREGABALINE SANDOZ 75 mg Gél Plq/56;0.021;7.65;0.05;1;1
;3400930087220;;SANDOZ - SAG GENERIQUES / ALLOGA  ANGERS;Non renseigné;PREGABALINE SANDOZ 100 mg Gél Plq/84;0.021;11.47;0.05;1;1
;3400930087244;;SANDOZ - SAG GENERIQUES / ALLOGA  ANGERS;Non renseigné;PREGABALINE SANDOZ 200 mg Gél Plq/84;0.021;17.12;0.05;30;1
;3400930087251;;SANDOZ - SAG GENERIQUES / ALLOGA  ANGERS;Non renseigné;PREGABALINE SANDOZ 300 mg Gél Plq/56;0.021;15.84;0.05;45;1
;3400930087268;;SANDOZ - SAG GENERIQUES / ALLOGA  ANGERS;Non renseigné;PREGABALINE SANDOZ 150 mg Gél Plq/56;0.021;11.42;0.05;60;1
;3400930097441;;SANDOZ - SAG GENERIQUES / ALLOGA  ANGERS;Non renseigné;EZETIMIBE/SIMVASTATINE SANDOZ 10 mg/20 mg Cpr Plq/30;0.021;10.74;0.05;1;1
;3400930097502;;SANDOZ - SAG GENERIQUES / ALLOGA  ANGERS;Non renseigné;EZETIMIBE/SIMVASTATINE SANDOZ 10 mg/40 mg Cpr Plq/30;0.021;10.74;0.05;1;1
;3400930097526;;SANDOZ - SAG GENERIQUES / ALLOGA  ANGERS;Non renseigné;EZETIMIBE/SIMVASTATINE SANDOZ 10 mg/40 mg Cpr Plq/90;0.021;30.63;0.05;1;1
;3400930097762;;SANDOZ - SAG GENERIQUES / ALLOGA  ANGERS;Non renseigné;EZETIMIBE SANDOZ 10 mg Cpr Plq alu/30;0.021;9.49;0.05;1;1
;3400930097816;;SANDOZ - SAG GENERIQUES / ALLOGA  ANGERS;Non renseigné;EZETIMIBE SANDOZ 10 mg Cpr Plq alu/90;0.021;27.04;0.05;1;1
;3400930099346;;SANDOZ - SAG GENERIQUES / ALLOGA  ANGERS;Non renseigné;ETORICOXIB SANDOZ 30 mg Cpr pell Plq/28;0.021;3.35;0.1;1;1
;3400930099520;;SANDOZ - SAG GENERIQUES / ALLOGA  ANGERS;Non renseigné;ETORICOXIB SANDOZ 60 mg Cpr pell Plq/28;0.021;5.33;0.1;1;1
;3400930100844;;SANDOZ - SAG GENERIQUES / ALLOGA  ANGERS;Non renseigné;BIMATOPROST SANDOZ 0,1 mg/ml Collyre sol Fl/3ml;0.021;4.61;0.025;1;1
;3400930101834;;SANDOZ - SAG GENERIQUES / ALLOGA  ANGERS;Non renseigné;ENTECAVIR SANDOZ 0,5 mg Cpr pell Plq/30;0.021;108.65;0.05;1;1
;3400930107768;;SANDOZ - SAG GENERIQUES / ALLOGA  ANGERS;Non renseigné;BIMATOPROST/TIMOLOL SANDOZ 0,3 mg/ml + 5 mg/ml Collyre sol Fl/3ml;0.021;5.5;0.025;1;1
;3400930108291;;SANDOZ - SAG GENERIQUES / ALLOGA  ANGERS;Non renseigné;FEBUXOSTAT SANDOZ 80 mg Cpr pell Plq Alu/OPA/PVC/28;0.021;6.37;0.05;240;1
;3400930108338;;SANDOZ - SAG GENERIQUES / ALLOGA  ANGERS;Non renseigné;ANASTROZOLE SANDOZ 1 mg Cpr pell Plq/30;0.021;19.83;0.05;1;1
;3400930108345;;SANDOZ - SAG GENERIQUES / ALLOGA  ANGERS;Non renseigné;ANASTROZOLE SANDOZ 1 mg Cpr pell Plq/90;0.021;56.5;0.05;1;1
;3400930108543;;SANDOZ - SAG GENERIQUES / ALLOGA  ANGERS;Non renseigné;FEBUXOSTAT SANDOZ 120 mg Cpr pell Plq Alu/OPA/PVC/28;0.021;6.37;0.05;1;1
;3400930108703;;SANDOZ - SAG GENERIQUES / ALLOGA  ANGERS;Non renseigné;VILDAGLIPTINE SANDOZ 50 mg Cpr Plq/30;0.021;3.01;0.1;1;1
;3400930108727;;SANDOZ - SAG GENERIQUES / ALLOGA  ANGERS;Non renseigné;VILDAGLIPTINE SANDOZ 50 mg Cpr Plq/60;0.021;6.01;0.1;1;1
;3400930111987;;SANDOZ - SAG GENERIQUES / ALLOGA  ANGERS;Non renseigné;EMTRICITABINE/TENOFOVIR DISOPROXIL SANDOZ 200 mg/245 mg Cpr pell Plq/30;0.021;122.74;0.05;44;1
;3400930111994;;SANDOZ - SAG GENERIQUES / ALLOGA  ANGERS;Non renseigné;EMTRICITABINE/TENOFOVIR DISOPROXIL SANDOZ 200 mg/245 mg Cpr pell Fl/30;0.021;122.74;0.05;72;1
;3400930113165;;SANDOZ - SAG GENERIQUES / ALLOGA  ANGERS;Non renseigné;IVABRADINE SANDOZ 5 mg Cpr pell séc Plq PVC/PE/PVDC/Alu/56;0.021;11.89;0.05;1;1
;3400930113479;;SANDOZ - SAG GENERIQUES / ALLOGA  ANGERS;Non renseigné;IVABRADINE SANDOZ 7,5 mg Cpr pell Plq PVC/PE/PVDC/Alu/56;0.021;11.27;0.1;1;1
;3400930113936;;SANDOZ - SAG GENERIQUES / ALLOGA  ANGERS;Non renseigné;NEVIRAPINE SANDOZ LP 400 mg Cpr LP Plq/30x1;0.021;32.37;0.025;1;1
;3400930116791;;SANDOZ - SAG GENERIQUES / ALLOGA  ANGERS;Non renseigné;VILDAGLIPTINE/METFORMINE SANDOZ 50 mg/1000 mg Cpr pell Plq PA/Alu/PVC/60;0.021;6.51;0.025;20;1
;3400930122334;;SANDOZ - SAG GENERIQUES / ALLOGA  ANGERS;Non renseigné;METFORMINE SANDOZ 1000 mg Cpr pell Plq/30;0.021;1.39;0.05;180;1
;3400930125786;;SANDOZ - SAG GENERIQUES / ALLOGA  ANGERS;Non renseigné;ESOMEPRAZOLE SANDOZ 20 mg Gél gastro-rés Plq alu/28;0.021;3.12;0.025;60;1
;3400930125854;;SANDOZ - SAG GENERIQUES / ALLOGA  ANGERS;Non renseigné;ESOMEPRAZOLE SANDOZ 40 mg Gél gastro-rés Plq alu/14;0.021;1.56;0.025;1;1
;3400930125885;;SANDOZ - SAG GENERIQUES / ALLOGA  ANGERS;Non renseigné;ESOMEPRAZOLE SANDOZ 40 mg Gél gastro-rés Plq alu/28;0.021;3.04;0.05;60;1
;3400930127551;;SANDOZ - SAG GENERIQUES / ALLOGA  ANGERS;Non renseigné;DARUNAVIR SANDOZ 400 mg Cpr pell Fl/60;0.021;127.21;0.05;1;1
;3400930127667;;SANDOZ - SAG GENERIQUES / ALLOGA  ANGERS;Non renseigné;DARUNAVIR SANDOZ 800 mg Cpr pell Fl/30;0.021;127.21;0.05;1;1
;3400930128060;;SANDOZ - SAG GENERIQUES / ALLOGA  ANGERS;Non renseigné;RASAGILINE SANDOZ 1 mg Cpr Plq alu/30;0.021;27.64;0.05;1;1
;3400930133620;;SANDOZ - SAG GENERIQUES / ALLOGA  ANGERS;Non renseigné;CALCIPOTRIOL/BETAMETHASONE SANDOZ 50 µg/0,5 mg p g Pom T/60g;0.021;11.98;0.025;100;1
;3400930136300;;SANDOZ - SAG GENERIQUES / ALLOGA  ANGERS;Non renseigné;AMLODIPINE/VALSARTAN SANDOZ 5 mg/80 mg Cpr pell Plq/90;0.021;12.14;0.025;1;1
;3400930136379;;SANDOZ - SAG GENERIQUES / ALLOGA  ANGERS;Non renseigné;AMLODIPINE/VALSARTAN SANDOZ 5 mg/160 mg Cpr pell Plq/30;0.021;4.88;0.025;60;1
;3400930136386;;SANDOZ - SAG GENERIQUES / ALLOGA  ANGERS;Non renseigné;AMLODIPINE/VALSARTAN SANDOZ 5 mg/160 mg Cpr pell Plq/90;0.021;13.88;0.025;1;1
;3400930136461;;SANDOZ - SAG GENERIQUES / ALLOGA  ANGERS;Non renseigné;AMLODIPINE/VALSARTAN SANDOZ 10 mg/160 mg Cpr pell Plq/90;0.021;13.88;0.025;1;1
;3400930139462;;SANDOZ - SAG GENERIQUES / ALLOGA  ANGERS;Non renseigné;APREPITANT SANDOZ 80 mg Gél Plq/2;0.021;11.45;0.05;1;1
;3400930139479;;SANDOZ - SAG GENERIQUES / ALLOGA  ANGERS;Non renseigné;APREPITANT SANDOZ 125 mg/80 mg Gél Plq/125mg+2x80mg;0.021;17.63;0.025;1;1
;3400930142271;;SANDOZ - SAG GENERIQUES / ALLOGA  ANGERS;Non renseigné;ERLOTINIB SANDOZ 150 mg Cpr pell Plq/30;0.021;722.8;0.05;1;1
;3400930148815;;SANDOZ - SAG GENERIQUES / ALLOGA  ANGERS;Non renseigné;SOLIFENACINE SANDOZ 5 mg Cpr pell Plq/30;0.021;5.04;0.05;1;1
;3400930148839;;SANDOZ - SAG GENERIQUES / ALLOGA  ANGERS;Non renseigné;SOLIFENACINE SANDOZ 10 mg Cpr pell séc Plq/30;0.021;4.78;0.1;1;1
;3400930155288;;SANDOZ - SAG GENERIQUES / ALLOGA  ANGERS;Non renseigné;IVERMECTINE SANDOZ 3 mg Cpr Plq/4;0.021;6.08;0.05;1;1
;3400930163399;;SANDOZ - SAG GENERIQUES / ALLOGA  ANGERS;Non renseigné;ATAZANAVIR SANDOZ 300 mg Gél Plq préd/30;0.021;130.55;0.025;1;1
;3400930163924;;SANDOZ - SAG GENERIQUES / ALLOGA  ANGERS;Non renseigné;DASATINIB SANDOZ 140 mg Cpr pell Plq/30;0.021;1173.83;0.05;1;1
;3400930163986;;SANDOZ - SAG GENERIQUES / ALLOGA  ANGERS;Non renseigné;DASATINIB SANDOZ 100 mg Cpr pell Plq/30;0.021;1173.83;0.05;1;1
;3400930164174;;SANDOZ - SAG GENERIQUES / ALLOGA  ANGERS;Non renseigné;DASATINIB SANDOZ 20 mg Cpr pell Plq/60;0.021;587.06;0.05;1;1
;3400930172049;;SANDOZ - SAG GENERIQUES / ALLOGA  ANGERS;Non renseigné;PR FLUT/SAL SDZ 125µg/25µg/dose Susp Fl/120d;0.021;15.46;0;1;1
;3400930172087;;SANDOZ - SAG GENERIQUES / ALLOGA  ANGERS;Non renseigné;PR FLUT/SAL SDZ 250µg/25µg/dose Susp Fl/120d;0.021;16.41;0.025;1;1
;3400930173046;;SANDOZ - SAG GENERIQUES / ALLOGA  ANGERS;Non renseigné;METFORMINE SANDOZ 1000 mg Cpr pell Plq/90;0.021;4.16;0.05;80;1
;3400930175767;;SANDOZ - SAG GENERIQUES / ALLOGA  ANGERS;Non renseigné;BUDESO/FORMO SDZ FOR 160µg/4,5µg/dos 2Plq/60d;0.021;21.96;0.025;1;1
;3400930177266;;SANDOZ - SAG GENERIQUES / ALLOGA  ANGERS;Non renseigné;VINORELBINE SANDOZ 20 mg Caps molle Plq/1;0.021;19.11;0.025;1;1
;3400930181461;;SANDOZ - SAG GENERIQUES / ALLOGA  ANGERS;Non renseigné;SILODOSINE SANDOZ 4 mg Gél Plq/30;0.021;3.43;0.025;1;1
;3400930181485;;SANDOZ - SAG GENERIQUES / ALLOGA  ANGERS;Non renseigné;SILODOSINE SANDOZ 8 mg Gél Plq/30;0.021;3.43;0.025;72;1
;3400930187074;;SANDOZ - SAG GENERIQUES / ALLOGA  ANGERS;Non renseigné;MONTELUKAST SANDOZ 5 mg Cpr à croquer Plq OPA/Alu/PE/28;0.021;7.11;0.05;1;1
;3400930189788;;SANDOZ - SAG GENERIQUES / ALLOGA  ANGERS;Non renseigné;LACOSAMIDE SANDOZ 50 mg Cpr pell Plq/14;0.021;2.3;0.1;1;1
;3400930189856;;SANDOZ - SAG GENERIQUES / ALLOGA  ANGERS;Non renseigné;LACOSAMIDE SANDOZ 100 mg Cpr pell Plq/56;0.021;19.37;0.05;1;1
;3400930189917;;SANDOZ - SAG GENERIQUES / ALLOGA  ANGERS;Non renseigné;LACOSAMIDE SANDOZ 150 mg Cpr pell Plq/56;0.021;29.05;0.05;1;1
;3400930189986;;SANDOZ - SAG GENERIQUES / ALLOGA  ANGERS;Non renseigné;LACOSAMIDE SANDOZ 200 mg Cpr pell Plq/56;0.021;38.73;0.05;1;1
;3400930205884;;SANDOZ - SAG GENERIQUES / ALLOGA  ANGERS;Non renseigné;FENTANYL SANDOZ 100 µg Cpr subl Plq/10;0.021;20.16;0.025;1;1
;3400930219171;;SANDOZ - SAG GENERIQUES / ALLOGA  ANGERS;Non renseigné;TICAGRELOR SANDOZ 90 mg Cpr pell Plq Alu/PVC/PE/PVDC/60;0.021;16.34;0.025;1;1
;3400930222195;;SANDOZ - SAG GENERIQUES / ALLOGA  ANGERS;Non renseigné;SITAGLIPTINE/METFORMINE SANDOZ 50 mg/1000 mg Cpr pell Plq PVC/PE/PVDC/60;0.021;7.17;0;75;1
;3400930223024;;SANDOZ - SAG GENERIQUES / ALLOGA  ANGERS;Non renseigné;BUDESO/FORMO SDZ FOR 320µg/9µg/d P in Plq/60d;0.021;21.96;0.025;1;1
;3400930224496;;SANDOZ - SAG GENERIQUES / ALLOGA  ANGERS;Non renseigné;SITAGLIPTINE SANDOZ 50 mg Cpr pell Plq PVC/PE/PVDC/Alu/30;0.021;6.63;0.05;1;1
;3400930224533;;SANDOZ - SAG GENERIQUES / ALLOGA  ANGERS;Non renseigné;SITAGLIPTINE SANDOZ 100 mg Cpr pell Plq PVC/PE/PVDC/Alu/30;0.021;6.63;0.05;1;1
;3400930226513;;SANDOZ - SAG GENERIQUES / ALLOGA  ANGERS;Non renseigné;DEFERASIROX SANDOZ 90 mg Cpr pell Plq PVC/PVDC/Alu/30;0.021;54.22;0.05;1;1
;3400930226551;;SANDOZ - SAG GENERIQUES / ALLOGA  ANGERS;Non renseigné;DEFERASIROX SANDOZ 360 mg Cpr pell Plq PVC/PVDC/Alu/30;0.021;216.87;0.05;1;1
;3400930230398;;SANDOZ - SAG GENERIQUES / ALLOGA  ANGERS;Non renseigné;ABIRATERONE SANDOZ 500 mg Cpr pell Plq Alu/PVC/PE/PVDC/60x1;0.021;711.89;0.05;1;1
;3400930233221;;SANDOZ - SAG GENERIQUES / ALLOGA  ANGERS;Non renseigné;ABIRATERONE SANDOZ 1000 mg Cpr pell Plq/30x1;0.021;1073.21;0;1;1
;3400930246962;;SANDOZ - SAG GENERIQUES / ALLOGA  ANGERS;Non renseigné;DUTASTERIDE/TAMSULOSINE SANDOZ 0,5 mg/0,4 mg Gél Plq/30;0.021;8.27;0.025;32;1
;3400930269107;;SANDOZ - SAG GENERIQUES / ALLOGA  ANGERS;Non renseigné;TRAMADOL SANDOZ 50 mg Cpr Plq/10;0.021;0.84;0.1;1;1
;3400930269114;;SANDOZ - SAG GENERIQUES / ALLOGA  ANGERS;Non renseigné;TRAMADOL SANDOZ LP 100 mg Cpr pell LP Plq/10;0.021;1.22;0.1;1;1
;3400930269121;;SANDOZ - SAG GENERIQUES / ALLOGA  ANGERS;Non renseigné;TRAMADOL SANDOZ LP 150 mg Cpr pell LP Plq/10;0.021;1.73;0.1;1;1
;3400930269138;;SANDOZ - SAG GENERIQUES / ALLOGA  ANGERS;Non renseigné;TRAMADOL SANDOZ LP 200 mg Cpr pell LP Plq/10;0.021;2.23;0.1;1;1
;3400930271773;;SANDOZ - SAG GENERIQUES / ALLOGA  ANGERS;Non renseigné;KETOPROFENE SANDOZ LP 100 mg Cpr séc LP Plq/20x1;0.021;2.1;0.05;160;1
;3400930275429;;SANDOZ - SAG GENERIQUES / ALLOGA  ANGERS;Non renseigné;RIVAROXABAN SANDOZ 15 mg Cpr pell Plq PVC/PVDC/Alu/28;0.021;9.47;0.05;168;1
;3400930275450;;SANDOZ - SAG GENERIQUES / ALLOGA  ANGERS;Non renseigné;RIVAROXABAN SANDOZ 20 mg Cpr pell Plq PVC/PVDC/Alu/28;0.021;9.47;0.05;168;1
;3400930275504;;SANDOZ - SAG GENERIQUES / ALLOGA  ANGERS;Non renseigné;DESMOPRESSINE SANDOZ 60 µg Cpr subl Plq/30;0.021;6.02;0.025;1;1
;3400930275528;;SANDOZ - SAG GENERIQUES / ALLOGA  ANGERS;Non renseigné;DESMOPRESSINE SANDOZ 120 µg Cpr subl Plq/30;0.021;12.03;0.025;1;1
;3400930275535;;SANDOZ - SAG GENERIQUES / ALLOGA  ANGERS;Non renseigné;DESMOPRESSINE SANDOZ 120 µg Cpr subl Plq/100;0.021;40.1;0.025;1;1
;3400930275559;;SANDOZ - SAG GENERIQUES / ALLOGA  ANGERS;Non renseigné;DESMOPRESSINE SANDOZ 240 µg Cpr subl Plq/30;0.021;24.06;0.025;1;1
;3400930276235;;SANDOZ - SAG GENERIQUES / ALLOGA  ANGERS;Non renseigné;ESOMEPRAZOLE SANDOZ 20 mg Gél gastro-rés Plq alu/7;0.021;0.78;0.025;90;1
;3400930276242;;SANDOZ - SAG GENERIQUES / ALLOGA  ANGERS;Non renseigné;ESOMEPRAZOLE SANDOZ 20 mg Gél gastro-rés Plq alu/14;0.021;1.56;0.025;90;1
;3400930282496;;SANDOZ - SAG GENERIQUES / ALLOGA  ANGERS;Non renseigné;GABAPENTINE SANDOZ 100 mg Gél Plq PVC/PVDC/Alu/90;0.021;5.81;0.1;60;1
;3400930282540;;SANDOZ - SAG GENERIQUES / ALLOGA  ANGERS;Non renseigné;GABAPENTINE SANDOZ 300 mg Gél Plq PVC/PVDC/Alu/90;0.021;14;0.1;40;1
;3400930293515;;SANDOZ - SAG GENERIQUES / ALLOGA  ANGERS;Non renseigné;EZETIMIBE/ATORVASTATINE SANDOZ 10 mg/10 mg Cpr pell Plq/30;0.021;8.19;0.025;72;1
;3400930293539;;SANDOZ - SAG GENERIQUES / ALLOGA  ANGERS;Non renseigné;EZETIMIBE/ATORVASTATINE SANDOZ 10 mg/10 mg Cpr pell Plq/90;0.021;24.57;0.025;27;1
;3400930293546;;SANDOZ - SAG GENERIQUES / ALLOGA  ANGERS;Non renseigné;EZETIMIBE/ATORVASTATINE SANDOZ 10 mg/20 mg Cpr pell Plq/30;0.021;8.19;0.025;72;1
;3400930293553;;SANDOZ - SAG GENERIQUES / ALLOGA  ANGERS;Non renseigné;EZETIMIBE/ATORVASTATINE SANDOZ 10 mg/20 mg Cpr pell Plq/90;0.021;24.57;0.025;27;1
;3400930293560;;SANDOZ - SAG GENERIQUES / ALLOGA  ANGERS;Non renseigné;EZETIMIBE/ATORVASTATINE SANDOZ 10 mg/40 mg Cpr pell Plq/30;0.021;8.19;0.025;60;1
;3400930293577;;SANDOZ - SAG GENERIQUES / ALLOGA  ANGERS;Non renseigné;EZETIMIBE/ATORVASTATINE SANDOZ 10 mg/40 mg Cpr pell Plq/90;0.021;24.57;0.025;18;1
;3400930293584;;SANDOZ - SAG GENERIQUES / ALLOGA  ANGERS;Non renseigné;EZETIMIBE/ATORVASTATINE SANDOZ 10 mg/80 mg Cpr pell Plq/30;0.021;8.19;0.025;36;1
;3400930296127;;SANDOZ - SAG GENERIQUES / ALLOGA  ANGERS;Non renseigné;RIVAROXABAN SANDOZ 10 mg Cpr pell Plq PVC/PVDC/Alu/30;0.021;10.15;0.05;1;1
;3400930297599;;SANDOZ - SAG GENERIQUES / ALLOGA  ANGERS;Non renseigné;TRAMADOL/PARACETAMOL SANDOZ 37,5 mg/325 mg Cpr pell Plq/20;0.021;1.09;0.05;400;1
;3400930298930;;SANDOZ - SAG GENERIQUES / ALLOGA  ANGERS;Non renseigné;DIMETHYL FUMARATE SANDOZ 120 mg Gél gastro-rés Plq/14x1;0.021;67.63;0.05;1;1
;3400930298961;;SANDOZ - SAG GENERIQUES / ALLOGA  ANGERS;Non renseigné;GABAPENTINE SANDOZ 400 mg Gélu Plq/90;0.021;16.79;0.1;1;1
;3400930298985;;SANDOZ - SAG GENERIQUES / ALLOGA  ANGERS;Non renseigné;DIMETHYL FUMARATE SANDOZ 240 mg Gél gastro-rés Plq/56x1;0.021;270.54;0.05;1;1
;3400930306567;;SANDOZ - SAG GENERIQUES / ALLOGA  ANGERS;Non renseigné;AFQLIR 40 mg/ml Sol inj ser préremplie Ser/0,165ml;0.021;224.31;0;1;1
2161084;3400921610840;;SANDOZ - SAG GENERIQUES / ALLOGA  ANGERS;Non renseigné;NICORANDIL SANDOZ 20 mg Cpr Plq/30;0.021;5.09;0.025;0;1
2161173;3400921611731;;SANDOZ - SAG GENERIQUES / ALLOGA  ANGERS;Non renseigné;NICORANDIL SANDOZ 10 mg Cpr séc Plq/30;0.021;2.67;0.025;0;1
2177702;3400921777024;;SANDOZ - SAG GENERIQUES / ALLOGA  ANGERS;Non renseigné;RILUZOLE SANDOZ 50 mg Cpr pell Plq/56;0.021;114.14;0.05;0;1
2181804;3400921818048;;SANDOZ - SAG GENERIQUES / ALLOGA  ANGERS;Non renseigné;IRBESARTAN/HYDROCHLOROTHIAZIDE SANDOZ 300 mg/12,5 mg Cpr pell Plq alu/30;0.021;2.93;0.025;80;1
2181879;3400921818796;;SANDOZ - SAG GENERIQUES / ALLOGA  ANGERS;Non renseigné;IRBESARTAN/HYDROCHLOROTHIAZIDE SANDOZ 300 mg/12,5 mg Cpr pell Plq alu/90;0.021;8.78;0.025;40;1
2182413;3400921824131;;SANDOZ - SAG GENERIQUES / ALLOGA  ANGERS;Non renseigné;PRAVASTATINE SANDOZ 20 mg Cpr séc 1Plq/90;0.021;8;0.025;84;1
2182436;3400921824360;;SANDOZ - SAG GENERIQUES / ALLOGA  ANGERS;Non renseigné;PRAVASTATINE SANDOZ 40 mg Cpr 1Plq/90;0.021;8;0.025;40;1
2189757;3400921897579;;SANDOZ - SAG GENERIQUES / ALLOGA  ANGERS;Non renseigné;DOXYCYCLINE SANDOZ 100 mg Cpr séc Plq/30;0.021;3.57;0.1;1;1
2192564;3400921925647;;SANDOZ - SAG GENERIQUES / ALLOGA  ANGERS;Non renseigné;LEVETIRACETAM SANDOZ 250 mg Cpr pell séc Plq/60;0.021;11.26;0.05;48;1
2192676;3400921926767;;SANDOZ - SAG GENERIQUES / ALLOGA  ANGERS;Non renseigné;LEVETIRACETAM SANDOZ 500 mg Cpr pell séc Plq/60;0.021;17.35;0.025;32;1
2192771;3400921927719;;SANDOZ - SAG GENERIQUES / ALLOGA  ANGERS;Non renseigné;LEVETIRACETAM SANDOZ 1000 mg Cpr pell séc Plq/60;0.021;17.35;0.025;0;1
2208354;3400922083544;;SANDOZ - SAG GENERIQUES / ALLOGA  ANGERS;Non renseigné;MOXIFLOXACINE SANDOZ 400 mg Cpr pell Plaq/5;0.021;5.44;0.025;0;1
2208360;3400922083605;;SANDOZ - SAG GENERIQUES / ALLOGA  ANGERS;Non renseigné;MOXIFLOXACINE SANDOZ 400 mg Cpr pell Plaq/7;0.021;7.61;0.025;0;1
2211072;3400922110721;;SANDOZ - SAG GENERIQUES / ALLOGA  ANGERS;Non renseigné;RALOXIFENE SANDOZ 60 mg Cpr pell Plq/28;0.021;8.8;0.05;0;1
2213220;3400922132204;;SANDOZ - SAG GENERIQUES / ALLOGA  ANGERS;Non renseigné;TAMSULOSINE SANDOZ LP 0,4 mg Cpr pell LP Plq/30;0.021;3.57;0.05;168;1
2226990;3400922269900;;SANDOZ - SAG GENERIQUES / ALLOGA  ANGERS;Non renseigné;LORATADINE SANDOZ 10 mg Cpr Plq/15;0.021;1.77;0.025;0;1
2236801;3400922368016;;SANDOZ - SAG GENERIQUES / ALLOGA  ANGERS;Non renseigné;OXCARBAZEPINE SANDOZ 300 mg Cpr pell Plq/50;0.021;11.87;0.025;0;1
2239490;3400922394909;;SANDOZ - SAG GENERIQUES / ALLOGA  ANGERS;Non renseigné;ESCITALOPRAM SANDOZ 5 mg Cpr pell Plq/28;0.021;2.76;0.05;160;1
2239745;3400922397450;;SANDOZ - SAG GENERIQUES / ALLOGA  ANGERS;Non renseigné;ESCITALOPRAM SANDOZ 10 mg Cpr pell séc Plq/28;0.021;2.98;0.05;160;1
2239900;3400922399003;;SANDOZ - SAG GENERIQUES / ALLOGA  ANGERS;Non renseigné;ESCITALOPRAM SANDOZ 15 mg Cpr pell séc Plq/28;0.021;2.98;0.05;0;1
2239998;3400922399980;;SANDOZ - SAG GENERIQUES / ALLOGA  ANGERS;Non renseigné;ESCITALOPRAM SANDOZ 20 mg Cpr pell séc Plq/28;0.021;2.98;0.05;160;1
2240079;3400922400792;;SANDOZ - SAG GENERIQUES / ALLOGA  ANGERS;Non renseigné;OXOMEMAZINE SANDOZ 0,33 mg/ml Sirop Fl/150ml;0.021;1.46;0.025;30;1
2240085;3400922400853;;SANDOZ - SAG GENERIQUES / ALLOGA  ANGERS;Non renseigné;OXOMEMAZINE SDZ 0,33mg/ml S buv s su Fl/150ml;0.021;1.46;0.025;30;1
2240889;3400922408897;;SANDOZ - SAG GENERIQUES / ALLOGA  ANGERS;Non renseigné;ACIDE ZOLEDRONIQUE SANDOZ 4 mg/100 ml S perf Fl/100ml;0.021;80.99;0.05;0;1
2243876;3400922438764;;SANDOZ - SAG GENERIQUES / ALLOGA  ANGERS;Non renseigné;TIMOLOL SANDOZ 0,25 % Collyre sol Fl/5ml;0.021;2.51;0.025;0;1
2243882;3400922438825;;SANDOZ - SAG GENERIQUES / ALLOGA  ANGERS;Non renseigné;TIMOLOL SANDOZ 0,50 % Collyre sol Fl/5ml;0.021;2.6;0.05;0;1
2247236;3400922472362;;SANDOZ - SAG GENERIQUES / ALLOGA  ANGERS;Non renseigné;ACIDE ZOLEDRONIQUE SANDOZ 5 mg/100 ml S perf Fl/100ml;0.021;106.94;0.05;20;1
2682788;3400926827885;;SANDOZ - SAG GENERIQUES / ALLOGA  ANGERS;Non renseigné;DICLOFENAC SANDOZ 1 % Gel en fl pressurisé Fl/100ml;0.021;2.01;0.025;40;1
2695058;3400926950583;;SANDOZ - SAG GENERIQUES / ALLOGA  ANGERS;Non renseigné;RAMIPRIL/HYDROCHLOROTHIAZIDE SANDOZ 5 mg/12,5 mg Cpr Plq/30;0.021;2.85;0.05;1;1
2695118;3400926951184;;SANDOZ - SAG GENERIQUES / ALLOGA  ANGERS;Non renseigné;RAMIPRIL/HYDROCHLOROTHIAZIDE SANDOZ 5 mg/12,5 mg Cpr Plq/90;0.021;8.55;0.05;1;1
2698275;3400926982751;;SANDOZ - SAG GENERIQUES / ALLOGA  ANGERS;Non renseigné;ACARBOSE SANDOZ 50 mg Cpr Plq/90;0.021;8.5;0.025;1;1
2698306;3400926983062;;SANDOZ - SAG GENERIQUES / ALLOGA  ANGERS;Non renseigné;ACARBOSE SANDOZ 100 mg Cpr Plq/90;0.021;11.57;0.025;1;1
2736952;3400927369520;;SANDOZ - SAG GENERIQUES / ALLOGA  ANGERS;Non renseigné;CLOXACILLINE SANDOZ 500 mg Gél Plq/16;0.021;2.46;0.025;1;1
2738052;3400927380525;;SANDOZ - SAG GENERIQUES / ALLOGA  ANGERS;Non renseigné;BETAXOLOL SANDOZ 20 mg Cpr pell séc Plq/30;0.021;4.1;0.025;1;1
2738075;3400927380754;;SANDOZ - SAG GENERIQUES / ALLOGA  ANGERS;Non renseigné;BETAXOLOL SANDOZ 20 mg Cpr pell séc Plq/90;0.021;12.29;0.025;0;1
2741812;3400927418129;;SANDOZ - SAG GENERIQUES / ALLOGA  ANGERS;Non renseigné;ESOMEPRAZOLE GNR 40 mg Gél gastro-rés Plq vinyl/28;0.021;3.04;0.05;48;1
2745046;3400927450464;;SANDOZ - SAG GENERIQUES / ALLOGA  ANGERS;Non renseigné;TELMISARTAN/HYDROCHLOROTHIAZIDE SANDOZ 40 mg/12,5 mg Cpr enr Plq/30;0.021;2.93;0.025;1;1
2745098;3400927450983;;SANDOZ - SAG GENERIQUES / ALLOGA  ANGERS;Non renseigné;TELMISARTAN/HYDROCHLOROTHIAZIDE SANDOZ 40 mg/12,5 mg Cpr enr Plq/90;0.021;8.78;0.025;1;1
2745135;3400927451355;;SANDOZ - SAG GENERIQUES / ALLOGA  ANGERS;Non renseigné;TELMISARTAN/HYDROCHLOROTHIAZIDE SANDOZ 80 mg/12,5 mg Cpr enr Plq/30;0.021;2.93;0.025;1;1
2745187;3400927451874;;SANDOZ - SAG GENERIQUES / ALLOGA  ANGERS;Non renseigné;TELMISARTAN/HYDROCHLOROTHIAZIDE SANDOZ 80 mg/12,5 mg Cpr enr Plq/90;0.021;8.78;0.025;1;1
2745224;3400927452246;;SANDOZ - SAG GENERIQUES / ALLOGA  ANGERS;Non renseigné;TELMISARTAN/HYDROCHLOROTHIAZIDE SANDOZ 80 mg/25 mg Cpr enr Plq/30;0.021;2.93;0.025;1;1
2745282;3400927452826;;SANDOZ - SAG GENERIQUES / ALLOGA  ANGERS;Non renseigné;TELMISARTAN/HYDROCHLOROTHIAZIDE SANDOZ 80 mg/25 mg Cpr enr Plq/90;0.021;8.78;0.025;1;1
2750194;3400927501944;;SANDOZ - SAG GENERIQUES / ALLOGA  ANGERS;Non renseigné;LAMIVUDINE SANDOZ 300 mg Cpr pell Plq/30;0.021;52.47;0.05;1;1
2750567;3400927505676;;SANDOZ - SAG GENERIQUES / ALLOGA  ANGERS;Non renseigné;MOMETASONE SANDOZ 50 µg/dose Susp pulv nas Fl/17g;0.021;3.56;0.05;80;1
2754536;3400927545368;;SANDOZ - SAG GENERIQUES / ALLOGA  ANGERS;Non renseigné;EFAVIRENZ SANDOZ 600 mg Cpr pell séc Plq/30;0.021;88.75;0.1;1;1
2758971;3400927589713;;SANDOZ - SAG GENERIQUES / ALLOGA  ANGERS;Non renseigné;DESLORATADINE SANDOZ 5 mg Cpr pell Plq OPA/Alu/PVC/15;0.021;1.24;0.05;1;1
2758988;3400927589881;;SANDOZ - SAG GENERIQUES / ALLOGA  ANGERS;Non renseigné;DESLORATADINE SANDOZ 5 mg Cpr pell Plq OPA/Alu/PVC/30;0.021;2.47;0.05;180;1
2761080;3400927610806;;SANDOZ - SAG GENERIQUES / ALLOGA  ANGERS;Non renseigné;NEVIRAPINE SANDOZ 200 mg Cpr Plq/60;0.021;84.92;0.025;0;1
2764279;3400927642791;;SANDOZ - SAG GENERIQUES / ALLOGA  ANGERS;Non renseigné;CAPECITABINE SANDOZ 500 mg Cpr pell Plq alu/120;0.021;119.97;0.05;0;1
2770529;3400927705298;;SANDOZ - SAG GENERIQUES / ALLOGA  ANGERS;Non renseigné;CEFTRIAXONE SANDOZ 1 g/3,5 ml Pdre/solv p sol inj IM Fl/1g+Amp/3,5ml;0.021;4.74;0.05;120;1
2781094;3400927810947;;SANDOZ - SAG GENERIQUES / ALLOGA  ANGERS;Non renseigné;CELECOXIB SANDOZ 100 mg Gél Plq/30;0.021;2.05;0.025;1;1
2781160;3400927811609;;SANDOZ - SAG GENERIQUES / ALLOGA  ANGERS;Non renseigné;CELECOXIB SANDOZ 200 mg Gél Plq/30;0.021;4.1;0.025;1;1
2783851;3400927838514;;SANDOZ - SAG GENERIQUES / ALLOGA  ANGERS;Non renseigné;GLYCEROL/VASELINE/PARAFFINE SANDOZ 15 %/8 %/2 % Cr T/250g;0.021;1.91;0.025;25;1
2791371;3400927913716;;SANDOZ - SAG GENERIQUES / ALLOGA  ANGERS;Non renseigné;IPRATRO SDZ 0,50mg/2ml S inh né Ad 10unid/2ml;0.021;3.01;0.025;84;1
2791448;3400927914485;;SANDOZ - SAG GENERIQUES / ALLOGA  ANGERS;Non renseigné;IPRATRO SDZ 0,25mg/1ml S inh Enf 30unid/1ml;0.021;6.67;0.025;1;1
2792703;3400927927034;;SANDOZ - SAG GENERIQUES / ALLOGA  ANGERS;Non renseigné;ALG SOD/BIC SDZ 500mg/267mg buv 24Sach/10ml;0.021;2.34;0.025;18;1
2799065;3400927990656;;SANDOZ - SAG GENERIQUES / ALLOGA  ANGERS;Non renseigné;EBASTINE SANDOZ 10 mg Cpr orodisp Plq/30;0.021;3.26;0.025;120;1
3017120;3400930171202;;SANDOZ - SAG GENERIQUES / ALLOGA  ANGERS;Non renseigné;GLICLAZIDE SANDOZ 30 mg Cpr LM Plq OPA/Alu/PVC/180;0.021;17.95;0.05;1;1
3147583;3400931475835;;SANDOZ - SAG GENERIQUES / ALLOGA  ANGERS;Non renseigné;LERCANIDIPINE SANDOZ 10 mg Cpr pell séc Plaq/30;0.021;3.85;0.05;240;1
3151716;3400931517160;;SANDOZ - SAG GENERIQUES / ALLOGA  ANGERS;Non renseigné;LERCANIDIPINE SANDOZ 10 mg Cpr pell séc Plaq/90;0.021;11.54;0.05;120;1
3153187;3400931531876;;SANDOZ - SAG GENERIQUES / ALLOGA  ANGERS;Non renseigné;LERCANIDIPINE SANDOZ 20 mg Cpr pell séc Plaq/30;0.021;3.64;0.1;240;1
3153299;3400931532996;;SANDOZ - SAG GENERIQUES / ALLOGA  ANGERS;Non renseigné;LERCANIDIPINE SANDOZ 20 mg Cpr pell séc Plaq/90;0.021;11.85;0.025;1;1
3430988;3400934309885;;SANDOZ - SAG GENERIQUES / ALLOGA  ANGERS;Non renseigné;LOPERAMIDE SANDOZ 2 mg Gél Plq/20;0.021;1.35;0.05;300;1
3469683;3400934696831;;SANDOZ - SAG GENERIQUES / ALLOGA  ANGERS;Non renseigné;IRBESARTAN/HYDROCHLOROTHIAZIDE SANDOZ 300 mg/25 mg Cpr pell Plq alu/30;0.021;2.93;0.025;80;1
3469737;3400934697371;;SANDOZ - SAG GENERIQUES / ALLOGA  ANGERS;Non renseigné;IRBESARTAN/HYDROCHLOROTHIAZIDE SANDOZ 300 mg/25 mg Cpr pell Plq alu/90;0.021;8.78;0.025;40;1
3469861;3400934698613;;SANDOZ - SAG GENERIQUES / ALLOGA  ANGERS;Non renseigné;IRBESARTAN/HYDROCHLOROTHIAZIDE SANDOZ 150 mg/12,5 mg Cpr pell Plq alu/30;0.021;2.93;0.025;0;1
3469909;3400934699092;;SANDOZ - SAG GENERIQUES / ALLOGA  ANGERS;Non renseigné;IRBESARTAN/HYDROCHLOROTHIAZIDE SANDOZ 150 mg/12,5 mg Cpr pell Plq alu/90;0.021;8.78;0.025;56;1
3554696;3400935546968;;SANDOZ - SAG GENERIQUES / ALLOGA  ANGERS;Non renseigné;NARATRIPTAN SANDOZ 2,5 mg Cpr pell Plq/12;0.021;10.66;0.05;0;1
3588442;3400935884428;;SANDOZ - SAG GENERIQUES / ALLOGA  ANGERS;Non renseigné;CETIRIZINE SANDOZ 10 mg Cpr pell séc Plq PVC/Alu/15;0.021;1.49;0.05;352;1
3594891;3400935948915;;SANDOZ - SAG GENERIQUES / ALLOGA  ANGERS;Non renseigné;AMOX/AC CLAV SDZ 100mg/12,5mgpml Pd subu n Fl;0.021;1.94;0.025;40;1
3594916;3400935949165;;SANDOZ - SAG GENERIQUES / ALLOGA  ANGERS;Non renseigné;AMOX/AC CLAV SDZ 100mg/12,5mgpml P E Fl/10,5g;0.021;3.57;0.025;30;1
3608908;3400936089082;;SANDOZ - SAG GENERIQUES / ALLOGA  ANGERS;Non renseigné;AMOX/AC CLAV SDZ 500mg/62,5mg Cpr Ad Film/16;0.021;3.85;0.025;125;1
3608914;3400936089143;;SANDOZ - SAG GENERIQUES / ALLOGA  ANGERS;Non renseigné;AMOX/AC CLAV SDZ 500mg/62,5mg Cpr Ad Film/24;0.021;4.84;0.025;125;1
3609144;3400936091443;;SANDOZ - SAG GENERIQUES / ALLOGA  ANGERS;Non renseigné;ROXITHROMYCINE SANDOZ 150 mg Cpr pell séc Plq/10;0.021;4.02;0.1;0;1
3609150;3400936091504;;SANDOZ - SAG GENERIQUES / ALLOGA  ANGERS;Non renseigné;ROXITHROMYCINE SANDOZ 150 mg Cpr pell séc 2plq/8 (16);0.021;6.96;0.025;0;1
3616842;3400936168428;;SANDOZ - SAG GENERIQUES / ALLOGA  ANGERS;Non renseigné;BISOPROLOL/HYDROCHLOROTHIAZIDE SANDOZ 5 mg/6,25 mg Cpr pell Plq/90;0.021;8.95;0.025;0;1
3619125;3400936191259;;SANDOZ - SAG GENERIQUES / ALLOGA  ANGERS;Non renseigné;ZOLPIDEM SANDOZ 10 mg Cpr pell séc Plq/14;0.021;1.06;0.05;400;1
3631830;3400936318304;;SANDOZ - SAG GENERIQUES / ALLOGA  ANGERS;Non renseigné;PARACETAMOL SANDOZ 500 mg Gél Plq/16;0.021;0.74;0.025;120;1
3639464;3400936394643;;SANDOZ - SAG GENERIQUES / ALLOGA  ANGERS;Non renseigné;CITALOPRAM SANDOZ 20 mg Cpr pell séc B/28;0.021;3.55;0.05;300;1
3644241;3400936442412;;SANDOZ - SAG GENERIQUES / ALLOGA  ANGERS;Non renseigné;AMISULPRIDE SANDOZ 100 mg Cpr séc Plq/30;0.021;7.22;0.1;0;1
3645298;3400936452985;;SANDOZ - SAG GENERIQUES / ALLOGA  ANGERS;Non renseigné;OFLOXACINE SANDOZ 200 mg Cpr pell séc Plq/10;0.021;5.76;0.05;240;1
3652370;3400936523708;;SANDOZ - SAG GENERIQUES / ALLOGA  ANGERS;Non renseigné;PREDNISONE SANDOZ 20 mg Cpr séc Plq/20;0.021;1.81;0.025;192;1
3656327;3400936563278;;SANDOZ - SAG GENERIQUES / ALLOGA  ANGERS;Non renseigné;AMOX/AC CLAV SDZ 1g/125mg Pdr Ad 8Sach/2,0g;0.021;3.85;0.025;220;1
3656333;3400936563339;;SANDOZ - SAG GENERIQUES / ALLOGA  ANGERS;Non renseigné;AMOX/AC CLAV SDZ 1g/125mg Pdr Ad 12Sach/2,0g;0.021;4.84;0.025;220;1
3656847;3400936568471;;SANDOZ - SAG GENERIQUES / ALLOGA  ANGERS;Non renseigné;PARACETAMOL GNR 500 mg Cp Plq/16;0.021;0.74;0.025;180;1
3656853;3400936568532;;SANDOZ - SAG GENERIQUES / ALLOGA  ANGERS;Non renseigné;ALLOPURINOL SANDOZ 100 mg Cpr Plq/28;0.021;0.74;0.025;160;1
3658243;3400936582439;;SANDOZ - SAG GENERIQUES / ALLOGA  ANGERS;Non renseigné;AMOXICILLINE SANDOZ 250 mg/5 ml Pdr susp buv Fl/6,6g;0.021;1.02;0.025;140;1
3658289;3400936582897;;SANDOZ - SAG GENERIQUES / ALLOGA  ANGERS;Non renseigné;ALPRAZOLAM SANDOZ 0,25 mg Cpr séc Plq/30;0.021;0.78;0.05;288;1
3658295;3400936582958;;SANDOZ - SAG GENERIQUES / ALLOGA  ANGERS;Non renseigné;ALLOPURINOL SANDOZ 200 mg Cpr Plq/28;0.021;1.17;0.025;144;1
3658384;3400936583849;;SANDOZ - SAG GENERIQUES / ALLOGA  ANGERS;Non renseigné;ZOPICLONE SANDOZ 7,5 mg Cpr pell séc Plq/14;0.021;1.27;0.05;240;1
3658390;3400936583900;;SANDOZ - SAG GENERIQUES / ALLOGA  ANGERS;Non renseigné;ACEBUTOLOL SANDOZ 200 mg Cpr enr Plq/30;0.021;2.84;0.05;1;1
3658415;3400936584150;;SANDOZ - SAG GENERIQUES / ALLOGA  ANGERS;Non renseigné;ALPRAZOLAM SANDOZ 0,50 mg Cpr séc Plq/30;0.021;1.14;0.05;288;1
3658421;3400936584211;;SANDOZ - SAG GENERIQUES / ALLOGA  ANGERS;Non renseigné;FLUOXETINE SANDOZ 20 mg Gél B/14;0.021;1.4;0.05;160;1
3659662;3400936596627;;SANDOZ - SAG GENERIQUES / ALLOGA  ANGERS;Non renseigné;TIAPRIDE SANDOZ 100 mg Cpr séc Plq/20;0.021;1.6;0.025;0;1
3659716;3400936597167;;SANDOZ - SAG GENERIQUES / ALLOGA  ANGERS;Non renseigné;ALLOPURINOL SANDOZ 300 mg Cpr Plq/28;0.021;1.49;0.025;1;1
3659739;3400936597396;;SANDOZ - SAG GENERIQUES / ALLOGA  ANGERS;Non renseigné;FENOFIBRATE SANDOZ 67 mg Gél Plq/60;0.021;2.96;0.025;0;1
3661819;3400936618190;;SANDOZ - SAG GENERIQUES / ALLOGA  ANGERS;Non renseigné;METOCLOPRAMIDE SANDOZ 10 mg Cpr séc Plq/40;0.021;1.72;0.025;120;1
3661825;3400936618251;;SANDOZ - SAG GENERIQUES / ALLOGA  ANGERS;Non renseigné;MIANSERINE SANDOZ 10 mg Cpr pell Plq/30;0.021;1.6;0.025;240;1
3661848;3400936618480;;SANDOZ - SAG GENERIQUES / ALLOGA  ANGERS;Non renseigné;MIANSERINE SANDOZ 60 mg Cpr pell séc Plq/14;0.021;2.09;0.025;0;1
3666573;3400936665736;;SANDOZ - SAG GENERIQUES / ALLOGA  ANGERS;Non renseigné;AMOXICILLINE SANDOZ 500 mg/5 ml Pdr susp buv Fl/12g;0.021;1.36;0.025;140;1
3672208;3400936722088;;SANDOZ - SAG GENERIQUES / ALLOGA  ANGERS;Non renseigné;BUDESON SDZ 1mg/2ml Susp inh/né 20unid/2ml;0.021;20.23;0.025;30;1
3672697;3400936726970;;SANDOZ - SAG GENERIQUES / ALLOGA  ANGERS;Non renseigné;ECONAZOLE SANDOZ LP 150 mg Ovule LP Plq/1;0.021;1.53;0.05;0;1
3672734;3400936727342;;SANDOZ - SAG GENERIQUES / ALLOGA  ANGERS;Non renseigné;CEFUROXIME SANDOZ 250 mg Cpr enr Plq/8;0.021;3.33;0.025;1;1
3672786;3400936727861;;SANDOZ - SAG GENERIQUES / ALLOGA  ANGERS;Non renseigné;CEFUROXIME SANDOZ 500 mg Cpr enr Plq/8;0.021;6.15;0.025;0;1
3675773;3400936757738;;SANDOZ - SAG GENERIQUES / ALLOGA  ANGERS;Non renseigné;PREDNISONE SANDOZ 5 mg Cpr séc Plq/30;0.021;1.37;0.025;192;1
3678234;3400936782341;;SANDOZ - SAG GENERIQUES / ALLOGA  ANGERS;Non renseigné;CIPROFLOXACINE SANDOZ 250 mg Cpr pell séc Plq/12;0.021;5.31;0.05;0;1
3678317;3400936783171;;SANDOZ - SAG GENERIQUES / ALLOGA  ANGERS;Non renseigné;CIPROFLOXACINE SANDOZ 500 mg Cpr pell séc Plq/12;0.021;7.19;0.05;1;1
3679601;3400936796010;;SANDOZ - SAG GENERIQUES / ALLOGA  ANGERS;Non renseigné;AMOXICILLINE SANDOZ 500 mg Gél B/12;0.021;1.06;0.025;360;1
3679759;3400936797598;;SANDOZ - SAG GENERIQUES / ALLOGA  ANGERS;Non renseigné;TAMOXIFENE SANDOZ 10 mg Cpr pell Plq/30;0.021;2.56;0.025;0;1
3679765;3400936797659;;SANDOZ - SAG GENERIQUES / ALLOGA  ANGERS;Non renseigné;TAMOXIFENE SANDOZ 20 mg Cpr pell Plq/30;0.021;5.18;0.05;1;1
3679771;3400936797710;;SANDOZ - SAG GENERIQUES / ALLOGA  ANGERS;Non renseigné;LACTULOSE SANDOZ 10 g S buv en sachet-dose 20Sach/15ml;0.021;1.88;0.025;30;1
3680679;3400936806795;;SANDOZ - SAG GENERIQUES / ALLOGA  ANGERS;Non renseigné;PREDNISOLONE SANDOZ 20 mg Cpr eff séc Fl/20;0.021;2.5;0.025;40;1
3680685;3400936806856;;SANDOZ - SAG GENERIQUES / ALLOGA  ANGERS;Non renseigné;AMISULPRIDE SANDOZ 200 mg Cpr séc Plq/60;0.021;28.08;0.1;1;1
3680691;3400936806917;;SANDOZ - SAG GENERIQUES / ALLOGA  ANGERS;Non renseigné;CLOMIPRAMINE SANDOZ 75 mg Cpr pell séc Plq/20;0.021;1.99;0.025;120;1
3681905;3400936819054;;SANDOZ - SAG GENERIQUES / ALLOGA  ANGERS;Non renseigné;FUROSEMIDE SANDOZ 20 mg Cpr séc Plq/30;0.021;0.82;0.025;160;1
3681934;3400936819344;;SANDOZ - SAG GENERIQUES / ALLOGA  ANGERS;Non renseigné;TRAMADOL SANDOZ 50 mg Cpr Plq/30;0.021;2.66;0.05;120;1
3681963;3400936819634;;SANDOZ - SAG GENERIQUES / ALLOGA  ANGERS;Non renseigné;FUROSEMIDE SANDOZ 40 mg Cpr séc Plq/30;0.021;1.29;0.05;160;1
3683206;3400936832060;;SANDOZ - SAG GENERIQUES / ALLOGA  ANGERS;Non renseigné;RAMIPRIL SANDOZ 1,25 mg Cpr Plq/30;0.021;2.18;0.05;1;1
3683287;3400936832879;;SANDOZ - SAG GENERIQUES / ALLOGA  ANGERS;Non renseigné;RAMIPRIL SANDOZ 2,5 mg Cpr séc Plq/30;0.021;2.5;0.05;192;1
3683376;3400936833760;;SANDOZ - SAG GENERIQUES / ALLOGA  ANGERS;Non renseigné;RAMIPRIL SANDOZ 5 mg Cpr séc Plq/30;0.021;2.5;0.05;280;1
3683465;3400936834651;;SANDOZ - SAG GENERIQUES / ALLOGA  ANGERS;Non renseigné;RAMIPRIL SANDOZ 10 mg Cpr séc Plq/30;0.021;2.5;0.05;0;1
3688244;3400936882447;;SANDOZ - SAG GENERIQUES / ALLOGA  ANGERS;Non renseigné;ECONAZOLE SANDOZ 1 % Pdr appl cut Fl pdre/30g;0.021;1.84;0.025;90;1
3688296;3400936882966;;SANDOZ - SAG GENERIQUES / ALLOGA  ANGERS;Non renseigné;AMOXICILLINE SANDOZ 125 mg/5 ml Pdr susp buv Fl/5,1g;0.021;0.74;0.025;0;1
3689427;3400936894273;;SANDOZ - SAG GENERIQUES / ALLOGA  ANGERS;Non renseigné;TRIMEBUTINE SANDOZ 100 mg Cpr Plq/30;0.021;2.32;0.1;208;1
3691074;3400936910744;;SANDOZ - SAG GENERIQUES / ALLOGA  ANGERS;Non renseigné;SPIRONOLACTONE SANDOZ 50 mg Cpr pell séc Plq/30;0.021;2.43;0.025;1;1
3691134;3400936911345;;SANDOZ - SAG GENERIQUES / ALLOGA  ANGERS;Non renseigné;SPIRONOLACTONE SANDOZ 50 mg Cpr pell séc Plq/90;0.021;6.92;0.025;0;1
3694612;3400936946125;;SANDOZ - SAG GENERIQUES / ALLOGA  ANGERS;Non renseigné;PARACETAMOL GNR 1 g Cpr séc Plq/8;0.021;0.74;0.025;144;1
3695385;3400936953857;;SANDOZ - SAG GENERIQUES / ALLOGA  ANGERS;Non renseigné;PAROXETINE SANDOZ 20 mg Cpr pell séc Plq/14;0.021;1.59;0.05;400;1
3704552;3400937045520;;SANDOZ - SAG GENERIQUES / ALLOGA  ANGERS;Non renseigné;ALFUZOSINE SANDOZ LP 10 mg Cpr LP Plq/30;0.021;6.96;0.05;290;1
3712801;3400937128018;;SANDOZ - SAG GENERIQUES / ALLOGA  ANGERS;Non renseigné;OMEPRAZOLE SANDOZ 20 mg Gél gastro-rés Plq/14;0.021;1.04;0.05;200;1
3712818;3400937128186;;SANDOZ - SAG GENERIQUES / ALLOGA  ANGERS;Non renseigné;OMEPRAZOLE SANDOZ 20 mg Gél gastro-rés Plq/28;0.021;2.09;0.05;180;1
3712913;3400937129138;;SANDOZ - SAG GENERIQUES / ALLOGA  ANGERS;Non renseigné;OMEPRAZOLE SANDOZ 10 mg Gél gastro-rés Plq/14;0.021;1;0.025;1;1
3712936;3400937129367;;SANDOZ - SAG GENERIQUES / ALLOGA  ANGERS;Non renseigné;OMEPRAZOLE SANDOZ 10 mg Gél gastro-rés Plq/28;0.021;1.97;0.05;84;1
3718643;3400937186438;;SANDOZ - SAG GENERIQUES / ALLOGA  ANGERS;Non renseigné;TAMSULOSINE SANDOZ LP 0,4 mg Gél LP Plq/30;0.021;3.57;0.05;120;1
3728127;3400937281270;;SANDOZ - SAG GENERIQUES / ALLOGA  ANGERS;Non renseigné;FENOFIBRATE SANDOZ 160 mg Cpr Plq/30;0.021;4.11;0.025;0;1
3728162;3400937281621;;SANDOZ - SAG GENERIQUES / ALLOGA  ANGERS;Non renseigné;FENOFIBRATE SANDOZ 160 mg Cpr Plq/90;0.021;12.34;0.025;0;1
3729405;3400937294058;;SANDOZ - SAG GENERIQUES / ALLOGA  ANGERS;Non renseigné;FENOFIBRATE SANDOZ 200 mg Gél Plq/90;0.021;12.34;0.025;1;1
3729428;3400937294287;;SANDOZ - SAG GENERIQUES / ALLOGA  ANGERS;Non renseigné;LISINOPRIL/HYDROCHLOROTHIAZIDE SANDOZ 20 mg/12,5 mg Cpr séc Plq/30;0.021;2.93;0.025;0;1
3729440;3400937294409;;SANDOZ - SAG GENERIQUES / ALLOGA  ANGERS;Non renseigné;LISINOPRIL/HYDROCHLOROTHIAZIDE SANDOZ 20 mg/12,5 mg Cpr séc Plq/90;0.021;8.78;0.025;0;1
3731069;3400937310697;;SANDOZ - SAG GENERIQUES / ALLOGA  ANGERS;Non renseigné;RAMIPRIL SANDOZ 1,25 mg Cpr Plq/90;0.021;6.18;0.05;1;1
3731075;3400937310758;;SANDOZ - SAG GENERIQUES / ALLOGA  ANGERS;Non renseigné;RAMIPRIL SANDOZ 2,5 mg Cpr séc Plq/90;0.021;7.25;0.05;100;1
3731081;3400937310819;;SANDOZ - SAG GENERIQUES / ALLOGA  ANGERS;Non renseigné;RAMIPRIL SANDOZ 5 mg Cpr séc Plq/90;0.021;7.49;0.05;112;1
3731098;3400937310987;;SANDOZ - SAG GENERIQUES / ALLOGA  ANGERS;Non renseigné;RAMIPRIL SANDOZ 10 mg Cpr séc Plq/90;0.021;7.49;0.05;24;1
3731402;3400937314022;;SANDOZ - SAG GENERIQUES / ALLOGA  ANGERS;Non renseigné;ENALAPRIL SANDOZ 5 mg Cpr séc Plq/30;0.021;1.99;0.1;1;1
3731425;3400937314251;;SANDOZ - SAG GENERIQUES / ALLOGA  ANGERS;Non renseigné;ENALAPRIL SANDOZ 5 mg Cpr séc Plq/90;0.021;5.67;0.1;0;1
3731448;3400937314480;;SANDOZ - SAG GENERIQUES / ALLOGA  ANGERS;Non renseigné;ENALAPRIL SANDOZ 20 mg Cpr séc Plq/30;0.021;2.7;0.1;1;1
3731460;3400937314602;;SANDOZ - SAG GENERIQUES / ALLOGA  ANGERS;Non renseigné;ENALAPRIL SANDOZ 20 mg Cpr séc Plq/90;0.021;8.78;0.025;0;1
3731508;3400937315081;;SANDOZ - SAG GENERIQUES / ALLOGA  ANGERS;Non renseigné;CELIPROLOL SANDOZ 200 mg Cpr pell séc Plq/84;0.021;11.47;0.025;0;1
3731678;3400937316781;;SANDOZ - SAG GENERIQUES / ALLOGA  ANGERS;Non renseigné;ATENOLOL SANDOZ 50 mg Cpr pell séc Plaq/30;0.021;1.65;0.05;0;1
3731690;3400937316903;;SANDOZ - SAG GENERIQUES / ALLOGA  ANGERS;Non renseigné;ATENOLOL SANDOZ 50 mg Cpr pell séc Plq/90;0.021;4.7;0.05;40;1
3731773;3400937317733;;SANDOZ - SAG GENERIQUES / ALLOGA  ANGERS;Non renseigné;ATENOLOL SANDOZ 100 mg Cp pell séc Plq/30;0.021;2.88;0.05;0;1
3731804;3400937318044;;SANDOZ - SAG GENERIQUES / ALLOGA  ANGERS;Non renseigné;ATENOLOL SANDOZ 100 mg Cpr pell séc Plq/90;0.021;8.19;0.05;0;1
3748064;3400937480642;;SANDOZ - SAG GENERIQUES / ALLOGA  ANGERS;Non renseigné;GLIMEPIRIDE SANDOZ 1 mg Cpr séc Plq/30;0.021;1.89;0.05;0;1
3748087;3400937480871;;SANDOZ - SAG GENERIQUES / ALLOGA  ANGERS;Non renseigné;GLIMEPIRIDE SANDOZ 2 mg Cpr séc Plq/30;0.021;3.1;0.05;0;1
3748101;3400937481014;;SANDOZ - SAG GENERIQUES / ALLOGA  ANGERS;Non renseigné;GLIMEPIRIDE SANDOZ 3 mg Cpr séc Plq/30;0.021;3.71;0.05;0;1
3748124;3400937481243;;SANDOZ - SAG GENERIQUES / ALLOGA  ANGERS;Non renseigné;GLIMEPIRIDE SANDOZ 4 mg Cpr séc Plq/30;0.021;3.71;0.05;0;1
3749253;3400937492539;;SANDOZ - SAG GENERIQUES / ALLOGA  ANGERS;Non renseigné;GLIMEPIRIDE SANDOZ 4 mg Cpr séc Plq/90;0.021;11.11;0.05;0;1
3749276;3400937492768;;SANDOZ - SAG GENERIQUES / ALLOGA  ANGERS;Non renseigné;GLIMEPIRIDE SANDOZ 3 mg Cpr séc Plq/90;0.021;11.11;0.05;0;1
3749282;3400937492829;;SANDOZ - SAG GENERIQUES / ALLOGA  ANGERS;Non renseigné;GLIMEPIRIDE SANDOZ 2 mg Cpr séc Plq/90;0.021;8.83;0.05;1;1
3749299;3400937492997;;SANDOZ - SAG GENERIQUES / ALLOGA  ANGERS;Non renseigné;GLIMEPIRIDE SANDOZ 1 mg Cpr séc Plq/90;0.021;5.39;0.05;0;1
3766553;3400937665537;;SANDOZ - SAG GENERIQUES / ALLOGA  ANGERS;Non renseigné;BUSPIRONE SANDOZ 10 mg Cpr séc Plq/20;0.021;2.82;0.025;1;1
3766636;3400937666367;;SANDOZ - SAG GENERIQUES / ALLOGA  ANGERS;Non renseigné;DOXYCYCLINE SANDOZ 100 mg Cpr séc Plq/15;0.021;1.98;0.025;0;1
3766688;3400937666886;;SANDOZ - SAG GENERIQUES / ALLOGA  ANGERS;Non renseigné;METOPROLOL SANDOZ 50 mg Cpr Plq/30;0.021;0.87;0.025;0;1
3766694;3400937666947;;SANDOZ - SAG GENERIQUES / ALLOGA  ANGERS;Non renseigné;METOPROLOL SANDOZ 100 mg Cpr Plq/30;0.021;1.52;0.025;0;1
3766808;3400937668088;;SANDOZ - SAG GENERIQUES / ALLOGA  ANGERS;Non renseigné;VERAPAMIL SANDOZ 120 mg Cpr pell Plq/28;0.021;2.05;0.025;0;1
3780688;3400937806886;;SANDOZ - SAG GENERIQUES / ALLOGA  ANGERS;Non renseigné;FLUCONAZOLE SANDOZ 50 mg Gél Plq/7;0.021;7.77;0.05;0;1
3780694;3400937806947;;SANDOZ - SAG GENERIQUES / ALLOGA  ANGERS;Non renseigné;FLUCONAZOLE SANDOZ 100 mg Gél Plq/7;0.021;11.91;0.05;0;1
3780702;3400937807029;;SANDOZ - SAG GENERIQUES / ALLOGA  ANGERS;Non renseigné;FLUCONAZOLE SANDOZ 150 mg Gél Plq/1;0.021;1.81;0.1;0;1
3780719;3400937807197;;SANDOZ - SAG GENERIQUES / ALLOGA  ANGERS;Non renseigné;FLUCONAZOLE SANDOZ 200 mg Gél Plq/7;0.021;22.59;0.05;0;1
3780725;3400937807258;;SANDOZ - SAG GENERIQUES / ALLOGA  ANGERS;Non renseigné;FLUCONAZOLE SANDOZ 200 mg Gél Plq/30;0.021;91.41;0.05;1;1
3781239;3400937812399;;SANDOZ - SAG GENERIQUES / ALLOGA  ANGERS;Non renseigné;CELIPROLOL SANDOZ 200 mg Cpr pell séc Plq/28;0.021;3.82;0.025;0;1
3784404;3400937844048;;SANDOZ - SAG GENERIQUES / ALLOGA  ANGERS;Non renseigné;AMLODIPINE SANDOZ 5 mg Gél Plq/30;0.021;2.3;0.05;192;1
3784410;3400937844109;;SANDOZ - SAG GENERIQUES / ALLOGA  ANGERS;Non renseigné;AMLODIPINE SANDOZ 5 mg Gél Plq/90;0.021;6.54;0.05;96;1
3784545;3400937845458;;SANDOZ - SAG GENERIQUES / ALLOGA  ANGERS;Non renseigné;AMLODIPINE SANDOZ 10 mg Gél Plq/30;0.021;2.3;0.05;192;1
3784551;3400937845519;;SANDOZ - SAG GENERIQUES / ALLOGA  ANGERS;Non renseigné;AMLODIPINE SANDOZ 10 mg Gél Plq/90;0.021;6.54;0.05;96;1
3784657;3400937846578;;SANDOZ - SAG GENERIQUES / ALLOGA  ANGERS;Non renseigné;MIRTAZAPINE SANDOZ 15 mg Cpr pell Plq/30;0.021;2.18;0.05;400;1
3785970;3400937859707;;SANDOZ - SAG GENERIQUES / ALLOGA  ANGERS;Non renseigné;FELODIPINE SANDOZ LP 5 mg Cpr pell LP Plq/30;0.021;2.7;0.1;1;1
3785987;3400937859875;;SANDOZ - SAG GENERIQUES / ALLOGA  ANGERS;Non renseigné;FELODIPINE SANDOZ LP 5 mg Cpr pell LP Plq/90;0.021;8.55;0.05;0;1
3788431;3400937884310;;SANDOZ - SAG GENERIQUES / ALLOGA  ANGERS;Non renseigné;SIMVASTATINE SANDOZ 10 mg Cpr pell séc Plq/28;0.021;1.66;0.05;352;1
3788945;3400937889452;;SANDOZ - SAG GENERIQUES / ALLOGA  ANGERS;Non renseigné;SIMVASTATINE SANDOZ 20 mg Cpr pell séc Plq/30;0.021;2.2;0.05;1;1
3789005;3400937890052;;SANDOZ - SAG GENERIQUES / ALLOGA  ANGERS;Non renseigné;SIMVASTATINE SANDOZ 40 mg Cpr pell séc Plq/30;0.021;2.2;0.05;1;1
3790184;3400937901840;;SANDOZ - SAG GENERIQUES / ALLOGA  ANGERS;Non renseigné;RISPERIDONE SANDOZ 1 mg Cpr pell séc Plq/60;0.021;6.57;0.05;0;1
3790215;3400937902151;;SANDOZ - SAG GENERIQUES / ALLOGA  ANGERS;Non renseigné;RISPERIDONE SANDOZ 2 mg Cpr pell séc Plq/60;0.021;13.13;0.05;0;1
3790238;3400937902380;;SANDOZ - SAG GENERIQUES / ALLOGA  ANGERS;Non renseigné;RISPERIDONE SANDOZ 4 mg Cpr pell séc Plq/30;0.021;6.92;0.05;0;1
3793538;3400937935388;;SANDOZ - SAG GENERIQUES / ALLOGA  ANGERS;Non renseigné;AZITHROMYCINE SANDOZ 250 mg Cpr pell Plq/6;0.021;6.1;0.025;198;1
3808777;3400938087772;;SANDOZ - SAG GENERIQUES / ALLOGA  ANGERS;Non renseigné;CLARITHROMYCINE SANDOZ 250 mg Cpr pell Plq/10;0.021;3.34;0.025;0;1
3808955;3400938089554;;SANDOZ - SAG GENERIQUES / ALLOGA  ANGERS;Non renseigné;CLARITHROMYCINE SANDOZ 500 mg Cpr pell Plq/10;0.021;6.44;0.025;0;1
3808961;3400938089615;;SANDOZ - SAG GENERIQUES / ALLOGA  ANGERS;Non renseigné;CLARITHROMYCINE SANDOZ 500 mg Cpr pell Plq/14;0.021;9.02;0.025;1;1
3811294;3400938112948;;SANDOZ - SAG GENERIQUES / ALLOGA  ANGERS;Non renseigné;LANSOPRAZOLE SANDOZ 15 mg Gél gastro-rés Plq/30;0.021;3.51;0.025;144;1
3811851;3400938118513;;SANDOZ - SAG GENERIQUES / ALLOGA  ANGERS;Non renseigné;LANSOPRAZOLE SANDOZ 30 mg Gél gastro-rés Plq/14;0.021;1.64;0.025;0;1
3811868;3400938118681;;SANDOZ - SAG GENERIQUES / ALLOGA  ANGERS;Non renseigné;LANSOPRAZOLE SANDOZ 30 mg Gél gastro-rés Plq/28;0.021;3.28;0.025;162;1
3814950;3400938149500;;SANDOZ - SAG GENERIQUES / ALLOGA  ANGERS;Non renseigné;FENTANYL SANDOZ 12 µg/h Disp transderm 5Sach;0.021;8.02;0.1;0;1
3815837;3400938158373;;SANDOZ - SAG GENERIQUES / ALLOGA  ANGERS;Non renseigné;RILMENIDINE SANDOZ 1 mg Cpr Plq/30;0.021;3.82;0.025;0;1
3815843;3400938158434;;SANDOZ - SAG GENERIQUES / ALLOGA  ANGERS;Non renseigné;RILMENIDINE SANDOZ 1 mg Cpr Plq/90;0.021;10.91;0.025;0;1
3824859;3400938248593;;SANDOZ - SAG GENERIQUES / ALLOGA  ANGERS;Non renseigné;FLECAINIDE SANDOZ 100 mg Cpr séc Plq/30;0.021;5.39;0.025;0;1
3833491;3400938334913;;SANDOZ - SAG GENERIQUES / ALLOGA  ANGERS;Non renseigné;RISPERIDONE SANDOZ 0,5 mg Cpr orodisp Plq/28;0.021;2.97;0.025;0;1
3833522;3400938335224;;SANDOZ - SAG GENERIQUES / ALLOGA  ANGERS;Non renseigné;RISPERIDONE SANDOZ 1 mg Cpr orodisp Plq/28;0.021;3.67;0.025;0;1
3833545;3400938335453;;SANDOZ - SAG GENERIQUES / ALLOGA  ANGERS;Non renseigné;RISPERIDONE SANDOZ 2 mg Cpr orodisp Plq/28;0.021;6.29;0.025;1;1
3834935;3400938349351;;SANDOZ - SAG GENERIQUES / ALLOGA  ANGERS;Non renseigné;FLUVASTATINE SANDOZ 20 mg Gél Plq/30;0.021;3.36;0.025;1;1
3834970;3400938349702;;SANDOZ - SAG GENERIQUES / ALLOGA  ANGERS;Non renseigné;FLUVASTATINE SANDOZ 20 mg Gél Plq/90;0.021;10.09;0.025;0;1
3835171;3400938351712;;SANDOZ - SAG GENERIQUES / ALLOGA  ANGERS;Non renseigné;FLUVASTATINE SANDOZ 40 mg Gél Plq/30;0.021;3.36;0.025;0;1
3835219;3400938352191;;SANDOZ - SAG GENERIQUES / ALLOGA  ANGERS;Non renseigné;FLUVASTATINE SANDOZ 40 mg Gél Plq/90;0.021;10.09;0.025;0;1
3836650;3400938366501;;SANDOZ - SAG GENERIQUES / ALLOGA  ANGERS;Non renseigné;NEBIVOLOL SANDOZ 5 mg Cpr quadriséc Plq/30;0.021;2.92;0.05;0;1
3836710;3400938367102;;SANDOZ - SAG GENERIQUES / ALLOGA  ANGERS;Non renseigné;NEBIVOLOL SANDOZ 5 mg Cpr quadriséc Plq/90;0.021;8.41;0.05;32;1
3839281;3400938392814;;SANDOZ - SAG GENERIQUES / ALLOGA  ANGERS;Non renseigné;SIMVASTATINE SANDOZ 20 mg Cpr pell séc Plq/90;0.021;6.61;0.05;36;1
3839329;3400938393293;;SANDOZ - SAG GENERIQUES / ALLOGA  ANGERS;Non renseigné;SIMVASTATINE SANDOZ 40 mg Cpr pell séc Plq/90;0.021;6.61;0.05;0;1
3839861;3400938398618;;SANDOZ - SAG GENERIQUES / ALLOGA  ANGERS;Non renseigné;TRAMADOL SANDOZ LP 100 mg Cpr pell LP Plq/30;0.021;3.88;0.05;96;1
3839909;3400938399097;;SANDOZ - SAG GENERIQUES / ALLOGA  ANGERS;Non renseigné;TRAMADOL SANDOZ LP 200 mg Cpr pell LP Plq/30;0.021;7.07;0.05;0;1
3841792;3400938417920;;SANDOZ - SAG GENERIQUES / ALLOGA  ANGERS;Non renseigné;VALACICLOVIR SANDOZ 500 mg Cpr pell séc Plq/10;0.021;5.62;0.05;160;1
3841817;3400938418170;;SANDOZ - SAG GENERIQUES / ALLOGA  ANGERS;Non renseigné;VALACICLOVIR SANDOZ 500 mg Cpr pell séc Plq/42;0.021;23.35;0.05;160;1
3841852;3400938418521;;SANDOZ - SAG GENERIQUES / ALLOGA  ANGERS;Non renseigné;VALACICLOVIR SANDOZ 500 mg Cpr pell séc Plq/112;0.021;65.57;0.05;0;1
3848185;3400938481853;;SANDOZ - SAG GENERIQUES / ALLOGA  ANGERS;Non renseigné;PERINDOPRIL SANDOZ 2 mg Cpr Plq/30;0.021;2.85;0.05;1;1
3848239;3400938482393;;SANDOZ - SAG GENERIQUES / ALLOGA  ANGERS;Non renseigné;PERINDOPRIL SANDOZ 2 mg Cpr Plq/90;0.021;8.55;0.05;0;1
3848506;3400938485066;;SANDOZ - SAG GENERIQUES / ALLOGA  ANGERS;Non renseigné;PERINDOPRIL SANDOZ 4 mg Cpr séc Plq/30;0.021;2.7;0.1;168;1
3848541;3400938485417;;SANDOZ - SAG GENERIQUES / ALLOGA  ANGERS;Non renseigné;PERINDOPRIL SANDOZ 4 mg Cpr séc Plq/90;0.021;8.78;0.025;0;1
3850153;3400938501537;;SANDOZ - SAG GENERIQUES / ALLOGA  ANGERS;Non renseigné;CLARITHROMYCINE SANDOZ 50 mg/ml Glé susp buv Fl/60ml;0.021;5.69;0.025;0;1
3852034;3400938520347;;SANDOZ - SAG GENERIQUES / ALLOGA  ANGERS;Non renseigné;BICALUTAMIDE SANDOZ 50 mg Cpr pell Plq/30;0.021;30.56;0.05;0;1
3855245;3400938552454;;SANDOZ - SAG GENERIQUES / ALLOGA  ANGERS;Non renseigné;TRAMADOL SANDOZ LP 150 mg Cpr pell LP Plq/30;0.021;5.47;0.05;96;1
3856339;3400930171158;;SANDOZ - SAG GENERIQUES / ALLOGA  ANGERS;Non renseigné;GLICLAZIDE SANDOZ 30 mg Cpr LM Plq OPA/Alu/PVC/60;0.021;5.97;0.05;1;1
3863902;3400938639025;;SANDOZ - SAG GENERIQUES / ALLOGA  ANGERS;Non renseigné;OLANZAPINE SANDOZ 5 mg Cpr pell Plq/28;0.021;13.83;0.05;0;1
3864089;3400938640892;;SANDOZ - SAG GENERIQUES / ALLOGA  ANGERS;Non renseigné;OLANZAPINE SANDOZ 7,5 mg Cpr pell Plq/28;0.021;9.22;0.05;0;1
3864190;3400938641905;;SANDOZ - SAG GENERIQUES / ALLOGA  ANGERS;Non renseigné;OLANZAPINE SANDOZ 10 mg Cpr pell Plq/28;0.021;7.84;0.05;100;1
3864327;3400938643275;;SANDOZ - SAG GENERIQUES / ALLOGA  ANGERS;Non renseigné;ENALAPRIL/HYDROCHLOROTHIAZIDE SANDOZ 20 mg/12,5 mg Cpr séc Plq/30;0.021;2.7;0.1;1;1
3864385;3400938643855;;SANDOZ - SAG GENERIQUES / ALLOGA  ANGERS;Non renseigné;ENALAPRIL/HYDROCHLOROTHIAZIDE SANDOZ 20 mg/12,5 mg Cpr séc Plq/90;0.021;8.1;0.1;0;1
3874981;3400938749816;;SANDOZ - SAG GENERIQUES / ALLOGA  ANGERS;Non renseigné;CEFPODOXIME SANDOZ 40 mg/5 ml Pdr susp buv enfant nourrisson Fl/50ml;0.021;2.63;0.025;0;1
3874998;3400938749984;;SANDOZ - SAG GENERIQUES / ALLOGA  ANGERS;Non renseigné;CEFPODOXIME SANDOZ 40 mg/5 ml Pdr susp buv enfant nourrisson Fl/100ml;0.021;4.59;0.025;60;1
3876282;3400938762822;;SANDOZ - SAG GENERIQUES / ALLOGA  ANGERS;Non renseigné;AZITHROMYCINE MONODOSE SANDOZ 250 mg Cpr pell Plq/4;0.021;4.43;0.025;198;1
3877100;3400938771008;;SANDOZ - SAG GENERIQUES / ALLOGA  ANGERS;Non renseigné;LOSARTAN SANDOZ 100 mg Cpr pell séc Plq/30;0.021;2.85;0.05;0;1
3877169;3400938771695;;SANDOZ - SAG GENERIQUES / ALLOGA  ANGERS;Non renseigné;LOSARTAN SANDOZ 100 mg Cpr pell séc Plq/90;0.021;8.55;0.05;1;1
3878401;3400938784015;;SANDOZ - SAG GENERIQUES / ALLOGA  ANGERS;Non renseigné;PANTOPRAZOLE SANDOZ 20 mg Cpr gastro-rés Plq/14;0.021;1.28;0.05;0;1
3878430;3400938784305;;SANDOZ - SAG GENERIQUES / ALLOGA  ANGERS;Non renseigné;PANTOPRAZOLE SANDOZ 20 mg Cpr gastro-rés Plq/28;0.021;2.57;0.05;200;1
3878536;3400938785364;;SANDOZ - SAG GENERIQUES / ALLOGA  ANGERS;Non renseigné;PANTOPRAZOLE SANDOZ 40 mg Cpr gastro-rés Plq/14;0.021;1.32;0.025;1;1
3878565;3400938785654;;SANDOZ - SAG GENERIQUES / ALLOGA  ANGERS;Non renseigné;PANTOPRAZOLE SANDOZ 40 mg Cpr gastro-rés Plq/28;0.021;2.57;0.05;200;1
3887050;3400938870503;;SANDOZ - SAG GENERIQUES / ALLOGA  ANGERS;Non renseigné;BUPRENORPHINE SANDOZ 0,4 mg Cpr subl Plq/7;0.021;1.09;0.025;0;1
3887156;3400938871562;;SANDOZ - SAG GENERIQUES / ALLOGA  ANGERS;Non renseigné;BUPRENORPHINE SANDOZ 2 mg Cpr subl Plq/7;0.021;2.58;0.025;0;1
3887423;3400938874235;;SANDOZ - SAG GENERIQUES / ALLOGA  ANGERS;Non renseigné;BUPRENORPHINE SANDOZ 8 mg Cpr subl Plq/7;0.021;7.81;0.025;0;1
3887647;3400938876475;;SANDOZ - SAG GENERIQUES / ALLOGA  ANGERS;Non renseigné;LOSARTAN SANDOZ 50 mg Cpr pell séc Plq/30;0.021;2.85;0.05;0;1
3895730;3400938957303;;SANDOZ - SAG GENERIQUES / ALLOGA  ANGERS;Non renseigné;PIPERACILLINE/TAZOBACTAM SANDOZ 4 g/0,5 g Pdr sol perf Fl/4,5g;0.021;6.75;0.1;1;1
3897031;3400938970319;;SANDOZ - SAG GENERIQUES / ALLOGA  ANGERS;Non renseigné;BUPRENORPHINE SANDOZ 1 mg Cpr subl Plq/7;0.021;1.87;0.025;0;1
3897077;3400938970777;;SANDOZ - SAG GENERIQUES / ALLOGA  ANGERS;Non renseigné;BUPRENORPHINE SANDOZ 4 mg Cpr subl Plq/7;0.021;4.9;0.025;0;1
3897120;3400938971200;;SANDOZ - SAG GENERIQUES / ALLOGA  ANGERS;Non renseigné;BUPRENORPHINE SANDOZ 6 mg Cpr subl Plq/7;0.021;7.36;0.025;0;1
3901382;3400939013824;;SANDOZ - SAG GENERIQUES / ALLOGA  ANGERS;Non renseigné;PRAVASTATINE SANDOZ 20 mg Cpr séc Plq/30;0.021;2.67;0.025;168;1
3901494;3400939014944;;SANDOZ - SAG GENERIQUES / ALLOGA  ANGERS;Non renseigné;PRAVASTATINE SANDOZ 40 mg Cpr Plq/30;0.021;2.67;0.025;0;1
3909857;3400939098579;;SANDOZ - SAG GENERIQUES / ALLOGA  ANGERS;Non renseigné;BISOPROLOL SANDOZ 1,25 mg Cpr pell Plq/30;0.021;3.06;0.05;304;1
3909998;3400939099989;;SANDOZ - SAG GENERIQUES / ALLOGA  ANGERS;Non renseigné;BISOPROLOL SANDOZ 2,5 mg Cpr pell séc Plq/30;0.021;3.14;0.025;304;1
3910091;3400939100913;;SANDOZ - SAG GENERIQUES / ALLOGA  ANGERS;Non renseigné;BISOPROLOL SANDOZ 3,75 mg Cpr pell séc Plq/30;0.021;3.06;0.05;0;1
3910180;3400939101804;;SANDOZ - SAG GENERIQUES / ALLOGA  ANGERS;Non renseigné;BISOPROLOL SANDOZ 7,5 mg Cpr pell séc Plq/30;0.021;3.06;0.05;1;1
3910820;3400939108209;;SANDOZ - SAG GENERIQUES / ALLOGA  ANGERS;Non renseigné;PREDNISOLONE SANDOZ 20 mg Cpr orodisp Plq/20;0.021;2.54;0.025;240;1
3911831;3400939118314;;SANDOZ - SAG GENERIQUES / ALLOGA  ANGERS;Non renseigné;BISOPROLOL SANDOZ 5 mg Cpr pell séc Plq/30;0.021;1.46;0.1;304;1
3911989;3400939119892;;SANDOZ - SAG GENERIQUES / ALLOGA  ANGERS;Non renseigné;BISOPROLOL SANDOZ 10 mg Cpr pell séc Plq/30;0.021;3.06;0.05;1;1
3912635;3400939126357;;SANDOZ - SAG GENERIQUES / ALLOGA  ANGERS;Non renseigné;ACIDE FUSIDIQUE SANDOZ 2 % Cr T/15g;0.021;1.26;0.025;156;1
3913468;3400939134680;;SANDOZ - SAG GENERIQUES / ALLOGA  ANGERS;Non renseigné;MACROGOL 4000 SANDOZ 10 g Pdr sol buv en sachet 20Sach/10g;0.021;1.91;0.025;36;1
3918460;3400939184609;;SANDOZ - SAG GENERIQUES / ALLOGA  ANGERS;Non renseigné;TRIMEBUTINE SANDOZ 200 mg Cpr pell Plq/30;0.021;3.88;0.025;180;1
3920741;3400939207414;;SANDOZ - SAG GENERIQUES / ALLOGA  ANGERS;Non renseigné;AMOXICILLINE SANDOZ 1 g Cpr disp Plq/6;0.021;1.46;0.025;360;1
3920787;3400939207872;;SANDOZ - SAG GENERIQUES / ALLOGA  ANGERS;Non renseigné;AMOXICILLINE SANDOZ 1 g Cpr disp Plq/14;0.021;3.32;0.025;48;1
3926666;3400939266664;;SANDOZ - SAG GENERIQUES / ALLOGA  ANGERS;Non renseigné;FENOFIBRATE SANDOZ 145 mg Cpr Plq/30;0.021;4.11;0.025;120;1
3926695;3400939266954;;SANDOZ - SAG GENERIQUES / ALLOGA  ANGERS;Non renseigné;FENOFIBRATE SANDOZ 145 mg Cpr Plq/90;0.021;11.74;0.025;40;1
3927312;3400939273129;;SANDOZ - SAG GENERIQUES / ALLOGA  ANGERS;Non renseigné;LOSARTAN/HYDROCHLOROTHIAZIDE SANDOZ 100 mg/25 mg Cpr pell Plq/30;0.021;2.93;0.025;0;1
3927364;3400939273648;;SANDOZ - SAG GENERIQUES / ALLOGA  ANGERS;Non renseigné;LOSARTAN/HYDROCHLOROTHIAZIDE SANDOZ 100 mg/25 mg Cpr pell Plq/90;0.021;8.78;0.025;0;1
3927424;3400939274249;;SANDOZ - SAG GENERIQUES / ALLOGA  ANGERS;Non renseigné;LOSARTAN/HYDROCHLOROTHIAZIDE SANDOZ 50 mg/12,5 mg Cpr pell Plq/30;0.021;2.93;0.025;0;1
3927482;3400939274829;;SANDOZ - SAG GENERIQUES / ALLOGA  ANGERS;Non renseigné;LOSARTAN/HYDROCHLOROTHIAZIDE SANDOZ 50 mg/12,5 mg Cpr pell Plq/90;0.021;8.78;0.025;0;1
3939054;3400939390543;;SANDOZ - SAG GENERIQUES / ALLOGA  ANGERS;Non renseigné;FENTANYL SANDOZ 25 µg/h Disp transderm 5Sach;0.021;11.43;0.1;0;1
3939114;3400939391144;;SANDOZ - SAG GENERIQUES / ALLOGA  ANGERS;Non renseigné;FENTANYL SANDOZ 50 µg/h Disp transderm 5Sach;0.021;15.04;0.1;0;1
3939189;3400939391892;;SANDOZ - SAG GENERIQUES / ALLOGA  ANGERS;Non renseigné;FENTANYL SANDOZ 75 µg/h Disp transderm 5Sach;0.021;22.02;0.05;0;1
3939232;3400939392325;;SANDOZ - SAG GENERIQUES / ALLOGA  ANGERS;Non renseigné;FENTANYL SANDOZ 100 µg/h Disp transderm 5Sach;0.021;25.61;0.1;0;1
3941246;3400939412467;;SANDOZ - SAG GENERIQUES / ALLOGA  ANGERS;Non renseigné;CHLORHEX/CHL SDZ 0,5ml/0,5g p 100ml Fl/90ml;0.021;1.1;0.025;80;1
3941619;3400939416199;;SANDOZ - SAG GENERIQUES / ALLOGA  ANGERS;Non renseigné;CEFPODOXIME SANDOZ 100 mg Cpr pell Plq/10;0.021;4.29;0.025;1;1
3943469;3400939434698;;SANDOZ - SAG GENERIQUES / ALLOGA  ANGERS;Non renseigné;TOPIRAMATE SANDOZ 50 mg Cpr pell Fl/28;0.021;4.56;0.025;0;1
3946456;3400939464565;;SANDOZ - SAG GENERIQUES / ALLOGA  ANGERS;Non renseigné;PERINDOPRIL SANDOZ 8 mg Cpr Plq/30;0.021;2.93;0.025;1;1
3946491;3400939464916;;SANDOZ - SAG GENERIQUES / ALLOGA  ANGERS;Non renseigné;PERINDOPRIL SANDOZ 8 mg Cpr Plq/90;0.021;8.78;0.025;0;1
3950386;3400939503868;;SANDOZ - SAG GENERIQUES / ALLOGA  ANGERS;Non renseigné;IRBESARTAN SANDOZ 75 mg Cpr pell Plaq/30;0.021;2.85;0.05;168;1
3950452;3400939504520;;SANDOZ - SAG GENERIQUES / ALLOGA  ANGERS;Non renseigné;IRBESARTAN SANDOZ 75 mg Cpr pell Plaq/90;0.021;8.55;0.05;0;1
3950736;3400939507361;;SANDOZ - SAG GENERIQUES / ALLOGA  ANGERS;Non renseigné;IRBESARTAN SANDOZ 150 mg Cpr pell Plaq/30;0.021;2.85;0.05;168;1
3950794;3400939507941;;SANDOZ - SAG GENERIQUES / ALLOGA  ANGERS;Non renseigné;IRBESARTAN SANDOZ 150 mg Cpr pell Plaq/90;0.021;8.55;0.05;56;1
3951049;3400939510491;;SANDOZ - SAG GENERIQUES / ALLOGA  ANGERS;Non renseigné;IRBESARTAN SANDOZ 300 mg Cpr pell Plaq/30;0.021;2.7;0.1;112;1
3951109;3400939511092;;SANDOZ - SAG GENERIQUES / ALLOGA  ANGERS;Non renseigné;IRBESARTAN SANDOZ 300 mg Cpr pell Plaq/90;0.021;8.78;0.025;56;1
3961674;3400939616742;;SANDOZ - SAG GENERIQUES / ALLOGA  ANGERS;Non renseigné;SPIRONOLACTONE SANDOZ 25 mg Cpr pell séc Plq/30;0.021;2.62;0.025;1;1
3965293;3400939652931;;SANDOZ - SAG GENERIQUES / ALLOGA  ANGERS;Non renseigné;LOSARTAN SANDOZ 50 mg Cpr pell séc Plq/90;0.021;8.78;0.025;0;1
3968682;3400939686820;;SANDOZ - SAG GENERIQUES / ALLOGA  ANGERS;Non renseigné;CANDESARTAN SANDOZ 4 mg Cpr séc Plq/30;0.021;2.7;0.1;0;1
3968742;3400939687421;;SANDOZ - SAG GENERIQUES / ALLOGA  ANGERS;Non renseigné;CANDESARTAN SANDOZ 4 mg Cpr séc Plq/90;0.021;8.1;0.1;0;1
3968920;3400939689203;;SANDOZ - SAG GENERIQUES / ALLOGA  ANGERS;Non renseigné;LEVOCETIRIZINE SANDOZ 5 mg Cpr pell Plq/14;0.021;1.37;0.025;0;1
3968943;3400939689432;;SANDOZ - SAG GENERIQUES / ALLOGA  ANGERS;Non renseigné;LEVOCETIRIZINE SANDOZ 5 mg Cpr pell Plq/28;0.021;2.67;0.05;60;1
3969138;3400939691381;;SANDOZ - SAG GENERIQUES / ALLOGA  ANGERS;Non renseigné;CANDESARTAN SANDOZ 8 mg Cpr séc Plq/30;0.021;2.85;0.05;0;1
3969196;3400939691961;;SANDOZ - SAG GENERIQUES / ALLOGA  ANGERS;Non renseigné;CANDESARTAN SANDOZ 8 mg Cpr séc Plq/90;0.021;8.55;0.05;0;1
3969500;3400939695006;;SANDOZ - SAG GENERIQUES / ALLOGA  ANGERS;Non renseigné;CANDESARTAN SANDOZ 16 mg Cpr séc Plq/30;0.021;2.85;0.05;112;1
3969569;3400939695693;;SANDOZ - SAG GENERIQUES / ALLOGA  ANGERS;Non renseigné;CANDESARTAN SANDOZ 16 mg Cpr séc Plq/90;0.021;8.1;0.1;56;1
3969983;3400939699837;;SANDOZ - SAG GENERIQUES / ALLOGA  ANGERS;Non renseigné;CANDESARTAN SANDOZ 32 mg Cpr séc Plq/30;0.021;2.93;0.025;0;1
3970288;3400939702889;;SANDOZ - SAG GENERIQUES / ALLOGA  ANGERS;Non renseigné;METFORMINE SANDOZ 500 mg Cpr pell Plq/30;0.021;1.13;0.05;258;1
3970348;3400939703480;;SANDOZ - SAG GENERIQUES / ALLOGA  ANGERS;Non renseigné;METFORMINE SANDOZ 500 mg Cpr pell Plq/90;0.021;3.22;0.05;104;1
3970590;3400939705903;;SANDOZ - SAG GENERIQUES / ALLOGA  ANGERS;Non renseigné;METFORMINE SANDOZ 850 mg Cpr pell Plaq/30;0.021;1.39;0.05;168;1
3970650;3400939706504;;SANDOZ - SAG GENERIQUES / ALLOGA  ANGERS;Non renseigné;METFORMINE SANDOZ 850 mg Cpr pell Plaq/90;0.021;4.16;0.05;64;1
3979645;3400939796451;;SANDOZ - SAG GENERIQUES / ALLOGA  ANGERS;Non renseigné;LEVOFLOXACINE SANDOZ 500 mg Cpr pell séc Plq/5;0.021;7.03;0.05;0;1
3988874;3400939888743;;SANDOZ - SAG GENERIQUES / ALLOGA  ANGERS;Non renseigné;BUDESONIDE SANDOZ 64 µg/dose Susp pulv nas Fl/120doses;0.021;3.61;0.025;80;1
3988905;3400939889054;;SANDOZ - SAG GENERIQUES / ALLOGA  ANGERS;Non renseigné;FOSFOMYCINE SANDOZ 3 g Glé s buv en sachet adulte Sach/8g;0.021;3.4;0.025;200;1
3998424;3400939984247;;SANDOZ - SAG GENERIQUES / ALLOGA  ANGERS;Non renseigné;CLOPIDOGREL SANDOZ 75 mg Cpr pell Plq/30;0.021;6.28;0.05;168;1
4153054;3400941530548;;SANDOZ - SAG GENERIQUES / ALLOGA  ANGERS;Non renseigné;ATORVASTATINE SANDOZ 10 mg Cpr pell Plq/30;0.021;2.41;0.05;352;1
4153077;3400941530777;;SANDOZ - SAG GENERIQUES / ALLOGA  ANGERS;Non renseigné;ATORVASTATINE SANDOZ 10 mg Cpr pell Plq/90;0.021;7.24;0.05;120;1
4153166;3400941531668;;SANDOZ - SAG GENERIQUES / ALLOGA  ANGERS;Non renseigné;ATORVASTATINE SANDOZ 20 mg Cpr pell séc Plq/30;0.021;2.41;0.05;180;1
4153189;3400941531897;;SANDOZ - SAG GENERIQUES / ALLOGA  ANGERS;Non renseigné;ATORVASTATINE SANDOZ 20 mg Cpr pell séc Plq/90;0.021;7.24;0.05;120;1
4153261;3400941532610;;SANDOZ - SAG GENERIQUES / ALLOGA  ANGERS;Non renseigné;ATORVASTATINE SANDOZ 40 mg Cpr pell quadriséc Plq/30;0.021;2.41;0.05;120;1
4153284;3400941532849;;SANDOZ - SAG GENERIQUES / ALLOGA  ANGERS;Non renseigné;ATORVASTATINE SANDOZ 40 mg Cpr pell quadriséc Plq/90;0.021;7.24;0.05;50;1
4153315;3400941533150;;SANDOZ - SAG GENERIQUES / ALLOGA  ANGERS;Non renseigné;BISOPROLOL SANDOZ 1,25 mg Cpr pell Plq/90;0.021;8.72;0.05;135;1
4153321;3400941533211;;SANDOZ - SAG GENERIQUES / ALLOGA  ANGERS;Non renseigné;BISOPROLOL SANDOZ 2,5 mg Cpr pell séc Plq/90;0.021;8.72;0.05;135;1
4153373;3400941533730;;SANDOZ - SAG GENERIQUES / ALLOGA  ANGERS;Non renseigné;BISOPROLOL SANDOZ 10 mg Cpr pell séc Plq/90;0.021;8.72;0.05;0;1
4155389;3400941553899;;SANDOZ - SAG GENERIQUES / ALLOGA  ANGERS;Non renseigné;LETROZOLE SANDOZ 2,5 mg Cpr pell Plq/30;0.021;26.51;0.05;0;1
4163785;3400941637858;;SANDOZ - SAG GENERIQUES / ALLOGA  ANGERS;Non renseigné;ROPINIROLE SANDOZ LP 2 mg Cpr pell LP Plq/28;0.021;5.39;0.025;0;1
4163911;3400941639111;;SANDOZ - SAG GENERIQUES / ALLOGA  ANGERS;Non renseigné;ROPINIROLE SANDOZ LP 4 mg Cpr pell LP Plq/28;0.021;9.24;0.1;0;1
4164000;3400941640001;;SANDOZ - SAG GENERIQUES / ALLOGA  ANGERS;Non renseigné;ROPINIROLE SANDOZ LP 8 mg Cpr pell LP Plq/28;0.021;18.15;0.1;0;1
4187917;3400941879173;;SANDOZ - SAG GENERIQUES / ALLOGA  ANGERS;Non renseigné;OLANZAPINE SANDOZ 5 mg Cpr orodisp Plq/28;0.021;13.83;0.05;0;1
4187975;3400941879753;;SANDOZ - SAG GENERIQUES / ALLOGA  ANGERS;Non renseigné;OLANZAPINE SANDOZ 10 mg Cpr orodisp Plq/28;0.021;7.84;0.05;1;1
4191416;3400941914164;;SANDOZ - SAG GENERIQUES / ALLOGA  ANGERS;Non renseigné;TELMISARTAN SANDOZ 40 mg Cpr Plq/30;0.021;2.85;0.05;0;1
4191468;3400941914683;;SANDOZ - SAG GENERIQUES / ALLOGA  ANGERS;Non renseigné;TELMISARTAN SANDOZ 40 mg Cpr Plq/90;0.021;8.78;0.025;0;1
4191540;3400941915406;;SANDOZ - SAG GENERIQUES / ALLOGA  ANGERS;Non renseigné;TELMISARTAN SANDOZ 80 mg Cpr Plq/30;0.021;2.85;0.05;0;1
4191600;3400941916007;;SANDOZ - SAG GENERIQUES / ALLOGA  ANGERS;Non renseigné;TELMISARTAN SANDOZ 80 mg Cpr Plq/90;0.021;8.55;0.05;0;1
4915216;3400949152162;;SANDOZ - SAG GENERIQUES / ALLOGA  ANGERS;Non renseigné;VALSARTAN/HYDROCHLOROTHIAZIDE SANDOZ 80 mg/12,5 mg Cpr pell PlaqT/30;0.021;2.93;0.025;1;1
4915280;3400949152803;;SANDOZ - SAG GENERIQUES / ALLOGA  ANGERS;Non renseigné;VALSARTAN/HYDROCHLOROTHIAZIDE SANDOZ 80 mg/12,5 mg Cpr pell Plaque/90;0.021;8.78;0.025;0;1
4915736;3400949157365;;SANDOZ - SAG GENERIQUES / ALLOGA  ANGERS;Non renseigné;VALSARTAN/HYDROCHLOROTHIAZIDE SANDOZ 160 mg/12,5 mg Cpr pell Plaque/30;0.021;2.93;0.025;0;1
4915802;3400949158027;;SANDOZ - SAG GENERIQUES / ALLOGA  ANGERS;Non renseigné;VALSARTAN/HYDROCHLOROTHIAZIDE SANDOZ 160 mg/12,5 mg Cpr pell Plaque/90;0.021;8.78;0.025;1;1
4916256;3400949162567;;SANDOZ - SAG GENERIQUES / ALLOGA  ANGERS;Non renseigné;VALSARTAN/HYDROCHLOROTHIAZIDE SANDOZ 160 mg/25 mg Cpr pell Plaque/30;0.021;2.93;0.025;0;1
4916345;3400949163458;;SANDOZ - SAG GENERIQUES / ALLOGA  ANGERS;Non renseigné;VALSARTAN/HYDROCHLOROTHIAZIDE SANDOZ 160 mg/25 mg Cpr pell Plaque/90;0.021;8.78;0.025;45;1
4917534;3400949175345;;SANDOZ - SAG GENERIQUES / ALLOGA  ANGERS;Non renseigné;RISPERIDONE SANDOZ 4 mg Cpr orodisp Plq/28;0.021;6.62;0.025;1;1
4919013;3400949190133;;SANDOZ - SAG GENERIQUES / ALLOGA  ANGERS;Non renseigné;EXEMESTANE SANDOZ 25 mg Cpr pell Plq/30;0.021;31.65;0.025;0;1
4920625;3400949206254;;SANDOZ - SAG GENERIQUES / ALLOGA  ANGERS;Non renseigné;CANDESARTAN/HYDROCHLOROTHIAZIDE SANDOZ 8 mg/12,5 mg Cpr Plq/30;0.021;2.85;0.05;0;1
4920677;3400949206773;;SANDOZ - SAG GENERIQUES / ALLOGA  ANGERS;Non renseigné;CANDESARTAN/HYDROCHLOROTHIAZIDE SANDOZ 8 mg/12,5 mg Cpr Plq/90;0.021;8.55;0.05;0;1
4920849;3400949208494;;SANDOZ - SAG GENERIQUES / ALLOGA  ANGERS;Non renseigné;CANDESARTAN/HYDROCHLOROTHIAZIDE SANDOZ 16 mg/12,5 mg Cpr Plq/30;0.021;2.85;0.05;0;1
4920909;3400949209095;;SANDOZ - SAG GENERIQUES / ALLOGA  ANGERS;Non renseigné;CANDESARTAN/HYDROCHLOROTHIAZIDE SANDOZ 16 mg/12,5 mg Cpr Plq/90;0.021;8.55;0.05;1;1
4924451;3400949244515;;SANDOZ - SAG GENERIQUES / ALLOGA  ANGERS;Non renseigné;MYCOPHENOLATE MOFETIL SANDOZ 500 mg Cpr pell Plq/50;0.021;42.55;0.025;1;1
4925568;3400949255689;;SANDOZ - SAG GENERIQUES / ALLOGA  ANGERS;Non renseigné;MONTELUKAST SANDOZ 10 mg Cpr pell Plq/28;0.021;7.11;0.05;96;1
4927840;3400949278404;;SANDOZ - SAG GENERIQUES / ALLOGA  ANGERS;Non renseigné;REPAGLINIDE SANDOZ 0,5 mg Cpr Plq/90;0.021;4.55;0.1;0;1
4927917;3400949279173;;SANDOZ - SAG GENERIQUES / ALLOGA  ANGERS;Non renseigné;REPAGLINIDE SANDOZ 0,5 mg Cpr Plq/270;0.021;12.96;0.1;1;1
4927952;3400949279524;;SANDOZ - SAG GENERIQUES / ALLOGA  ANGERS;Non renseigné;REPAGLINIDE SANDOZ 1 mg Cpr Plq/90;0.021;4.55;0.1;0;1
4928012;3400949280124;;SANDOZ - SAG GENERIQUES / ALLOGA  ANGERS;Non renseigné;REPAGLINIDE SANDOZ 1 mg Cpr Plq/270;0.021;12.96;0.1;0;1
4928041;3400949280414;;SANDOZ - SAG GENERIQUES / ALLOGA  ANGERS;Non renseigné;REPAGLINIDE SANDOZ 2 mg Cpr Plq/90;0.021;4.55;0.1;1;1
4928101;3400949281015;;SANDOZ - SAG GENERIQUES / ALLOGA  ANGERS;Non renseigné;REPAGLINIDE SANDOZ 2 mg Cpr Plq/270;0.021;12.96;0.1;0;1
4932203;3400949322039;;SANDOZ - SAG GENERIQUES / ALLOGA  ANGERS;Non renseigné;VALSARTAN SANDOZ 40 mg Cpr pell séc Plaque/30;0.021;2.85;0.05;0;1
4932278;3400949322787;;SANDOZ - SAG GENERIQUES / ALLOGA  ANGERS;Non renseigné;VALSARTAN SANDOZ 40 mg Cpr pell séc Plaque/90;0.021;8.55;0.05;0;1
4932746;3400949327461;;SANDOZ - SAG GENERIQUES / ALLOGA  ANGERS;Non renseigné;VALSARTAN SANDOZ 80 mg Cpr pell Plaque/30;0.021;2.85;0.05;0;1
4932806;3400949328062;;SANDOZ - SAG GENERIQUES / ALLOGA  ANGERS;Non renseigné;VALSARTAN SANDOZ 80 mg Cpr pell Plaque/90;0.021;8.55;0.05;0;1
4933237;3400949332373;;SANDOZ - SAG GENERIQUES / ALLOGA  ANGERS;Non renseigné;VALSARTAN SANDOZ 160 mg Cpr pell Plaque/30;0.021;2.85;0.05;0;1
4933303;3400949333035;;SANDOZ - SAG GENERIQUES / ALLOGA  ANGERS;Non renseigné;VALSARTAN SANDOZ 160 mg Cpr pell Plaque/90;0.021;8.55;0.05;1;1
4935087;3400949350872;;SANDOZ - SAG GENERIQUES / ALLOGA  ANGERS;Non renseigné;PERINDOPRIL/INDAPAMIDE SANDOZ 2 mg/0,625 mg Cpr Plq/30;0.021;2.93;0.025;0;1
4935118;3400949351183;;SANDOZ - SAG GENERIQUES / ALLOGA  ANGERS;Non renseigné;PERINDOPRIL/INDAPAMIDE SANDOZ 2 mg/0,625 mg Cpr Plq/90;0.021;8.78;0.025;0;1
4935288;3400949352883;;SANDOZ - SAG GENERIQUES / ALLOGA  ANGERS;Non renseigné;PERINDOPRIL/INDAPAMIDE SANDOZ 4 mg/1,25 mg Cpr Plq/30;0.021;2.93;0.025;0;1
4935319;3400949353194;;SANDOZ - SAG GENERIQUES / ALLOGA  ANGERS;Non renseigné;PERINDOPRIL/INDAPAMIDE SANDOZ 4 mg/1,25 mg Cpr Plq/90;0.021;8.78;0.025;0;1
4938973;3400949389735;;SANDOZ - SAG GENERIQUES / ALLOGA  ANGERS;Non renseigné;ATORVASTATINE SANDOZ 80 mg Cpr pell séc Plq/30;0.021;2.48;0.025;64;1
4939091;3400949390915;;SANDOZ - SAG GENERIQUES / ALLOGA  ANGERS;Non renseigné;ATORVASTATINE SANDOZ 80 mg Cpr pell séc Plq/90;0.021;7.43;0.025;24;1
4945708;3400949457083;;SANDOZ - SAG GENERIQUES / ALLOGA  ANGERS;Non renseigné;RISEDRONATE SANDOZ 35 mg Cpr pell Plq/4;0.021;7.17;0.05;0;1
4945720;3400949457205;;SANDOZ - SAG GENERIQUES / ALLOGA  ANGERS;Non renseigné;RISEDRONATE SANDOZ 35 mg Cpr pell Plq/12;0.021;21.53;0.05;0;1
4996887;3400949968879;;SANDOZ - SAG GENERIQUES / ALLOGA  ANGERS;Non renseigné;RABEPRAZOLE SANDOZ 10 mg Cpr gastro-rés Plq/28;0.021;2.74;0.025;112;1
4997088;3400949970889;;SANDOZ - SAG GENERIQUES / ALLOGA  ANGERS;Non renseigné;RABEPRAZOLE SANDOZ 20 mg Cpr gastro-rés Plq/28;0.021;2.74;0.025;112;1
;3400930244210;;SANOFI PASTEUR EUROPE;Non renseigné;MENQUADFI S inj Vaccin méningococcique conj gr A, C, W et Y Fl+ser+2aig;0.021;35.59;0;50;1
;3400930268599;;SANOFI PASTEUR EUROPE;Non renseigné;BEYFORTUS 50 mg Sol inj ser préremplie Ser/0,5ml+Aig;0.021;369.91;0;1;1
;3400930268636;;SANOFI PASTEUR EUROPE;Non renseigné;BEYFORTUS 100 mg Sol inj ser préremplie Ser/1ml+Aig;0.021;369.91;0;30;1
2735007;3400927350078;;SANOFI PASTEUR EUROPE;Non renseigné;HEXYON Susp inj en seringue préremplie Ser/0,5ml+Aig;0.021;29.58;0;60;1
3304887;3400933048877;;SANOFI PASTEUR EUROPE;Non renseigné;VACCIN RABIQUE PASTEUR Pdr & solv susp inj 1Fl+ Ser/0,5ml;0.021;49.99;0;50;1
3416652;3400934166525;;SANOFI PASTEUR EUROPE;Non renseigné;AVAXIM 160U Su ij se vaccin hépat A Ser/0,5ml;0.021;19.28;0;1;1
3539550;3400935395504;;SANOFI PASTEUR EUROPE;Non renseigné;TUBERTEST S inj Fl/10Doses;0.021;7.64;0;240;1
3687374;3400936873742;;SANOFI PASTEUR EUROPE;Non renseigné;REPEVAX Susp inj en seringue préremplie Ser+Aig/0,5ml;0.021;19.54;0;60;1
3687463;3400936874633;;SANOFI PASTEUR EUROPE;Non renseigné;TETRAVAC-ACELLULAIRE Susp inj en seringue préremplie Ser/0,5ml+Aig;0.021;11.67;0;60;1
3699294;3400936992948;;SANOFI PASTEUR EUROPE;Non renseigné;TYPHIM VI S inj en seringue préremplie Ser/0,5ml+1aig;0.021;32.27;0;1;1
;3400930016671;;SANOFI-AVENTIS FRANCE;Non renseigné;TOUJEO SOLOSTAR 300 U/ml S inj en stylo prérempli 3Stylo/1,5ml;0.021;31.77;0;40;1
;3400930034378;;SANOFI-AVENTIS FRANCE;Non renseigné;PRALUENT 75 mg S inj en stylo prérempli 2Stylo/1ml;0.021;396.3;0;1;1
;3400930034392;;SANOFI-AVENTIS FRANCE;Non renseigné;PRALUENT 150 mg S inj en stylo prérempli 2Stylo/1ml;0.021;396.3;0;35;1
;3400930119761;;SANOFI-AVENTIS FRANCE;Non renseigné;L-THYROXIN HENNING 25 µg Cpr séc Plq PVC/Alu/100;0.021;1.39;0;1;1
;3400930119778;;SANOFI-AVENTIS FRANCE;Non renseigné;L-THYROXIN HENNING 50 µg Cpr séc Plq PVC/Alu/100;0.021;2.55;0;1;1
;3400930119792;;SANOFI-AVENTIS FRANCE;Non renseigné;L-THYROXIN HENNING 75 µg Cpr séc Plq PVC/Alu/100;0.021;3.82;0;1;1
;3400930119808;;SANOFI-AVENTIS FRANCE;Non renseigné;L-THYROXIN HENNING 100 µg Cpr séc Plq PVC/Alu/100;0.021;5.04;0;240;1
;3400930119815;;SANOFI-AVENTIS FRANCE;Non renseigné;L-THYROXIN HENNING 125 µg Cpr séc Plq PVC/Alu/100;0.021;6.27;0;1;1
;3400930119822;;SANOFI-AVENTIS FRANCE;Non renseigné;L-THYROXIN HENNING 150 µg Cpr séc Plq PVC/Alu/100;0.021;7.53;0;1;1
;3400930119839;;SANOFI-AVENTIS FRANCE;Non renseigné;L-THYROXIN HENNING 175 µg Cpr séc Plq PVC/Alu/100;0.021;8.77;0;1;1
;3400930119853;;SANOFI-AVENTIS FRANCE;Non renseigné;L-THYROXIN HENNING 200 µg Cpr séc Plq PVC/Alu/100;0.021;10.04;0;1;1
;3400930176375;;SANOFI-AVENTIS FRANCE;Non renseigné;SUVREZA 10 mg/10 mg Cpr pell Plq/30;0.021;13.4;0;1;1
;3400930176382;;SANOFI-AVENTIS FRANCE;Non renseigné;SUVREZA 10 mg/10 mg Cpr pell Plq/90;0.021;38.2;0;1;1
;3400930176399;;SANOFI-AVENTIS FRANCE;Non renseigné;SUVREZA 20 mg/10 mg Cpr pell Plq/30;0.021;13.4;0;1;1
;3400930177662;;SANOFI-AVENTIS FRANCE;Non renseigné;TOUJEO DOUBLESTAR 300 U/ml S inj en stylo prérempli 3Stylo/3ml;0.021;63.04;0;40;1
;3400930207659;;SANOFI-AVENTIS FRANCE;Non renseigné;APREXEVO 150 mg/5 mg Cpr pell Plq/30;0.021;5.59;0;1;1
;3400930207666;;SANOFI-AVENTIS FRANCE;Non renseigné;APREXEVO 150 mg/5 mg Cpr pell Plq/90;0.021;16.77;0;1;1
;3400930207697;;SANOFI-AVENTIS FRANCE;Non renseigné;APREXEVO 300 mg/5 mg Cpr pell Plq/30;0.021;5.59;0;1;1
;3400930207703;;SANOFI-AVENTIS FRANCE;Non renseigné;APREXEVO 300 mg/5 mg Cpr pell Plq/90;0.021;16.77;0;1;1
;3400930212042;;SANOFI-AVENTIS FRANCE;Non renseigné;INSULINE ASPARTE SANOFI 100 U/ml S inj en stylo prérempli 5Stylo/3ml;0.021;20.01;0;40;1
;3400930214060;;SANOFI-AVENTIS FRANCE;Non renseigné;L-THYROXIN HENNING 63 µg Cpr séc Plq/100;0.021;3.19;0;1;1
;3400930214077;;SANOFI-AVENTIS FRANCE;Non renseigné;L-THYROXIN HENNING 88 µg Cpr séc Plq/100;0.021;4.42;0;1;1
;3400930214084;;SANOFI-AVENTIS FRANCE;Non renseigné;L-THYROXIN HENNING 112 µg Cpr séc Plq/100;0.021;5.65;0;1;1
;3400930214107;;SANOFI-AVENTIS FRANCE;Non renseigné;L-THYROXIN HENNING 137 µg Cpr séc Plq/100;0.021;6.91;0;1;1
;3400930215616;;SANOFI-AVENTIS FRANCE;Non renseigné;PRALUENT 300 mg S inj en stylo prérempli Stylo/2ml ss bout act;0.021;396.3;0;1;1
;3400930233931;;SANOFI-AVENTIS FRANCE;Non renseigné;INSULINE ASPARTE SANOFI 100 U/ml S inj en flacon Fl;0.021;10.13;0;1;1
;3400930319895;;SANOFI-AVENTIS FRANCE;Non renseigné;THYBON 20 HENNING 20 µg Cpr séc Plq/50 [AIT];0.021;5.18;0;1;1
2749989;3400927499890;;SANOFI-AVENTIS FRANCE;Non renseigné;AUBAGIO 14 mg Cpr pell Plq/28;0.021;398.66;0;1;1
3017640;3400930176405;;SANOFI-AVENTIS FRANCE;Non renseigné;SUVREZA 20 mg/10 mg Cpr pell Plq/90;0.021;38.2;0;1;1
3025650;3400930256503;;SANOFI-AVENTIS FRANCE;Non renseigné;CORDARONE 200 mg Cpr séc Plq/2x15 (30);0.021;8.44;0;1;1
3029292;3400930292921;;SANOFI-AVENTIS FRANCE;Non renseigné;DEPAKINE 200 mg Cpr gastro-rés T/40;0.021;1.92;0;0;1
3029300;3400930293003;;SANOFI-AVENTIS FRANCE;Non renseigné;DEPAKINE 200 mg/ml S buv Fl/40ml;0.021;3.17;0;50;1
3032561;3400930325612;;SANOFI-AVENTIS FRANCE;Non renseigné;DISULONE 100 mg/200 mg Cpr séc Plq/10x10 (100);0.021;10.17;0;0;1
3057331;3400930573310;;SANOFI-AVENTIS FRANCE;Non renseigné;LASILIX 20 mg/2 ml S inj en ampoule Amp/2ml;0.021;0.84;0;80;1
3086166;3400930861660;;SANOFI-AVENTIS FRANCE;Non renseigné;PRIMPERAN 10 mg/2 ml S inj en ampoule 12Amp/2ml;0.021;3.76;0;50;1
3091500;3400930915004;;SANOFI-AVENTIS FRANCE;Non renseigné;RIFADINE 300 mg Gél Plq/30;0.021;12.54;0;0;1
3091517;3400930915172;;SANOFI-AVENTIS FRANCE;Non renseigné;RIFADINE 300 mg Gél Plq/8;0.021;4.02;0;0;1
3118676;3400931186762;;SANOFI-AVENTIS FRANCE;Non renseigné;RIFADINE 2 pour cent Susp buv Fl/120ml;0.021;4.81;0;0;1
3135858;3400931358589;;SANOFI-AVENTIS FRANCE;Non renseigné;PYOSTACINE 500 mg Cpr pell Plq/16;0.021;15.92;0;336;1
3192276;3400931922766;;SANOFI-AVENTIS FRANCE;Non renseigné;DEPAKINE 500 mg Cpr gastro-rés T/40;0.021;4.58;0;120;1
3207061;3400932070619;;SANOFI-AVENTIS FRANCE;Non renseigné;DEPAMIDE 300 mg Cpr pell gastro 2Plq/15(30);0.021;3.58;0;80;1
3215356;3400932153565;;SANOFI-AVENTIS FRANCE;Non renseigné;LASILIX FAIBLE 20 mg Cpr B/30;0.021;1.05;0;1;1
3224148;3400932241484;;SANOFI-AVENTIS FRANCE;Non renseigné;PLITICAN S inj 6Amp/2ml;0.021;3.77;0;0;1
3235086;3400932350865;;SANOFI-AVENTIS FRANCE;Non renseigné;KAYEXALATE Pdre p susp buv/rect Fl PEHD/454g;0.021;18.91;0;12;1
3238179;3400932381791;;SANOFI-AVENTIS FRANCE;Non renseigné;TILDIEM 60mg Cpr B/30;0.021;1.62;0;1;1
3240087;3400932400874;;SANOFI-AVENTIS FRANCE;Non renseigné;SERECOR 300 mg Gél LP Plq/60;0.021;13.65;0;0;1
3263450;3400932634507;;SANOFI-AVENTIS FRANCE;Non renseigné;DEPAKINE 57,64 mg/ml Sirop Fl/150ml+ser;0.021;5.95;0;0;1
3295409;3400932954094;;SANOFI-AVENTIS FRANCE;Non renseigné;RIFINAH 300 mg/150 mg Cpr enr Plq/30;0.021;15.89;0;0;1
3299353;3400932993536;;SANOFI-AVENTIS FRANCE;Non renseigné;RIFATER Cpr enr Plq/60;0.021;18.27;0;0;1
3300091;3400933000912;;SANOFI-AVENTIS FRANCE;Non renseigné;LASILIX 10 mg/ml S buv Fl/60ml;0.021;8.52;0;0;1
3301601;3400933016012;;SANOFI-AVENTIS FRANCE;Non renseigné;XATRAL 2,5 mg Cpr pell B/30;0.021;7.02;0;1;1
3301802;3400933018023;;SANOFI-AVENTIS FRANCE;Non renseigné;DEPAKINE CHRONO 500 mg Cpr pell séc LP 1Fl/30;0.021;5.96;0;120;1
3357211;3400933572112;;SANOFI-AVENTIS FRANCE;Non renseigné;MONO TILDIEM LP 300 mg Gél LP Plq/28;0.021;4.32;0;0;1
3357228;3400933572280;;SANOFI-AVENTIS FRANCE;Non renseigné;MONO TILDIEM LP 200 mg Gél LP Plq/28;0.021;4.32;0;0;1
3378041;3400933780418;;SANOFI-AVENTIS FRANCE;Non renseigné;SABRIL 500 mg Cpr pell 6Plq/10 (60);0.021;36.81;0;0;1
3378064;3400933780647;;SANOFI-AVENTIS FRANCE;Non renseigné;SABRIL 500 mg Glé s buv en sachet-dose 60Sach;0.021;38.68;0;1;1
3384538;3400933845384;;SANOFI-AVENTIS FRANCE;Non renseigné;LASILIX SPECIAL 500 mg Cpr séc Plq/30;0.021;13.91;0;1;1
3393721;3400933937218;;SANOFI-AVENTIS FRANCE;Non renseigné;PYOSTACINE 250 mg Cpr pell Plq/16;0.021;7.98;0;1;1
3416468;3400934164682;;SANOFI-AVENTIS FRANCE;Non renseigné;RILUTEK 50 mg Cpr pell Plq/56;0.021;123.48;0;1;1
3421050;3400934210501;;SANOFI-AVENTIS FRANCE;Non renseigné;AMAREL 4 mg Cpr Plq/30;0.021;4.45;0;0;1
3465857;3400934658570;;SANOFI-AVENTIS FRANCE;Non renseigné;STILNOX 10 mg Cpr pell séc 2Plq/7 (14);0.021;1.36;0;300;1
3473621;3400934736216;;SANOFI-AVENTIS FRANCE;Non renseigné;SOLIAN 200 mg Cpr séc 2Plq/30 (60);0.021;32.06;0;0;1
3474856;3400934748561;;SANOFI-AVENTIS FRANCE;Non renseigné;IMOVANE 7,5 mg Cpr pell séc B/14;0.021;1.61;0;240;1
3487474;3400934874741;;SANOFI-AVENTIS FRANCE;Non renseigné;SOLIAN 100 mg Cpr séc Plq/30;0.021;8.24;0;0;1
3487623;3400934876233;;SANOFI-AVENTIS FRANCE;Non renseigné;DEPAKOTE 250 mg Cpr gastro-rés Plq/30;0.021;3.47;0;56;1
3496556;3400934965562;;SANOFI-AVENTIS FRANCE;Non renseigné;TAVANIC 500 mg Cpr pell séc Plq/5;0.021;8.45;0;0;1
3511066;3400935110664;;SANOFI-AVENTIS FRANCE;Non renseigné;XATRAL LP 10 mg Cpr LP Plq/30;0.021;10.08;0;1;1
3528138;3400935281388;;SANOFI-AVENTIS FRANCE;Non renseigné;LASILIX 40 mg Cpr séc Plq/30;0.021;1.63;0;0;1
3528701;3400935287014;;SANOFI-AVENTIS FRANCE;Non renseigné;SOLIAN 100 mg/ml S buv Fl/60ml+Ser;0.021;24.8;0;1;1
3541699;3400935416995;;SANOFI-AVENTIS FRANCE;Non renseigné;ARAVA 20 mg Cpr pell Fl/30;0.021;25.4;0;1;1
3544427;3400935444271;;SANOFI-AVENTIS FRANCE;Non renseigné;DEPAKOTE 500 mg Cpr gastro-rés Plq/90;0.021;20.63;0;24;1
3546320;3400935463203;;SANOFI-AVENTIS FRANCE;Non renseigné;LANTUS 100 U/ml Sol inj cart 5Cart/3ml;0.021;33.04;0;1;1
3572659;3400935726599;;SANOFI-AVENTIS FRANCE;Non renseigné;RENAGEL 800 mg Cpr pell 1Fl/180;0.021;60.21;0;0;1
3594649;3400935946492;;SANOFI-AVENTIS FRANCE;Non renseigné;LANTUS 100 U/ml S inj en flacon Fl/10ml;0.021;22.18;0;0;1
3615386;3400936153868;;SANOFI-AVENTIS FRANCE;Non renseigné;TRIATEC 10 mg Cpr séc Plq/30;0.021;4.06;0;0;1
3634426;3400936344266;;SANOFI-AVENTIS FRANCE;Non renseigné;BI TILDIEM LP 120 mg Cpr enr LP Plaq/28;0.021;3.62;0;0;1
3634449;3400936344495;;SANOFI-AVENTIS FRANCE;Non renseigné;BI TILDIEM LP 90 mg Cpr enr LP Plq/28;0.021;3.62;0;1;1
3644011;3400936440111;;SANOFI-AVENTIS FRANCE;Non renseigné;TRIATEC 2,5 mg Cpr séc Plq/30;0.021;4.06;0;0;1
3644057;3400936440579;;SANOFI-AVENTIS FRANCE;Non renseigné;TRIATEC 5 mg Cpr séc Plq/30;0.021;4.06;0;0;1
3644146;3400936441460;;SANOFI-AVENTIS FRANCE;Non renseigné;PLAQUENIL 200 mg Cpr pell Plq/30;0.021;2.9;0;180;1
3646837;3400936468375;;SANOFI-AVENTIS FRANCE;Non renseigné;LOVENOX 2000 UI (20 mg)/0,2 ml S inj en seringue préremplie 2Ser/0,2ml;0.021;3.76;0;0;1
3646843;3400936468436;;SANOFI-AVENTIS FRANCE;Non renseigné;LOVENOX 2000 UI (20 mg)/0,2 ml S inj en seringue préremplie 6Ser/0,2ml;0.021;11.21;0;15;1
3646866;3400936468665;;SANOFI-AVENTIS FRANCE;Non renseigné;LOVENOX 4000 UI (40 mg)/0,4 ml S inj en seringue préremplie 2Ser ver/0,4ml;0.021;7.48;0;35;1
3646872;3400936468726;;SANOFI-AVENTIS FRANCE;Non renseigné;LOVENOX 4000 UI (40 mg)/0,4 ml S inj en seringue préremplie 6Ser ver/0,4ml;0.021;22.43;0;15;1
3646895;3400936468955;;SANOFI-AVENTIS FRANCE;Non renseigné;LOVENOX 10 000 UI (100 mg)/1 ml S inj en seringue préremplie 10Ser/1ml;0.021;60.03;0;9;1
3646903;3400936469037;;SANOFI-AVENTIS FRANCE;Non renseigné;LOVENOX 6000UI (60 mg)/0,6 ml S inj en seringue préremplie 2Ser/0,6ml;0.021;8.62;0;0;1
3646926;3400936469266;;SANOFI-AVENTIS FRANCE;Non renseigné;LOVENOX 6000UI (60 mg)/0,6 ml S inj en seringue préremplie 10Ser/0,6ml;0.021;43.1;0;9;1
3646932;3400936469327;;SANOFI-AVENTIS FRANCE;Non renseigné;LOVENOX 8000 UI (80 mg)/0,8 ml S inj en seringue préremplie 2Ser/0,8ml;0.021;9.66;0;0;1
3646949;3400936469495;;SANOFI-AVENTIS FRANCE;Non renseigné;LOVENOX 8000 UI (80 mg)/0,8 ml S inj en seringue préremplie 10Ser/0,8ml;0.021;48.25;0;9;1
3651809;3400936518094;;SANOFI-AVENTIS FRANCE;Non renseigné;APIDRA 100 U/ml Sol inj en fl Fl/10ml;0.021;14.22;0;0;1
3655115;3400936551152;;SANOFI-AVENTIS FRANCE;Non renseigné;MICROPAKINE LP 100 mg Glé LP en sachet-dose Sach/30;0.021;2.57;0;216;1
3655121;3400936551213;;SANOFI-AVENTIS FRANCE;Non renseigné;MICROPAKINE LP 250 mg Glé LP en sachet-dose Sach/30;0.021;6.29;0;25;1
3655138;3400936551381;;SANOFI-AVENTIS FRANCE;Non renseigné;MICROPAKINE LP 500 mg Glé LP en sachet-dose Sach/30;0.021;12.57;0;57;1
3655144;3400936551442;;SANOFI-AVENTIS FRANCE;Non renseigné;MICROPAKINE LP 750 mg Glé LP en sachet-dose Sach/30;0.021;18.86;0;60;1
3655173;3400936551732;;SANOFI-AVENTIS FRANCE;Non renseigné;MICROPAKINE LP 1000 mg Glé LP en sachet-dose Sach/30;0.021;25.14;0;0;1
3690844;3400936908444;;SANOFI-AVENTIS FRANCE;Non renseigné;TRIATEC 2,5 mg Cpr séc Plq/90;0.021;12.05;0;0;1
3690850;3400936908505;;SANOFI-AVENTIS FRANCE;Non renseigné;TRIATEC 5 mg Cpr séc Plq/90;0.021;12.15;0;0;1
3690867;3400936908673;;SANOFI-AVENTIS FRANCE;Non renseigné;TRIATEC 10 mg Cpr séc Plq/90;0.021;12.15;0;0;1
3772200;3400937722001;;SANOFI-AVENTIS FRANCE;Non renseigné;APIDRA SOLOSTAR 100 U/ml Sol inj stylo prérempli 5Stylo;0.021;28.29;0;40;1
3772298;3400937722988;;SANOFI-AVENTIS FRANCE;Non renseigné;LANTUS SOLOSTAR 100 U/ml S inj en stylo prérempli 5Stylo/3ml;0.021;33.04;0;40;1
3801479;3400938014792;;SANOFI-AVENTIS FRANCE;Non renseigné;APROVEL 150 mg Cpr pell 2Plq/15 (30);0.021;4.62;0;1;1
3801485;3400938014853;;SANOFI-AVENTIS FRANCE;Non renseigné;APROVEL 150 mg Cpr pell 6plq/15 (90);0.021;13.88;0;1;1
3801516;3400938015164;;SANOFI-AVENTIS FRANCE;Non renseigné;APROVEL 300 mg Cpr pell 9Plq/10 (90);0.021;13.88;0;50;1
3801522;3400938015225;;SANOFI-AVENTIS FRANCE;Non renseigné;COAPROVEL 150 mg/12,5 mg Cpr pell Plq/2x15 (30);0.021;4.62;0;0;1
3801539;3400938015393;;SANOFI-AVENTIS FRANCE;Non renseigné;COAPROVEL 150 mg/12,5 mg Cpr pell Plq/6x15 (90);0.021;13.88;0;1;1
3801545;3400938015454;;SANOFI-AVENTIS FRANCE;Non renseigné;COAPROVEL 300 mg/12,5 mg Cpr pell Plq/3x10 (30);0.021;4.62;0;1;1
3801551;3400938015515;;SANOFI-AVENTIS FRANCE;Non renseigné;COAPROVEL 300 mg/12,5 mg Cpr pell Plq/9x10 (90);0.021;13.88;0;1;1
3801568;3400938015683;;SANOFI-AVENTIS FRANCE;Non renseigné;COAPROVEL 300 mg/25 mg Cpr pell Plq/3x10 (30);0.021;4.62;0;1;1
3801574;3400938015744;;SANOFI-AVENTIS FRANCE;Non renseigné;COAPROVEL 300 mg/25 mg Cpr pell Plq/9x10 (90);0.021;13.88;0;1;1
3820637;3400938206371;;SANOFI-AVENTIS FRANCE;Non renseigné;DUOPLAVIN 75 mg/75 mg Cpr pell Plq/30;0.021;7.5;0;90;1
3967027;3400939670270;;SANOFI-AVENTIS FRANCE;Non renseigné;RENVELA 800 mg Cpr pell Fl/180;0.021;60.21;0;0;1
3967079;3400939670799;;SANOFI-AVENTIS FRANCE;Non renseigné;RENVELA 2,4 g Pdr susp buv 90Sach;0.021;112.84;0;0;1
;3400930158494;;SANTEN;Non renseigné;COSTEC 20 mg/ml + 5 mg/ml Collyre sol Fl/10ml;0.021;12.13;0;1;1
;3400930164471;;SANTEN;Non renseigné;TIMOPTOL 0,25 % Collyre sol Fl/5ml;0.021;4.9;0;1;1
;3400930164488;;SANTEN;Non renseigné;TIMOPTOL 0,50 % Collyre sol Fl/5ml;0.021;5.26;0;1;1
;3400930166093;;SANTEN;Non renseigné;TRUSOPT 20 mg/ml Collyre sol Fl PEBD/5ml;0.021;4.47;0;1;1
;3400930166321;;SANTEN;Non renseigné;TIMOPTOL LP 0,25 % collyre en solution à libération prolongée Fl PEBD/2,5ml;0.021;4.76;0;1;1
;3400930166338;;SANTEN;Non renseigné;TIMOPTOL LP 0,50 % collyre en solution à libération prolongée Fl PEBD/2,5ml;0.021;4.76;0;1;1
;3400930166345;;SANTEN;Non renseigné;COSOPT 20 mg/ml + 5 mg/ml Collyre sol Flac/5ml;0.021;5.68;0;1;1
;3400930172032;;SANTEN;Non renseigné;VERKAZIA 1 mg/ml Collyre émuls 120Unid/0,3ml;0.021;323.73;0;1;1
;3400930263921;;SANTEN;Non renseigné;ROCLANDA 50 µg/ml+200 µg/ml Collyre sol Fl PEBD/2,5ml;0.021;6.46;0;1;1
;3400930294185;;SANTEN;Non renseigné;CATIOLANZE 50 µg/ml Collyre émuls 30Unid/0,3ml;0.021;6.16;0;48;1
3135752;3400931357520;;SCIENCEX;Non renseigné;KEFORAL 500 mg Cpr pell Plq/10;0.021;3.22;0;0;1
3198652;3400931986522;;SCIENCEX;Non renseigné;KEFORAL 1 g Cpr pell Plq/6;0.021;3.97;0;0;1
3074772;3400930747728;;SEPTODONT;Non renseigné;RODOGYL Cpr pell Plq/20;0.021;3.91;0;0;1
3482815;3400934828157;;SEPTODONT;Non renseigné;BIRODOGYL Cpr pell Plq/10;0.021;4.83;0;0;1
3069825;3400930698259;;SERB;Non renseigné;MYSOLINE 250 mg Cpr séc Plq/50;0.021;6.78;0;0;1
3214115;3400932141159;;SERB;Non renseigné;HYDROCORTISONE UPJOHN 100 mg Prép inj Fl+Amp;0.021;1.65;0;0;1
3216723;3400932167234;;SERB;Non renseigné;ROCGEL 1,2 g Susp buv en sachet-dose 24Sach/10ml;0.021;2.87;0;30;1
3306998;3400933069988;;SERB;Non renseigné;IMPORTAL 10 g Pdr sol buv en sachet 20Sach;0.021;2.61;0;24;1
3358647;3400933586478;;SERB;Non renseigné;IMPORTAL 5 g Pdre oral sach enfants 10Sach;0.021;1.35;0;24;1
3358653;3400933586539;;SERB;Non renseigné;IMPORTAL 2,5 g Pdre oral sach jeune enfant 10Sach;0.021;1.35;0;0;1
3693191;3400936931916;;SERB;Non renseigné;XENAZINE 25 mg Cpr séc Fl/112;0.021;98.66;0;0;1
3811265;3400938112658;;SERB;Non renseigné;L-THYROXINE SERB 150 µg/ml S buv en gouttes Fl/15ml;0.021;4.16;0;100;1
3471556;3400934715563;;SERB / MAIL;Non renseigné;FIRDAPSE 10 mg Cpr Plq/100x1;0.021;1308;0;0;1
3116217;3400931162179;;SERP GROSSISTE;Non renseigné;DEXAMBUTOL 500 mg Cpr pell B/50;0.021;4.01;0;10;1
;3400930067550;;SERVIER GROSSISTE;Non renseigné;COSIMPREL 5 mg/10 mg Cpr pell séc Pilul/30;0.021;4.91;0;1;1
;3400930067567;;SERVIER GROSSISTE;Non renseigné;COSIMPREL 5 mg/10 mg Cpr pell séc Pilul/3x30 (90);0.021;14.48;0;30;1
;3400930067574;;SERVIER GROSSISTE;Non renseigné;COSIMPREL 10 mg/5 mg Cpr pell Pilul/30;0.021;6.59;0;1;1
;3400930067598;;SERVIER GROSSISTE;Non renseigné;COSIMPREL 10 mg/10 mg Cpr pell Pilul/30;0.021;6.59;0;1;1
;3400930067611;;SERVIER GROSSISTE;Non renseigné;COSIMPREL 5 mg/5 mg Cpr pell séc Pilul/30;0.021;4.91;0;80;1
;3400930067628;;SERVIER GROSSISTE;Non renseigné;COSIMPREL 5 mg/5 mg Cpr pell séc 3Pilul/30;0.021;14.48;0;30;1
2672235;3400926722357;;SERVIER GROSSISTE;Non renseigné;STABLON 12,5 mg Cpr enr Plq/28;0.021;5.47;0;0;1
2759752;3400927597527;;SERVIER GROSSISTE;Non renseigné;NATRIXAM 1,5 mg/5 mg Cpr LM Plq/30;0.021;7.15;0;0;1
2759775;3400927597756;;SERVIER GROSSISTE;Non renseigné;NATRIXAM 1,5 mg/5 mg Cpr LM Plq/90;0.021;20.39;0;1;1
2759835;3400927598357;;SERVIER GROSSISTE;Non renseigné;NATRIXAM 1,5 mg/10 mg Cpr LM Plq/30;0.021;7.15;0;0;1
2759858;3400927598586;;SERVIER GROSSISTE;Non renseigné;NATRIXAM 1,5 mg/10 mg Cpr LM Plq/90;0.021;20.39;0;0;1
2781562;3400927815621;;SERVIER GROSSISTE;Non renseigné;TRIPLIXAM 5 mg/1,25 mg/5 mg Cpr pell Pilul/30;0.021;8.41;0;1;1
2781579;3400927815799;;SERVIER GROSSISTE;Non renseigné;TRIPLIXAM 5 mg/1,25 mg/5 mg Cpr pell Pilul/90;0.021;23.98;0;1;1
2781585;3400927815850;;SERVIER GROSSISTE;Non renseigné;TRIPLIXAM 5 mg/1,25 mg/10 mg Cpr pell Pilul/30;0.021;8.41;0;1;1
2781591;3400927815911;;SERVIER GROSSISTE;Non renseigné;TRIPLIXAM 5 mg/1,25 mg/10 mg Cpr pell Pilul/90;0.021;23.98;0;1;1
2781616;3400927816161;;SERVIER GROSSISTE;Non renseigné;TRIPLIXAM 10 mg/2,5 mg/5 mg Cpr pell Pilul/30;0.021;10.93;0;1;1
2781622;3400927816222;;SERVIER GROSSISTE;Non renseigné;TRIPLIXAM 10 mg/2,5 mg/5 mg Cpr pell Pilul/90;0.021;31.14;0;1;1
2781639;3400927816390;;SERVIER GROSSISTE;Non renseigné;TRIPLIXAM 10 mg/2,5 mg/10 mg Cpr pell Pilul/30;0.021;10.93;0;1;1
2781645;3400927816451;;SERVIER GROSSISTE;Non renseigné;TRIPLIXAM 10 mg/2,5 mg/10 mg Cpr pell Pilul/90;0.021;31.14;0;1;1
2799970;3400927999703;;SERVIER GROSSISTE;Non renseigné;LIPOROSA 10 mg/10 mg Gél Plq/30;0.021;13.4;0;72;1
2800012;3400928000125;;SERVIER GROSSISTE;Non renseigné;LIPOROSA 10 mg/10 mg Gél Plq/90;0.021;38.2;0;32;1
2800041;3400928000415;;SERVIER GROSSISTE;Non renseigné;LIPOROSA 20 mg/10 mg Gél Plq/30;0.021;13.4;0;72;1
2800087;3400928000873;;SERVIER GROSSISTE;Non renseigné;LIPOROSA 20 mg/10 mg Gél Plq/90;0.021;38.2;0;32;1
3006760;3400930067604;;SERVIER GROSSISTE;Non renseigné;COSIMPREL 10 mg/10 mg Cpr pell Pilul/3x30;0.021;19.26;0;1;1
3144372;3400931443728;;SERVIER GROSSISTE;Non renseigné;FLUDEX 2,5 mg Cpr pell Plq/30;0.021;8.9;0;0;1
3189067;3400931890676;;SERVIER GROSSISTE;Non renseigné;TRIVASTAL LP 50 mg Cpr enr LP 1Plq/30;0.021;7.26;0;40;1
3294692;3400932946921;;SERVIER GROSSISTE;Non renseigné;HYPERIUM 1 mg Cpr B/30;0.021;4.04;0;0;1
3381468;3400933814687;;SERVIER GROSSISTE;Non renseigné;DIAMICRON 60 mg Cpr séc LM Plq/30;0.021;2.46;0;30;1
3382338;3400933823382;;SERVIER GROSSISTE;Non renseigné;DIAMICRON 60 mg Cpr séc LM Plq/90;0.021;7.22;0;0;1
3382746;3400933827465;;SERVIER GROSSISTE;Non renseigné;FLUDEX 1,5 mg Cpr pell LP Plq/30;0.021;3.58;0;120;1
3578142;3400935781420;;SERVIER GROSSISTE;Non renseigné;FLUDEX 1,5 mg Cpr pell LP Plq/90;0.021;10.13;0;0;1
3665875;3400936658752;;SERVIER GROSSISTE;Non renseigné;COVERSYL 2,5 mg Cpr pell Pilul/30;0.021;3.12;0;80;1
3665906;3400936659063;;SERVIER GROSSISTE;Non renseigné;COVERSYL 2,5 mg Cpr pell Pilul/90;0.021;9.25;0;30;1
3665958;3400936659582;;SERVIER GROSSISTE;Non renseigné;COVERSYL 5 mg Cpr pell séc Pilul/30;0.021;3.12;0;1;1
3665987;3400936659872;;SERVIER GROSSISTE;Non renseigné;COVERSYL 5 mg Cpr pell séc Pilul/90;0.021;9.25;0;30;1
3666030;3400936660304;;SERVIER GROSSISTE;Non renseigné;COVERSYL 10 mg Cpr pell Pilul/30;0.021;3.12;0;0;1
3666076;3400936660762;;SERVIER GROSSISTE;Non renseigné;COVERSYL 10 mg Cpr pell Pilul/90;0.021;9.25;0;30;1
3716762;3400937167628;;SERVIER GROSSISTE;Non renseigné;PROCORALAN 5 mg Cpr pell Plq/56;0.021;12.87;0;20;1
3716791;3400937167918;;SERVIER GROSSISTE;Non renseigné;PROCORALAN 7,5 mg Cpr pell Plq/56;0.021;12.87;0;1;1
3722573;3400937225731;;SERVIER GROSSISTE;Non renseigné;HYPERIUM 1 mg Cpr Plq/90;0.021;11.5;0;0;1
3782322;3400937823227;;SERVIER GROSSISTE;Non renseigné;PRETERAX 2,5 mg/0,625 mg Cpr pell 1Pilul/30;0.021;3.12;0;80;1
3782345;3400937823456;;SERVIER GROSSISTE;Non renseigné;PRETERAX 2,5 mg/0,625 mg Cpr pell 3Pilul/30;0.021;9.25;0;30;1
3782405;3400937824057;;SERVIER GROSSISTE;Non renseigné;BIPRETERAX 5 mg/1,25 mg Cpr pell Pilul/30;0.021;3.12;0;40;1
3782428;3400937824286;;SERVIER GROSSISTE;Non renseigné;BIPRETERAX 5 mg/1,25 mg Cpr pell 3Pilul/30;0.021;9.25;0;30;1
3858025;3400938580259;;SERVIER GROSSISTE;Non renseigné;COVERAM 5 mg/5 mg Cpr Pilul/30;0.021;5.59;0;80;1
3858060;3400938580600;;SERVIER GROSSISTE;Non renseigné;COVERAM 5 mg/5 mg Cpr Pilul/3x30;0.021;15.93;0;30;1
3858143;3400938581430;;SERVIER GROSSISTE;Non renseigné;COVERAM 5 mg/10 mg Cpr Pilul/30;0.021;5.59;0;0;1
3858195;3400938581959;;SERVIER GROSSISTE;Non renseigné;COVERAM 5 mg/10 mg Cpr Pilul/3x30;0.021;15.93;0;30;1
3858278;3400938582789;;SERVIER GROSSISTE;Non renseigné;COVERAM 10 mg/5 mg Cpr Pilul/30;0.021;7.6;0;80;1
3858315;3400938583151;;SERVIER GROSSISTE;Non renseigné;COVERAM 10 mg/5 mg Cpr Pilul/3x30;0.021;21.67;0;30;1
3858396;3400938583960;;SERVIER GROSSISTE;Non renseigné;COVERAM 10 mg/10 mg Cpr Pilul/30;0.021;7.6;0;80;1
3858433;3400938584332;;SERVIER GROSSISTE;Non renseigné;COVERAM 10 mg/10 mg Cpr Pilul/3x30;0.021;21.67;0;30;1
3931549;3400939315492;;SERVIER GROSSISTE;Non renseigné;BIPRETERAX 10 mg/2,5 mg Cpr pell Pilul/30;0.021;5.22;0;80;1
3931584;3400939315843;;SERVIER GROSSISTE;Non renseigné;BIPRETERAX 10 mg/2,5 mg Cpr pell Pilul/90;0.021;15.48;0;30;1
3943305;3400939433059;;SERVIER GROSSISTE;Non renseigné;VALDOXAN 25 mg Cpr pell Plq/28;0.021;18.78;0;1;1
2210859;3400922108599;;SHIRE FRANCE;Non renseigné;BUCCOLAM 5 mg S bucc 4Ser/1ml;0.021;70.57;0;0;1
2210871;3400922108711;;SHIRE FRANCE;Non renseigné;BUCCOLAM 10 mg S bucc 4Ser/2ml;0.021;70.57;0;0;1
3479670;3400934796708;;SIFI-SAG / LAPHAL;Non renseigné;DACUDOSES S p lav opht en récipient unidose 24Unid/10ml;0.021;2.1;0;20;1
3158575;3400931585756;;SINCLAIR PHARMA FRANCE;Non renseigné;TRIDESONIT 0,05 % Cr T/30g;0.021;1.51;0;72;1
3207026;3400932070268;;SINCLAIR PHARMA FRANCE;Non renseigné;FLAMMAZINE 1 % Cr T/50g;0.021;2.83;0;100;1
;3400930087787;;SUBSTIPHARM / CSP COURNON;Non renseigné;CICLOPIROX OLAMINE GERDA 1,5 % Shampooing Fl/100ml;0.021;4.47;0;50;1
;3400930206423;;SUBSTIPHARM / CSP COURNON;Non renseigné;CLOBETASOL SUBSTIPHARM 500 µg/g Shampooing Fl/125ml;0.021;8.32;0;48;1
;3400930302095;;SUBSTIPHARM / CSP COURNON;Non renseigné;OXAZEPAM SUBSTIPHARM 10 mg Cpr Plq/30;0.021;0.71;0;324;1
;3400930302118;;SUBSTIPHARM / CSP COURNON;Non renseigné;OXAZEPAM SUBSTIPHARM 50 mg Cpr séc Plq/20;0.021;1.11;0;324;1
;3400930302637;;SUBSTIPHARM / CSP COURNON;Non renseigné;CLINDAMYCINE SUBSTIPHARM 300 mg Gél Plq/16;0.021;3.03;0;1;1
2193121;3400921931211;;SUBSTIPHARM / CSP COURNON;Non renseigné;DELURSAN 500 mg Cpr pell séc Plq/60;0.021;35.89;0;0;1
3020822;3400930208229;;SUBSTIPHARM / CSP COURNON;Non renseigné;CALCIFEDIOL GERDA 15 mg/100 ml S buv en gouttes Fl/10ml;0.021;4.09;0;64;1
3035163;3400930351635;;SUBSTIPHARM / CSP COURNON;Non renseigné;ELAVIL 25 mg Cpr pell Plq/60;0.021;2.89;0;0;1
3077598;3400930775981;;SUBSTIPHARM / CSP COURNON;Non renseigné;PADERYL 19,50 mg Cpr enr adulte T/20;0.021;1.51;0;0;1
3077606;3400930776063;;SUBSTIPHARM / CSP COURNON;Non renseigné;PADERYL 0,1 % Sirop Fl/150ml;0.021;2.15;0;0;1
3113638;3400931136385;;SUBSTIPHARM / CSP COURNON;Non renseigné;VITAMINE B12 GERDA 1000 µg S inj/buv IM 6Amp/4ml;0.021;2.14;0;84;1
3150208;3400931502081;;SUBSTIPHARM / CSP COURNON;Non renseigné;MODAMIDE 5 mg Cpr Plq/30;0.021;1.85;0;121;1
3234164;3400932341641;;SUBSTIPHARM / CSP COURNON;Non renseigné;DELURSAN 250 mg Cpr pell Plq/20;0.021;5.98;0;0;1
3482726;3400934827266;;SUBSTIPHARM / CSP COURNON;Non renseigné;EVISTA 60 mg Cpr pell B/28;0.021;10.57;0;0;1
3482732;3400934827327;;SUBSTIPHARM / CSP COURNON;Non renseigné;EVISTA 60 mg Cpr pell B/84;0.021;30.14;0;0;1
3517904;3400935179043;;SUBSTIPHARM / CSP COURNON;Non renseigné;MYCOSTATINE 100 000 UI/ml Susp buv Fl/24ml;0.021;1.63;0;32;1
4162811;3400941628115;;SUBSTIPHARM / CSP COURNON;Non renseigné;ANTALNOX Gé 550 mg Cpr pell séc Plq/16;0.021;1.63;0;180;1
3122689;3400931226895;;SUBSTIPHARM ASPEGIC;Aspegic;ASPEGIC 500 mg Pdr sol buv en sachet-dose 20Sach;0.021;1.25;0;120;1
3189363;3400931893639;;SUBSTIPHARM ASPEGIC;Aspegic;ASPEGIC 100 mg Pdr sol buv en sachet-dose nourrisson 20Sach;0.021;1.17;0;168;1
3189819;3400931898191;;SUBSTIPHARM ASPEGIC;Aspegic;ASPEGIC 1000 mg Pdr sol buv en sachet-dose adulte 20Sach;0.021;2.23;0;120;1
3270361;3400932703616;;SUBSTIPHARM ASPEGIC;Aspegic;ASPEGIC 250 mg Pdr sol buv en sachet-dose enfant 20Sach;0.021;1.23;0;120;1
3322655;3400933226558;;SUBSTIPHARM ASPEGIC;Non renseigné;KARDEGIC 300 mg Pdr sol buv en sachet 30Sach;0.021;1.29;0;128;1
3324737;3400933247379;;SUBSTIPHARM ASPEGIC;Non renseigné;KARDEGIC 160 mg Pdr sol buv 30Sach;0.021;1.29;0;120;1
3474419;3400934744198;;SUBSTIPHARM ASPEGIC;Non renseigné;KARDEGIC 75 mg Pdr sol buv en sachet-dose 30Sach;0.021;1.29;0;120;1
3413613;3400934136139;;SUN PHARMACEUTICALS FRANCE;Non renseigné;XOLAAM Cpr à croquer/sucer 1Plq/40;0.021;1.5;0;96;1
4926906;3400949269068;;SUN PHARMACEUTICALS FRANCE;Non renseigné;SUMATRIPTAN SUN 6 mg/0,5 ml S inj en seringue préremplie SC 2Ser/0,5ml;0.021;27.49;0;20;1
3446417;3400934464171;;SUNSTAR FRANCE - SAG / CSP MOUSSY;Dentifices, Bains de bouche, Brosses à dents;PAROEX 0,12 % S bain bouche Fl/300ml;0.021;2.02;0;24;1
2773203;3400927732034;;SWEDISH ORPHAN BIOVITRUM (SOBI);Non renseigné;KINERET 100 mg/0,67 ml S inj en seringue préremplie 7Ser/0,67ml;0.021;172.89;0;1;1
;3400930122112;;TAKEDA;Non renseigné;ENANTONE LP 3,75mg µS/Si LP SC IM Ser/44,1mg;0.021;66.98;0;1;1
;3400930122129;;TAKEDA;Non renseigné;ENANTONE LP 11,25 mg Microsph/S inj LP seringue préremplie SC IM Ser/130mg;0.021;191.27;0;1;1
;3400930208663;;TAKEDA;Non renseigné;ENTYVIO 108 mg S inj en seringue préremplie 2Ser/0,68ml;0.021;519.68;0;1;1
;3400930208687;;TAKEDA;Non renseigné;ENTYVIO 108 mg S inj en stylo prérempli 2Stylo/0,68ml;0.021;519.68;0;18;1
;3400930212608;;TAKEDA;Non renseigné;TAKHZYRO 300 mg S inj en seringue préremplie Ser;0.021;8792.13;0;1;1
3460618;3400934606182;;TAKEDA;Non renseigné;INIPOMP 40 mg Pdr sol inj IV Fl;0.021;3.55;0;0;1
3558441;3400935584410;;TAKEDA;Non renseigné;INIPOMP 20 mg Cpr enr gastro-rés Plq/28;0.021;3.38;0;0;1
3558487;3400935584878;;TAKEDA;Non renseigné;INIPOMP 40 mg Cpr gastro-rés Plq/28;0.021;3.38;0;100;1
3558530;3400935585301;;TAKEDA;Non renseigné;EUPANTOL 20 mg Cpr gastro-rés Plq/28;0.021;3.38;0;0;1
3797499;3400937974998;;TAKEDA;Non renseigné;EUPANTOL 40 mg Cpr gastro-rés Plq alu/28;0.021;3.38;0;0;1
3845838;3400938458381;;TAKEDA;Non renseigné;ENANTONE LP 30mg P/S SuLS SC Ser bicompar/1ml;0.021;382.53;0;0;1
4972616;3400949726165;;TAKEDA;Non renseigné;QUASYM LP 10 mg Gél LM Plq/28;0.021;14.39;0;0;1
4972622;3400949726226;;TAKEDA;Non renseigné;QUASYM LP 20 mg Gél LM Plq/28;0.021;19.28;0;60;1
4972674;3400949726745;;TAKEDA;Non renseigné;QUASYM LP 30 mg Gél LM Plq/28;0.021;24.46;0;0;1
3034844;3400930348444;;TECHNI PHARMA - LAPHAL INDUSTRIES;Non renseigné;EDUCTYL Suppos effervescent adultes Plq/12;0.021;1.29;0;120;1
3034867;3400930348673;;TECHNI PHARMA - LAPHAL INDUSTRIES;Non renseigné;EDUCTYL Suppos effervescent enfants Plq/12;0.021;1.29;0;10;1
3297584;3400932975846;;TECHNI PHARMA - LAPHAL INDUSTRIES;Non renseigné;PROKINYL LP 15 mg Gél LP Plq/30;0.021;2.91;0;60;1
3369906;3400933699062;;TECHNI PHARMA - LAPHAL INDUSTRIES FROID;Non renseigné;CHLORAMINOPHENE 2 mg Gél Plq/6x5 (30);0.021;21.27;0;0;1
3002229;3400930022290;;TEOFARMA / CSP COURNON;Non renseigné;ALEPSAL 50 mg Cpr B/30;0.021;0.89;0;0;1
3026454;3400930264546;;TEOFARMA / CSP COURNON;Non renseigné;COUMADINE 2 mg Cpr séc Plq/20;0.021;1.23;0;480;1
3039698;3400930396988;;TEOFARMA / CSP COURNON;Non renseigné;FERROSTRANE 6,8 mg/ml Sirop enfants et adultes Fl/125ml+ser oral/10ml;0.021;2.01;0;50;1
3057294;3400930572948;;TEOFARMA / CSP COURNON;Non renseigné;LAROXYL 50 mg/2 ml S inj 12Amp/2ml;0.021;9;0;0;1
3057302;3400930573020;;TEOFARMA / CSP COURNON;Non renseigné;LAROXYL 25 mg Cpr pell B/60;0.021;2.89;0;150;1
3057319;3400930573198;;TEOFARMA / CSP COURNON;Non renseigné;LAROXYL 50 mg Cpr pell B/20;0.021;2.22;0;240;1
3057325;3400930573259;;TEOFARMA / CSP COURNON;Non renseigné;LAROXYL 40 mg/ml S buv Fl/20ml;0.021;2.67;0;210;1
3118794;3400931187943;;TEOFARMA / CSP COURNON;Non renseigné;FERO-GRAD VITAMINE C 500 Cpr enr 2Plq/15;0.021;1.92;0;150;1
3140629;3400931406297;;TEOFARMA / CSP COURNON;Non renseigné;COMBANTRIN 125 mg Cpr Plq/6;0.021;1.58;0;0;1
3140718;3400931407188;;TEOFARMA / CSP COURNON;Non renseigné;COMBANTRIN 125 mg/2,5 ml Susp buv Fl/15ml;0.021;1.81;0;0;1
3179382;3400931793823;;TEOFARMA / CSP COURNON;Non renseigné;FASIGYNE 500 mg Cpr enr Plq/4;0.021;2.64;0;0;1
3181031;3400931810315;;TEOFARMA / CSP COURNON;Non renseigné;ORACILLINE 250 000 UI/5 ml Susp buv Fl/120ml;0.021;5.28;0;0;1
3194915;3400931949152;;TEOFARMA / CSP COURNON;Non renseigné;ORACILLINE 1 000 000 UI Cpr séc Plq/12;0.021;3.3;0;100;1
3250097;3400932500970;;TEOFARMA / CSP COURNON;Non renseigné;PROTHIADEN 75 mg Cpr enr B/20;0.021;4.52;0;0;1
3267040;3400932670406;;TEOFARMA / CSP COURNON;Non renseigné;TROSYD 1 % Cr T/30g;0.021;2.29;0;0;1
3280721;3400932807215;;TEOFARMA / CSP COURNON;Non renseigné;GYNO TROSYD 300 mg Ov B;0.021;2.85;0;0;1
3282660;3400932826605;;TEOFARMA / CSP COURNON;Non renseigné;ORACILLINE 500 000 UI/5 ml Susp buv Fl/120ml;0.021;6.61;0;20;1
3282708;3400932827084;;TEOFARMA / CSP COURNON;Non renseigné;ORACILLINE 1 000 000 UI/10 ml Susp buv Fl/180ml;0.021;10.3;0;0;1
3289610;3400932896103;;TEOFARMA / CSP COURNON;Non renseigné;ALEPSAL 100 mg Cpr B/30;0.021;2.01;0;0;1
3290599;3400932905997;;TEOFARMA / CSP COURNON;Non renseigné;DIFFU K 600 mg Gél Plq/40;0.021;1.61;0;100;1
3293534;3400932935345;;TEOFARMA / CSP COURNON;Non renseigné;CLARADOL CAFEINE 500 mg Cpr Plq/16;0.021;1.15;0;288;1
3293698;3400932936984;;TEOFARMA / CSP COURNON;Non renseigné;NATISPRAY 0,15 mg S pulv bucc Fl/200doses;0.021;3.02;0;0;1
3313308;3400933133085;;TEOFARMA / CSP COURNON;Non renseigné;ALEPSAL 150 mg Cpr Plq/30;0.021;2.78;0;0;1
3330465;3400933304652;;TEOFARMA / CSP COURNON;Non renseigné;CLARADOL CODEINE 500 mg/20 mg Cpr séc Plq/16;0.021;1.38;0;1;1
3331424;3400933314248;;TEOFARMA / CSP COURNON;Non renseigné;ORELOX 100 mg Cpr pell B/10;0.021;5.03;0;1;1
3333251;3400933332518;;TEOFARMA / CSP COURNON;Non renseigné;CLARADOL 500 mg Cpr séc Plq/16;0.021;0.88;0;0;1
3338231;3400933382315;;TEOFARMA / CSP COURNON;Non renseigné;ROWASA 500 mg Cpr enr gastro-rés Plq/90;0.021;27.19;0;0;1
3346609;3400933466091;;TEOFARMA / CSP COURNON;Non renseigné;DIGOXINE NATIVELLE 0,25 mg Cpr Plq/30;0.021;1.6;0;288;1
3348904;3400933489045;;TEOFARMA / CSP COURNON;Non renseigné;HEMIGOXINE NATIVELLE 0,125 mg Cpr Plq/30;0.021;1.6;0;288;1
3350373;3400933503734;;TEOFARMA / CSP COURNON;Non renseigné;ROWASA 500 mg Suppos B/30;0.021;13.9;0;0;1
3430706;3400934307065;;TEOFARMA / CSP COURNON;Non renseigné;NATISPRAY 0,30 mg S pulv bucc Fl/300doses;0.021;4.37;0;1;1
3569309;3400935693099;;TEOFARMA / CSP COURNON;Non renseigné;COUMADINE 5 mg Cpr séc Plq/2x15 (30);0.021;4.24;0;80;1
3640154;3400936401549;;TEOFARMA / CSP COURNON;Non renseigné;PROTHIADEN 25 mg Gél Plq/50;0.021;4.12;0;0;1
3248781;3400932487813;;TEOFARMA HAVLANE;Non renseigné;HAVLANE Cpr séc Plq/20;0.021;2;0;360;1
;3400930038345;;THEA  - EUROPHTA - SAG / CSP COURNON;Non renseigné;DUALKOPT 20 mg/ml + 5 mg/ml Collyre sol Fl/10ml;0.021;13.88;0;96;1
2673826;3400926738266;;THEA  - EUROPHTA - SAG / CSP COURNON;Non renseigné;MONOPROST 50 µg/ml Collyre en sol en récipient unidose 30Unid/0,2ml;0.021;7.33;0;48;1
3021860;3400930218600;;THEA  - EUROPHTA - SAG / CSP COURNON;Non renseigné;FIXAPOST 50 µg/ml+5 mg/ml Collyre sol Fl/6ml;0.021;21.06;0;96;1
3091523;3400930915233;;THEA  - EUROPHTA - SAG / CSP COURNON;Non renseigné;RIFAMYCINE CHIBRET 1 MUI/100 ml Collyre sol Fl/10ml;0.021;2;0;0;1
3091546;3400930915462;;THEA  - EUROPHTA - SAG / CSP COURNON;Non renseigné;RIFAMYCINE CHIBRET 1 MUI/100 g Pom opht T/5g;0.021;1.56;0;0;1
3138414;3400931384144;;THEA  - EUROPHTA - SAG / CSP COURNON;Non renseigné;STERDEX Pom opht 12Unidoses;0.021;2.03;0;180;1
3313225;3400933132255;;THEA  - EUROPHTA - SAG / CSP COURNON;Non renseigné;CHIBROXINE 0,3 % Collyre Fl PE/5ml;0.021;2.38;0;0;1
3319481;3400933194819;;THEA  - EUROPHTA - SAG / CSP COURNON;Non renseigné;GEL LARMES Gel opht T/10g;0.021;2.52;0;260;1
3356358;3400933563585;;THEA  - EUROPHTA - SAG / CSP COURNON;Non renseigné;NAABAK 4,9 % Collyre sol Fl/10ml;0.021;4.71;0;150;1
3395128;3400933951283;;THEA  - EUROPHTA - SAG / CSP COURNON;Non renseigné;VIRGAN 1,5 mg/g Gel ophtalm T/5g;0.021;9.4;0;1;1
3397883;3400933978839;;THEA  - EUROPHTA - SAG / CSP COURNON;Non renseigné;MYDRIATICUM 2 mg/0,4 ml Collyre récip unidose 20unid/0,4ml;0.021;5.37;0;64;1
3404318;3400934043185;;THEA  - EUROPHTA - SAG / CSP COURNON;Non renseigné;TIMABAK 0,5 % Collyre sol Fl/5ml;0.021;4.64;0;0;1
3405306;3400934053061;;THEA  - EUROPHTA - SAG / CSP COURNON;Non renseigné;CROMABAK 20 mg/ml Collyre Fl/10ml;0.021;5.35;0;0;1
3417522;3400934175220;;THEA  - EUROPHTA - SAG / CSP COURNON;Non renseigné;SICCAFLUID 2,5 mg/g Gel opht Fl/10g;0.021;2.27;0;0;1
3432616;3400934326165;;THEA  - EUROPHTA - SAG / CSP COURNON;Non renseigné;MYDRIATICUM 2 mg/0,4 ml Collyre récip unidose Unid/0,4ml;0.021;0.94;0;96;1
3488462;3400934884627;;THEA  - EUROPHTA - SAG / CSP COURNON;Non renseigné;CROMADOSES 2 % Collyre sol récip unidose 30unid;0.021;2.87;0;45;1
3565062;3400935650627;;THEA  - EUROPHTA - SAG / CSP COURNON;Non renseigné;GEL LARMES Gel ophtalm en unidose 30Unid/0,5g;0.021;2.87;0;45;1
3565151;3400935651518;;THEA  - EUROPHTA - SAG / CSP COURNON;Non renseigné;NAABAK 19,6 mg/0,4 ml Collyre récip unidose 36Unid;0.021;3.41;0;40;1
3668224;3400936682245;;THEA  - EUROPHTA - SAG / CSP COURNON;Non renseigné;VOLTARENOPHTABAK 1 mg/ml Collyre en sol Fl/10ml;0.021;4.02;0;0;1
3706829;3400937068291;;THEA  - EUROPHTA - SAG / CSP COURNON;Non renseigné;GELTIM LP 1 mg/g Gel opht en récipient unidose 30unid;0.021;5.62;0;45;1
3747768;3400937477680;;THEA  - EUROPHTA - SAG / CSP COURNON;Non renseigné;DEXAFREE 1 mg/ml Collyre sol récip unidose 30unid;0.021;3.69;0;48;1
3768902;3400937689021;;THEA  - EUROPHTA - SAG / CSP COURNON;Non renseigné;LACRIFLUID 0,13 % Collyre sol récip unidose 60unid;0.021;4.81;0;25;1
3820382;3400938203820;;THEA  - EUROPHTA - SAG / CSP COURNON;Non renseigné;AZYTER 15 mg/g Collyre sol récip unidose 6unid;0.021;4.12;0;88;1
4925031;3400949250318;;THEA  - EUROPHTA - SAG / CSP COURNON;Non renseigné;ZALERG 0,25 mg/ml Collyre en sol Fl/5ml;0.021;4.24;0;150;1
4995267;3400949952670;;THEA  - EUROPHTA - SAG / CSP COURNON;Non renseigné;QUINOFREE 1,5 mg/0,5 ml Collyre récip unidose 20Unid/0,5ml;0.021;2.47;0;40;1
2238562;3400922385624;;THÉRABEL LUCIEN PHARMA / CSP MOUSSY;Non renseigné;HELICIDINE 10% Sp s suc éd sac sodFl PE/250ml;0.021;2.34;0;24;1
3307377;3400933073770;;THÉRABEL LUCIEN PHARMA / CSP MOUSSY;Non renseigné;FOLINORAL 5 mg Gél Plq/28;0.021;6.98;0;0;1
3367296;3400933672966;;THÉRABEL LUCIEN PHARMA / CSP MOUSSY;Non renseigné;FOLINORAL 25 mg Gél B/14;0.021;10.74;0;0;1
3624712;3400936247123;;THÉRABEL LUCIEN PHARMA / CSP MOUSSY;Non renseigné;MONOCRIXO LP 100 mg Gél LP une prise quotidienne Plq/15;0.021;2.79;0;70;1
3624764;3400936247642;;THÉRABEL LUCIEN PHARMA / CSP MOUSSY;Non renseigné;MONOCRIXO LP 150 mg Gél LP une prise quotidienne Plq/15;0.021;3.89;0;70;1
3624818;3400936248182;;THÉRABEL LUCIEN PHARMA / CSP MOUSSY;Non renseigné;MONOCRIXO LP 200 mg Gél LP une prise quotidienne Plq/15;0.021;5;0;0;1
3975831;3400939758312;;THÉRABEL LUCIEN PHARMA / CSP MOUSSY;Non renseigné;FIXORINOX 50 µg/dose Susp pulv nas Fl/120doses;0.021;4.35;0;0;1
;3400930066713;;THÉRAMEX SAG / CSP MOVIANTO;Non renseigné;LEELOO CONTINU Gé 100 µg/20 µg Cpr pell 3Plq/28;0.021;3.23;0;1;1
;3400930084151;;THÉRAMEX SAG / CSP MOVIANTO;Non renseigné;ACTONEL 35 mg Cpr gastro-rés Plq/4;0.021;13.23;0;200;1
;3400930084168;;THÉRAMEX SAG / CSP MOVIANTO;Non renseigné;ACTONEL 35 mg Cpr gastro-rés Plq/12;0.021;39.67;0;1;1
;3400930152867;;THÉRAMEX SAG / CSP MOVIANTO;Non renseigné;CACIT VITAMINE D3 500 mg/1000 UI Cpr à croquer/sucer Film/30;0.021;4.62;0;40;1
;3400930212271;;THÉRAMEX SAG / CSP MOVIANTO;Non renseigné;LIVOGIVA 20 µg/80 µl S inj en stylo prérempli Stylo/2,7ml;0.021;182.81;0;1;1
2790302;3400927903021;;THÉRAMEX SAG / CSP MOVIANTO;Non renseigné;OVALEAP 300 UI/0,5 ml S inj Cart+10aig;0.021;49.58;0;1;1
2790319;3400927903199;;THÉRAMEX SAG / CSP MOVIANTO;Non renseigné;OVALEAP 450 UI/0,75 ml S inj Cart+10aig;0.021;74.12;0;1;1
2790325;3400927903250;;THÉRAMEX SAG / CSP MOVIANTO;Non renseigné;OVALEAP 900 UI/1,5 ml S inj Cart+20aig;0.021;147.73;0;60;1
3162329;3400931623298;;THÉRAMEX SAG / CSP MOVIANTO;Non renseigné;COLPOTROPHINE 10 mg Caps vag Plq/2x10 (20);0.021;3.67;0;84;1
3199410;3400931994107;;THÉRAMEX SAG / CSP MOVIANTO;Non renseigné;COLPOTROPHINE 1 % Cr T/30g;0.021;3.71;0;150;1
3219294;3400932192946;;THÉRAMEX SAG / CSP MOVIANTO;Non renseigné;DUPHASTON 10 mg Cpr pell Plq/10;0.021;2.31;0;210;1
3266112;3400932661121;;THÉRAMEX SAG / CSP MOVIANTO;Non renseigné;LUTENYL 5 mg Cpr séc Plq/10;0.021;2.98;0;0;1
3267672;3400932676729;;THÉRAMEX SAG / CSP MOVIANTO;Non renseigné;ANTADYS 100 mg Cpr pell Plq/15;0.021;2.04;0;100;1
3299985;3400932999859;;THÉRAMEX SAG / CSP MOVIANTO;Non renseigné;CACIT 500 mg Cpr eff B/60;0.021;4.62;0;40;1
3300004;3400933000042;;THÉRAMEX SAG / CSP MOVIANTO;Non renseigné;CACIT 1000 mg Cpr eff T/30;0.021;4.62;0;39;1
3336663;3400933366636;;THÉRAMEX SAG / CSP MOVIANTO;Non renseigné;ALFACALCIDOL THERAMEX 0,25 µg Caps molle Blister/30;0.021;3.93;0;0;1
3336686;3400933366865;;THÉRAMEX SAG / CSP MOVIANTO;Non renseigné;ALFACALCIDOL THERAMEX 1 µg Caps molle Blister/30;0.021;8.86;0;0;1
3387873;3400933878733;;THÉRAMEX SAG / CSP MOVIANTO;Non renseigné;CACIT VITAMINE D3 1000 mg/880 UI Glé eff en sachet 30Sach/8g;0.021;4.62;0;40;1
3391308;3400933913083;;THÉRAMEX SAG / CSP MOVIANTO;Non renseigné;ESTREVA 0,1 % Gel Fl/50g;0.021;4.46;0;60;1
3419521;3400934195211;;THÉRAMEX SAG / CSP MOVIANTO;Non renseigné;MONAZOL Ov Plq/1;0.021;2.55;0;360;1
3424367;3400934243677;;THÉRAMEX SAG / CSP MOVIANTO;Non renseigné;OROMONE 2 mg Cpr pell Plq/28;0.021;1.4;0;100;1
3438524;3400934385247;;THÉRAMEX SAG / CSP MOVIANTO;Non renseigné;CLIMASTON 2 mg/10 mg Cpr pell Plq/28 (2x14);0.021;5.2;0;0;1
3461078;3400934610783;;THÉRAMEX SAG / CSP MOVIANTO;Non renseigné;FEMSEPT 50 µg/24 h Disp transderm 4Sach;0.021;5.14;0;0;1
3491240;3400934912405;;THÉRAMEX SAG / CSP MOVIANTO;Non renseigné;MONAZOL 2 % Cr T/15g;0.021;2.24;0;100;1
3511675;3400935116758;;THÉRAMEX SAG / CSP MOVIANTO;Non renseigné;OROMONE 1 mg Cpr pell Plq/28;0.021;1.4;0;100;1
3526435;3400935264350;;THÉRAMEX SAG / CSP MOVIANTO;Non renseigné;CLIMASTON 1 mg/10 mg Cpr pell Plq/28 (2x14);0.021;5.2;0;0;1
3543623;3400935436238;;THÉRAMEX SAG / CSP MOVIANTO;Non renseigné;ACTONEL 5 mg Cpr pell Plq/2x14 (28);0.021;11.91;0;0;1
3543669;3400935436696;;THÉRAMEX SAG / CSP MOVIANTO;Non renseigné;ACTONEL 30 mg Cpr pell Plq/4x7 (28);0.021;168.45;0;0;1
3566038;3400935660381;;THÉRAMEX SAG / CSP MOVIANTO;Non renseigné;CLIMASTON 1 mg/5 mg Cpr pell Plq/2x14 (28);0.021;5.2;0;100;1
3615771;3400936157712;;THÉRAMEX SAG / CSP MOVIANTO;Non renseigné;ACTONEL 35 mg Cpr pell Plq/4;0.021;13.23;0;0;1
3644092;3400936440920;;THÉRAMEX SAG / CSP MOVIANTO;Non renseigné;CACIT VITAMINE D3 500 mg/440 UI Cpr à croquer/sucer T/60;0.021;4.62;0;72;1
3666685;3400936666856;;THÉRAMEX SAG / CSP MOVIANTO;Non renseigné;ACTONEL 35 mg Cpr pell Plq/3x4 (12);0.021;39.67;0;0;1
3675945;3400936759459;;THÉRAMEX SAG / CSP MOVIANTO;Non renseigné;FEMSEPTEVO 50 µg/7 µg/24 h Disp transderm 4Sach;0.021;7.74;0;0;1
3724106;3400937241069;;THÉRAMEX SAG / CSP MOVIANTO;Non renseigné;CACIT VITAMINE D3 1000 mg/880 UI Glé eff en sachet 90Sach/8g;0.021;13.19;0;5;1
3813057;3400938130577;;THÉRAMEX SAG / CSP MOVIANTO;Non renseigné;ACTONELCOMBI 35 mg + 1000 mg/880 UI Cpr pell/glé efferv Plq+Sach/24;0.021;18.46;0;0;1
3828455;3400938284553;;THÉRAMEX SAG / CSP MOVIANTO;Non renseigné;ACTONELCOMBI 35 mg + 1000 mg/880 UI Cpr pell/glé efferv Plq+Sach/72;0.021;55.37;0;5;1
3845689;3400938456899;;THÉRAMEX SAG / CSP MOVIANTO;Non renseigné;ACTONEL 75 mg Cpr pell Plq/2;0.021;14.11;0;0;1
3845703;3400938457032;;THÉRAMEX SAG / CSP MOVIANTO;Non renseigné;ACTONEL 75 mg Cpr pell Plq/6;0.021;42.33;0;0;1
3847926;3400938479263;;THÉRAMEX SAG / CSP MOVIANTO;Non renseigné;LEELOO Gé 0,1 mg/0,02 mg Cpr enr Plq/21;0.021;1.26;0;0;1
3847932;3400938479324;;THÉRAMEX SAG / CSP MOVIANTO;Non renseigné;LEELOO Gé 0,1 mg/0,02 mg Cpr enr Plq/3x21;0.021;3.23;0;240;1
;3400930199879;;TILLOTTS PHARMA;Non renseigné;FIVASA 1600 mg Cpr gastro-rés Plq/60;0.021;52.69;0;1;1
;3400930222225;;TILLOTTS PHARMA;Non renseigné;FIVASA 1 g Suppos Film/30;0.021;23.77;0;1;1
3414771;3400934147715;;TILLOTTS PHARMA;Non renseigné;ENTOCORT 3 mg Gél microgran gastro-rés B/45;0.021;37.83;0;0;1
3414788;3400934147883;;TILLOTTS PHARMA;Non renseigné;ENTOCORT 3 mg Gél microgran gastro-rés Fl/90;0.021;75.65;0;0;1
3585685;3400935856852;;TILLOTTS PHARMA;Non renseigné;FIVASA 800 mg Cpr enr gastro-rés Plq/90;0.021;39.53;0;24;1
3588117;3400935881175;;TILLOTTS PHARMA;Non renseigné;FIVASA 500 mg Suppos Film/30;0.021;11.89;0;0;1
3240986;3400932409860;;TRADIPHAR;Fluocaril;FLUOGEL 2000 mg Gel dent Fl/250ml;0.021;9.35;0;12;1
;3400930111017;;TÉVA SANTÉ - SAG / MOVIANTO;Non renseigné;ENBREL 25 mg S inj en stylo prérempli 4Stylo/0,5ml+4Tamp;0.021;217.9;0;1;1
;3400930168554;;TÉVA SANTÉ - SAG / MOVIANTO;Non renseigné;TIXOCORTOL TEVA 1 % Susp nas Fl/10ml;0.021;1.44;0;60;1
2690463;3400926904630;;TÉVA SANTÉ - SAG / MOVIANTO;Non renseigné;PERINDOPRIL TOSILATE/INDAPAMIDE TEVA 5 mg/1,25 mg Cpr pell séc 3Fl/30;0.021;9.25;0;1;1
2760347;3400927603471;;TÉVA SANTÉ - SAG / MOVIANTO;Non renseigné;ECOBEC 250 µg/dose S p inh en fl press Fl/200doses+valve+emb;0.021;13.09;0;0;1
3098583;3400930985830;;TÉVA SANTÉ - SAG / MOVIANTO;Non renseigné;SPASFON S inj en ampoule 6Amp/4ml;0.021;2.29;0;0;1
3098608;3400930986080;;TÉVA SANTÉ - SAG / MOVIANTO;Non renseigné;SPASFON Cpr enr Plq/30;0.021;1.75;0;240;1
3098614;3400930986141;;TÉVA SANTÉ - SAG / MOVIANTO;Non renseigné;SPASFON Suppos Plq/10;0.021;1.79;0;0;1
3171481;3400931714811;;TÉVA SANTÉ - SAG / MOVIANTO;Non renseigné;VOGALENE 0,1 % S buv en flacon Fl/150ml;0.021;2.1;0;32;1
3186301;3400931863014;;TÉVA SANTÉ - SAG / MOVIANTO;Non renseigné;SPASFON LYOC 80 mg Lyophilisat oral 1Plq/10;0.021;1.12;0;160;1
3205441;3400932054411;;TÉVA SANTÉ - SAG / MOVIANTO;Non renseigné;VOGALENE 15 mg Gél B/20;0.021;3.17;0;0;1
3253090;3400932530908;;TÉVA SANTÉ - SAG / MOVIANTO;Non renseigné;DIAZEPAM TEVA 5 mg Cpr Plq/4x10 (40);0.021;0.66;0;70;1
3253109;3400932531097;;TÉVA SANTÉ - SAG / MOVIANTO;Non renseigné;DIAZEPAM TEVA 2 mg Cpr Plq/40;0.021;0.62;0;1;1
3331625;3400933316259;;TÉVA SANTÉ - SAG / MOVIANTO;Non renseigné;VOGALENE LYOC 7,5 mg Lyophilisat oral B/16;0.021;2.32;0;120;1
3406033;3400934060335;;TÉVA SANTÉ - SAG / MOVIANTO;Non renseigné;AIROMIR AUTOHALER 100 µg Susp p inh en fl press Fl/200doses;0.021;6.69;0;20;1
3412602;3400934126024;;TÉVA SANTÉ - SAG / MOVIANTO;Non renseigné;GABITRIL 5 mg Cpr pell Fl/50;0.021;21.69;0;0;1
3412625;3400934126253;;TÉVA SANTÉ - SAG / MOVIANTO;Non renseigné;GABITRIL 10 mg Cpr pell Fl/50;0.021;43.39;0;1;1
3436821;3400934368219;;TÉVA SANTÉ - SAG / MOVIANTO;Non renseigné;LEVODOPA CARBIDOPA TEVA 250 mg/25 mg Cpr séc Fl/50;0.021;6.95;0;0;1
3443614;3400934436147;;TÉVA SANTÉ - SAG / MOVIANTO;Non renseigné;VERAPAMIL TEVA 40 mg Cpr pell Plq/75;0.021;1.88;0;0;1
3491754;3400934917547;;TÉVA SANTÉ - SAG / MOVIANTO;Non renseigné;COTRIMOXAZOLE TEVA Gé 800 mg/160 mg Cpr Plq/10;0.021;1.3;0;450;1
3516023;3400935160232;;TÉVA SANTÉ - SAG / MOVIANTO;Non renseigné;QVARSPRAY 100 µg/dose S p inh en fl press Fl/100Doses;0.021;6.56;0;0;1
3516069;3400935160690;;TÉVA SANTÉ - SAG / MOVIANTO;Non renseigné;QVAR AUTOHALER 100 µg/dose S p inh en fl press Fl/200doses;0.021;18.43;0;20;1
3519205;3400935192059;;TÉVA SANTÉ - SAG / MOVIANTO;Non renseigné;AMILORIDE HYDROCHLOROTHIAZIDE TEVA 5 mg/50 mg Cpr 2Plq/15 (30);0.021;1.94;0;0;1
3614441;3400936144415;;TÉVA SANTÉ - SAG / MOVIANTO;Non renseigné;VERAPAMIL TEVA LP 240 mg Gél LP Plq/30;0.021;4.49;0;1;1
3638401;3400936384019;;TÉVA SANTÉ - SAG / MOVIANTO;Non renseigné;COPAXONE 20 mg/ml S inj en seringue préremplie 28Ser/1ml;0.021;499.8;0;0;1
3648173;3400936481732;;TÉVA SANTÉ - SAG / MOVIANTO;Non renseigné;PREDNISOLONE TEVA 5 mg Cpr eff Fl/30;0.021;1.44;0;40;1
3649793;3400936497931;;TÉVA SANTÉ - SAG / MOVIANTO;Non renseigné;VOGALENE 5 mg Suppos séc Plq/10;0.021;1.12;0;0;1
3657835;3400936578357;;TÉVA SANTÉ - SAG / MOVIANTO;Non renseigné;AZILECT 1 mg Cpr Plq Thermof alu/30;0.021;29.9;0;0;1
3723093;3400937230933;;TÉVA SANTÉ - SAG / MOVIANTO;Non renseigné;PROPRANOLOL TEVA LP 160 mg Gél LP Plq/30;0.021;4.91;0;0;1
3723118;3400937231183;;TÉVA SANTÉ - SAG / MOVIANTO;Non renseigné;PROPRANOLOL TEVA LP 160 mg Gél LP Plq/90;0.021;14.03;0;0;1
3723414;3400937234146;;TÉVA SANTÉ - SAG / MOVIANTO;Non renseigné;PROPRANOLOL TEVA LP 80 mg Gél LP Plq/30;0.021;2.95;0;0;1
3723437;3400937234375;;TÉVA SANTÉ - SAG / MOVIANTO;Non renseigné;PROPRANOLOL TEVA LP 80 mg Gél LP Plq/90;0.021;8.3;0;0;1
3762093;3400937620932;;TÉVA SANTÉ - SAG / MOVIANTO;Non renseigné;LEVODOPA CARBIDOPA TEVA LP 100 mg/25 mg Cpr LP Plq/30;0.021;3.13;0;0;1
3762130;3400937621304;;TÉVA SANTÉ - SAG / MOVIANTO;Non renseigné;LEVODOPA CARBIDOPA TEVA LP 200 mg/50 mg Cpr LP Plq/30;0.021;5.36;0;0;1
3771637;3400937716376;;TÉVA SANTÉ - SAG / MOVIANTO;Non renseigné;BECLOMETASONE TEVA 250 µg/dose S p inh en fl press Fl/200doses;0.021;13.01;0;0;1
3771910;3400937719100;;TÉVA SANTÉ - SAG / MOVIANTO;Non renseigné;ENBREL 25 mg S inj en seringue préremplie 4Ser/0,5ml+4Tamp;0.021;217.9;0;0;1
3771956;3400937719568;;TÉVA SANTÉ - SAG / MOVIANTO;Non renseigné;ENBREL 50 mg S inj en seringue préremplie 4Ser/1ml+4Tamp;0.021;435.32;0;10;1
3797996;3400937979962;;TÉVA SANTÉ - SAG / MOVIANTO;Non renseigné;SUMATRIPTAN TEVA 50 mg Cpr pell séc Plq/6;0.021;6.78;0;0;1
3832830;3400938328301;;TÉVA SANTÉ - SAG / MOVIANTO;Non renseigné;LEVODOPA BENSERAZIDE TEVA 50 mg/12,5 mg Gél Fl/60;0.021;2.66;0;96;1
3832899;3400938328998;;TÉVA SANTÉ - SAG / MOVIANTO;Non renseigné;LEVODOPA BENSERAZIDE TEVA 100 mg/25 mg Gél Fl/60;0.021;4.69;0;72;1
3832959;3400938329599;;TÉVA SANTÉ - SAG / MOVIANTO;Non renseigné;LEVODOPA BENSERAZIDE TEVA 200 mg/50 mg Gél Fl/60;0.021;8.18;0;0;1
3850354;3400938503548;;TÉVA SANTÉ - SAG / MOVIANTO;Non renseigné;CABERGOLINE TEVA 0,5 mg Cpr Fl/8;0.021;21.08;0;0;1
3928174;3400939281742;;TÉVA SANTÉ - SAG / MOVIANTO;Non renseigné;LAMOTRIGINE TEVA 5 mg Cpr à croq/disp Plaq/30;0.021;2.5;0;0;1
3960522;3400939605227;;TÉVA SANTÉ - SAG / MOVIANTO;Non renseigné;ENBREL 50 mg S inj en stylo prérempli 4Stylo/1ml+4Tamp;0.021;435.32;0;10;1
4168624;3400941686245;;TÉVA SANTÉ - SAG / MOVIANTO;Non renseigné;SPASFON LYOC 160 mg Lyophilisat oral Plq PVC/TE/PVDC/Alu/5;0.021;1.12;0;240;1
4924327;3400949243273;;TÉVA SANTÉ - SAG / MOVIANTO;Non renseigné;ADAPALENE TEVA 0,1 % Cr T/30g;0.021;2.89;0;0;1
;3400930053621;;UCB PHARMA / MOVIANTO;Non renseigné;BRIVIACT 10 mg Cpr pell Plq/14;0.021;14.29;0;1;1
;3400930053645;;UCB PHARMA / MOVIANTO;Non renseigné;BRIVIACT 25 mg Cpr pell Plq/56;0.021;57.18;0;1;1
;3400930053652;;UCB PHARMA / MOVIANTO;Non renseigné;BRIVIACT 50 mg Cpr pell Plq/56;0.021;57.18;0;1;1
;3400930053676;;UCB PHARMA / MOVIANTO;Non renseigné;BRIVIACT 100 mg Cpr pell Plq/56;0.021;57.18;0;1;1
;3400930053683;;UCB PHARMA / MOVIANTO;Non renseigné;BRIVIACT 10 mg/ml S buv Fl+Ser/10ml;0.021;61.27;0;1;1
;3400930076286;;UCB PHARMA / MOVIANTO;Non renseigné;CIMZIA 200 mg S inj en stylo prérempli 2Stylo/1ml+2Tamp;0.021;560.83;0;16;1
;3400930274033;;UCB PHARMA / MOVIANTO;Non renseigné;BIMZELX 160 mg Sol inj ser préremplie Ser/1ml;0.021;793.17;0;1;1
;3400930274040;;UCB PHARMA / MOVIANTO;Non renseigné;BIMZELX 160 mg Sol inj stylo prérempli Stylo/1ml;0.021;793.17;0;1;1
;3400930302163;;UCB PHARMA / MOVIANTO;Non renseigné;BIMZELX 320 mg Sol inj ser préremplie Ser/2ml;0.021;1559.83;0;1;1
;3400930302170;;UCB PHARMA / MOVIANTO;Non renseigné;BIMZELX 320 mg Sol inj stylo prérempli Stylo/2ml;0.021;1559.83;0;1;1
;3400930305898;;UCB PHARMA / MOVIANTO;Non renseigné;KEPPRA 100 mg/ml S buv Fl/150ml+Ser/5ml;0.021;18.64;0;1;1
2219814;3400922198149;;UCB PHARMA / MOVIANTO;Non renseigné;VIMPAT 10 mg/ml Sirop Fl/200ml;0.021;22.11;0;20;1
3008137;3400930081372;;UCB PHARMA / MOVIANTO;Non renseigné;ATARAX 25 mg Cpr pell séc Plq/30;0.021;1.45;0;180;1
3008143;3400930081433;;UCB PHARMA / MOVIANTO;Non renseigné;ATARAX 2 mg/ml Sirop Fl/200ml;0.021;1.56;0;25;1
3417700;3400934177002;;UCB PHARMA / MOVIANTO;Non renseigné;ZYRTEC 10 mg/ml S buv en gouttes Fl/15ml;0.021;2.13;0;0;1
3560136;3400935601360;;UCB PHARMA / MOVIANTO;Non renseigné;KEPPRA 250 mg Cpr pell Plq/60;0.021;15.21;0;60;1
3560165;3400935601650;;UCB PHARMA / MOVIANTO;Non renseigné;KEPPRA 500 mg Cpr pell Plq/60;0.021;20.89;0;60;1
3560225;3400935602251;;UCB PHARMA / MOVIANTO;Non renseigné;KEPPRA 1000 mg Cpr pell Plq/60;0.021;20.89;0;40;1
3585053;3400935850539;;UCB PHARMA / MOVIANTO;Non renseigné;XYZALL 5 mg Cpr pell Plq/28;0.021;3.32;0;0;1
3702381;3400937023818;;UCB PHARMA / MOVIANTO;Non renseigné;KEPPRA 100 mg/ml S buv Fl/300ml+Ser/10ml;0.021;41.61;0;20;1
3732850;3400937328500;;UCB PHARMA / MOVIANTO;Non renseigné;NEUPRO 2 mg/24 h Disp transderm 7Sach;0.021;6.64;0;0;1
3772097;3400937720977;;UCB PHARMA / MOVIANTO;Non renseigné;NEUPRO 2 mg/24 h Disp transderm 30Sach;0.021;28.47;0;0;1
3772111;3400937721110;;UCB PHARMA / MOVIANTO;Non renseigné;NEUPRO 4 mg/24 h Disp transderm 30Sach;0.021;40.81;0;0;1
3772134;3400937721349;;UCB PHARMA / MOVIANTO;Non renseigné;NEUPRO 6 mg/24 h Disp transderm 30Sach;0.021;53.14;0;0;1
3772157;3400937721578;;UCB PHARMA / MOVIANTO;Non renseigné;NEUPRO 8 mg/24 h Disp transderm 30Sach;0.021;65.29;0;0;1
3882963;3400938829631;;UCB PHARMA / MOVIANTO;Non renseigné;VIMPAT 50 mg Cpr pell 1Plq/56;0.021;16.76;0;0;1
3882992;3400938829921;;UCB PHARMA / MOVIANTO;Non renseigné;VIMPAT 100 mg Cpr pell Plaq/56;0.021;33.51;0;0;1
3883017;3400938830170;;UCB PHARMA / MOVIANTO;Non renseigné;VIMPAT 150 mg Cpr pell Plq/56;0.021;50.28;0;0;1
3883046;3400938830460;;UCB PHARMA / MOVIANTO;Non renseigné;VIMPAT 200 mg Cpr pell Plq/56;0.021;67.03;0;0;1
3973200;3400939732008;;UCB PHARMA / MOVIANTO;Non renseigné;CIMZIA 200 mg S inj en seringue préremplie 2Ser/1ml+2Tamp;0.021;560.83;0;0;1
3982759;3400939827599;;UCB PHARMA / MOVIANTO;Non renseigné;KEPPRA 100 mg/ml S buv Fl/150ml+Ser/3ml;0.021;20.81;0;0;1
3982765;3400939827650;;UCB PHARMA / MOVIANTO;Non renseigné;KEPPRA 100 mg/ml S buv Fl/150ml+Ser/1ml;0.021;20.81;0;0;1
3351510;3400933515102;;UPSA - SAG;Aspirine;ASPIRINE UPSA 500 mg Cpr eff B/20;0.021;1.25;0;0;1
3353153;3400933531539;;UPSA - SAG;Aspirine;ASPIRINE UPSA TAMPONNEE EFFERVESCENTE 1000 mg Cpr eff 2T/10;0.021;2.02;0;50;1
;3400930145586;;UPSA - SAG;Non renseigné;EFFERALGAN 30 mg/ml S buv pédiatrique Fl/90ml+Ser;0.021;1.08;0;40;1
;3400930186947;;UPSA - SAG;Non renseigné;DAFALGAN 1000 mg Gél Plq/8;0.021;0.88;0;160;1
3072879;3400930728796;;UPSA - SAG;Non renseigné;NIFLURIL 250 mg Gél B/30;0.021;1.81;0;0;1
3188636;3400931886365;;UPSA - SAG;Non renseigné;NIFLURIL 400 mg Suppos séc enfant 2Film/4 (8);0.021;1.4;0;1;1
3256757;3400932567577;;UPSA - SAG;Non renseigné;EFFERALGAN 500 mg Cpr Blister/16;0.021;0.88;0;80;1
3257001;3400932570010;;UPSA - SAG;Non renseigné;EFFERALGAN 500 mg Cpr eff séc Film/4x4 (16);0.021;0.88;0;100;1
3267904;3400932679041;;UPSA - SAG;Non renseigné;DAFALGAN 500 mg Gél Plq/2x8 (16);0.021;0.88;0;160;1
3273655;3400932736553;;UPSA - SAG;Non renseigné;DAFALGAN 600 mg Suppos adulte Plq/10;0.021;1.15;0;0;1
3318665;3400933186654;;UPSA - SAG;Non renseigné;NIFLUGEL 2,5 % Gel T/60g;0.021;1.75;0;50;1
3327581;3400933275815;;UPSA - SAG;Non renseigné;DAFALGAN CODEINE Cpr pell Plq/16;0.021;1.38;0;80;1
3331677;3400933316778;;UPSA - SAG;Non renseigné;DAFALGAN CODEINE Cpr eff séc 2T/8;0.021;1.38;0;96;1
3390579;3400933905798;;UPSA - SAG;Non renseigné;EFFERALGAN 150 mg Suppos Plq/10;0.021;1;0;0;1
3390585;3400933905859;;UPSA - SAG;Non renseigné;EFFERALGAN 300 mg Suppos Plq/10;0.021;1.04;0;0;1
3400390;3400934003905;;UPSA - SAG;Non renseigné;EFFERALGAN 250 mg Pdr eff sol buv en sachet 12Sach;0.021;1.01;0;0;1
3463657;3400934636578;;UPSA - SAG;Non renseigné;EFFERALGANMED 250 mg Cpr disp Plq/12;0.021;1.01;0;1;1
3529103;3400935291035;;UPSA - SAG;Non renseigné;DAFALGAN 1000 mg Cpr eff T/8;0.021;0.88;0;108;1
3529178;3400935291783;;UPSA - SAG;Non renseigné;EFFERALGAN 1000 mg Cpr eff T/8;0.021;0.88;0;108;1
3615883;3400936158832;;UPSA - SAG;Non renseigné;DAFALGAN 1000 mg Cpr pell Plq/8;0.021;0.88;0;160;1
3939597;3400939395975;;VALNEA / CSP MOUSSY ;Non renseigné;IXIARO Susp inj Ser/0,5ml;0.021;85;0;0;1
3264449;3400932644490;;VIATRIS SANTE / PFIZER PFE ;Non renseigné;XANAX 0,25 mg Cpr séc B/30;0.021;0.94;0;1;1
3264455;3400932644551;;VIATRIS SANTE / PFIZER PFE ;Non renseigné;XANAX 0,50 mg Cpr séc B/30;0.021;1.32;0;24;1
3331335;3400933313357;;VIATRIS SANTE / PFIZER PFE ;Non renseigné;AMLOR 10 mg Gél Plq/30;0.021;2.54;0;0;1
3331358;3400933313586;;VIATRIS SANTE / PFIZER PFE ;Non renseigné;AMLOR 5 mg Gél Plq/30;0.021;2.54;0;0;1
3378986;3400933789862;;VIATRIS SANTE / PFIZER PFE ;Non renseigné;NEURONTIN 100 mg Gél Plq/90;0.021;6.64;0;0;1
3379017;3400933790172;;VIATRIS SANTE / PFIZER PFE ;Non renseigné;NEURONTIN 300 mg Gél Plq/90;0.021;15.98;0;0;1
3380144;3400933801441;;VIATRIS SANTE / PFIZER PFE ;Non renseigné;NEURONTIN 400 mg Gél Plq/90;0.021;19.18;0;0;1
3403419;3400934034190;;VIATRIS SANTE / PFIZER PFE ;Non renseigné;ZOLOFT 50 mg Gél 2Plq/14 (28);0.021;3.54;0;0;1
3430675;3400934306754;;VIATRIS SANTE / PFIZER PFE ;Non renseigné;TAHOR 10 mg Cpr pell Plq/28;0.021;3;0;0;1
3430681;3400934306815;;VIATRIS SANTE / PFIZER PFE ;Non renseigné;TAHOR 20 mg Cpr pell Plq/28;0.021;3;0;0;1
3430698;3400934306983;;VIATRIS SANTE / PFIZER PFE ;Non renseigné;TAHOR 40 mg Cpr pell Plq/28;0.021;3;0;150;1
3438406;3400934384066;;VIATRIS SANTE / PFIZER PFE ;Non renseigné;XALATAN 50 µg/ml Collyre sol Fl/2,5ml;0.021;4.69;0;0;1
3438412;3400934384127;;VIATRIS SANTE / PFIZER PFE ;Non renseigné;XALATAN 50 µg/ml Collyre sol 3Fl/2,5ml;0.021;13.36;0;54;1
3465567;3400934655678;;VIATRIS SANTE / PFIZER PFE ;Non renseigné;EFFEXOR LP 75 mg Gél LP Plq/30;0.021;4.25;0;144;1
3465633;3400934656330;;VIATRIS SANTE / PFIZER PFE ;Non renseigné;EFFEXOR LP 37,5 mg Gél LP Plq/2x15 (30);0.021;3.93;0;0;1
3543681;3400935436818;;VIATRIS SANTE / PFIZER PFE ;Non renseigné;CELEBREX 100 mg Gél Plq/30;0.021;2.97;0;0;1
3543706;3400935437068;;VIATRIS SANTE / PFIZER PFE ;Non renseigné;CELEBREX 200 mg Gél Plq/30;0.021;5.86;0;0;1
3555750;3400935557506;;VIATRIS SANTE / PFIZER PFE ;Non renseigné;TAHOR 80 mg Cpr pell Plq/28;0.021;3;0;0;1
3556206;3400935562067;;VIATRIS SANTE / PFIZER PFE ;Non renseigné;ZOLOFT 25 mg Gél Plq/7;0.021;0.98;0;0;1
3576025;3400935760258;;VIATRIS SANTE / PFIZER PFE ;Non renseigné;XALACOM 50 µg/ml+5 mg/ml Collyre sol Fl/2,5ml;0.021;6.51;0;0;1
3576031;3400935760319;;VIATRIS SANTE / PFIZER PFE ;Non renseigné;XALACOM 50 µg/ml+5 mg/ml Collyre sol 3Fl/2,5ml;0.021;17.62;0;0;1
3578610;3400935786104;;VIATRIS SANTE / PFIZER PFE ;Non renseigné;RELPAX 20 mg Cpr pell 3Plq/2 (6);0.021;5.77;0;0;1
3578685;3400935786852;;VIATRIS SANTE / PFIZER PFE ;Non renseigné;RELPAX 40 mg Cpr pell 3Plq/2 (6);0.021;5.77;0;180;1
3578691;3400935786913;;VIATRIS SANTE / PFIZER PFE ;Non renseigné;RELPAX 40 mg Cpr pell 2Plq/5 (10);0.021;9.61;0;0;1
3590025;3400935900258;;VIATRIS SANTE / PFIZER PFE ;Non renseigné;NEURONTIN 600 mg Cpr pell Plq/90;0.021;23.68;0;0;1
3590048;3400935900487;;VIATRIS SANTE / PFIZER PFE ;Non renseigné;NEURONTIN 800 mg Cpr pell Plq/90;0.021;23.68;0;0;1
3651270;3400936512702;;VIATRIS SANTE / PFIZER PFE ;Non renseigné;LYRICA 25 mg Gél Plq/56;0.021;7.84;0;0;1
3651287;3400936512870;;VIATRIS SANTE / PFIZER PFE ;Non renseigné;LYRICA 50 mg Gél Plq/84;0.021;19.61;0;0;1
3651293;3400936512931;;VIATRIS SANTE / PFIZER PFE ;Non renseigné;LYRICA 75 mg Gél Plq/56;0.021;18.13;0;0;1
3651301;3400936513013;;VIATRIS SANTE / PFIZER PFE ;Non renseigné;LYRICA 100 mg Gél Plq/84;0.021;27.19;0;0;1
3651318;3400936513181;;VIATRIS SANTE / PFIZER PFE ;Non renseigné;LYRICA 150 mg Gél Plq/56;0.021;18.13;0;0;1
3651324;3400936513242;;VIATRIS SANTE / PFIZER PFE ;Non renseigné;LYRICA 200 mg Gél Plq/84;0.021;27.19;0;0;1
3651330;3400936513303;;VIATRIS SANTE / PFIZER PFE ;Non renseigné;LYRICA 300 mg Gél Plq/56;0.021;18.13;0;0;1
3651353;3400936513532;;VIATRIS SANTE / PFIZER PFE ;Non renseigné;LYRICA 25 mg Gél Plq/84;0.021;11.77;0;0;1
3665705;3400936657052;;VIATRIS SANTE / PFIZER PFE ;Non renseigné;INSPRA 25 mg Cpr pell Plq/30;0.021;26.44;0;0;1
3665740;3400936657403;;VIATRIS SANTE / PFIZER PFE ;Non renseigné;INSPRA 50 mg Cpr pell Plq/30;0.021;26.44;0;0;1
3692984;3400936929845;;VIATRIS SANTE / PFIZER PFE ;Non renseigné;CADUET 10 mg/10 mg Cpr pell Plq/30;0.021;7.15;0;0;1
3693050;3400936930506;;VIATRIS SANTE / PFIZER PFE ;Non renseigné;CADUET 5 mg/10 mg Cpr pell Plq/30;0.021;7.15;0;0;1
3719921;3400937199216;;VIATRIS SANTE / PFIZER PFE ;Non renseigné;TAHOR 10 mg Cpr pell Plq/90;0.021;9.51;0;0;1
3719938;3400937199384;;VIATRIS SANTE / PFIZER PFE ;Non renseigné;TAHOR 20 mg Cpr pell Plq/90;0.021;9.51;0;0;1
3719944;3400937199445;;VIATRIS SANTE / PFIZER PFE ;Non renseigné;TAHOR 40 mg Cpr pell Plq/90;0.021;9.51;0;0;1
3719950;3400937199506;;VIATRIS SANTE / PFIZER PFE ;Non renseigné;TAHOR 80 mg Cpr pell Plq/90;0.021;9.51;0;0;1
3724371;3400937243711;;VIATRIS SANTE / PFIZER PFE ;Non renseigné;AMLOR 5 mg Gél Plq/90;0.021;7.07;0;30;1
3724388;3400937243889;;VIATRIS SANTE / PFIZER PFE ;Non renseigné;AMLOR 10 mg Gél Plq/90;0.021;7.07;0;0;1
3757548;3400937575485;;VIATRIS SANTE / PFIZER PFE ;Non renseigné;CADUET 5 mg/10 mg Cpr pell Plq/90;0.021;21.46;0;0;1
3757554;3400937575546;;VIATRIS SANTE / PFIZER PFE ;Non renseigné;CADUET 10 mg/10 mg Cpr pell Plq/90;0.021;21.46;0;0;1
3762561;3400937625616;;VIATRIS SANTE / PFIZER PFE ;Non renseigné;DOXAZOSINE VIATRIS LP 4 mg Cpr LP Plq/28;0.021;4.98;0;0;1
3762578;3400937625784;;VIATRIS SANTE / PFIZER PFE ;Non renseigné;DOXAZOSINE VIATRIS LP 8 mg Cpr LP Plq/28;0.021;4.98;0;120;1
3909811;3400939098111;;VIATRIS SANTE / PFIZER PFE ;Non renseigné;INSPRA 25 mg Cpr pell Plq/90;0.021;75.36;0;0;1
3909946;3400939099460;;VIATRIS SANTE / PFIZER PFE ;Non renseigné;INSPRA 50 mg Cpr pell Plq/90;0.021;75.36;0;0;1
4170147;3400941701474;;VIATRIS SANTE / PFIZER PFE ;Non renseigné;LYRICA 20 mg/ml S buv Fl/473ml;0.021;37.34;0;6;1
;3400930246948;;VIFOR FRANCE;Non renseigné;TAVNEOS 10 mg Gél Fl/180;0.021;4685.44;0;1;1
3804986;3400938049862;;VIFOR FRANCE;Non renseigné;RESIKALI Pdr susp buv/rect B/500g;0.021;21.87;0;10;1
;3400930144824;;VIIV HEALTHCARE;Non renseigné;JULUCA 50 mg/25 mg Cpr pell Fl/30;0.021;494.44;0;1;1
;3400930182550;;VIIV HEALTHCARE;Non renseigné;DOVATO 50 mg/300 mg Cpr pell Fl/30;0.021;511.57;0;50;1
;3400930219874;;VIIV HEALTHCARE;Non renseigné;REKAMBYS 900 mg Susp inj LP Fl/3ml+Ser;0.021;305.52;0;1;1
;3400930219904;;VIIV HEALTHCARE;Non renseigné;VOCABRIA 600 mg Susp inj LP Fl+Ser;0.021;716.95;0;1;1
;3400930278987;;VIIV HEALTHCARE;Non renseigné;APRETUDE 30 mg Cpr pell Fl/30;0.021;624.83;0;1;1
;3400930278994;;VIIV HEALTHCARE;Non renseigné;APRETUDE 600 mg Susp inj à libération prolongée Fl/3ml;0.021;1204.84;0;1;1
;3400930280287;;VIIV HEALTHCARE;Non renseigné;DOVATO 50 mg/300 mg Cpr pell Plq/30;0.021;511.57;0;1;1
;3400930280294;;VIIV HEALTHCARE;Non renseigné;DOVATO 50 mg/300 mg Cpr pell Plq/90 (3x30);0.021;1508.71;0;1;1
2771463;3400927714634;;VIIV HEALTHCARE;Non renseigné;TIVICAY 50 mg Cpr pell Fl/30;0.021;421.18;0;1;1
2794895;3400927948954;;VIIV HEALTHCARE;Non renseigné;TRIUMEQ 50 mg/600 mg/300 mg Cpr pell Fl/30;0.021;519.57;0;1;1
3414529;3400934145292;;VIIV HEALTHCARE;Non renseigné;EPIVIR 150 mg Cpr pell Fl/60;0.021;56.76;0;0;1
3584881;3400935848819;;VIIV HEALTHCARE;Non renseigné;EPIVIR 300 mg Cpr pell Fl/30;0.021;56.76;0;0;1
3657284;3400936572843;;VIIV HEALTHCARE;Non renseigné;KIVEXA 600 mg/300 mg Cpr pell Plq/30;0.021;155.64;0;0;1
3823481;3400938234817;;VIIV HEALTHCARE;Non renseigné;CELSENTRI 150 mg Cpr pell Plq/60;0.021;338.91;0;0;1
;3400930020012;;ZAMBON FRANCE - SAG / LAPHAL INDUSTRIES;Non renseigné;ASCABIOL 10 % Emuls cut Fl/125ml;0.021;10.65;0;30;1
3192253;3400931922537;;ZAMBON FRANCE - SAG / LAPHAL INDUSTRIES;Non renseigné;PANOTILE S aur Fl/8ml;0.021;1.42;0;126;1
3320923;3400933209230;;ZAMBON FRANCE - SAG / LAPHAL INDUSTRIES;Non renseigné;MONURIL 3 g Glé s buv en sac Sach/8g;0.021;4;0;0;1
3474514;3400934745140;;ZAMBON FRANCE - SAG / LAPHAL INDUSTRIES;Non renseigné;DENSICAL VITAMINE D3 Cpr à croquer/sucer 3T/20;0.021;4.62;0;16;1
3475092;3400934750922;;ZAMBON FRANCE - SAG / LAPHAL INDUSTRIES;Non renseigné;SPIFEN 400 mg Glé s buv en sachet-dose 20Sach;0.021;1.98;0;72;1
3608191;3400936081918;;ZAMBON FRANCE - SAG / LAPHAL INDUSTRIES;Non renseigné;SPIFEN 200 mg Cpr Plq/30;0.021;1.2;0;60;1
3625137;3400936251373;;ZAMBON FRANCE - SAG / LAPHAL INDUSTRIES;Non renseigné;SPIFEN 400 mg Cpr pell Plq/20;0.021;1.56;0;70;1
3707125;3400937071253;;ZAMBON FRANCE - SAG / LAPHAL INDUSTRIES;Non renseigné;RHINOMAXIL 100 µg/dose Susp pulv nas Fl/120 doses;0.021;4.9;0;128;1
3749075;3400937490757;;ZAMBON FRANCE - SAG / LAPHAL INDUSTRIES;Non renseigné;SILODYX 4 mg Gél Plq/30;0.021;6.12;0;0;1
3749342;3400937493420;;ZAMBON FRANCE - SAG / LAPHAL INDUSTRIES;Non renseigné;SILODYX 8 mg Gél Plq/30;0.021;6.12;0;0;1
3871132;3400938711325;;ZAMBON FRANCE - SAG / LAPHAL INDUSTRIES;Non renseigné;TADIM 1 MUI pdre p sol inh p nébulis 30Fl;0.021;298.76;0;12;1
;3400930008867;;ZENTIVA  FRANCE-SAG / ALLOGA ANGERS;Non renseigné;AMOROLFINE ZENTIVA 5 % V ongles médicamenteux Fl/2,5ml+20 spatules;0.021;5.54;0.3;1;1
;3400930010990;;ZENTIVA  FRANCE-SAG / ALLOGA ANGERS;Non renseigné;GLICLAZIDE ZENTIVA 60 mg Cpr séc LM Plq PVC/alu/30;0.021;1.87;0.2;1;1
;3400930011003;;ZENTIVA  FRANCE-SAG / ALLOGA ANGERS;Non renseigné;GLICLAZIDE ZENTIVA 60 mg Cpr séc LM Plq PVC/alu/90;0.021;5.62;0.2;1;1
;3400930019344;;ZENTIVA  FRANCE-SAG / ALLOGA ANGERS;Non renseigné;EPLERENONE ZENTIVA 25 mg Cpr pell Plq/30;0.021;9.85;0.1;1;1
;3400930019467;;ZENTIVA  FRANCE-SAG / ALLOGA ANGERS;Non renseigné;EPLERENONE ZENTIVA 50 mg Cpr pell Plq/30;0.021;10.39;0.05;1;1
;3400930021880;;ZENTIVA  FRANCE-SAG / ALLOGA ANGERS;Non renseigné;EPLERENONE ZENTIVA 25 mg Cpr pell Plq/90;0.021;28.05;0.1;1;1
;3400930021910;;ZENTIVA  FRANCE-SAG / ALLOGA ANGERS;Non renseigné;EPLERENONE ZENTIVA 50 mg Cpr pell Plq/90;0.021;29.61;0.05;1;1
;3400930022535;;ZENTIVA  FRANCE-SAG / ALLOGA ANGERS;Non renseigné;ROSUVASTATINE ZENTIVA 5 mg Cpr pell Plq alu/30;0.021;2.32;0.3;120;1
;3400930022542;;ZENTIVA  FRANCE-SAG / ALLOGA ANGERS;Non renseigné;ROSUVASTATINE ZENTIVA 5 mg Cpr pell Plq alu/90;0.021;6.96;0.3;84;1
;3400930022559;;ZENTIVA  FRANCE-SAG / ALLOGA ANGERS;Non renseigné;ROSUVASTATINE ZENTIVA 10 mg Cpr pell Plq alu/30;0.021;2.59;0.3;120;1
;3400930022566;;ZENTIVA  FRANCE-SAG / ALLOGA ANGERS;Non renseigné;ROSUVASTATINE ZENTIVA 10 mg Cpr pell Plq alu/90;0.021;7.77;0.3;84;1
;3400930022573;;ZENTIVA  FRANCE-SAG / ALLOGA ANGERS;Non renseigné;ROSUVASTATINE ZENTIVA 20 mg Cpr pell Plq alu/30;0.021;2.22;0.4;1;1
;3400930023792;;ZENTIVA  FRANCE-SAG / ALLOGA ANGERS;Non renseigné;PREGABALINE ZENTIVA 50 mg Gél Plq/84;0.021;5.68;0.3;1;1
;3400930023808;;ZENTIVA  FRANCE-SAG / ALLOGA ANGERS;Non renseigné;PREGABALINE ZENTIVA 75 mg Gél Plq/56;0.021;5.64;0.3;1;1
;3400930023815;;ZENTIVA  FRANCE-SAG / ALLOGA ANGERS;Non renseigné;PREGABALINE ZENTIVA 100 mg Gél Plq/84;0.021;8.45;0.3;1;1
;3400930023839;;ZENTIVA  FRANCE-SAG / ALLOGA ANGERS;Non renseigné;PREGABALINE ZENTIVA 150 mg Gél Plq/56;0.021;8.41;0.3;1;1
;3400930023846;;ZENTIVA  FRANCE-SAG / ALLOGA ANGERS;Non renseigné;PREGABALINE ZENTIVA 200 mg Gél Plq/84;0.021;12.61;0.3;1;1
;3400930023853;;ZENTIVA  FRANCE-SAG / ALLOGA ANGERS;Non renseigné;PREGABALINE ZENTIVA 300 mg Gél Plq/56;0.021;11.67;0.3;1;1
;3400930023884;;ZENTIVA  FRANCE-SAG / ALLOGA ANGERS;Non renseigné;ARIPIPRAZOLE ZENTIVA 5 mg Cpr Plq/28;0.021;10.19;0.3;1;1
;3400930023891;;ZENTIVA  FRANCE-SAG / ALLOGA ANGERS;Non renseigné;ARIPIPRAZOLE ZENTIVA 10 mg Cpr Plq/28;0.021;8.74;0.4;1;1
;3400930023907;;ZENTIVA  FRANCE-SAG / ALLOGA ANGERS;Non renseigné;ARIPIPRAZOLE ZENTIVA 15 mg Cpr Plq/28;0.021;8.74;0.4;1;1
;3400930040881;;ZENTIVA  FRANCE-SAG / ALLOGA ANGERS;Non renseigné;VALGANCICLOVIR ZENTIVA 450 mg Cpr pell Fl/60;0.021;311.04;0.4;1;1
;3400930046340;;ZENTIVA  FRANCE-SAG / ALLOGA ANGERS;Non renseigné;QUETIAPINE ZENTIVA LP 50 mg Cpr LP Plq/30;0.021;5;0.3;1;1
;3400930059586;;ZENTIVA  FRANCE-SAG / ALLOGA ANGERS;Non renseigné;LEVOCETIRIZINE ZENTIVA 5 mg Cpr pell Plq PVC/PE/PVDC/Alu/14;0.021;1.26;0.1;1;1
;3400930059609;;ZENTIVA  FRANCE-SAG / ALLOGA ANGERS;Non renseigné;LEVOCETIRIZINE ZENTIVA 5 mg Cpr pell Plq PVC/PE/PVDC/Alu/28;0.021;1.97;0.3;160;1
;3400930063170;;ZENTIVA  FRANCE-SAG / ALLOGA ANGERS;Non renseigné;IMATINIB ZENTIVA 100 mg Cpr pell séc Plq/60;0.021;160.98;0.4;1;1
;3400930064177;;ZENTIVA  FRANCE-SAG / ALLOGA ANGERS;Non renseigné;MONTELUKAST ZENTIVA 5 mg Cpr à croquer Plq OPA/Alu/PVC/28;0.021;6.73;0.1;1;1
;3400930064290;;ZENTIVA  FRANCE-SAG / ALLOGA ANGERS;Non renseigné;MONTELUKAST ZENTIVA 10 mg Cpr pell Plq/28;0.021;6.73;0.1;60;1
;3400930065259;;ZENTIVA  FRANCE-SAG / ALLOGA ANGERS;Non renseigné;IBUPROFENE ZENTIVA 200 mg Cpr pell Plq/30;0.021;0.83;0.1;160;1
;3400930071533;;ZENTIVA  FRANCE-SAG / ALLOGA ANGERS;Non renseigné;TAMSULOSINE ZENTIVA LP 0,4 mg Cpr LP Plq/30;0.021;2.63;0.3;60;1
;3400930076385;;ZENTIVA  FRANCE-SAG / ALLOGA ANGERS;Non renseigné;LEVETIRACETAM ZENTIVA 250 mg Cpr pell Plq/60;0.021;7.11;0.4;1;1
;3400930076439;;ZENTIVA  FRANCE-SAG / ALLOGA ANGERS;Non renseigné;LEVETIRACETAM ZENTIVA 500 mg Cpr pell Plq/60;0.021;10.67;0.4;1;1
;3400930076507;;ZENTIVA  FRANCE-SAG / ALLOGA ANGERS;Non renseigné;LEVETIRACETAM ZENTIVA 1000 mg Cpr pell Plq/60;0.021;16.01;0.1;1;1
;3400930076941;;ZENTIVA  FRANCE-SAG / ALLOGA ANGERS;Non renseigné;RUPATADINE ZENTIVA 10 mg Cpr Plq/30;0.021;2.13;0.025;1;1
;3400930078884;;ZENTIVA  FRANCE-SAG / ALLOGA ANGERS;Non renseigné;IVABRADINE ZENTIVA 5 mg Cpr pell Plq/56;0.021;8.76;0.3;1;1
;3400930078914;;ZENTIVA  FRANCE-SAG / ALLOGA ANGERS;Non renseigné;IVABRADINE ZENTIVA 7,5 mg Cpr pell Plq/56;0.021;11.27;0.1;1;1
;3400930085295;;ZENTIVA  FRANCE-SAG / ALLOGA ANGERS;Non renseigné;LEVONORGESTREL ZENTIVA 1,5 mg Cpr Plq/1;0.021;1.7;0.1;1;1
;3400930087824;;ZENTIVA  FRANCE-SAG / ALLOGA ANGERS;Non renseigné;ONDANSETRON ZENTIVA 8 mg Cpr orodisp Plq Polya/Alu/PVC/PETP/2;0.021;3.58;0.1;1;1
;3400930087831;;ZENTIVA  FRANCE-SAG / ALLOGA ANGERS;Non renseigné;ONDANSETRON ZENTIVA 8 mg Cpr orodisp Plq Polya/Alu/PVC/PETP/4;0.021;7.16;0.1;1;1
;3400930088661;;ZENTIVA  FRANCE-SAG / ALLOGA ANGERS;Non renseigné;AMLODIPINE/VALSARTAN ZENTIVA 5 mg/80 mg Cpr pell Plq/30;0.021;4.15;0.05;1;1
;3400930088678;;ZENTIVA  FRANCE-SAG / ALLOGA ANGERS;Non renseigné;AMLODIPINE/VALSARTAN ZENTIVA 5 mg/80 mg Cpr pell Plq/90;0.021;11.2;0.1;1;1
;3400930088685;;ZENTIVA  FRANCE-SAG / ALLOGA ANGERS;Non renseigné;AMLODIPINE/VALSARTAN ZENTIVA 5 mg/160 mg Cpr pell Plq/30;0.021;4.75;0.05;1;1
;3400930088692;;ZENTIVA  FRANCE-SAG / ALLOGA ANGERS;Non renseigné;AMLODIPINE/VALSARTAN ZENTIVA 5 mg/160 mg Cpr pell Plq/90;0.021;13.53;0.05;1;1
;3400930088722;;ZENTIVA  FRANCE-SAG / ALLOGA ANGERS;Non renseigné;AMLODIPINE/VALSARTAN ZENTIVA 10 mg/160 mg Cpr pell Plq/90;0.021;13.53;0.05;1;1
;3400930090794;;ZENTIVA  FRANCE-SAG / ALLOGA ANGERS;Non renseigné;IPRATRO ZENT 0,50mg/2ml S inh Ad 10unid/2ml;0.021;2.47;0.2;1;1
;3400930091074;;ZENTIVA  FRANCE-SAG / ALLOGA ANGERS;Non renseigné;DUTASTERIDE ZENTIVA LAB 0,5 mg Caps molle Plq/30;0.021;3.49;0.4;216;1
;3400930094891;;ZENTIVA  FRANCE-SAG / ALLOGA ANGERS;Non renseigné;ELETRIPTAN ZENTIVA 20 mg Cpr pell Plq/6;0.021;5.05;0.1;1;1
;3400930094976;;ZENTIVA  FRANCE-SAG / ALLOGA ANGERS;Non renseigné;ELETRIPTAN ZENTIVA 40 mg Cpr pell Plq/6;0.021;5.33;0.05;1;1
;3400930094983;;ZENTIVA  FRANCE-SAG / ALLOGA ANGERS;Non renseigné;ELETRIPTAN ZENTIVA 40 mg Cpr pell Plq/10;0.021;8.88;0.05;1;1
;3400930101124;;ZENTIVA  FRANCE-SAG / ALLOGA ANGERS;Non renseigné;FEBUXOSTAT ZENTIVA LAB 80 mg Cpr pell Plq PVC/PVDC/Alu/28;0.021;5.37;0.2;1;1
;3400930101148;;ZENTIVA  FRANCE-SAG / ALLOGA ANGERS;Non renseigné;FEBUXOSTAT ZENTIVA LAB 120 mg Cpr pell Plq PVC/PVDC/Alu/28;0.021;4.03;0.4;1;1
;3400930102152;;ZENTIVA  FRANCE-SAG / ALLOGA ANGERS;Non renseigné;RASAGILINE ZENTIVA 1 mg Cpr Plq/30;0.021;17.45;0.4;30;1
;3400930105245;;ZENTIVA  FRANCE-SAG / ALLOGA ANGERS;Non renseigné;LATANOPROST ZENTIVA 0,005 % Collyre sol Fl/2,5ml;0.021;2.74;0.4;1;1
;3400930105252;;ZENTIVA  FRANCE-SAG / ALLOGA ANGERS;Non renseigné;LATANOPROST ZENTIVA 0,005 % Collyre sol 3Fl/2,5ml;0.021;7.8;0.4;1;1
;3400930109892;;ZENTIVA  FRANCE-SAG / ALLOGA ANGERS;Non renseigné;PRAMIPEXOLE ZENTIVA LP 0,26 mg Cpr LP Plq/30;0.021;3.09;0;1;1
;3400930109915;;ZENTIVA  FRANCE-SAG / ALLOGA ANGERS;Non renseigné;PRAMIPEXOLE ZENTIVA LP 0,52 mg Cpr LP Plq/30;0.021;6.09;0;1;1
;3400930110003;;ZENTIVA  FRANCE-SAG / ALLOGA ANGERS;Non renseigné;PRAMIPEXOLE ZENTIVA LP 1,05 mg Cpr LP Plq/30;0.021;11.97;0;1;1
;3400930110140;;ZENTIVA  FRANCE-SAG / ALLOGA ANGERS;Non renseigné;PRAMIPEXOLE ZENTIVA LP 2,10 mg Cpr LP Plq/30;0.021;22.3;0;1;1
;3400930111963;;ZENTIVA  FRANCE-SAG / ALLOGA ANGERS;Non renseigné;TAMSULOSINE ZENTIVA LAB LP 0,4 mg Gél LP Plq/30;0.021;2.63;0.3;140;1
;3400930114759;;ZENTIVA  FRANCE-SAG / ALLOGA ANGERS;Non renseigné;EZETIMIBE/SIMVASTATINE ZENTIVA 10 mg/20 mg Cpr Plq/30;0.021;7.92;0.3;1;1
;3400930114773;;ZENTIVA  FRANCE-SAG / ALLOGA ANGERS;Non renseigné;EZETIMIBE/SIMVASTATINE ZENTIVA 10 mg/20 mg Cpr Plq/90;0.021;22.57;0.3;1;1
;3400930114797;;ZENTIVA  FRANCE-SAG / ALLOGA ANGERS;Non renseigné;EZETIMIBE/SIMVASTATINE ZENTIVA 10 mg/40 mg Cpr Plq/30;0.021;6.79;0.4;1;1
;3400930114810;;ZENTIVA  FRANCE-SAG / ALLOGA ANGERS;Non renseigné;EZETIMIBE/SIMVASTATINE ZENTIVA 10 mg/40 mg Cpr Plq/90;0.021;22.57;0.3;1;1
;3400930123386;;ZENTIVA  FRANCE-SAG / ALLOGA ANGERS;Non renseigné;FUSIDATE DE SODIUM ZENTIVA 250 mg Cpr pell Plq/10;0.021;4.98;0.1;1;1
;3400930124277;;ZENTIVA  FRANCE-SAG / ALLOGA ANGERS;Non renseigné;ATORVASTATINE ZENTIVA 10 mg Cpr pell Plq/30;0.021;1.52;0.4;120;1
;3400930124314;;ZENTIVA  FRANCE-SAG / ALLOGA ANGERS;Non renseigné;ATORVASTATINE ZENTIVA 10 mg Cpr pell Plq/90;0.021;4.57;0.4;84;1
;3400930124369;;ZENTIVA  FRANCE-SAG / ALLOGA ANGERS;Non renseigné;ATORVASTATINE ZENTIVA 20 mg Cpr pell Plq/30;0.021;1.52;0.4;1;1
;3400930124406;;ZENTIVA  FRANCE-SAG / ALLOGA ANGERS;Non renseigné;ATORVASTATINE ZENTIVA 20 mg Cpr pell Plq/90;0.021;5.33;0.3;1;1
;3400930124451;;ZENTIVA  FRANCE-SAG / ALLOGA ANGERS;Non renseigné;ATORVASTATINE ZENTIVA 40 mg Cpr pell Plq/30;0.021;1.78;0.3;1;1
;3400930124505;;ZENTIVA  FRANCE-SAG / ALLOGA ANGERS;Non renseigné;ATORVASTATINE ZENTIVA 40 mg Cpr pell Plq/90;0.021;4.57;0.4;1;1
;3400930124567;;ZENTIVA  FRANCE-SAG / ALLOGA ANGERS;Non renseigné;ATORVASTATINE ZENTIVA 80 mg Cpr pell Plq/30;0.021;1.78;0.3;1;1
;3400930124604;;ZENTIVA  FRANCE-SAG / ALLOGA ANGERS;Non renseigné;ATORVASTATINE ZENTIVA 80 mg Cpr pell Plq/90;0.021;6.1;0.2;1;1
;3400930132821;;ZENTIVA  FRANCE-SAG / ALLOGA ANGERS;Non renseigné;ENTECAVIR ZENTIVA K.S. 0,5 mg Cpr pell Plq/30;0.021;68.62;0.4;1;1
;3400930132838;;ZENTIVA  FRANCE-SAG / ALLOGA ANGERS;Non renseigné;ENTECAVIR ZENTIVA K.S. 1 mg Cpr pell Plq/30;0.021;68.62;0.4;1;1
;3400930135860;;ZENTIVA  FRANCE-SAG / ALLOGA ANGERS;Non renseigné;ENALAPRIL/LERCANIDIPINE ZENTIVA 20 mg/10 mg Cpr pell Plq/30;0.021;3.56;0.3;1;1
;3400930135891;;ZENTIVA  FRANCE-SAG / ALLOGA ANGERS;Non renseigné;ENALAPRIL/LERCANIDIPINE ZENTIVA 20 mg/10 mg Cpr pell Plq/90;0.021;10.13;0.3;1;1
;3400930138458;;ZENTIVA  FRANCE-SAG / ALLOGA ANGERS;Non renseigné;DARUNAVIR ZENTIVA 800 mg Cpr pell Fl/30;0.021;107.13;0.2;1;1
;3400930139912;;ZENTIVA  FRANCE-SAG / ALLOGA ANGERS;Non renseigné;PERINDOPRIL/AMLODIPINE ZENTIVA 8 mg/10 mg Cpr Plq/30;0.021;7.03;0.05;1;1
;3400930139929;;ZENTIVA  FRANCE-SAG / ALLOGA ANGERS;Non renseigné;PERINDOPRIL/AMLODIPINE ZENTIVA 8 mg/10 mg Cpr Plq/90;0.021;20.04;0.05;1;1
;3400930139967;;ZENTIVA  FRANCE-SAG / ALLOGA ANGERS;Non renseigné;PERINDOPRIL/AMLODIPINE ZENTIVA 8 mg/5 mg Cpr Plq/30;0.021;7.03;0.05;1;1
;3400930139974;;ZENTIVA  FRANCE-SAG / ALLOGA ANGERS;Non renseigné;PERINDOPRIL/AMLODIPINE ZENTIVA 8 mg/5 mg Cpr Plq/90;0.021;20.04;0.05;1;1
;3400930140055;;ZENTIVA  FRANCE-SAG / ALLOGA ANGERS;Non renseigné;PERINDOPRIL/AMLODIPINE ZENTIVA 4 mg/5 mg Cpr Plq/30;0.021;5.17;0.05;1;1
;3400930140062;;ZENTIVA  FRANCE-SAG / ALLOGA ANGERS;Non renseigné;PERINDOPRIL/AMLODIPINE ZENTIVA 4 mg/5 mg Cpr Plq/90;0.021;14.73;0.05;1;1
;3400930146262;;ZENTIVA  FRANCE-SAG / ALLOGA ANGERS;Non renseigné;LOSARTAN/HYDROCHLOROTHIAZIDE ZENTIVA LAB 100 mg/25 mg Cpr pell Plq/28;0.021;2.66;0.05;1;1
;3400930146286;;ZENTIVA  FRANCE-SAG / ALLOGA ANGERS;Non renseigné;LOSARTAN/HYDROCHLOROTHIAZIDE ZENTIVA LAB 100 mg/25 mg Cpr pell Plq/90;0.021;8.55;0.05;1;1
;3400930146323;;ZENTIVA  FRANCE-SAG / ALLOGA ANGERS;Non renseigné;LOSARTAN/HYDROCHLOROTHIAZIDE ZENTIVA LAB 100 mg/12,5 mg Cpr pell Plq/90;0.021;8.55;0.05;1;1
;3400930146347;;ZENTIVA  FRANCE-SAG / ALLOGA ANGERS;Non renseigné;LOSARTAN/HYDROCHLOROTHIAZIDE ZENTIVA LAB 50 mg/12,5 mg Cpr pell Plq/28;0.021;2.66;0.05;1;1
;3400930146361;;ZENTIVA  FRANCE-SAG / ALLOGA ANGERS;Non renseigné;LOSARTAN/HYDROCHLOROTHIAZIDE ZENTIVA LAB 50 mg/12,5 mg Cpr pell Plq/90;0.021;8.55;0.05;1;1
;3400930146736;;ZENTIVA  FRANCE-SAG / ALLOGA ANGERS;Non renseigné;CEFTAZIDIME QILU 1 g Pdre p sol inj/p perf IM IV Fl/15ml;0.021;4.99;0.1;1;1
;3400930146743;;ZENTIVA  FRANCE-SAG / ALLOGA ANGERS;Non renseigné;CEFTAZIDIME QILU 2 g Pdre p sol inj/p perf IV Fl/50ml;0.021;9.97;0.1;1;1
;3400930148518;;ZENTIVA  FRANCE-SAG / ALLOGA ANGERS;Non renseigné;EMTRICITABINE/TENOFOVIR DISOPROXIL ZENTIVA LAB 200 mg/245 mg Cpr pell Fl/30;0.021;103.36;0.2;1;1
;3400930149805;;ZENTIVA  FRANCE-SAG / ALLOGA ANGERS;Non renseigné;MIDODRINE ZENTIVA 2,5 mg Cpr Plq/30;0.021;4.52;0.1;1;1
;3400930151297;;ZENTIVA  FRANCE-SAG / ALLOGA ANGERS;Non renseigné;MOMETASONE ZENTIVA 50 µg/dose Susp pulv nas Fl/16g120 doses;0.021;3.56;0.05;60;1
;3400930153109;;ZENTIVA  FRANCE-SAG / ALLOGA ANGERS;Non renseigné;AGOMELATINE ZENTIVA 25 mg Cpr pell Plq/28;0.021;6.88;0.4;1;1
;3400930153819;;ZENTIVA  FRANCE-SAG / ALLOGA ANGERS;Non renseigné;CHOLECALCIFEROL ZENTIVA 100 000 UI S buv en ampoule Amp/2ml;0.021;0.68;0.025;1;1
;3400930155325;;ZENTIVA  FRANCE-SAG / ALLOGA ANGERS;Non renseigné;IVERMECTINE ZENTIVA 3 mg Cpr Plq/4;0.021;3.84;0.4;1;1
;3400930156681;;ZENTIVA  FRANCE-SAG / ALLOGA ANGERS;Non renseigné;NEBIVOLOL/HYDROCHLOROTHIAZIDE ZENTIVA 5 mg/12,5 mg Cpr pell Plq/30;0.021;3.11;0.1;1;1
;3400930156698;;ZENTIVA  FRANCE-SAG / ALLOGA ANGERS;Non renseigné;NEBIVOLOL/HYDROCHLOROTHIAZIDE ZENTIVA 5 mg/12,5 mg Cpr pell Plq/90;0.021;8.85;0.1;1;1
;3400930156711;;ZENTIVA  FRANCE-SAG / ALLOGA ANGERS;Non renseigné;NEBIVOLOL/HYDROCHLOROTHIAZIDE ZENTIVA 5 mg/25 mg Cpr pell Plq/90;0.021;8.85;0.1;1;1
;3400930161708;;ZENTIVA  FRANCE-SAG / ALLOGA ANGERS;Non renseigné;SOLIFENACINE ZENTIVA 5 mg Cpr pell Plq/30;0.021;3.19;0.4;1;1
;3400930161869;;ZENTIVA  FRANCE-SAG / ALLOGA ANGERS;Non renseigné;SOLIFENACINE ZENTIVA 10 mg Cpr pell Plq/30;0.021;3.19;0.4;1;1
;3400930168578;;ZENTIVA  FRANCE-SAG / ALLOGA ANGERS;Non renseigné;TIXOCORTOL ZENTIVA 1 % Susp nas Fl/10ml;0.021;1.29;0.025;144;1
;3400930169650;;ZENTIVA  FRANCE-SAG / ALLOGA ANGERS;Non renseigné;APREPITANT ZENTIVA 125 mg/80 mg Gél Plq/125mg+2x80mg;0.021;10.85;0.4;45;1
;3400930172803;;ZENTIVA  FRANCE-SAG / ALLOGA ANGERS;Non renseigné;MACROGOL 4000 ZENTIVA 10 g Pdr sol buv en sachet 20Sach/10g;0.021;2.08;0;36;1
;3400930173497;;ZENTIVA  FRANCE-SAG / ALLOGA ANGERS;Non renseigné;VILDAGLIPTINE ZENTIVA 50 mg Cpr Plq/30;0.021;3.01;0.1;1;1
;3400930173510;;ZENTIVA  FRANCE-SAG / ALLOGA ANGERS;Non renseigné;VILDAGLIPTINE ZENTIVA 50 mg Cpr Plq/60;0.021;5.34;0.2;1;1
;3400930175798;;ZENTIVA  FRANCE-SAG / ALLOGA ANGERS;Non renseigné;PR FLUT/SAL ZENT 50µg/25µg/dose Susp Fl/120d;0.021;13.45;0.025;1;1
;3400930175811;;ZENTIVA  FRANCE-SAG / ALLOGA ANGERS;Non renseigné;PR FLUT/SAL ZENT 250µg/25µg/dose Susp Fl/120d;0.021;16.41;0.025;1;1
;3400930180228;;ZENTIVA  FRANCE-SAG / ALLOGA ANGERS;Non renseigné;SILODOSINE ZENTIVA 4 mg Gél Plq/30;0.021;3.17;0.1;1;1
;3400930180235;;ZENTIVA  FRANCE-SAG / ALLOGA ANGERS;Non renseigné;SILODOSINE ZENTIVA 8 mg Gél Plq/30;0.021;3.34;0.05;1;1
;3400930181591;;ZENTIVA  FRANCE-SAG / ALLOGA ANGERS;Non renseigné;OMEPRAZOLE ZENTIVA LAB 20 mg Gél gastro-rés Fl PEHD/7;0.021;0.5;0.1;1;1
;3400930181621;;ZENTIVA  FRANCE-SAG / ALLOGA ANGERS;Non renseigné;OMEPRAZOLE ZENTIVA LAB 20 mg Gél gastro-rés Fl/28 PEHD;0.021;1.76;0.2;192;1
;3400930181645;;ZENTIVA  FRANCE-SAG / ALLOGA ANGERS;Non renseigné;OMEPRAZOLE ZENTIVA LAB 20 mg Gél gastro-rés Plq/7 oPA;0.021;0.33;0.4;1;1
;3400930181652;;ZENTIVA  FRANCE-SAG / ALLOGA ANGERS;Non renseigné;OMEPRAZOLE ZENTIVA LAB 20 mg Gél gastro-rés Plq/14 oPA;0.021;0.65;0.4;1;1
;3400930181669;;ZENTIVA  FRANCE-SAG / ALLOGA ANGERS;Non renseigné;OMEPRAZOLE ZENTIVA LAB 20 mg Gél gastro-rés Plq/28 oPA;0.021;1.54;0.3;100;1
;3400930187463;;ZENTIVA  FRANCE-SAG / ALLOGA ANGERS;Non renseigné;PRASUGREL ZENTIVA 10 mg Cpr pell Plq/30;0.021;8.65;0.4;1;1
;3400930188545;;ZENTIVA  FRANCE-SAG / ALLOGA ANGERS;Non renseigné;RISEDRONATE ZENTIVA KS 35 mg Cpr pell Plq/4;0.021;4.53;0.4;1;1
;3400930188552;;ZENTIVA  FRANCE-SAG / ALLOGA ANGERS;Non renseigné;RISEDRONATE ZENTIVA KS 35 mg Cpr pell Plq/12;0.021;13.6;0.4;1;1
;3400930190029;;ZENTIVA  FRANCE-SAG / ALLOGA ANGERS;Non renseigné;DUTASTERIDE/TAMSULOSINE ZENTIVA 0,5 mg/0,4 mg Gél Fl/30;0.021;5.94;0.3;1;1
;3400930195352;;ZENTIVA  FRANCE-SAG / ALLOGA ANGERS;Non renseigné;RACECADOTRIL ZENTIVA 100 mg Gél Plq/20;0.021;3.29;0.1;200;1
;3400930198445;;ZENTIVA  FRANCE-SAG / ALLOGA ANGERS;Non renseigné;RIVAROXABAN ZENTIVA 2,5 mg Cpr pell Plq/56;0.021;5.98;0.4;1;1
;3400930198483;;ZENTIVA  FRANCE-SAG / ALLOGA ANGERS;Non renseigné;RIVAROXABAN ZENTIVA 10 mg Cpr pell Plq/30;0.021;6.41;0.4;210;1
;3400930198513;;ZENTIVA  FRANCE-SAG / ALLOGA ANGERS;Non renseigné;RIVAROXABAN ZENTIVA 15 mg Cpr pell Plq/28;0.021;5.98;0.4;210;1
;3400930198575;;ZENTIVA  FRANCE-SAG / ALLOGA ANGERS;Non renseigné;RIVAROXABAN ZENTIVA 20 mg Cpr pell Plq/28;0.021;5.98;0.4;210;1
;3400930199947;;ZENTIVA  FRANCE-SAG / ALLOGA ANGERS;Non renseigné;POLYSTYRENE SULFONATE DE SODIUM ZENTIVA 400 g Pdr susp oral/rect Fl/400g;0.021;19.76;0.025;20;1
;3400930202326;;ZENTIVA  FRANCE-SAG / ALLOGA ANGERS;Non renseigné;BUDESON ZENT 0,5mg/2ml Susp iné 4Sach/5unid;0.021;8.78;0.4;1;1
;3400930202340;;ZENTIVA  FRANCE-SAG / ALLOGA ANGERS;Non renseigné;BUDESON ZENT 1mg/2ml Susp iné 4Sach/5unid;0.021;14.53;0.3;1;1
;3400930202777;;ZENTIVA  FRANCE-SAG / ALLOGA ANGERS;Non renseigné;AZITHROMYCINE ZENTIVA 250 mg Cpr pell plq/6 PVC/Alu;0.021;3.76;0.4;300;1
;3400930203538;;ZENTIVA  FRANCE-SAG / ALLOGA ANGERS;Non renseigné;GRASUSTEK 6 mg S inj en seringue préremplie Ser+prot aig/0,6ml;0.021;358.57;0;1;1
;3400930203675;;ZENTIVA  FRANCE-SAG / ALLOGA ANGERS;Non renseigné;KETOCONAZOLE ZENTIVA 2 % Cr T/15g;0.021;1.49;0.1;1;1
;3400930205198;;ZENTIVA  FRANCE-SAG / ALLOGA ANGERS;Non renseigné;ANAGRELIDE ZENTIVA 0,5 mg Gél Fl/100;0.021;79.12;0.4;1;1
;3400930205365;;ZENTIVA  FRANCE-SAG / ALLOGA ANGERS;Non renseigné;OSELTAMIVIR ZENTIVA 75 mg Gél Plq/10;0.021;6.3;0.1;1;1
;3400930213674;;ZENTIVA  FRANCE-SAG / ALLOGA ANGERS;Non renseigné;LACOSAMIDE ZENTIVA 50 mg Cpr pell Plq/56;0.021;7.13;0.3;1;1
;3400930213698;;ZENTIVA  FRANCE-SAG / ALLOGA ANGERS;Non renseigné;LACOSAMIDE ZENTIVA 100 mg Cpr pell Plq/56;0.021;14.27;0.3;1;1
;3400930213735;;ZENTIVA  FRANCE-SAG / ALLOGA ANGERS;Non renseigné;LACOSAMIDE ZENTIVA 200 mg Cpr pell Plq/56;0.021;28.54;0.3;1;1
;3400930213766;;ZENTIVA  FRANCE-SAG / ALLOGA ANGERS;Non renseigné;FULVESTRANT ZENTIVA 250 mg S inj en seringue préremplie Ser+aig/5ml;0.021;72;0.1;1;1
;3400930216996;;ZENTIVA  FRANCE-SAG / ALLOGA ANGERS;Non renseigné;BIMATOPROST/TIMOLOL ZENTIVA 0,3 mg/5 mg par ml Collyre sol Fl/3ml;0.021;4.51;0.2;1;1
;3400930219447;;ZENTIVA  FRANCE-SAG / ALLOGA ANGERS;Non renseigné;LOSARTAN ZENTIVA LAB 100 mg Cpr pell Plq/84;0.021;7.98;0.05;1;1
;3400930219492;;ZENTIVA  FRANCE-SAG / ALLOGA ANGERS;Non renseigné;LOSARTAN ZENTIVA LAB 50 mg Cpr pell séc Plq/84;0.021;7.98;0.05;1;1
;3400930222911;;ZENTIVA  FRANCE-SAG / ALLOGA ANGERS;Non renseigné;PROPIO FLUT ZENT 100µg/50µg/d Pin unid 1D/60d;0.021;13.45;0.025;1;1
;3400930222942;;ZENTIVA  FRANCE-SAG / ALLOGA ANGERS;Non renseigné;PROPIO FLUT ZENT 250µg/50µg/dose unid 1D/60d;0.021;15.77;0.025;18;1
;3400930222973;;ZENTIVA  FRANCE-SAG / ALLOGA ANGERS;Non renseigné;PROPIO FLUT ZENT 500µg/50µg/dose unid 1D/60d;0.021;17.65;0.025;18;1
;3400930225257;;ZENTIVA  FRANCE-SAG / ALLOGA ANGERS;Non renseigné;BISOPROLOL ZENTIVA KS 1,25 mg Cpr Plq OPA/Alu/PVC/30;0.021;2.25;0.3;1;1
;3400930225271;;ZENTIVA  FRANCE-SAG / ALLOGA ANGERS;Non renseigné;BISOPROLOL ZENTIVA KS 1,25 mg Cpr Plq OPA/Alu/PVC/90;0.021;6.43;0.3;1;1
;3400930225417;;ZENTIVA  FRANCE-SAG / ALLOGA ANGERS;Non renseigné;BISOPROLOL ZENTIVA KS 2,5 mg Cpr Plq PVC/PVDC/Alu/30;0.021;2.25;0.3;180;1
;3400930225431;;ZENTIVA  FRANCE-SAG / ALLOGA ANGERS;Non renseigné;BISOPROLOL ZENTIVA KS 2,5 mg Cpr Plq PVC/PVDC/Alu/90;0.021;6.43;0.3;1;1
;3400930225509;;ZENTIVA  FRANCE-SAG / ALLOGA ANGERS;Non renseigné;BISOPROLOL ZENTIVA KS 3,75 mg Cpr Plq PVC/PVDC/Alu/30;0.021;1.93;0.4;1;1
;3400930225721;;ZENTIVA  FRANCE-SAG / ALLOGA ANGERS;Non renseigné;BISOPROLOL ZENTIVA KS 7,5 mg Cpr Plq PVC/PVDC/Alu/30;0.021;1.93;0.4;1;1
;3400930227121;;ZENTIVA  FRANCE-SAG / ALLOGA ANGERS;Non renseigné;ENALAPRIL/LERCANIDIPINE ZENTIVA 20 mg/20 mg Cpr pell Plq/30;0.021;4.57;0.1;1;1
;3400930227145;;ZENTIVA  FRANCE-SAG / ALLOGA ANGERS;Non renseigné;ENALAPRIL/LERCANIDIPINE ZENTIVA 20 mg/20 mg Cpr pell Plq/90;0.021;13.02;0.1;1;1
;3400930227596;;ZENTIVA  FRANCE-SAG / ALLOGA ANGERS;Non renseigné;FESOTERODINE ZENTIVA LP 4 mg Cpr LP Plq/30;0.021;4.57;0.2;1;1
;3400930227626;;ZENTIVA  FRANCE-SAG / ALLOGA ANGERS;Non renseigné;FESOTERODINE ZENTIVA LP 8 mg Cpr LP Plq/30;0.021;4.57;0.2;1;1
;3400930228531;;ZENTIVA  FRANCE-SAG / ALLOGA ANGERS;Non renseigné;BILASTINE ZENTIVA 20 mg Cpr Plq/30;0.021;2.31;0.025;100;1
;3400930229927;;ZENTIVA  FRANCE-SAG / ALLOGA ANGERS;Non renseigné;RISPERIDONE ZENTIVA 4 mg Cpr pell séc Plq PVC/PVDC/Alu/30;0.021;4.37;0.4;1;1
;3400930238479;;ZENTIVA  FRANCE-SAG / ALLOGA ANGERS;Non renseigné;PREGABALINE ZENTIVA 25 mg Gél B/56 PVC/PVDC/alu;0.021;1.95;0.4;1;1
;3400930238486;;ZENTIVA  FRANCE-SAG / ALLOGA ANGERS;Non renseigné;PREGABALINE ZENTIVA 25 mg Gél B/84 PVC/PVDC/alu;0.021;2.92;0.4;1;1
;3400930238806;;ZENTIVA  FRANCE-SAG / ALLOGA ANGERS;Non renseigné;EZETIMIBE ZENTIVA 10 mg Cpr Plq PVC/PVDC/Alu/30;0.021;5.99;0.4;1;1
;3400930238851;;ZENTIVA  FRANCE-SAG / ALLOGA ANGERS;Non renseigné;EZETIMIBE ZENTIVA 10 mg Cpr Plq PVC/PVDC/Alu/90;0.021;19.92;0.3;1;1
;3400930241660;;ZENTIVA  FRANCE-SAG / ALLOGA ANGERS;Non renseigné;ABIRATERONE ZENTIVA 500 mg Cpr pell Plq/60;0.021;524.55;0.3;1;1
;3400930247693;;ZENTIVA  FRANCE-SAG / ALLOGA ANGERS;Non renseigné;TICAGRELOR ZENTIVA 90 mg Cpr pell Plq/60;0.021;13.41;0.2;1;1
;3400930248607;;ZENTIVA  FRANCE-SAG / ALLOGA ANGERS;Non renseigné;PARACETAMOL ZENTIVA LAB 1 g Cpr Plq/8;0.021;0.74;0.025;255;1
;3400930248645;;ZENTIVA  FRANCE-SAG / ALLOGA ANGERS;Non renseigné;IBUPROFENE ZENTIVA LAB 400 mg Cpr pell Plq PVC/alu/20;0.021;0.87;0.1;1;1
;3400930248652;;ZENTIVA  FRANCE-SAG / ALLOGA ANGERS;Non renseigné;IBUPROFENE ZENTIVA LAB 400 mg Cpr pell Plq PVC/alu/30;0.021;1.31;0.1;120;1
;3400930248836;;ZENTIVA  FRANCE-SAG / ALLOGA ANGERS;Non renseigné;METFORMINE ZENTIVA KS 500 mg Cpr pell Plq/30;0.021;1.13;0.05;120;1
;3400930248898;;ZENTIVA  FRANCE-SAG / ALLOGA ANGERS;Non renseigné;METFORMINE ZENTIVA KS 500 mg Cpr pell Plq/90;0.021;3.22;0.05;64;1
;3400930251584;;ZENTIVA  FRANCE-SAG / ALLOGA ANGERS;Non renseigné;PANTOPRAZOLE ZENTIVA 40 mg Pdr sol inj Fl;0.021;2.93;0.025;100;1
;3400930257555;;ZENTIVA  FRANCE-SAG / ALLOGA ANGERS;Non renseigné;PERINDOPRIL ARGININE ZENTIVA 2,5 mg Cpr pell Plq PVC/PVDC/Alu/30;0.021;2.1;0.3;1;1
;3400930257579;;ZENTIVA  FRANCE-SAG / ALLOGA ANGERS;Non renseigné;PERINDOPRIL ARGININE ZENTIVA 2,5 mg Cpr pell Plq PVC/PVDC/Alu/90;0.021;6.3;0.3;1;1
;3400930257630;;ZENTIVA  FRANCE-SAG / ALLOGA ANGERS;Non renseigné;PERINDOPRIL ARGININE ZENTIVA 5 mg Cpr pell séc Plq PVC/PVDC/Alu/30;0.021;2.1;0.3;1;1
;3400930257647;;ZENTIVA  FRANCE-SAG / ALLOGA ANGERS;Non renseigné;PERINDOPRIL ARGININE ZENTIVA 5 mg Cpr pell séc Plq PVC/PVDC/Alu/90;0.021;7.2;0.2;1;1
;3400930257678;;ZENTIVA  FRANCE-SAG / ALLOGA ANGERS;Non renseigné;PERINDOPRIL ARGININE ZENTIVA 10 mg Cpr pell Plq PVC/PVDC/Alu/30;0.021;2.7;0.1;1;1
;3400930257685;;ZENTIVA  FRANCE-SAG / ALLOGA ANGERS;Non renseigné;PERINDOPRIL ARGININE ZENTIVA 10 mg Cpr pell Plq PVC/PVDC/Alu/90;0.021;8.1;0.1;1;1
;3400930258071;;ZENTIVA  FRANCE-SAG / ALLOGA ANGERS;Non renseigné;PHLOROGLUCINOL ZENTIVA 160 mg Cpr orodisp Plq/5;0.021;0.9;0.1;1;1
;3400930264867;;ZENTIVA  FRANCE-SAG / ALLOGA ANGERS;Non renseigné;DIMETHYL FUMARATE ZENTIVA 240 mg Gél gastro-rés 8Plq/7 56;0.021;292.68;0;1;1
;3400930269145;;ZENTIVA  FRANCE-SAG / ALLOGA ANGERS;Non renseigné;TERIFLUNOMIDE ZENTIVA 14 mg Cpr pell Plq/28;0.021;155.16;0.3;1;1
;3400930274583;;ZENTIVA  FRANCE-SAG / ALLOGA ANGERS;Non renseigné;ANASTROZOLE ZENTIVA 1 mg Cpr pell Plq PVC/PVDC/Alu/30;0.021;12.52;0.4;1;1
;3400930274613;;ZENTIVA  FRANCE-SAG / ALLOGA ANGERS;Non renseigné;ANASTROZOLE ZENTIVA 1 mg Cpr pell Plq PVC/PVDC/Alu/90;0.021;41.63;0.3;1;1
;3400930277065;;ZENTIVA  FRANCE-SAG / ALLOGA ANGERS;Non renseigné;DESMOPRESSINE ZENTIVA 60 µg Cpr subl Plq/30;0.021;5.86;0.05;1;1
;3400930277089;;ZENTIVA  FRANCE-SAG / ALLOGA ANGERS;Non renseigné;DESMOPRESSINE ZENTIVA 120 µg Cpr subl Plq/30;0.021;11.11;0.1;1;1
;3400930277430;;ZENTIVA  FRANCE-SAG / ALLOGA ANGERS;Non renseigné;URAPIDIL ZENTIVA LP 30 mg Gél LP Fl PEHD/30;0.021;2.28;0.1;1;1
;3400930277478;;ZENTIVA  FRANCE-SAG / ALLOGA ANGERS;Non renseigné;URAPIDIL ZENTIVA LP 60 mg Gél LP Fl PEHD/30;0.021;4.55;0.1;1;1
;3400930282687;;ZENTIVA  FRANCE-SAG / ALLOGA ANGERS;Non renseigné;BRINZOLAMIDE/BRIMONIDINE ZENTIVA 10 mg/2 mg par ml Col susp Fl/5ml;0.021;3.12;0;1;1
;3400930284636;;ZENTIVA  FRANCE-SAG / ALLOGA ANGERS;Non renseigné;EZETIMIBE/ATORVASTATINE ZENTIVA 10 mg/20 mg Cpr pell Plq/30;0.021;6.72;0.2;1;1
;3400930284643;;ZENTIVA  FRANCE-SAG / ALLOGA ANGERS;Non renseigné;EZETIMIBE/ATORVASTATINE ZENTIVA 10 mg/20 mg Cpr pell Plq/90;0.021;20.16;0.2;1;1
;3400930284667;;ZENTIVA  FRANCE-SAG / ALLOGA ANGERS;Non renseigné;EZETIMIBE/ATORVASTATINE ZENTIVA 10 mg/40 mg Cpr pell Plq/30;0.021;6.72;0.2;1;1
;3400930284674;;ZENTIVA  FRANCE-SAG / ALLOGA ANGERS;Non renseigné;EZETIMIBE/ATORVASTATINE ZENTIVA 10 mg/40 mg Cpr pell Plq/90;0.021;22.68;0.1;48;1
;3400930284704;;ZENTIVA  FRANCE-SAG / ALLOGA ANGERS;Non renseigné;EZETIMIBE/ATORVASTATINE ZENTIVA 10 mg/80 mg Cpr pell Plq/90;0.021;20.16;0.2;48;1
;3400930286791;;ZENTIVA  FRANCE-SAG / ALLOGA ANGERS;Non renseigné;NINTEDANIB ZENTIVA 100 mg Caps molle Plq préd/60;0.021;350.94;0.3;1;1
;3400930286814;;ZENTIVA  FRANCE-SAG / ALLOGA ANGERS;Non renseigné;NINTEDANIB ZENTIVA 150 mg Caps molle Plq préd/60;0.021;350.94;0.3;1;1
;3400930288146;;ZENTIVA  FRANCE-SAG / ALLOGA ANGERS;Non renseigné;TRAMADOL ZENTIVA LP 50 mg Cpr LP Plaq/30;0.021;3.34;0.025;1;1
;3400930288306;;ZENTIVA  FRANCE-SAG / ALLOGA ANGERS;Non renseigné;TRAMADOL ZENTIVA LP 100 mg Cpr LP Plaq/30;0.021;2.86;0.3;1;1
;3400930288436;;ZENTIVA  FRANCE-SAG / ALLOGA ANGERS;Non renseigné;TRAMADOL ZENTIVA LP 150 mg Cpr LP Plaq/30;0.021;4.03;0.3;1;1
;3400930288573;;ZENTIVA  FRANCE-SAG / ALLOGA ANGERS;Non renseigné;TRAMADOL ZENTIVA LP 200 mg Cpr LP Plaq/30;0.021;5.21;0.3;1;1
;3400930289372;;ZENTIVA  FRANCE-SAG / ALLOGA ANGERS;Non renseigné;DABIGATRAN ETEXILATE ZENTIVA KS 110 mg Gél 60Plq/1;0.021;10.21;0;1;1
;3400930289419;;ZENTIVA  FRANCE-SAG / ALLOGA ANGERS;Non renseigné;DABIGATRAN ETEXILATE ZENTIVA KS 150 mg Gél 60Plq/1;0.021;10.21;0;1;1
;3400930289570;;ZENTIVA  FRANCE-SAG / ALLOGA ANGERS;Non renseigné;MONTELUKAST ZENTIVA 4 mg Glé sach 28Sach;0.021;6.73;0.1;1;1
;3400930296028;;ZENTIVA  FRANCE-SAG / ALLOGA ANGERS;Non renseigné;SITAGLIPTINE ZENTIVA KS 50 mg Cpr pell Plq PVC/PVDC/Alu/30;0.021;4.89;0.3;1;1
;3400930296103;;ZENTIVA  FRANCE-SAG / ALLOGA ANGERS;Non renseigné;SITAGLIPTINE ZENTIVA KS 100 mg Cpr pell Plq PVC/PVDC/Alu/30;0.021;4.89;0.3;1;1
;3400930296189;;ZENTIVA  FRANCE-SAG / ALLOGA ANGERS;Non renseigné;AZEL/FLUT ZENT 137µg/50µg S n Fl/23g (120pul);0.021;7.37;0.025;1;1
;3400930297520;;ZENTIVA  FRANCE-SAG / ALLOGA ANGERS;Non renseigné;ASARED 100 mg Cpr gastro-rés Plq/30;0.021;1.36;0;1;1
;3400930297575;;ZENTIVA  FRANCE-SAG / ALLOGA ANGERS;Non renseigné;TRAMADOL/PARACETAMOL ZENTIVA 37,5 mg/325 mg Cpr pell Plq/20;0.021;0.8;0.3;60;1
;3400930299623;;ZENTIVA  FRANCE-SAG / ALLOGA ANGERS;Non renseigné;CAPECITABINE ZENTIVA KS 500 mg Cpr pell Plq/120;0.021;113.65;0.1;1;1
;3400930300916;;ZENTIVA  FRANCE-SAG / ALLOGA ANGERS;Non renseigné;SITAGLIPTINE/METFORMINE ZENTIVA K.S 50 mg/1000 mg Cpr pell Plq/60;0.021;6.63;0.05;1;1
;3400930303429;;ZENTIVA  FRANCE-SAG / ALLOGA ANGERS;Non renseigné;ASARED 100 mg Cpr gastro-rés Plq/90;0.021;3.84;0;1;1
;3400930303436;;ZENTIVA  FRANCE-SAG / ALLOGA ANGERS;Non renseigné;CLOPIDOGREL/ACIDE ACETYLSALICYLIQUE ZENTIVA 75 mg/75 mg Cpr pell Plq/30;0.021;4.38;0.1;1;1
;3400930305652;;ZENTIVA  FRANCE-SAG / ALLOGA ANGERS;Non renseigné;QUILOGA 5 mg/10 mg Cpr pell Plaq/30;0.021;12.96;0;1;1
;3400930308998;;ZENTIVA  FRANCE-SAG / ALLOGA ANGERS;Non renseigné;APREMILAST ZENT 10/20/30mg Cpr pell Plq/27;0.021;58.06;0.3;1;1
;3400930309001;;ZENTIVA  FRANCE-SAG / ALLOGA ANGERS;Non renseigné;APREMILAST ZENTIVA 30 mg Cpr pell Plq/56;0.021;103.22;0.4;1;1
;3400930309971;;ZENTIVA  FRANCE-SAG / ALLOGA ANGERS;Non renseigné;RELISTOR 12 mg/0,6 ml S inj 7Fl/0,6ml+7Ser+14Tamp;0.021;150.36;0;1;1
;3400930311875;;ZENTIVA  FRANCE-SAG / ALLOGA ANGERS;Non renseigné;BROMAZEPAM ZENTIVA 6 mg Cpr quadriséc Plq PP/30;0.021;1.35;0;160;1
;3400930311981;;ZENTIVA  FRANCE-SAG / ALLOGA ANGERS;Non renseigné;NILOTINIB ZENTIVA 150 mg Gél Plq/28;0.021;152.26;0.2;1;1
;3400930312001;;ZENTIVA  FRANCE-SAG / ALLOGA ANGERS;Non renseigné;NILOTINIB ZENTIVA 150 mg Gél Plq/112 (4x28);0.021;532.9;0.3;1;1
;3400930312032;;ZENTIVA  FRANCE-SAG / ALLOGA ANGERS;Non renseigné;NILOTINIB ZENTIVA 200 mg Gél Plq/28;0.021;203;0.2;1;1
;3400930312056;;ZENTIVA  FRANCE-SAG / ALLOGA ANGERS;Non renseigné;NILOTINIB ZENTIVA 200 mg Gél Plq/112 (4x28);0.021;812.02;0.2;1;1
;3400930313244;;ZENTIVA  FRANCE-SAG / ALLOGA ANGERS;Non renseigné;ASARED 75 mg Cpr gastro-rés Plq/30;0.021;1.36;0;1;1
;3400930313251;;ZENTIVA  FRANCE-SAG / ALLOGA ANGERS;Non renseigné;ASARED 75 mg Cpr gastro-rés Plq/90;0.021;3.84;0;1;1
;3400930313909;;ZENTIVA  FRANCE-SAG / ALLOGA ANGERS;Non renseigné;QUILOGA 5 mg/10 mg Cpr pell Plq/90;0.021;36.94;0;1;1
;3400930313923;;ZENTIVA  FRANCE-SAG / ALLOGA ANGERS;Non renseigné;QUILOGA 10 mg/10 mg Cpr pell Plq/90;0.021;38.2;0;1;1
;3400930313930;;ZENTIVA  FRANCE-SAG / ALLOGA ANGERS;Non renseigné;QUILOGA 20 mg/10 mg Cpr pell Plq/90;0.021;38.2;0;1;1
;3400930317860;;ZENTIVA  FRANCE-SAG / ALLOGA ANGERS;Non renseigné;ENOXAPAR ZENT 2000UI(20mg)/0,2ml Si 2S/0,2ml;0.021;3.76;0;1;1
;3400930317877;;ZENTIVA  FRANCE-SAG / ALLOGA ANGERS;Non renseigné;ENOXAPAR ZENT 2000UI(20mg)/0,2ml Si 6S/0,2ml;0.021;11.21;0;1;1
;3400930317914;;ZENTIVA  FRANCE-SAG / ALLOGA ANGERS;Non renseigné;ENOXAPAR ZENT 4000UI(40mg)/0,4ml S i 2S/0,4ml;0.021;7.48;0;108;1
;3400930317921;;ZENTIVA  FRANCE-SAG / ALLOGA ANGERS;Non renseigné;ENOXAPAR ZENT 4000UI(40mg)/0,4ml S i 6S/0,4ml;0.021;22.43;0;48;1
;3400930317983;;ZENTIVA  FRANCE-SAG / ALLOGA ANGERS;Non renseigné;ENOXAPAR ZENT 6000UI (60 mg)/0,6ml S 2S/0,6ml;0.021;8.62;0;1;1
;3400930318003;;ZENTIVA  FRANCE-SAG / ALLOGA ANGERS;Non renseigné;ENOXAPAR ZENT 6000UI (60 mg)/0,6ml S10S/0,6ml;0.021;43.1;0;1;1
;3400930318072;;ZENTIVA  FRANCE-SAG / ALLOGA ANGERS;Non renseigné;ENOXAPAR ZENT 8000UI (80mg)/0,8ml S 2S/0,8ml;0.021;9.66;0;1;1
;3400930318096;;ZENTIVA  FRANCE-SAG / ALLOGA ANGERS;Non renseigné;ENOXAPAR ZENT 8000UI (80mg)/0,8ml S 10S/0,8ml;0.021;48.25;0;1;1
;3400930318188;;ZENTIVA  FRANCE-SAG / ALLOGA ANGERS;Non renseigné;ENOXAPAR ZENT 10000UI(100mg)/1ml Si s 10S/1ml;0.021;60.03;0;1;1
;3400930318430;;ZENTIVA  FRANCE-SAG / ALLOGA ANGERS;Non renseigné;BECLOMET/FOR ZENT 100/6µg/dose S inh fl F/120;0.021;15.77;0.025;1;1
;3400930318508;;ZENTIVA  FRANCE-SAG / ALLOGA ANGERS;Non renseigné;BECLOMET/FOR ZENT 200/6µg/d S inh fl Fl/120 d;0.021;17.57;0;1;1
2167307;3400921673074;;ZENTIVA  FRANCE-SAG / ALLOGA ANGERS;Non renseigné;ALLOPURINOL ZENTIVA 100 mg Cpr Plq/28;0.021;0.74;0.025;160;1
2167589;3400921675894;;ZENTIVA  FRANCE-SAG / ALLOGA ANGERS;Non renseigné;ALLOPURINOL ZENTIVA 200 mg Cpr Plq/28;0.021;1.17;0.025;160;1
2167626;3400921676266;;ZENTIVA  FRANCE-SAG / ALLOGA ANGERS;Non renseigné;ALLOPURINOL ZENTIVA 300 mg Cpr Plq/28;0.021;1.49;0.025;0;1
2168695;3400921686951;;ZENTIVA  FRANCE-SAG / ALLOGA ANGERS;Non renseigné;ATENOLOL ZENTIVA 50 mg Cpr séc Plq/30;0.021;1.04;0.4;0;1
2168726;3400921687262;;ZENTIVA  FRANCE-SAG / ALLOGA ANGERS;Non renseigné;ATENOLOL ZENTIVA 50 mg Cpr séc Plq/90;0.021;2.97;0.4;0;1
2169499;3400921694994;;ZENTIVA  FRANCE-SAG / ALLOGA ANGERS;Non renseigné;ATENOLOL ZENTIVA 100 mg Cpr séc Plq/30;0.021;1.82;0.4;0;1
2169513;3400921695137;;ZENTIVA  FRANCE-SAG / ALLOGA ANGERS;Non renseigné;ATENOLOL ZENTIVA 100 mg Cpr séc Plq/90;0.021;5.17;0.4;1;1
2174885;3400921748857;;ZENTIVA  FRANCE-SAG / ALLOGA ANGERS;Non renseigné;DESLORATADINE ZENTIVA 5 mg Cpr pell Plq/15;0.021;0.78;0.4;0;1
2174922;3400921749229;;ZENTIVA  FRANCE-SAG / ALLOGA ANGERS;Non renseigné;DESLORATADINE ZENTIVA 5 mg Cpr pell Plq/30;0.021;1.56;0.4;240;1
2176269;3400921762693;;ZENTIVA  FRANCE-SAG / ALLOGA ANGERS;Non renseigné;DESLORATADINE ZENTIVA 0,5 mg/ml S buv Fl/150ml+ser;0.021;1.41;0.1;30;1
2179210;3400921792102;;ZENTIVA  FRANCE-SAG / ALLOGA ANGERS;Non renseigné;EXEMESTANE ZENTIVA 25 mg Cpr pell Plq/30;0.021;19.48;0.4;0;1
2180963;3400921809633;;ZENTIVA  FRANCE-SAG / ALLOGA ANGERS;Non renseigné;DORZOLAMIDE/TIMOLOL ZENTIVA 20 mg/ml + 5 mg/ml Collyre sol Fl/5ml;0.021;4.23;0.1;0;1
2181514;3400921815146;;ZENTIVA  FRANCE-SAG / ALLOGA ANGERS;Non renseigné;NARATRIPTAN ZENTIVA 2,5 mg Cpr pell Plq alu/12;0.021;7.85;0.3;0;1
2183832;3400921838329;;ZENTIVA  FRANCE-SAG / ALLOGA ANGERS;Non renseigné;RABEPRAZOLE ZENTIVA 20 mg Cpr gastro-rés Plq/28;0.021;1.97;0.3;100;1
2209000;3400922090009;;ZENTIVA  FRANCE-SAG / ALLOGA ANGERS;Non renseigné;CANDESARTAN/HYDROCHLOROTHIAZIDE ZENTIVA 8 mg/12,5 mg Cpr Plq/30;0.021;1.8;0.4;0;1
2209046;3400922090467;;ZENTIVA  FRANCE-SAG / ALLOGA ANGERS;Non renseigné;CANDESARTAN/HYDROCHLOROTHIAZIDE ZENTIVA 8 mg/12,5 mg Cpr Plq/90;0.021;7.2;0.2;0;1
2209081;3400922090818;;ZENTIVA  FRANCE-SAG / ALLOGA ANGERS;Non renseigné;CANDESARTAN/HYDROCHLOROTHIAZIDE ZENTIVA 16 mg/12,5 mg Cpr Plq/30;0.021;1.8;0.4;0;1
2209112;3400922091129;;ZENTIVA  FRANCE-SAG / ALLOGA ANGERS;Non renseigné;CANDESARTAN/HYDROCHLOROTHIAZIDE ZENTIVA 16 mg/12,5 mg Cpr Plq/90;0.021;7.2;0.2;0;1
2216129;3400922161297;;ZENTIVA  FRANCE-SAG / ALLOGA ANGERS;Non renseigné;IRBESARTAN ZENTIVA 75 mg Cpr pell Plq/30;0.021;2.7;0.1;0;1
2216135;3400922161358;;ZENTIVA  FRANCE-SAG / ALLOGA ANGERS;Non renseigné;IRBESARTAN ZENTIVA 75 mg Cpr pell Plq/90;0.021;8.1;0.1;0;1
2216141;3400922161419;;ZENTIVA  FRANCE-SAG / ALLOGA ANGERS;Non renseigné;IRBESARTAN ZENTIVA 150 mg Cpr pell Plq/30;0.021;2.7;0.1;1;1
2216158;3400922161587;;ZENTIVA  FRANCE-SAG / ALLOGA ANGERS;Non renseigné;IRBESARTAN ZENTIVA 150 mg Cpr pell Plq/90;0.021;8.1;0.1;0;1
2216164;3400922161648;;ZENTIVA  FRANCE-SAG / ALLOGA ANGERS;Non renseigné;IRBESARTAN ZENTIVA 300 mg Cpr pell Plq/30;0.021;2.7;0.1;0;1
2216170;3400922161709;;ZENTIVA  FRANCE-SAG / ALLOGA ANGERS;Non renseigné;IRBESARTAN ZENTIVA 300 mg Cpr pell Plq/90;0.021;8.1;0.1;0;1
2219139;3400922191393;;ZENTIVA  FRANCE-SAG / ALLOGA ANGERS;Non renseigné;IRBESARTAN HYDROCHLOROTHIAZIDE ZENTIVA 150 mg/12,5 mg Cpr pell Plq/30;0.021;2.7;0.1;0;1
2219145;3400922191454;;ZENTIVA  FRANCE-SAG / ALLOGA ANGERS;Non renseigné;IRBESARTAN HYDROCHLOROTHIAZIDE ZENTIVA 150 mg/12,5 mg Cpr pell Plq/90;0.021;8.1;0.1;0;1
2219151;3400922191515;;ZENTIVA  FRANCE-SAG / ALLOGA ANGERS;Non renseigné;IRBESARTAN HYDROCHLOROTHIAZIDE ZENTIVA 300 mg/12,5 mg Cpr pell Plq/30;0.021;2.7;0.1;0;1
2219168;3400922191683;;ZENTIVA  FRANCE-SAG / ALLOGA ANGERS;Non renseigné;IRBESARTAN HYDROCHLOROTHIAZIDE ZENTIVA 300 mg/12,5 mg Cpr pell Plq/90;0.021;8.1;0.1;0;1
2219174;3400922191744;;ZENTIVA  FRANCE-SAG / ALLOGA ANGERS;Non renseigné;IRBESARTAN HYDROCHLOROTHIAZIDE ZENTIVA 300 mg/25 mg Cpr pell Plq/30;0.021;2.7;0.1;0;1
2219180;3400922191805;;ZENTIVA  FRANCE-SAG / ALLOGA ANGERS;Non renseigné;IRBESARTAN HYDROCHLOROTHIAZIDE ZENTIVA 300 mg/25 mg Cpr pell Plq/90;0.021;8.1;0.1;0;1
2226234;3400922262345;;ZENTIVA  FRANCE-SAG / ALLOGA ANGERS;Non renseigné;BISOPROLOL ZENTIVA LAB 5 mg Cpr Plq/30;0.021;1.13;0.3;0;1
2226240;3400922262406;;ZENTIVA  FRANCE-SAG / ALLOGA ANGERS;Non renseigné;BISOPROLOL ZENTIVA LAB 5 mg Cpr Plq/90;0.021;3.22;0.3;1;1
2226263;3400922262635;;ZENTIVA  FRANCE-SAG / ALLOGA ANGERS;Non renseigné;BISOPROLOL ZENTIVA LAB 10 mg Cpr Plq/30;0.021;1.93;0.4;0;1
2226286;3400922262864;;ZENTIVA  FRANCE-SAG / ALLOGA ANGERS;Non renseigné;BISOPROLOL ZENTIVA LAB 10 mg Cpr Plq/90;0.021;5.51;0.4;0;1
2244640;3400922446400;;ZENTIVA  FRANCE-SAG / ALLOGA ANGERS;Non renseigné;RAMIPRIL/HYDROCHLOROTHIAZIDE ZENTIVA 5 mg/12,5 mg Cpr Plq/30;0.021;1.8;0.4;0;1
2694366;3400926943660;;ZENTIVA  FRANCE-SAG / ALLOGA ANGERS;Non renseigné;DILTIAZEM ZENTIVA LAB LP 200 mg Gél LP Plq/28;0.021;3.78;0.1;0;1
2694395;3400926943950;;ZENTIVA  FRANCE-SAG / ALLOGA ANGERS;Non renseigné;DILTIAZEM ZENTIVA LAB LP 200 mg Gél LP Plq/84;0.021;11.34;0.1;0;1
2694426;3400926944261;;ZENTIVA  FRANCE-SAG / ALLOGA ANGERS;Non renseigné;DILTIAZEM ZENTIVA LAB LP 300 mg Gél LP Plq/28;0.021;4.1;0.025;0;1
2694455;3400926944551;;ZENTIVA  FRANCE-SAG / ALLOGA ANGERS;Non renseigné;DILTIAZEM ZENTIVA LAB LP 300 mg Gél LP Plq/84;0.021;12.29;0.025;0;1
2695897;3400926958978;;ZENTIVA  FRANCE-SAG / ALLOGA ANGERS;Non renseigné;TELMISARTAN ZENTIVA 40 mg Cpr Plq/30;0.021;2.1;0.3;0;1
2695934;3400926959340;;ZENTIVA  FRANCE-SAG / ALLOGA ANGERS;Non renseigné;TELMISARTAN ZENTIVA 40 mg Cpr Plq/90;0.021;6.3;0.3;0;1
2699292;3400926992927;;ZENTIVA  FRANCE-SAG / ALLOGA ANGERS;Non renseigné;TELMISARTAN ZENTIVA 80 mg Cpr Plq/30;0.021;1.8;0.4;0;1
2699346;3400926993467;;ZENTIVA  FRANCE-SAG / ALLOGA ANGERS;Non renseigné;TELMISARTAN ZENTIVA 80 mg Cpr Plq/90;0.021;6.3;0.3;0;1
2751756;3400927517563;;ZENTIVA  FRANCE-SAG / ALLOGA ANGERS;Non renseigné;PRAVASTATINE ZENTIVA 20 mg Cpr séc Plq OPA/28;0.021;1.78;0.3;1;1
2751762;3400927517624;;ZENTIVA  FRANCE-SAG / ALLOGA ANGERS;Non renseigné;PRAVASTATINE ZENTIVA 20 mg Cpr séc Plq OPA/84;0.021;4.6;0.4;1;1
2751816;3400927518164;;ZENTIVA  FRANCE-SAG / ALLOGA ANGERS;Non renseigné;PRAVASTATINE ZENTIVA 40 mg Cpr Plq OPA/84;0.021;6.13;0.2;1;1
2755949;3400927559495;;ZENTIVA  FRANCE-SAG / ALLOGA ANGERS;Non renseigné;TELMISARTAN/HYDROCHLOROTHIAZIDE ZENTIVA 40 mg/12,5 mg Cpr Plq/30;0.021;1.8;0.4;0;1
2755955;3400927559556;;ZENTIVA  FRANCE-SAG / ALLOGA ANGERS;Non renseigné;TELMISARTAN/HYDROCHLOROTHIAZIDE ZENTIVA 40 mg/12,5 mg Cpr Plq/90;0.021;5.4;0.4;0;1
2755961;3400927559617;;ZENTIVA  FRANCE-SAG / ALLOGA ANGERS;Non renseigné;TELMISARTAN/HYDROCHLOROTHIAZIDE ZENTIVA 80 mg/12,5 mg Cpr Plq/30;0.021;1.8;0.4;1;1
2755978;3400927559785;;ZENTIVA  FRANCE-SAG / ALLOGA ANGERS;Non renseigné;TELMISARTAN/HYDROCHLOROTHIAZIDE ZENTIVA 80 mg/12,5 mg Cpr Plq/90;0.021;6.3;0.3;1;1
2755984;3400927559846;;ZENTIVA  FRANCE-SAG / ALLOGA ANGERS;Non renseigné;TELMISARTAN/HYDROCHLOROTHIAZIDE ZENTIVA 80 mg/25 mg Cpr Plq/30;0.021;1.8;0.4;0;1
2755990;3400927559907;;ZENTIVA  FRANCE-SAG / ALLOGA ANGERS;Non renseigné;TELMISARTAN/HYDROCHLOROTHIAZIDE ZENTIVA 80 mg/25 mg Cpr Plq/90;0.021;6.3;0.3;0;1
2758764;3400927587641;;ZENTIVA  FRANCE-SAG / ALLOGA ANGERS;Non renseigné;FLECAINIDE ZENTIVA LP 50 mg Gél LP Plq/30;0.021;6.92;0.05;0;1
2758770;3400927587702;;ZENTIVA  FRANCE-SAG / ALLOGA ANGERS;Non renseigné;FLECAINIDE ZENTIVA LP 100 mg Gél LP Plq/30;0.021;6.92;0.05;126;1
2758787;3400927587870;;ZENTIVA  FRANCE-SAG / ALLOGA ANGERS;Non renseigné;FLECAINIDE ZENTIVA LP 150 mg Gél LP Plq/30;0.021;6.92;0.05;0;1
2758793;3400927587931;;ZENTIVA  FRANCE-SAG / ALLOGA ANGERS;Non renseigné;FLECAINIDE ZENTIVA LP 200 mg Gél LP Plq/30;0.021;6.92;0.05;0;1
2760577;3400927605772;;ZENTIVA  FRANCE-SAG / ALLOGA ANGERS;Non renseigné;CELECOXIB ZENTIVA 100 mg Gél Plq/30;0.021;1.89;0.1;1;1
2760956;3400927609565;;ZENTIVA  FRANCE-SAG / ALLOGA ANGERS;Non renseigné;CELECOXIB ZENTIVA 200 mg Gél Plq/30;0.021;3.36;0.2;1;1
2766551;3400927665516;;ZENTIVA  FRANCE-SAG / ALLOGA ANGERS;Non renseigné;LIDOCAINE/PRILOCAINE ZENTIVA 5 % Pans adhésif cutané B;0.021;1.18;0.025;100;1
2781289;3400927812897;;ZENTIVA  FRANCE-SAG / ALLOGA ANGERS;Non renseigné;EBASTINE ZENTIVA 10 mg Cpr pell Plq/30;0.021;3.01;0.1;0;1
2785146;3400927851469;;ZENTIVA  FRANCE-SAG / ALLOGA ANGERS;Non renseigné;ESCITALOPRAM ZENTIVA 5 mg Cpr pell Plq/28;0.021;2.61;0.1;1;1
2785181;3400927851810;;ZENTIVA  FRANCE-SAG / ALLOGA ANGERS;Non renseigné;ESCITALOPRAM ZENTIVA 10 mg Cpr pell Plq/28;0.021;2.83;0.1;1;1
2785229;3400927852299;;ZENTIVA  FRANCE-SAG / ALLOGA ANGERS;Non renseigné;ESCITALOPRAM ZENTIVA 15 mg Cpr pell Plq/28;0.021;2.51;0.2;1;1
2789523;3400927895234;;ZENTIVA  FRANCE-SAG / ALLOGA ANGERS;Non renseigné;HYDROXYZINE ZENTIVA 25 mg Cpr pell séc Plq/30;0.021;1.08;0.1;1;1
2792637;3400927926372;;ZENTIVA  FRANCE-SAG / ALLOGA ANGERS;Non renseigné;ESCITALOPRAM ZENTIVA 20 mg Cpr pell séc Plq/28;0.021;2.51;0.2;1;1
2792749;3400927927492;;ZENTIVA  FRANCE-SAG / ALLOGA ANGERS;Non renseigné;ALG SOD/BIC ZENT 500mg/267mg buv 24Sach/10ml;0.021;2.52;0;1;1
2792838;3400927928383;;ZENTIVA  FRANCE-SAG / ALLOGA ANGERS;Non renseigné;AMOXICILLINE ZENTIVA LAB 500 mg/5 ml Pdr susp buv 12Fl;0.021;1.32;0.05;70;1
2792850;3400927928505;;ZENTIVA  FRANCE-SAG / ALLOGA ANGERS;Non renseigné;AMOXICILLINE ZENTIVA LAB 250 mg/5 ml Pdr susp buv Fl;0.021;1;0.05;70;1
2792873;3400927928734;;ZENTIVA  FRANCE-SAG / ALLOGA ANGERS;Non renseigné;AMOXICILLINE ZENTIVA LAB 125 mg/5 ml Pdr susp buv Fl;0.021;0.74;0.025;1;1
2792896;3400927928963;;ZENTIVA  FRANCE-SAG / ALLOGA ANGERS;Non renseigné;AMOXICILLINE ZENTIVA LAB 1 g Cpr disp Plq/6;0.021;1.43;0.05;240;1
2792904;3400927929045;;ZENTIVA  FRANCE-SAG / ALLOGA ANGERS;Non renseigné;AMOXICILLINE ZENTIVA LAB 1 g Cpr disp Plq/14;0.021;3.24;0.05;1;1
2792933;3400927929335;;ZENTIVA  FRANCE-SAG / ALLOGA ANGERS;Non renseigné;AMOXICILLINE ZENTIVA LAB 500 mg Gél Plq/12;0.021;1.04;0.05;1;1
2803039;3400928030399;;ZENTIVA  FRANCE-SAG / ALLOGA ANGERS;Non renseigné;FORMOTEROL ZENTIVA 12 µg Pdr p inh (gélule) Plq/30+inhalateur;0.021;4.29;0.1;1;1
2803045;3400928030450;;ZENTIVA  FRANCE-SAG / ALLOGA ANGERS;Non renseigné;FORMOTEROL ZENTIVA 12 µg Pdr p inh (gélule) Plq/60+inhalateur;0.021;9.06;0.05;1;1
3000220;3400930002209;;ZENTIVA  FRANCE-SAG / ALLOGA ANGERS;Non renseigné;FUROSEMIDE ZENTIVA 500 mg Cpr séc Plq/30;0.021;9.9;0.025;160;1
3014630;3400930146309;;ZENTIVA  FRANCE-SAG / ALLOGA ANGERS;Non renseigné;LOSARTAN/HYDROCHLOROTHIAZIDE ZENTIVA LAB 100 mg/12,5 mg Cpr pell Plq/28;0.021;2.66;0.05;1;1
3015670;3400930156704;;ZENTIVA  FRANCE-SAG / ALLOGA ANGERS;Non renseigné;NEBIVOLOL/HYDROCHLOROTHIAZIDE ZENTIVA 5 mg/25 mg Cpr pell Plq/30;0.021;3.11;0.1;1;1
3017580;3400930175804;;ZENTIVA  FRANCE-SAG / ALLOGA ANGERS;Non renseigné;PR FLUT/SAL ZENT 125µg/25µg/dose Susp Fl/120d;0.021;14.66;0.025;1;1
3018160;3400930181607;;ZENTIVA  FRANCE-SAG / ALLOGA ANGERS;Non renseigné;OMEPRAZOLE ZENTIVA LAB 20 mg Gél gastro-rés FlPEHD/14;0.021;0.65;0.4;192;1
3027710;3400930277102;;ZENTIVA  FRANCE-SAG / ALLOGA ANGERS;Non renseigné;DESMOPRESSINE ZENTIVA 240 µg Cpr subl Plq/30;0.021;22.21;0.1;1;1
3058193;3400930581933;;ZENTIVA  FRANCE-SAG / ALLOGA ANGERS;Non renseigné;ACARBOSE ZENTIVA 100 mg Cpr séc Plq/90;0.021;10.68;0.1;0;1
3058371;3400930583715;;ZENTIVA  FRANCE-SAG / ALLOGA ANGERS;Non renseigné;ACARBOSE ZENTIVA 50 mg Cpr Plq/90;0.021;7.85;0.1;0;1
3312208;3400933122089;;ZENTIVA  FRANCE-SAG / ALLOGA ANGERS;Non renseigné;CEFUROXIME ZENTIVA 250 mg Cpr pell Plq/8;0.021;3.08;0.1;120;1
3329522;3400933295226;;ZENTIVA  FRANCE-SAG / ALLOGA ANGERS;Non renseigné;AMOX/AC CLAV ZENT LAB 100/12,5mg Pd N Fl/30ml;0.021;1.89;0.05;0;1
3356677;3400933566777;;ZENTIVA  FRANCE-SAG / ALLOGA ANGERS;Non renseigné;LOPERAMIDE ZENTIVA 2 mg Gél Plq/20;0.021;1.28;0.1;100;1
3379922;3400933799229;;ZENTIVA  FRANCE-SAG / ALLOGA ANGERS;Non renseigné;FENTANYL ZENTIVA 12 µg/h Disp transderm 5Sach;0.021;8.46;0.05;0;1
3454569;3400934545696;;ZENTIVA  FRANCE-SAG / ALLOGA ANGERS;Non renseigné;FEXOFENADINE ZENTIVA 120 mg Cpr pell Plq PVC/PVPC/Alu/15;0.021;1.7;0.1;1;1
3454606;3400934546068;;ZENTIVA  FRANCE-SAG / ALLOGA ANGERS;Non renseigné;FEXOFENADINE ZENTIVA 180 mg Cpr pell Plq/15;0.021;1.7;0.1;1;1
3464102;3400934641022;;ZENTIVA  FRANCE-SAG / ALLOGA ANGERS;Non renseigné;PREDNISONE ZENTIVA 20 mg Cpr séc Plq/20;0.021;1.77;0.05;160;1
3464119;3400934641190;;ZENTIVA  FRANCE-SAG / ALLOGA ANGERS;Non renseigné;PREDNISONE ZENTIVA 5 mg Cpr séc Plq/30;0.021;1.34;0.05;240;1
3464125;3400934641251;;ZENTIVA  FRANCE-SAG / ALLOGA ANGERS;Non renseigné;PREDNISONE ZENTIVA 1 mg Cpr Plq/30;0.021;0.76;0.05;240;1
3471898;3400934718984;;ZENTIVA  FRANCE-SAG / ALLOGA ANGERS;Non renseigné;KETOPROFENE ZENTIVA LP 100 mg Cpr séc LP Plq/20;0.021;1.55;0.3;180;1
3511103;3400935111036;;ZENTIVA  FRANCE-SAG / ALLOGA ANGERS;Non renseigné;ALFUZOSINE ZENTIVA LP 10 mg Cpr LP Plq/30;0.021;6.6;0.1;100;1
3533754;3400935337542;;ZENTIVA  FRANCE-SAG / ALLOGA ANGERS;Non renseigné;AMOX/AC CLAV ZENT LAB 500mg/62,5mg Cp Plq/16;0.021;3.75;0.05;108;1
3533777;3400935337771;;ZENTIVA  FRANCE-SAG / ALLOGA ANGERS;Non renseigné;AMOX/AC CLAV ZENT LAB 500/62,5mg Cp Ad Plq/24;0.021;4.71;0.05;108;1
3533872;3400935338723;;ZENTIVA  FRANCE-SAG / ALLOGA ANGERS;Non renseigné;AMOX/AC CLAV ZENT LAB 1g/125mg Pdr Ad 8Sach;0.021;3.75;0.05;0;1
3533895;3400935338952;;ZENTIVA  FRANCE-SAG / ALLOGA ANGERS;Non renseigné;AMOX/AC CLAV ZENT LAB 1g/125mg Pdr Ad 12Sach;0.021;4.71;0.05;100;1
3535575;3400935355751;;ZENTIVA  FRANCE-SAG / ALLOGA ANGERS;Non renseigné;AMOX/AC CLAV ZENT 100/12,5mgml Pd Enf Fl/60ml;0.021;3.48;0.05;50;1
3554727;3400935547279;;ZENTIVA  FRANCE-SAG / ALLOGA ANGERS;Non renseigné;SPIRAMYCINE/METRONIDAZOLE ZENTIVA 1,5 MUI/250 mg Cpr pell Plq/10;0.021;2.96;0.3;0;1
3612531;3400936125315;;ZENTIVA  FRANCE-SAG / ALLOGA ANGERS;Non renseigné;BISOPROLOL ZENTIVA 10 mg Cpr pell séc Plq/30;0.021;1.93;0.4;0;1
3627188;3400936271883;;ZENTIVA  FRANCE-SAG / ALLOGA ANGERS;Non renseigné;FLUCONAZOLE ZENTIVA 200 mg Gél Plq/7;0.021;14.27;0.4;0;1
3628087;3400936280878;;ZENTIVA  FRANCE-SAG / ALLOGA ANGERS;Non renseigné;FLUCONAZOLE ZENTIVA 200 mg Gél Plq/30;0.021;67.35;0.3;0;1
3628130;3400936281301;;ZENTIVA  FRANCE-SAG / ALLOGA ANGERS;Non renseigné;FLUCONAZOLE ZENTIVA 100 mg Gél Plq/7;0.021;8.78;0.3;0;1
3628176;3400936281769;;ZENTIVA  FRANCE-SAG / ALLOGA ANGERS;Non renseigné;FLUCONAZOLE ZENTIVA 50 mg Gél Plq/7;0.021;7.77;0.05;0;1
3632953;3400936329539;;ZENTIVA  FRANCE-SAG / ALLOGA ANGERS;Non renseigné;RAMIPRIL ZENTIVA 10 mg Cpr séc Plq/30;0.021;2.37;0.1;0;1
3645306;3400936453067;;ZENTIVA  FRANCE-SAG / ALLOGA ANGERS;Non renseigné;LORATADINE ZENTIVA 10 mg Cpr Plq/15;0.021;1.64;0.1;132;1
3670391;3400936703919;;ZENTIVA  FRANCE-SAG / ALLOGA ANGERS;Non renseigné;RAMIPRIL ZENTIVA 1,25 mg Cpr Plq/30;0.021;1.37;0.4;0;1
3670445;3400936704459;;ZENTIVA  FRANCE-SAG / ALLOGA ANGERS;Non renseigné;RAMIPRIL ZENTIVA 2,5 mg Cpr séc Plq/30;0.021;1.84;0.3;0;1
3670480;3400936704800;;ZENTIVA  FRANCE-SAG / ALLOGA ANGERS;Non renseigné;RAMIPRIL ZENTIVA 5 mg Cpr séc Plq/30;0.021;2.1;0.2;0;1
3671611;3400936716117;;ZENTIVA  FRANCE-SAG / ALLOGA ANGERS;Non renseigné;OFLOXACINE ZENTIVA 200 mg Cpr pell séc Plq/10;0.021;5.45;0.1;0;1
3673604;3400936736047;;ZENTIVA  FRANCE-SAG / ALLOGA ANGERS;Non renseigné;AMIODARONE ZENTIVA 200 mg Cpr séc Plq/30;0.021;3.74;0.4;216;1
3673691;3400936736917;;ZENTIVA  FRANCE-SAG / ALLOGA ANGERS;Non renseigné;FUROSEMIDE ZENTIVA 20 mg Cpr séc Plq/30;0.021;0.67;0.2;352;1
3673716;3400936737167;;ZENTIVA  FRANCE-SAG / ALLOGA ANGERS;Non renseigné;FUROSEMIDE ZENTIVA 40 mg Cpr séc Plq/30;0.021;1.09;0.2;324;1
3673722;3400936737228;;ZENTIVA  FRANCE-SAG / ALLOGA ANGERS;Non renseigné;METFORMINE ZENTIVA 850 mg Cpr pell Plq/30;0.021;0.88;0.4;120;1
3673805;3400936738058;;ZENTIVA  FRANCE-SAG / ALLOGA ANGERS;Non renseigné;SPIRONOLACTONE ZENTIVA 50 mg Cpr séc Plq/30;0.021;2.24;0.1;0;1
3674319;3400936743199;;ZENTIVA  FRANCE-SAG / ALLOGA ANGERS;Non renseigné;BACLOFENE ZENTIVA 10 mg Cpr séc Plq/30;0.021;1.72;0.025;100;1
3674325;3400936743250;;ZENTIVA  FRANCE-SAG / ALLOGA ANGERS;Non renseigné;CITALOPRAM ZENTIVA 20 mg Cpr pell séc Plq/28;0.021;3.37;0.1;0;1
3674414;3400936744141;;ZENTIVA  FRANCE-SAG / ALLOGA ANGERS;Non renseigné;CEFTRIAXONE ZENTIVA 1 g/10 ml Pdre/solv p sol inj IV Fl+Amp;0.021;4.69;0.1;0;1
3674437;3400936744370;;ZENTIVA  FRANCE-SAG / ALLOGA ANGERS;Non renseigné;CEFTRIAXONE ZENTIVA 1 g/3,5 ml Pdre/solv p sol inj IM Fl+Amp;0.021;3.49;0.3;0;1
3674466;3400936744660;;ZENTIVA  FRANCE-SAG / ALLOGA ANGERS;Non renseigné;CETIRIZINE ZENTIVA 10 mg Cpr pell séc Plq/15;0.021;0.94;0.4;300;1
3674495;3400936744950;;ZENTIVA  FRANCE-SAG / ALLOGA ANGERS;Non renseigné;CIPROFLOXACINE ZENTIVA 500 mg Cpr pell séc Plq/12;0.021;4.54;0.4;0;1
3674526;3400936745261;;ZENTIVA  FRANCE-SAG / ALLOGA ANGERS;Non renseigné;ENALAPRIL ZENTIVA 5 mg Cpr séc Plq/28;0.021;1.85;0.1;0;1
3674532;3400936745322;;ZENTIVA  FRANCE-SAG / ALLOGA ANGERS;Non renseigné;ENALAPRIL ZENTIVA 20 mg Cpr séc Plq/28;0.021;2.52;0.1;0;1
3674555;3400936745551;;ZENTIVA  FRANCE-SAG / ALLOGA ANGERS;Non renseigné;FENOFIBRATE ZENTIVA 200 mg Gél Plq/30;0.021;2.53;0.4;0;1
3674561;3400936745612;;ZENTIVA  FRANCE-SAG / ALLOGA ANGERS;Non renseigné;FLUOXETINE ZENTIVA 20 mg Gél Plq/14;0.021;0.88;0.4;132;1
3674609;3400936746091;;ZENTIVA  FRANCE-SAG / ALLOGA ANGERS;Non renseigné;LACTULOSE ZENTIVA 10 g S buv en sachet-dose 20Sach;0.021;2.05;0;30;1
3674791;3400936747913;;ZENTIVA  FRANCE-SAG / ALLOGA ANGERS;Non renseigné;PREDNISOLONE ZENTIVA 20 mg Cpr eff séc Fl/20;0.021;2.5;0.025;0;1
3674897;3400936748972;;ZENTIVA  FRANCE-SAG / ALLOGA ANGERS;Non renseigné;TRIMEBUTINE ZENTIVA 100 mg Cpr Plq/30;0.021;2.32;0.1;0;1
3674934;3400936749344;;ZENTIVA  FRANCE-SAG / ALLOGA ANGERS;Non renseigné;ZOLPIDEM ZENTIVA 10 mg Cpr pell séc Plq/14;0.021;0.78;0.3;300;1
3678553;3400936785533;;ZENTIVA  FRANCE-SAG / ALLOGA ANGERS;Non renseigné;SIMVASTATINE ZENTIVA 20 mg Cpr pell séc Plq/28;0.021;1.3;0.4;0;1
3678607;3400936786073;;ZENTIVA  FRANCE-SAG / ALLOGA ANGERS;Non renseigné;SIMVASTATINE ZENTIVA 10 mg Cpr pell séc Plq/28;0.021;1.05;0.4;0;1
3678636;3400936786363;;ZENTIVA  FRANCE-SAG / ALLOGA ANGERS;Non renseigné;SIMVASTATINE ZENTIVA 40 mg Cpr pell séc Plq/28;0.021;1.3;0.4;0;1
3689031;3400936890312;;ZENTIVA  FRANCE-SAG / ALLOGA ANGERS;Non renseigné;METFORMINE ZENTIVA 1000 mg Cpr pell Plq/30;0.021;0.88;0.4;120;1
3698165;3400936981652;;ZENTIVA  FRANCE-SAG / ALLOGA ANGERS;Non renseigné;SERTRALINE ZENTIVA 50 mg Gél Plq/28;0.021;3.08;0.1;0;1
3699578;3400936995789;;ZENTIVA  FRANCE-SAG / ALLOGA ANGERS;Non renseigné;LIDOCAINE/PRILOCAINE ZENTIVA 5 % Cr T/5g;0.021;2.38;0.025;60;1
3705161;3400937051613;;ZENTIVA  FRANCE-SAG / ALLOGA ANGERS;Non renseigné;TERBINAFINE ZENTIVA 250 mg Cpr séc Plq/28;0.021;12.58;0.1;0;1
3705273;3400937052733;;ZENTIVA  FRANCE-SAG / ALLOGA ANGERS;Non renseigné;GLIMEPIRIDE ZENTIVA 1 mg Cpr Plq/30;0.021;1.19;0.4;0;1
3706195;3400937061957;;ZENTIVA  FRANCE-SAG / ALLOGA ANGERS;Non renseigné;GLIMEPIRIDE ZENTIVA 1 mg Cpr Plq/90;0.021;3.4;0.4;0;1
3706232;3400937062329;;ZENTIVA  FRANCE-SAG / ALLOGA ANGERS;Non renseigné;GLIMEPIRIDE ZENTIVA 2 mg Cpr Plq/30;0.021;1.96;0.4;0;1
3706278;3400937062787;;ZENTIVA  FRANCE-SAG / ALLOGA ANGERS;Non renseigné;GLIMEPIRIDE ZENTIVA 3 mg Cpr Plq/30;0.021;2.34;0.4;0;1
3706309;3400937063098;;ZENTIVA  FRANCE-SAG / ALLOGA ANGERS;Non renseigné;GLIMEPIRIDE ZENTIVA 2 mg Cpr Plq/90;0.021;5.57;0.4;0;1
3706321;3400937063210;;ZENTIVA  FRANCE-SAG / ALLOGA ANGERS;Non renseigné;GLIMEPIRIDE ZENTIVA 4 mg Cpr Plq/30;0.021;2.34;0.4;0;1
3711871;3400937118712;;ZENTIVA  FRANCE-SAG / ALLOGA ANGERS;Non renseigné;GLIMEPIRIDE ZENTIVA 3 mg Cpr Plq/90;0.021;7.02;0.4;0;1
3711888;3400937118880;;ZENTIVA  FRANCE-SAG / ALLOGA ANGERS;Non renseigné;GLIMEPIRIDE ZENTIVA 4 mg Cpr Plq/90;0.021;7.02;0.4;0;1
3712362;3400937123624;;ZENTIVA  FRANCE-SAG / ALLOGA ANGERS;Non renseigné;RAMIPRIL ZENTIVA 2,5 mg Cpr séc Plq/90;0.021;5.34;0.3;0;1
3712385;3400937123853;;ZENTIVA  FRANCE-SAG / ALLOGA ANGERS;Non renseigné;RAMIPRIL ZENTIVA 10 mg Cpr séc Plq/90;0.021;5.52;0.3;0;1
3715432;3400937154321;;ZENTIVA  FRANCE-SAG / ALLOGA ANGERS;Non renseigné;SIMVASTATINE ZENTIVA 20 mg Cpr pell séc Plq/90;0.021;4.87;0.3;84;1
3718169;3400937181693;;ZENTIVA  FRANCE-SAG / ALLOGA ANGERS;Non renseigné;MELOXICAM ZENTIVA 7,5 mg Cpr Plq/14;0.021;1.6;0.1;0;1
3718264;3400937182645;;ZENTIVA  FRANCE-SAG / ALLOGA ANGERS;Non renseigné;MELOXICAM ZENTIVA 15 mg Cpr séc Plq/14;0.021;2.56;0.1;0;1
3719915;3400937199155;;ZENTIVA  FRANCE-SAG / ALLOGA ANGERS;Non renseigné;SIMVASTATINE ZENTIVA 40 mg Cpr pell séc Plq/90;0.021;4.18;0.4;0;1
3720491;3400937204910;;ZENTIVA  FRANCE-SAG / ALLOGA ANGERS;Non renseigné;BISOPROLOL ZENTIVA 10 mg Cpr pell séc Plq/90;0.021;5.51;0.4;0;1
3720522;3400937205221;;ZENTIVA  FRANCE-SAG / ALLOGA ANGERS;Non renseigné;LISINOPRIL ZENTIVA 20 mg Cpr séc Plq/30;0.021;1.8;0.4;0;1
3734599;3400937345996;;ZENTIVA  FRANCE-SAG / ALLOGA ANGERS;Non renseigné;FENOFIBRATE ZENTIVA 160 mg Cpr Plq/30;0.021;2.53;0.4;0;1
3734636;3400937346368;;ZENTIVA  FRANCE-SAG / ALLOGA ANGERS;Non renseigné;FENOFIBRATE ZENTIVA 160 mg Cpr Plq/90;0.021;11.39;0.1;1;1
3736090;3400937360906;;ZENTIVA  FRANCE-SAG / ALLOGA ANGERS;Non renseigné;LISINOPRIL ZENTIVA 20 mg Cpr séc Plq/90;0.021;5.4;0.4;0;1
3737735;3400937377355;;ZENTIVA  FRANCE-SAG / ALLOGA ANGERS;Non renseigné;METFORMINE ZENTIVA 1000 mg Cpr pell Plq/90;0.021;2.63;0.4;56;1
3749945;3400937499453;;ZENTIVA  FRANCE-SAG / ALLOGA ANGERS;Non renseigné;RILMENIDINE ZENTIVA 1 mg Cpr Plq/30;0.021;2.74;0.3;0;1
3749968;3400937499682;;ZENTIVA  FRANCE-SAG / ALLOGA ANGERS;Non renseigné;RILMENIDINE ZENTIVA 1 mg Cpr Plq/90;0.021;7.83;0.3;0;1
3756276;3400937562768;;ZENTIVA  FRANCE-SAG / ALLOGA ANGERS;Non renseigné;FINASTERIDE ZENTIVA 5 mg Cpr pell Plq/28;0.021;5.8;0.2;0;1
3763595;3400937635950;;ZENTIVA  FRANCE-SAG / ALLOGA ANGERS;Non renseigné;ONDANSETRON ZENTIVA 8 mg Cpr pell Plq/4;0.021;7.16;0.1;1;1
3769451;3400937694513;;ZENTIVA  FRANCE-SAG / ALLOGA ANGERS;Non renseigné;AMLODIPINE ZENTIVA 10 mg Gél Plaq/30;0.021;1.45;0.4;1;1
3769468;3400937694681;;ZENTIVA  FRANCE-SAG / ALLOGA ANGERS;Non renseigné;AMLODIPINE ZENTIVA 5 mg Gél Plaq/30;0.021;1.45;0.4;0;1
3771235;3400937712354;;ZENTIVA  FRANCE-SAG / ALLOGA ANGERS;Non renseigné;AMLODIPINE ZENTIVA 10 mg Gél Plq/90;0.021;4.13;0.4;0;1
3771264;3400937712644;;ZENTIVA  FRANCE-SAG / ALLOGA ANGERS;Non renseigné;AMLODIPINE ZENTIVA 5 mg Gél Plq/90;0.021;4.13;0.4;75;1
3772648;3400937726481;;ZENTIVA  FRANCE-SAG / ALLOGA ANGERS;Non renseigné;MIRTAZAPINE ZENTIVA 15 mg Cpr pell Plq/30;0.021;2.18;0.05;180;1
3779248;3400937792486;;ZENTIVA  FRANCE-SAG / ALLOGA ANGERS;Non renseigné;GABAPENTINE ZENTIVA 600 mg Cpr pell Plq/90;0.021;18.43;0.2;0;1
3780369;3400937803694;;ZENTIVA  FRANCE-SAG / ALLOGA ANGERS;Non renseigné;NICORANDIL ZENTIVA 20 mg Cpr Film/30;0.021;4.96;0.05;0;1
3781311;3400937813112;;ZENTIVA  FRANCE-SAG / ALLOGA ANGERS;Non renseigné;ROXITHROMYCINE ZENTIVA 150 mg Cpr pell Plq/10;0.021;3.13;0.3;0;1
3781328;3400937813280;;ZENTIVA  FRANCE-SAG / ALLOGA ANGERS;Non renseigné;ROXITHROMYCINE ZENTIVA 150 mg Cpr pell Plq/16;0.021;5;0.3;0;1
3781452;3400937814522;;ZENTIVA  FRANCE-SAG / ALLOGA ANGERS;Non renseigné;FLUCONAZOLE ZENTIVA 10 mg/ml Pdr susp buv Fl/35ml;0.021;9.21;0.1;0;1
3781481;3400937814812;;ZENTIVA  FRANCE-SAG / ALLOGA ANGERS;Non renseigné;ACICLOVIR ZENTIVA 200 mg Cpr Plq/25;0.021;4.85;0.3;0;1
3784120;3400937841207;;ZENTIVA  FRANCE-SAG / ALLOGA ANGERS;Non renseigné;METFORMINE ZENTIVA 850 mg Cpr pell Plq/90;0.021;2.63;0.4;56;1
3787466;3400937874663;;ZENTIVA  FRANCE-SAG / ALLOGA ANGERS;Non renseigné;LISINOPRIL/HYDROCHLOROTHIAZIDE ZENTIVA 20 mg/12,5 mg Cpr séc Plq/30;0.021;2.85;0.05;1;1
3787503;3400937875035;;ZENTIVA  FRANCE-SAG / ALLOGA ANGERS;Non renseigné;SPIRONOLACTONE ZENTIVA 75 mg Cpr séc Plq/90;0.021;8.1;0.1;1;1
3793840;3400937938402;;ZENTIVA  FRANCE-SAG / ALLOGA ANGERS;Non renseigné;BICALUTAMIDE ZENTIVA 50 mg Cpr pell Plq/30;0.021;19.3;0.4;0;1
3799529;3400937995290;;ZENTIVA  FRANCE-SAG / ALLOGA ANGERS;Non renseigné;FELODIPINE ZENTIVA LP 5 mg Cpr pell LP Plq/30;0.021;2.7;0.1;0;1
3799541;3400937995412;;ZENTIVA  FRANCE-SAG / ALLOGA ANGERS;Non renseigné;FELODIPINE ZENTIVA LP 5 mg Cpr pell LP Plq/90;0.021;8.1;0.1;0;1
3810857;3400938108576;;ZENTIVA  FRANCE-SAG / ALLOGA ANGERS;Non renseigné;LANSOPRAZOLE ZENTIVA 15 mg Gél gastro-rés Plq/15;0.021;1.26;0.3;0;1
3810886;3400938108866;;ZENTIVA  FRANCE-SAG / ALLOGA ANGERS;Non renseigné;LANSOPRAZOLE ZENTIVA 15 mg Gél gastro-rés Plq/30;0.021;2.88;0.2;40;1
3810998;3400938109986;;ZENTIVA  FRANCE-SAG / ALLOGA ANGERS;Non renseigné;LANSOPRAZOLE ZENTIVA 30 mg Gél gastro-rés Plq/28;0.021;2.69;0.2;60;1
3819901;3400938199017;;ZENTIVA  FRANCE-SAG / ALLOGA ANGERS;Non renseigné;VENLAFAXINE ZENTIVA LP 37,5 mg Gél LP Plq/30;0.021;2.67;0.3;60;1
3819953;3400938199536;;ZENTIVA  FRANCE-SAG / ALLOGA ANGERS;Non renseigné;VENLAFAXINE ZENTIVA LP 75 mg Gél LP Plq/30;0.021;3.92;0.05;60;1
3822688;3400938226881;;ZENTIVA  FRANCE-SAG / ALLOGA ANGERS;Non renseigné;TRAMADOL ZENTIVA LP 50 mg Cpr LP Plaq/10x1;0.021;0.74;0.2;1;1
3822814;3400938228144;;ZENTIVA  FRANCE-SAG / ALLOGA ANGERS;Non renseigné;TRAMADOL ZENTIVA LP 100 mg Cpr LP Plaq/10x1;0.021;0.95;0.3;1;1
3823073;3400938230734;;ZENTIVA  FRANCE-SAG / ALLOGA ANGERS;Non renseigné;TRAMADOL ZENTIVA LP 200 mg Cpr LP Plaq/10x1;0.021;1.98;0.2;1;1
3823104;3400938231045;;ZENTIVA  FRANCE-SAG / ALLOGA ANGERS;Non renseigné;TRAMADOL ZENTIVA LP 200 mg Cpr LP Plaq/30x1;0.021;5.21;0.3;0;1
3828231;3400938282313;;ZENTIVA  FRANCE-SAG / ALLOGA ANGERS;Non renseigné;RISPERIDONE ZENTIVA 1 mg/ml S buv Fl/120ml;0.021;15.61;0.1;0;1
3833947;3400938339475;;ZENTIVA  FRANCE-SAG / ALLOGA ANGERS;Non renseigné;BETAHISTINE ZENTIVA 24 mg Cpr Plq/60;0.021;2.98;0.4;0;1
3850934;3400938509342;;ZENTIVA  FRANCE-SAG / ALLOGA ANGERS;Non renseigné;FENTANYL ZENTIVA 25 µg/h Disp transderm 5Sach;0.021;12.07;0.05;0;1
3850957;3400938509571;;ZENTIVA  FRANCE-SAG / ALLOGA ANGERS;Non renseigné;FENTANYL ZENTIVA 50 µg/h Disp transderm 5Sach;0.021;15.87;0.05;0;1
3850986;3400938509861;;ZENTIVA  FRANCE-SAG / ALLOGA ANGERS;Non renseigné;FENTANYL ZENTIVA 75 µg/h Disp transderm 5Sach;0.021;22.02;0.05;0;1
3851023;3400938510232;;ZENTIVA  FRANCE-SAG / ALLOGA ANGERS;Non renseigné;FENTANYL ZENTIVA 100 µg/h Disp transderm 5Sach;0.021;27.03;0.05;0;1
3876537;3400938765373;;ZENTIVA  FRANCE-SAG / ALLOGA ANGERS;Non renseigné;VALACICLOVIR ZENTIVA 500 mg Cpr pell Plq/10;0.021;5.33;0.1;100;1
3876566;3400938765663;;ZENTIVA  FRANCE-SAG / ALLOGA ANGERS;Non renseigné;VALACICLOVIR ZENTIVA 500 mg Cpr pell Plq/42;0.021;22.12;0.1;0;1
3876603;3400938766035;;ZENTIVA  FRANCE-SAG / ALLOGA ANGERS;Non renseigné;VALACICLOVIR ZENTIVA 500 mg Cpr pell Plq/112;0.021;62.12;0.1;30;1
3876980;3400938769807;;ZENTIVA  FRANCE-SAG / ALLOGA ANGERS;Non renseigné;NEBIVOLOL ZENTIVA 5 mg Cpr quadriséc Plq/30;0.021;2.15;0.3;132;1
3877175;3400938771756;;ZENTIVA  FRANCE-SAG / ALLOGA ANGERS;Non renseigné;NEBIVOLOL ZENTIVA 5 mg Cpr quadriséc Plq/90;0.021;5.31;0.4;0;1
3878080;3400938780802;;ZENTIVA  FRANCE-SAG / ALLOGA ANGERS;Non renseigné;PANTOPRAZOLE ZENTIVA 20 mg Cpr gastro-rés Plq/14;0.021;0.81;0.4;0;1
3878105;3400938781052;;ZENTIVA  FRANCE-SAG / ALLOGA ANGERS;Non renseigné;PANTOPRAZOLE ZENTIVA 20 mg Cpr gastro-rés Plq/28;0.021;1.9;0.3;100;1
3878217;3400938782172;;ZENTIVA  FRANCE-SAG / ALLOGA ANGERS;Non renseigné;PANTOPRAZOLE ZENTIVA 40 mg Cpr gastro-rés Plq/14;0.021;0.81;0.4;0;1
3878246;3400938782462;;ZENTIVA  FRANCE-SAG / ALLOGA ANGERS;Non renseigné;PANTOPRAZOLE ZENTIVA 40 mg Cpr gastro-rés Plq/28;0.021;2.44;0.1;100;1
3880622;3400938806229;;ZENTIVA  FRANCE-SAG / ALLOGA ANGERS;Non renseigné;CLOPIDOGREL ZENTIVA 75 mg Cpr pell Plq PVC/PVDC/Alu/30;0.021;3.97;0.4;240;1
3883916;3400938839166;;ZENTIVA  FRANCE-SAG / ALLOGA ANGERS;Non renseigné;INDAPAMIDE ZENTIVA LP 1,5 mg Cpr pell LP Plq/30;0.021;3.29;0.05;0;1
3883945;3400938839456;;ZENTIVA  FRANCE-SAG / ALLOGA ANGERS;Non renseigné;INDAPAMIDE ZENTIVA LP 1,5 mg Cpr pell LP Plq/90;0.021;9.37;0.05;0;1
3885890;3400938858907;;ZENTIVA  FRANCE-SAG / ALLOGA ANGERS;Non renseigné;PHLOROGLUCINOL ZENTIVA 80 mg Cpr orodisp Plq/10;0.021;0.9;0.1;160;1
3894736;3400938947366;;ZENTIVA  FRANCE-SAG / ALLOGA ANGERS;Non renseigné;BETAMETHASONE ZENTIVA 0,05 % S buv en gouttes Fl/30ml;0.021;2.19;0.05;60;1
3897999;3400938979992;;ZENTIVA  FRANCE-SAG / ALLOGA ANGERS;Non renseigné;ZOPICLONE ZENTIVA 7,5 mg Cpr pell séc Plq/5;0.021;0.51;0.1;0;1
3900276;3400939002767;;ZENTIVA  FRANCE-SAG / ALLOGA ANGERS;Non renseigné;ALVESCO 80 µg/dose S p inh en fl press Fl/120 doses;0.021;21.68;0;1;1
3900307;3400939003078;;ZENTIVA  FRANCE-SAG / ALLOGA ANGERS;Non renseigné;ALVESCO 160 µg/dose S p inh en fl press Fl/120 doses;0.021;37.16;0;1;1
3909254;3400939092546;;ZENTIVA  FRANCE-SAG / ALLOGA ANGERS;Non renseigné;LOSARTAN ZENTIVA LAB 50 mg Cpr pell séc Plq/28;0.021;2.66;0.05;0;1
3909395;3400939093956;;ZENTIVA  FRANCE-SAG / ALLOGA ANGERS;Non renseigné;LOSARTAN ZENTIVA LAB 100 mg Cpr pell Plq/28;0.021;2.66;0.05;0;1
3910659;3400939106595;;ZENTIVA  FRANCE-SAG / ALLOGA ANGERS;Non renseigné;PREDNISOLONE ZENTIVA LAB 20 mg Cpr orodisp Plq PVC/PE/PVDC/Alu/20;0.021;2.54;0.025;240;1
3914574;3400939145747;;ZENTIVA  FRANCE-SAG / ALLOGA ANGERS;Non renseigné;ACIDE ALENDRONIQUE ZENTIVA 70 mg Cpr Plq/12;0.021;12.41;0.4;0;1
3915881;3400939158815;;ZENTIVA  FRANCE-SAG / ALLOGA ANGERS;Non renseigné;LERCANIDIPINE ZENTIVA 10 mg Cpr pell séc Plq/30;0.021;2.84;0.3;0;1
3915912;3400939159126;;ZENTIVA  FRANCE-SAG / ALLOGA ANGERS;Non renseigné;LERCANIDIPINE ZENTIVA 10 mg Cpr pell séc Plq/90;0.021;7.29;0.4;0;1
3916053;3400939160535;;ZENTIVA  FRANCE-SAG / ALLOGA ANGERS;Non renseigné;LERCANIDIPINE ZENTIVA 20 mg Cpr pell Plq/30;0.021;2.84;0.3;1;1
3924147;3400939241470;;ZENTIVA  FRANCE-SAG / ALLOGA ANGERS;Non renseigné;LERCANIDIPINE ZENTIVA 20 mg Cpr pell Plq/90;0.021;8.51;0.3;0;1
3926399;3400939263991;;ZENTIVA  FRANCE-SAG / ALLOGA ANGERS;Non renseigné;FENOFIBRATE ZENTIVA 145 mg Cpr Plq/30;0.021;3.8;0.1;0;1
3926436;3400939264363;;ZENTIVA  FRANCE-SAG / ALLOGA ANGERS;Non renseigné;FENOFIBRATE ZENTIVA 145 mg Cpr Plq/90;0.021;10.84;0.1;0;1
3962840;3400939628400;;ZENTIVA  FRANCE-SAG / ALLOGA ANGERS;Non renseigné;TRIMEBUTINE ZENTIVA 200 mg Cpr Plq/30;0.021;3.18;0.2;90;1
3968222;3400939682228;;ZENTIVA  FRANCE-SAG / ALLOGA ANGERS;Non renseigné;PRAMIPEXOLE ZENTIVA 0,7 mg Cpr séc Plq/30;0.021;17.7;0;0;1
3968245;3400939682457;;ZENTIVA  FRANCE-SAG / ALLOGA ANGERS;Non renseigné;PRAMIPEXOLE ZENTIVA 0,18 mg Cpr séc Plq/30;0.021;4.43;0;0;1
3968251;3400939682518;;ZENTIVA  FRANCE-SAG / ALLOGA ANGERS;Non renseigné;PRAMIPEXOLE ZENTIVA 0,18 mg Cpr séc Plq/100;0.021;14.76;0;0;1
3988526;3400939885261;;ZENTIVA  FRANCE-SAG / ALLOGA ANGERS;Non renseigné;DICLOFENAC ZENTIVA 1 % Gel en fl pressurisé Fl/100ml;0.021;1.96;0.05;40;1
3988934;3400939889344;;ZENTIVA  FRANCE-SAG / ALLOGA ANGERS;Non renseigné;FOSFOMYCINE ZENTIVA 3 g Glé s buv en sachet adulte Sach/3g;0.021;3.14;0.1;200;1
3989112;3400939891125;;ZENTIVA  FRANCE-SAG / ALLOGA ANGERS;Non renseigné;BISOPROLOL/HYDROCHLOROTHIAZIDE ZENTIVA 10 mg/6,25 mg Cpr pell Plq/30;0.021;1.93;0.4;1;1
3989141;3400939891415;;ZENTIVA  FRANCE-SAG / ALLOGA ANGERS;Non renseigné;BISOPROLOL/HYDROCHLOROTHIAZIDE ZENTIVA 10 mg/6,25 mg Cpr pell Plq/90;0.021;7.34;0.2;0;1
3989201;3400939892016;;ZENTIVA  FRANCE-SAG / ALLOGA ANGERS;Non renseigné;BISOPROLOL/HYDROCHLOROTHIAZIDE ZENTIVA 5 mg/6,25 mg Cpr pell Plq/30;0.021;1.93;0.4;0;1
3989230;3400939892306;;ZENTIVA  FRANCE-SAG / ALLOGA ANGERS;Non renseigné;BISOPROLOL/HYDROCHLOROTHIAZIDE ZENTIVA 5 mg/6,25 mg Cpr pell Plq/90;0.021;7.34;0.2;0;1
3989299;3400939892993;;ZENTIVA  FRANCE-SAG / ALLOGA ANGERS;Non renseigné;BISOPROLOL/HYDROCHLOROTHIAZIDE ZENTIVA 2,5 mg/6,25 mg Cpr pell Plq/30;0.021;1.93;0.4;0;1
3989336;3400939893365;;ZENTIVA  FRANCE-SAG / ALLOGA ANGERS;Non renseigné;BISOPROLOL/HYDROCHLOROTHIAZIDE ZENTIVA 2,5 mg/6,25 mg Cpr pell Plq/90;0.021;5.51;0.4;0;1
3992108;3400939921082;;ZENTIVA  FRANCE-SAG / ALLOGA ANGERS;Non renseigné;VALSARTAN/HYDROCHLOROTHIAZIDE ZENTIVA LAB 80 mg/12,5 mg Cpr pell Plq/30;0.021;2.7;0.1;0;1
3992143;3400939921433;;ZENTIVA  FRANCE-SAG / ALLOGA ANGERS;Non renseigné;VALSARTAN/HYDROCHLOROTHIAZIDE ZENTIVA LAB 80 mg/12,5 mg Cpr pell Plq/90;0.021;8.1;0.1;0;1
3992249;3400939922492;;ZENTIVA  FRANCE-SAG / ALLOGA ANGERS;Non renseigné;VALSARTAN/HYDROCHLOROTHIAZIDE ZENTIVA LAB 160 mg/25 mg Cpr pell Plq/30;0.021;2.7;0.1;0;1
3992284;3400939922843;;ZENTIVA  FRANCE-SAG / ALLOGA ANGERS;Non renseigné;VALSARTAN/HYDROCHLOROTHIAZIDE ZENTIVA LAB 160 mg/25 mg Cpr pell Plq/90;0.021;8.1;0.1;0;1
3996856;3400939968568;;ZENTIVA  FRANCE-SAG / ALLOGA ANGERS;Non renseigné;REPAGLINIDE ZENTIVA 0,5 mg Cpr Plq/90;0.021;3.54;0.3;0;1
3996879;3400939968797;;ZENTIVA  FRANCE-SAG / ALLOGA ANGERS;Non renseigné;REPAGLINIDE ZENTIVA 0,5 mg Cpr Plq/270;0.021;8.64;0.4;0;1
3996974;3400939969749;;ZENTIVA  FRANCE-SAG / ALLOGA ANGERS;Non renseigné;REPAGLINIDE ZENTIVA 1 mg Cpr Plq/90;0.021;3.04;0.4;0;1
3996997;3400939969978;;ZENTIVA  FRANCE-SAG / ALLOGA ANGERS;Non renseigné;REPAGLINIDE ZENTIVA 1 mg Cpr Plq/270;0.021;8.64;0.4;0;1
3997092;3400939970929;;ZENTIVA  FRANCE-SAG / ALLOGA ANGERS;Non renseigné;REPAGLINIDE ZENTIVA 2 mg Cpr Plq/90;0.021;3.04;0.4;0;1
3997117;3400939971179;;ZENTIVA  FRANCE-SAG / ALLOGA ANGERS;Non renseigné;REPAGLINIDE ZENTIVA 2 mg Cpr Plq/270;0.021;8.64;0.4;0;1
4156147;3400941561474;;ZENTIVA  FRANCE-SAG / ALLOGA ANGERS;Non renseigné;VALSARTAN/HYDROCHLOROTHIAZIDE ZENTIVA LAB 160 mg/12,5 mg Cpr pell Plq/30;0.021;2.7;0.1;0;1
4156199;3400941561993;;ZENTIVA  FRANCE-SAG / ALLOGA ANGERS;Non renseigné;VALSARTAN/HYDROCHLOROTHIAZIDE ZENTIVA LAB 160 mg/12,5 mg Cpr pell Plq/90;0.021;8.1;0.1;0;1
4175848;3400941758485;;ZENTIVA  FRANCE-SAG / ALLOGA ANGERS;Non renseigné;MANIDIPINE ZENTIVA 10 mg Cpr Plq/30;0.021;4.05;0.1;0;1
4175860;3400941758607;;ZENTIVA  FRANCE-SAG / ALLOGA ANGERS;Non renseigné;MANIDIPINE ZENTIVA 10 mg Cpr Plq/90;0.021;12.15;0.1;0;1
4175877;3400941758775;;ZENTIVA  FRANCE-SAG / ALLOGA ANGERS;Non renseigné;MANIDIPINE ZENTIVA 20 mg Cpr Plq/30;0.021;4.05;0.1;0;1
4175908;3400941759086;;ZENTIVA  FRANCE-SAG / ALLOGA ANGERS;Non renseigné;MANIDIPINE ZENTIVA 20 mg Cpr Plq/90;0.021;12.15;0.1;0;1
4178048;3400941780486;;ZENTIVA  FRANCE-SAG / ALLOGA ANGERS;Non renseigné;BORAX/AC BOR ZENT 12mg/18mg/ml Sla 20Unid/5ml;0.021;1.32;0.05;42;1
4199429;3400941994296;;ZENTIVA  FRANCE-SAG / ALLOGA ANGERS;Non renseigné;RALOXIFENE ZENTIVA 60 mg Cpr pell Plq/28;0.021;6.48;0.3;0;1
4199441;3400941994418;;ZENTIVA  FRANCE-SAG / ALLOGA ANGERS;Non renseigné;RALOXIFENE ZENTIVA 60 mg Cpr pell Plq/84;0.021;18.47;0.3;0;1
4914085;3400949140855;;ZENTIVA  FRANCE-SAG / ALLOGA ANGERS;Non renseigné;LETROZOLE ZENTIVA 2,5 mg Cpr pell Plq/30;0.021;16.74;0.4;0;1
4922127;3400949221271;;ZENTIVA  FRANCE-SAG / ALLOGA ANGERS;Non renseigné;OXOMEMAZINE ZENT 0,33mg/ml S buv ss suc 150ml;0.021;1.43;0.05;30;1
4924681;3400949246816;;ZENTIVA  FRANCE-SAG / ALLOGA ANGERS;Non renseigné;OXOMEMAZINE ZENTIVA 0,33 mg/ml Sirop Fl/150ml;0.021;1.43;0.05;0;1
4931126;3400949311262;;ZENTIVA  FRANCE-SAG / ALLOGA ANGERS;Non renseigné;VALSARTAN ZENTIVA 40 mg Cpr pell séc Plq/30;0.021;1.8;0.4;0;1
4931149;3400949311491;;ZENTIVA  FRANCE-SAG / ALLOGA ANGERS;Non renseigné;VALSARTAN ZENTIVA 40 mg Cpr pell séc Plq/90;0.021;5.4;0.4;0;1
4931178;3400949311781;;ZENTIVA  FRANCE-SAG / ALLOGA ANGERS;Non renseigné;VALSARTAN ZENTIVA 80 mg Cpr pell séc Plq/30;0.021;2.7;0.1;0;1
4931190;3400949311903;;ZENTIVA  FRANCE-SAG / ALLOGA ANGERS;Non renseigné;VALSARTAN ZENTIVA 80 mg Cpr pell séc Plq/90;0.021;8.1;0.1;0;1
4931221;3400949312214;;ZENTIVA  FRANCE-SAG / ALLOGA ANGERS;Non renseigné;VALSARTAN ZENTIVA 160 mg Cpr pell séc Plq/30;0.021;2.7;0.1;0;1
4931244;3400949312443;;ZENTIVA  FRANCE-SAG / ALLOGA ANGERS;Non renseigné;VALSARTAN ZENTIVA 160 mg Cpr pell séc Plq/90;0.021;5.4;0.4;0;1
4943017;3400949430178;;ZENTIVA  FRANCE-SAG / ALLOGA ANGERS;Non renseigné;OLANZAPINE ZENTIVA 5 mg Cpr pell séc Plq/28;0.021;8.74;0.4;1;1
4943069;3400949430697;;ZENTIVA  FRANCE-SAG / ALLOGA ANGERS;Non renseigné;OLANZAPINE ZENTIVA 7,5 mg Cpr pell Plq/28;0.021;5.83;0.4;1;1
4943170;3400949431700;;ZENTIVA  FRANCE-SAG / ALLOGA ANGERS;Non renseigné;OLANZAPINE ZENTIVA 10 mg Cpr pell séc Plq/28;0.021;4.95;0.4;1;1
4961713;3400949617135;;ZENTIVA  FRANCE-SAG / ALLOGA ANGERS;Non renseigné;CANDESARTAN ZENTIVA 4 mg Cpr séc Plq/30;0.021;2.1;0.3;0;1
4961759;3400949617593;;ZENTIVA  FRANCE-SAG / ALLOGA ANGERS;Non renseigné;CANDESARTAN ZENTIVA 4 mg Cpr séc Plq/90;0.021;7.2;0.2;0;1
4962090;3400949620906;;ZENTIVA  FRANCE-SAG / ALLOGA ANGERS;Non renseigné;CANDESARTAN ZENTIVA 8 mg Cpr séc Plq/30;0.021;2.1;0.3;0;1
4962121;3400949621217;;ZENTIVA  FRANCE-SAG / ALLOGA ANGERS;Non renseigné;CANDESARTAN ZENTIVA 8 mg Cpr séc Plq/90;0.021;8.1;0.1;0;1
4962173;3400949621736;;ZENTIVA  FRANCE-SAG / ALLOGA ANGERS;Non renseigné;CANDESARTAN ZENTIVA 16 mg Cpr séc Plq/30;0.021;2.1;0.3;0;1
4962210;3400949622108;;ZENTIVA  FRANCE-SAG / ALLOGA ANGERS;Non renseigné;CANDESARTAN ZENTIVA 16 mg Cpr séc Plq/90;0.021;7.2;0.2;0;1
4962279;3400949622795;;ZENTIVA  FRANCE-SAG / ALLOGA ANGERS;Non renseigné;CANDESARTAN ZENTIVA 32 mg Cpr séc Plq/30;0.021;2.4;0.2;0;1
4969525;3400949695256;;ZENTIVA  FRANCE-SAG / ALLOGA ANGERS;Non renseigné;ALPRAZOLAM ZENTIVA 0,25 mg Cpr séc Plq/30;0.021;0.66;0.2;140;1
4969531;3400949695317;;ZENTIVA  FRANCE-SAG / ALLOGA ANGERS;Non renseigné;ALPRAZOLAM ZENTIVA 0,50 mg Cpr séc Plq/30;0.021;0.96;0.2;140;1
4971769;3400949717699;;ZENTIVA  FRANCE-SAG / ALLOGA ANGERS;Non renseigné;ESOMEPRAZOLE ZENTIVA 20 mg Gél gastro-rés Plq/7;0.021;0.48;0.4;100;1
4971775;3400949717750;;ZENTIVA  FRANCE-SAG / ALLOGA ANGERS;Non renseigné;ESOMEPRAZOLE ZENTIVA 20 mg Gél gastro-rés Plq/14;0.021;0.96;0.4;100;1
4971781;3400949717811;;ZENTIVA  FRANCE-SAG / ALLOGA ANGERS;Non renseigné;ESOMEPRAZOLE ZENTIVA 20 mg Gél gastro-rés Plq/28;0.021;2.24;0.3;100;1
4971806;3400949718061;;ZENTIVA  FRANCE-SAG / ALLOGA ANGERS;Non renseigné;ESOMEPRAZOLE ZENTIVA 40 mg Gél gastro-rés Plq/14;0.021;0.96;0.4;100;1
4971812;3400949718122;;ZENTIVA  FRANCE-SAG / ALLOGA ANGERS;Non renseigné;ESOMEPRAZOLE ZENTIVA 40 mg Gél gastro-rés Plq/28;0.021;2.24;0.3;90;1
4972705;3400949727056;;ZENTIVA  FRANCE-SAG / ALLOGA ANGERS;Non renseigné;LEFLUNOMIDE ZENTIVA 20 mg Cpr pell Fl/30;0.021;20.03;0.1;0;1
4151150;3400941511509;;ZENTIVA  FRANCE-SAG / ALLOGA ANGERS;Paracetamol;PARACETAMOL ZENTIVA 500 mg Gél Plq/16;0.021;0.74;0.025;70;1
3171050;3400931710509;;ZENTIVA  FRANCE-SAG / ALLOGA ANGERS;Vitamine;VITAMINE B12 DELAGRANGE 1000 µg/2 ml S inj/buv IM 6Amp/2ml;0.021;2.14;0;72;1
4925367;3400949253678;;ZYDUS FRANCE / CSP COURNON;Ibuprofene;IBUPROFENE ZYDUS FRANCE 400 mg Cpr pell Plq/20;0.021;0.68;0.3;252;1
4925373;3400949253739;;ZYDUS FRANCE / CSP COURNON;Ibuprofene;IBUPROFENE ZYDUS FRANCE 400 mg Cpr pell Plq/30;0.021;1.02;0.3;64;1
;3400930012635;;ZYDUS FRANCE / CSP COURNON;Non renseigné;FUROSEMIDE ZYDUS 20 mg Cpr Plq/30;0.021;0.59;0.3;312;1
;3400930012659;;ZYDUS FRANCE / CSP COURNON;Non renseigné;FUROSEMIDE ZYDUS 40 mg Cpr séc Plq/30;0.021;0.95;0.3;1;1
;3400930019795;;ZYDUS FRANCE / CSP COURNON;Non renseigné;ETORICOXIB ZYDUS FRANCE 30 mg Cpr pell Plq/28;0.021;2.6;0.3;1;1
;3400930020227;;ZYDUS FRANCE / CSP COURNON;Non renseigné;ETORICOXIB ZYDUS FRANCE 60 mg Cpr pell Plq/28;0.021;4.14;0.3;1;1
;3400930025512;;ZYDUS FRANCE / CSP COURNON;Non renseigné;EPLERENONE ZYDUS 25 mg Cpr pell Plq/30;0.021;7.66;0.3;380;1
;3400930025536;;ZYDUS FRANCE / CSP COURNON;Non renseigné;EPLERENONE ZYDUS 25 mg Cpr pell Plq/90;0.021;21.82;0.3;1;1
;3400930025666;;ZYDUS FRANCE / CSP COURNON;Non renseigné;EPLERENONE ZYDUS 50 mg Cpr pell Plq PVC/alu/30;0.021;7.66;0.3;1;1
;3400930025680;;ZYDUS FRANCE / CSP COURNON;Non renseigné;EPLERENONE ZYDUS 50 mg Cpr pell Plq PVC/alu/90;0.021;21.82;0.3;1;1
;3400930041123;;ZYDUS FRANCE / CSP COURNON;Non renseigné;PERINDOPRIL/INDAPAMIDE ZYDUS FRANCE 4 mg/1,25 mg Cpr Plq alu/30;0.021;2.1;0.3;1;1
;3400930041130;;ZYDUS FRANCE / CSP COURNON;Non renseigné;PERINDOPRIL/INDAPAMIDE ZYDUS FRANCE 8 mg/2,5 mg Cpr Plq alu/30;0.021;3.56;0.3;1;1
;3400930044629;;ZYDUS FRANCE / CSP COURNON;Non renseigné;PERINDOPRIL/INDAPAMIDE ZYDUS FRANCE 2 mg/0,625 mg Cpr Plq alu/90;0.021;6.3;0.3;1;1
;3400930044650;;ZYDUS FRANCE / CSP COURNON;Non renseigné;PERINDOPRIL/INDAPAMIDE ZYDUS FRANCE 4 mg/1,25 mg Cpr Plq alu/90;0.021;6.3;0.3;1;1
;3400930057148;;ZYDUS FRANCE / CSP COURNON;Non renseigné;DOMPERIDONE ZYDUS 10 mg Cpr pell Plq/20;0.021;0.58;0.3;1;1
;3400930067680;;ZYDUS FRANCE / CSP COURNON;Non renseigné;EZETIMIBE ZYDUS 10 mg Cpr Plq/28;0.021;6.52;0.3;144;1
;3400930067710;;ZYDUS FRANCE / CSP COURNON;Non renseigné;EZETIMIBE ZYDUS 10 mg Cpr Plq/90;0.021;19.92;0.3;72;1
;3400930068144;;ZYDUS FRANCE / CSP COURNON;Non renseigné;ROSUVASTATINE ZYDUS FRANCE 5 mg Cpr pell Plq/30;0.021;2.32;0.3;1;1
;3400930068236;;ZYDUS FRANCE / CSP COURNON;Non renseigné;ROSUVASTATINE ZYDUS FRANCE 20 mg Cpr pell Plq/30;0.021;2.59;0.3;1;1
;3400930068274;;ZYDUS FRANCE / CSP COURNON;Non renseigné;ROSUVASTATINE ZYDUS FRANCE 10 mg Cpr pell Plq/30;0.021;2.59;0.3;1;1
;3400930079416;;ZYDUS FRANCE / CSP COURNON;Non renseigné;ARIPIPRAZOLE ZYDUS 5 mg Cpr Plq/28;0.021;10.19;0.3;168;1
;3400930079454;;ZYDUS FRANCE / CSP COURNON;Non renseigné;ARIPIPRAZOLE ZYDUS 10 mg Cpr Plq/28;0.021;10.19;0.3;147;1
;3400930079485;;ZYDUS FRANCE / CSP COURNON;Non renseigné;ARIPIPRAZOLE ZYDUS 15 mg Cpr Plq/28;0.021;10.19;0.3;1;1
;3400930089965;;ZYDUS FRANCE / CSP COURNON;Non renseigné;PREGABALINE ZYDUS 75 mg Gél Plq/56;0.021;5.64;0.3;1;1
;3400930089972;;ZYDUS FRANCE / CSP COURNON;Non renseigné;PREGABALINE ZYDUS 150 mg Gél Plq/56;0.021;8.41;0.3;1;1
;3400930089989;;ZYDUS FRANCE / CSP COURNON;Non renseigné;PREGABALINE ZYDUS 300 mg Gél Plq/56;0.021;11.67;0.3;1;1
;3400930095591;;ZYDUS FRANCE / CSP COURNON;Non renseigné;CHOLECALCIFEROL ZYDUS 100 000 UI S buv en ampoule Amp/2ml;0.021;0.63;0.1;1;1
;3400930105337;;ZYDUS FRANCE / CSP COURNON;Non renseigné;SOLIFENACINE ZYDUS 5 mg Cpr pell Plq/30;0.021;3.72;0.3;1;1
;3400930105351;;ZYDUS FRANCE / CSP COURNON;Non renseigné;SOLIFENACINE ZYDUS 10 mg Cpr pell Plq/30;0.021;3.72;0.3;1;1
;3400930105467;;ZYDUS FRANCE / CSP COURNON;Non renseigné;ENTECAVIR ZYDUS 0,5 mg Cpr pell Plq/30x1;0.021;80.06;0.3;1;1
;3400930105474;;ZYDUS FRANCE / CSP COURNON;Non renseigné;ENTECAVIR ZYDUS 1 mg Cpr pell Plq/30x1;0.021;80.06;0.3;1;1
;3400930109618;;ZYDUS FRANCE / CSP COURNON;Non renseigné;GLYCEROL/VASELINE/PARAFFINE ZYDUS 15 %/8 %/2 % Cr T/250g;0.021;1.76;0.1;25;1
;3400930131596;;ZYDUS FRANCE / CSP COURNON;Non renseigné;PREGABALINE ZYDUS 25 mg Gél Plq/56;0.021;2.28;0.3;1;1
;3400930131602;;ZYDUS FRANCE / CSP COURNON;Non renseigné;PREGABALINE ZYDUS 25 mg Gél Plq/84;0.021;3.4;0.3;1;1
;3400930131619;;ZYDUS FRANCE / CSP COURNON;Non renseigné;PREGABALINE ZYDUS 50 mg Gél Plq/84;0.021;5.68;0.3;1;1
;3400930131626;;ZYDUS FRANCE / CSP COURNON;Non renseigné;PREGABALINE ZYDUS 100 mg Gél Plq/84;0.021;8.45;0.3;1;1
;3400930131633;;ZYDUS FRANCE / CSP COURNON;Non renseigné;PREGABALINE ZYDUS 200 mg Gél Plq/84;0.021;12.61;0.3;1;1
;3400930135075;;ZYDUS FRANCE / CSP COURNON;Non renseigné;IVABRADINE ZYDUS 5 mg Cpr pell Plq OPA/Alu/PVC/56;0.021;8.76;0.3;1;1
;3400930135167;;ZYDUS FRANCE / CSP COURNON;Non renseigné;IVABRADINE ZYDUS 7,5 mg Cpr pell Plq OPA/Alu/PVC/56;0.021;8.76;0.3;1;1
;3400930144640;;ZYDUS FRANCE / CSP COURNON;Non renseigné;ROSUVASTATINE ZYDUS FRANCE 20 mg Cpr pell Plq/90;0.021;7.77;0.3;42;1
;3400930144657;;ZYDUS FRANCE / CSP COURNON;Non renseigné;ROSUVASTATINE ZYDUS FRANCE 10 mg Cpr pell Plq/90;0.021;7.77;0.3;1;1
;3400930144664;;ZYDUS FRANCE / CSP COURNON;Non renseigné;ROSUVASTATINE ZYDUS FRANCE 5 mg Cpr pell Plq/90;0.021;6.96;0.3;42;1
;3400930145074;;ZYDUS FRANCE / CSP COURNON;Non renseigné;EBASTINE ZYDUS 10 mg Cpr orodisp Plq/30;0.021;2.34;0.3;224;1
;3400930145265;;ZYDUS FRANCE / CSP COURNON;Non renseigné;ATORVASTATINE ZYDUS 10 mg Cpr pell Plq/30;0.021;1.78;0.3;140;1
;3400930145296;;ZYDUS FRANCE / CSP COURNON;Non renseigné;ATORVASTATINE ZYDUS 10 mg Cpr pell Plq/90;0.021;5.33;0.3;80;1
;3400930145326;;ZYDUS FRANCE / CSP COURNON;Non renseigné;ATORVASTATINE ZYDUS 20 mg Cpr pell Plq/30;0.021;1.78;0.3;90;1
;3400930145357;;ZYDUS FRANCE / CSP COURNON;Non renseigné;ATORVASTATINE ZYDUS 20 mg Cpr pell Plq/90;0.021;5.33;0.3;50;1
;3400930145388;;ZYDUS FRANCE / CSP COURNON;Non renseigné;ATORVASTATINE ZYDUS 40 mg Cpr pell Plq/30;0.021;1.78;0.3;72;1
;3400930145418;;ZYDUS FRANCE / CSP COURNON;Non renseigné;ATORVASTATINE ZYDUS 40 mg Cpr pell Plq/90;0.021;5.33;0.3;40;1
;3400930145739;;ZYDUS FRANCE / CSP COURNON;Non renseigné;LEVOCETIRIZINE ZYDUS 5 mg Cpr pell Plq PVC/PVDC/Alu/14;0.021;0.98;0.3;1;1
;3400930145746;;ZYDUS FRANCE / CSP COURNON;Non renseigné;LEVOCETIRIZINE ZYDUS 5 mg Cpr pell Plq PVC/PVDC/Alu/28;0.021;1.97;0.3;240;1
;3400930147238;;ZYDUS FRANCE / CSP COURNON;Non renseigné;ATORVASTATINE ZYDUS 80 mg Cpr pell Plq/30;0.021;1.78;0.3;36;1
;3400930147252;;ZYDUS FRANCE / CSP COURNON;Non renseigné;ATORVASTATINE ZYDUS 80 mg Cpr pell Plq/90;0.021;5.33;0.3;17;1
;3400930149263;;ZYDUS FRANCE / CSP COURNON;Non renseigné;GABAPENTINE ZYDUS 300 mg Gél Plq/90;0.021;10.89;0.3;1;1
;3400930158609;;ZYDUS FRANCE / CSP COURNON;Non renseigné;EZETIMIBE/SIMVASTATINE ZYDUS 10 mg/20 mg Cpr Plq PVC/Aclar/Alu/30;0.021;7.92;0.3;1;1
;3400930158623;;ZYDUS FRANCE / CSP COURNON;Non renseigné;EZETIMIBE/SIMVASTATINE ZYDUS 10 mg/20 mg Cpr Plq PVC/Aclar/Alu/90;0.021;22.57;0.3;1;1
;3400930158746;;ZYDUS FRANCE / CSP COURNON;Non renseigné;EZETIMIBE/SIMVASTATINE ZYDUS 10 mg/40 mg Cpr Plq PVC/Aclar/Alu/30;0.021;7.92;0.3;1;1
;3400930158760;;ZYDUS FRANCE / CSP COURNON;Non renseigné;EZETIMIBE/SIMVASTATINE ZYDUS 10 mg/40 mg Cpr Plq PVC/Aclar/Alu/90;0.021;22.57;0.3;1;1
;3400930163047;;ZYDUS FRANCE / CSP COURNON;Non renseigné;RISEDRONATE ZYDUS FRANCE 75 mg Cpr pell Plq/6;0.021;16.93;0.3;1;1
;3400930166048;;ZYDUS FRANCE / CSP COURNON;Non renseigné;RISEDRONATE ZYDUS FRANCE 35 mg Cpr pell Plq PVC/PVDC/Alu/12;0.021;15.86;0.3;1;1
;3400930168875;;ZYDUS FRANCE / CSP COURNON;Non renseigné;ATANTO Gé 125 mg/80 mg Gél Plq 1/125mg+2/80mg;0.021;12.66;0.3;1;1
;3400930170199;;ZYDUS FRANCE / CSP COURNON;Non renseigné;MANIDIPINE ZYDUS 10 mg Cpr Plq/30;0.021;3.15;0.3;1;1
;3400930170212;;ZYDUS FRANCE / CSP COURNON;Non renseigné;MANIDIPINE ZYDUS 10 mg Cpr Plq/90;0.021;9.45;0.3;1;1
;3400930170250;;ZYDUS FRANCE / CSP COURNON;Non renseigné;MANIDIPINE ZYDUS 20 mg Cpr Plq/30;0.021;3.15;0.3;1;1
;3400930170274;;ZYDUS FRANCE / CSP COURNON;Non renseigné;MANIDIPINE ZYDUS 20 mg Cpr Plq/90;0.021;9.45;0.3;1;1
;3400930177648;;ZYDUS FRANCE / CSP COURNON;Non renseigné;TENOFOVIR DISOPROXIL ZYDUS 245 mg Cpr pell Fl/30;0.021;66.47;0.3;1;1
;3400930178669;;ZYDUS FRANCE / CSP COURNON;Non renseigné;GLICLAZIDE ZYDUS FRANCE 60 mg Cpr LM Plq/30;0.021;1.64;0.3;120;1
;3400930178676;;ZYDUS FRANCE / CSP COURNON;Non renseigné;GLICLAZIDE ZYDUS FRANCE 60 mg Cpr LM Plq/90;0.021;4.91;0.3;40;1
;3400930180334;;ZYDUS FRANCE / CSP COURNON;Non renseigné;FOSFOMYCINE ZYDUS 3 g Glé s buv en sachet Sach/8g;0.021;2.44;0.3;130;1
;3400930182215;;ZYDUS FRANCE / CSP COURNON;Non renseigné;EMTRICITABINE/TENOFOVIR DISOPROXIL ZYDUS 200 mg/245 mg Cpr pell Fl/30;0.021;90.44;0.3;75;1
;3400930193495;;ZYDUS FRANCE / CSP COURNON;Non renseigné;AMOXICILLINE ZYDUS 1 g Cpr disp Plq PVC TE/6;0.021;1.35;0.1;140;1
;3400930193501;;ZYDUS FRANCE / CSP COURNON;Non renseigné;AMOXICILLINE ZYDUS 1 g Cpr disp Plq PVC TE/14;0.021;3.07;0.1;96;1
;3400930203231;;ZYDUS FRANCE / CSP COURNON;Non renseigné;AMLODIPINE/VALSARTAN ZYDUS 5 mg/80 mg Cpr pell Plq PVC/Aclar/Alu/30;0.021;3.06;0.3;1;1
;3400930203255;;ZYDUS FRANCE / CSP COURNON;Non renseigné;AMLODIPINE/VALSARTAN ZYDUS 5 mg/80 mg Cpr pell Plq PVC/Aclar/Alu/90;0.021;8.72;0.3;1;1
;3400930203316;;ZYDUS FRANCE / CSP COURNON;Non renseigné;AMLODIPINE/VALSARTAN ZYDUS 5 mg/160 mg Cpr pell Plq PVC/Aclar/Alu/30;0.021;3.5;0.3;1;1
;3400930203330;;ZYDUS FRANCE / CSP COURNON;Non renseigné;AMLODIPINE/VALSARTAN ZYDUS 5 mg/160 mg Cpr pell Plq PVC/Aclar/Alu/90;0.021;9.97;0.3;16;1
;3400930203408;;ZYDUS FRANCE / CSP COURNON;Non renseigné;AMLODIPINE/VALSARTAN ZYDUS 10 mg/160 mg Cpr pell Plq PVC/Aclar/Alu/30;0.021;3.5;0.3;1;1
;3400930203422;;ZYDUS FRANCE / CSP COURNON;Non renseigné;AMLODIPINE/VALSARTAN ZYDUS 10 mg/160 mg Cpr pell Plq PVC/Aclar/Alu/90;0.021;9.97;0.3;16;1
;3400930235966;;ZYDUS FRANCE / CSP COURNON;Non renseigné;ABIRATERONE ACETATE ZYDUS 500 mg Cpr pell Plq/60;0.021;524.55;0.3;36;1
;3400930246078;;ZYDUS FRANCE / CSP COURNON;Non renseigné;IMATINIB ZYDUS 400 mg Cpr pell séc Plq/30;0.021;375.63;0.3;1;1
;3400930261149;;ZYDUS FRANCE / CSP COURNON;Non renseigné;GABAPENTINE ZYDUS FRANCE 600 mg Cpr pell séc Plq PVC/PVDC/Alu/90;0.021;16.13;0.3;1;1
;3400930261156;;ZYDUS FRANCE / CSP COURNON;Non renseigné;GABAPENTINE ZYDUS FRANCE 800 mg Cpr pell séc Plq PVC/PVDC/Alu/90;0.021;16.13;0.3;1;1
;3400930261903;;ZYDUS FRANCE / CSP COURNON;Non renseigné;SITAGLIPTINE/METFORMINE ZYDUS 50 mg/1000 mg Cpr pell Plq/60;0.021;6.28;0.1;48;1
;3400930265000;;ZYDUS FRANCE / CSP COURNON;Non renseigné;SITAGLIPTINE ZYDUS 50 mg Cpr pell Plq/30;0.021;4.89;0.3;216;1
;3400930265048;;ZYDUS FRANCE / CSP COURNON;Non renseigné;SITAGLIPTINE ZYDUS 100 mg Cpr pell Plq/30;0.021;4.89;0.3;216;1
;3400930267578;;ZYDUS FRANCE / CSP COURNON;Non renseigné;METFORMINE ZYDUS 1000 mg Cpr pell séc Fl/30;0.021;1.02;0.3;160;1
;3400930267585;;ZYDUS FRANCE / CSP COURNON;Non renseigné;METFORMINE ZYDUS 1000 mg Cpr pell séc Fl/90;0.021;3.07;0.3;56;1
;3400930267592;;ZYDUS FRANCE / CSP COURNON;Non renseigné;METFORMINE ZYDUS FRANCE 850 mg Cpr pell Fl/30;0.021;1.02;0.3;1;1
;3400930267615;;ZYDUS FRANCE / CSP COURNON;Non renseigné;METFORMINE ZYDUS FRANCE 850 mg Cpr pell Fl/90;0.021;3.07;0.3;56;1
;3400930268742;;ZYDUS FRANCE / CSP COURNON;Non renseigné;ALPRAZOLAM ZYDUS FRANCE 0,25 mg Cpr Plq/30;0.021;0.57;0.3;320;1
;3400930268759;;ZYDUS FRANCE / CSP COURNON;Non renseigné;ALPRAZOLAM ZYDUS FRANCE 0,5 mg Cpr Plq/30;0.021;0.84;0.3;320;1
;3400930268902;;ZYDUS FRANCE / CSP COURNON;Non renseigné;TERIFLUNOMIDE ZYDUS 14 mg Cpr pell Plq/28;0.021;155.16;0.3;1;1
;3400930270608;;ZYDUS FRANCE / CSP COURNON;Non renseigné;MACROGOL 4000 ZYDUS 10 g Pdr sol buv en sachet 20Sach/10g;0.021;1.91;0.025;36;1
;3400930276099;;ZYDUS FRANCE / CSP COURNON;Non renseigné;TRAMADOL ZYDUS LP 100 mg Cpr pell LP Plq/10;0.021;0.95;0.3;1;1
;3400930276105;;ZYDUS FRANCE / CSP COURNON;Non renseigné;TRAMADOL ZYDUS LP 200 mg Cpr pell LP Plq/10;0.021;1.74;0.3;1;1
;3400930276112;;ZYDUS FRANCE / CSP COURNON;Non renseigné;TRAMADOL ZYDUS LP 150 mg Cpr pell LP Plq/10;0.021;1.34;0.3;1;1
;3400930281789;;ZYDUS FRANCE / CSP COURNON;Non renseigné;BILASTINE ZYDUS 20 mg Cpr Plq/10;0.021;0.55;0.3;1;1
;3400930281802;;ZYDUS FRANCE / CSP COURNON;Non renseigné;BILASTINE ZYDUS 20 mg Cpr Plq/30;0.021;1.66;0.3;1;1
;3400930282809;;ZYDUS FRANCE / CSP COURNON;Non renseigné;RIVAROXABAN ZYDUS 10 mg Cpr pell Plq/30;0.021;7.48;0.3;1;1
;3400930282854;;ZYDUS FRANCE / CSP COURNON;Non renseigné;RIVAROXABAN ZYDUS 15 mg Cpr pell Plq/28;0.021;6.98;0.3;1;1
;3400930282908;;ZYDUS FRANCE / CSP COURNON;Non renseigné;RIVAROXABAN ZYDUS 20 mg Cpr pell Plq/28;0.021;6.98;0.3;1;1
;3400930284711;;ZYDUS FRANCE / CSP COURNON;Non renseigné;BACLOFENE ZYDUS 10 mg Cpr séc Plq/30;0.021;1.75;0.1;98;1
;3400930285008;;ZYDUS FRANCE / CSP COURNON;Non renseigné;EZETIMIBE/ATORVASTATINE ZYDUS 10 mg/10 mg Cpr pell Plq/30;0.021;5.88;0.3;1;1
;3400930285039;;ZYDUS FRANCE / CSP COURNON;Non renseigné;EZETIMIBE/ATORVASTATINE ZYDUS 10 mg/20 mg Cpr pell Plq/30;0.021;5.88;0.3;1;1
;3400930285046;;ZYDUS FRANCE / CSP COURNON;Non renseigné;EZETIMIBE/ATORVASTATINE ZYDUS 10 mg/20 mg Cpr pell Plq/90;0.021;17.64;0.3;1;1
;3400930285060;;ZYDUS FRANCE / CSP COURNON;Non renseigné;EZETIMIBE/ATORVASTATINE ZYDUS 10 mg/40 mg Cpr pell Plq/30;0.021;5.88;0.3;80;1
;3400930285121;;ZYDUS FRANCE / CSP COURNON;Non renseigné;EZETIMIBE/ATORVASTATINE ZYDUS 10 mg/80 mg Cpr pell Plq/30;0.021;5.88;0.3;80;1
;3400930285145;;ZYDUS FRANCE / CSP COURNON;Non renseigné;EZETIMIBE/ATORVASTATINE ZYDUS 10 mg/80 mg Cpr pell Plq/90;0.021;17.64;0.3;1;1
;3400930292419;;ZYDUS FRANCE / CSP COURNON;Non renseigné;PARACETAMOL ZYDUS FRANCE 500 mg Gél Plq/16;0.021;0.74;0.025;80;1
;3400930308769;;ZYDUS FRANCE / CSP COURNON;Non renseigné;EMT/TEN DISO ZYD 200mg/245mg Cpr pell B3Fl/30;0.021;271.32;0.3;16;1
;3400930308783;;ZYDUS FRANCE / CSP COURNON;Non renseigné;EMTRICITABINE/TENOFOVIR DISOPROXIL ZYDUS 200 mg/245 mg Cpr pell Plq/30x1;0.021;90.44;0.3;1;1
;3400930308790;;ZYDUS FRANCE / CSP COURNON;Non renseigné;EMTRICITABINE/TENOFOVIR DISOPROXIL ZYDUS 200 mg/245 mg Cpr pell Plq/90x1;0.021;271.32;0.3;16;1
;3400930311820;;ZYDUS FRANCE / CSP COURNON;Non renseigné;TICAGRELOR ZYDUS 90 mg Cpr pell Plq/60;0.021;11.73;0.3;1;1
;3400930321089;;ZYDUS FRANCE / CSP COURNON;Non renseigné;LAMOTRIGINE ZYDUS 25 mg Cpr disp/croquer Plq/30;0.021;2.67;0.3;1;1
;3400930321157;;ZYDUS FRANCE / CSP COURNON;Non renseigné;LAMOTRIGINE ZYDUS 50 mg Cpr disp/croquer Plq/30;0.021;4.4;0.3;1;1
;3400930321218;;ZYDUS FRANCE / CSP COURNON;Non renseigné;LAMOTRIGINE ZYDUS 100 mg Cpr disp/croquer Plq/30;0.021;5.38;0.3;1;1
;3400930321287;;ZYDUS FRANCE / CSP COURNON;Non renseigné;LAMOTRIGINE ZYDUS 200 mg Cpr disp/croquer Plq/30;0.021;5.38;0.3;1;1
2185216;3400921852165;;ZYDUS FRANCE / CSP COURNON;Non renseigné;RABEPRAZOLE ZYDUS 10 mg Cpr gastro-rés Plq/14;0.021;0.99;0.3;0;1
2185251;3400921852516;;ZYDUS FRANCE / CSP COURNON;Non renseigné;RABEPRAZOLE ZYDUS 10 mg Cpr gastro-rés Plq/28;0.021;1.97;0.3;120;1
2185446;3400921854466;;ZYDUS FRANCE / CSP COURNON;Non renseigné;RABEPRAZOLE ZYDUS 20 mg Cpr gastro-rés Plq/14;0.021;0.99;0.3;0;1
2185481;3400921854817;;ZYDUS FRANCE / CSP COURNON;Non renseigné;RABEPRAZOLE ZYDUS 20 mg Cpr gastro-rés Plq/28;0.021;1.97;0.3;120;1
2193807;3400921938074;;ZYDUS FRANCE / CSP COURNON;Non renseigné;LOSARTAN/HYDROCHLOROTHIAZIDE ZYDUS 100 mg/25 mg Cpr pell Plq/30;0.021;2.1;0.3;0;1
2193836;3400921938364;;ZYDUS FRANCE / CSP COURNON;Non renseigné;LOSARTAN/HYDROCHLOROTHIAZIDE ZYDUS 100 mg/25 mg Cpr pell Plq/90;0.021;6.3;0.3;0;1
2193859;3400921938593;;ZYDUS FRANCE / CSP COURNON;Non renseigné;LOSARTAN/HYDROCHLOROTHIAZIDE ZYDUS 50 mg/12,5 mg Cpr pell Plq/30;0.021;2.1;0.3;0;1
2193871;3400921938715;;ZYDUS FRANCE / CSP COURNON;Non renseigné;LOSARTAN/HYDROCHLOROTHIAZIDE ZYDUS 50 mg/12,5 mg Cpr pell Plq/90;0.021;6.3;0.3;0;1
2195775;3400921957754;;ZYDUS FRANCE / CSP COURNON;Non renseigné;BICALUTAMIDE ZYDUS 50 mg Cpr pell Plq/30;0.021;22.52;0.3;0;1
2199750;3400921997507;;ZYDUS FRANCE / CSP COURNON;Non renseigné;ANASTROZOLE ZYDUS 1 mg Cpr pell Plq/90;0.021;41.63;0.3;1;1
2203374;3400922033747;;ZYDUS FRANCE / CSP COURNON;Non renseigné;ESOMEPRAZOLE ZYDUS 20 mg Gél gastro-rés Plq/7;0.021;0.56;0.3;0;1
2203380;3400922033808;;ZYDUS FRANCE / CSP COURNON;Non renseigné;ESOMEPRAZOLE ZYDUS 20 mg Gél gastro-rés Plq/14;0.021;1.12;0.3;0;1
2203397;3400922033976;;ZYDUS FRANCE / CSP COURNON;Non renseigné;ESOMEPRAZOLE ZYDUS 20 mg Gél gastro-rés Plq/28;0.021;2.24;0.3;120;1
2203428;3400922034287;;ZYDUS FRANCE / CSP COURNON;Non renseigné;ESOMEPRAZOLE ZYDUS 40 mg Gél gastro-rés Plq/14;0.021;1.12;0.3;0;1
2203434;3400922034348;;ZYDUS FRANCE / CSP COURNON;Non renseigné;ESOMEPRAZOLE ZYDUS 40 mg Gél gastro-rés Plq/28;0.021;2.24;0.3;156;1
2208584;3400922085845;;ZYDUS FRANCE / CSP COURNON;Non renseigné;MIRTAZAPINE ZYDUS 15 mg Cpr pell Plq/30;0.021;1.61;0.3;180;1
2209477;3400922094779;;ZYDUS FRANCE / CSP COURNON;Non renseigné;VALSARTAN ZYDUS 40 mg Cpr pell séc Plq/30;0.021;2.1;0.3;1;1
2209483;3400922094830;;ZYDUS FRANCE / CSP COURNON;Non renseigné;VALSARTAN ZYDUS 40 mg Cpr pell séc Plq/90;0.021;6.3;0.3;1;1
2209508;3400922095080;;ZYDUS FRANCE / CSP COURNON;Non renseigné;VALSARTAN ZYDUS 80 mg Cpr pell Plq/30;0.021;2.1;0.3;1;1
2209514;3400922095141;;ZYDUS FRANCE / CSP COURNON;Non renseigné;VALSARTAN ZYDUS 80 mg Cpr pell Plq/90;0.021;6.3;0.3;1;1
2209520;3400922095202;;ZYDUS FRANCE / CSP COURNON;Non renseigné;VALSARTAN ZYDUS 160 mg Cpr pell Plq/30;0.021;2.1;0.3;1;1
2209537;3400922095370;;ZYDUS FRANCE / CSP COURNON;Non renseigné;VALSARTAN ZYDUS 160 mg Cpr pell Plq/90;0.021;6.3;0.3;1;1
2245711;3400922457116;;ZYDUS FRANCE / CSP COURNON;Non renseigné;CLOPIDOGREL ZF 75 mg Cpr pell Plq alu/30;0.021;4.63;0.3;182;1
2248744;3400922487441;;ZYDUS FRANCE / CSP COURNON;Non renseigné;IRBESARTAN/HYDROCHLOROTHIAZIDE ZYDUS 300 mg/25 mg Cpr pell Plq/30;0.021;2.1;0.3;0;1
2248767;3400922487670;;ZYDUS FRANCE / CSP COURNON;Non renseigné;IRBESARTAN/HYDROCHLOROTHIAZIDE ZYDUS 300 mg/25 mg Cpr pell Plq/90;0.021;6.3;0.3;48;1
2676575;3400926765750;;ZYDUS FRANCE / CSP COURNON;Non renseigné;PANTOPRAZOLE ZYDUS FRANCE 20 mg Cpr gastro-rés Plq/28;0.021;1.9;0.3;120;1
2676635;3400926766351;;ZYDUS FRANCE / CSP COURNON;Non renseigné;PANTOPRAZOLE ZYDUS FRANCE 40 mg Cpr gastro-rés Plq/7;0.021;0.48;0.3;0;1
2676687;3400926766870;;ZYDUS FRANCE / CSP COURNON;Non renseigné;PANTOPRAZOLE ZYDUS FRANCE 40 mg Cpr gastro-rés Plq/28;0.021;1.9;0.3;120;1
2686102;3400926861025;;ZYDUS FRANCE / CSP COURNON;Non renseigné;DESLORATADINE ZYDUS 5 mg Cpr pell Plq/15;0.021;0.91;0.3;0;1
2686119;3400926861193;;ZYDUS FRANCE / CSP COURNON;Non renseigné;DESLORATADINE ZYDUS 5 mg Cpr pell Plq/30;0.021;1.82;0.3;182;1
2694159;3400926941598;;ZYDUS FRANCE / CSP COURNON;Non renseigné;AMOX/AC CLAV ZYD 1g/125mg Pd sub Ad 8Sach/2g;0.021;3.56;0.1;220;1
2694171;3400926941710;;ZYDUS FRANCE / CSP COURNON;Non renseigné;AMOX/AC CLAV ZYD 1g/125mg Pd sub Ad 12Sach/2g;0.021;4.46;0.1;220;1
2695590;3400926955908;;ZYDUS FRANCE / CSP COURNON;Non renseigné;LANSOPRAZOLE ZYDUS FRANCE 30 mg Gél gastro-rés Plaq/28;0.021;2.35;0.3;50;1
2695756;3400926957568;;ZYDUS FRANCE / CSP COURNON;Non renseigné;LANSOPRAZOLE ZYDUS FRANCE 15 mg Gél gastro-rés Plaq/30;0.021;2.52;0.3;45;1
2699062;3400926990626;;ZYDUS FRANCE / CSP COURNON;Non renseigné;CANDESARTAN/HYDROCHLOROTHIAZIDE ZYDUS 8 mg/12,5 mg Cpr Plq/30;0.021;2.1;0.3;0;1
2699091;3400926990916;;ZYDUS FRANCE / CSP COURNON;Non renseigné;CANDESARTAN/HYDROCHLOROTHIAZIDE ZYDUS 8 mg/12,5 mg Cpr Plq/90;0.021;6.3;0.3;0;1
2699174;3400926991746;;ZYDUS FRANCE / CSP COURNON;Non renseigné;CANDESARTAN/HYDROCHLOROTHIAZIDE ZYDUS 16 mg/12,5 mg Cpr Plq/30;0.021;2.1;0.3;0;1
2699197;3400926991975;;ZYDUS FRANCE / CSP COURNON;Non renseigné;CANDESARTAN/HYDROCHLOROTHIAZIDE ZYDUS 16 mg/12,5 mg Cpr Plq/90;0.021;6.3;0.3;0;1
2749819;3400927498190;;ZYDUS FRANCE / CSP COURNON;Non renseigné;LEVETIRACETAM ZYDUS 250 mg Cpr pell Plq/60;0.021;8.3;0.3;0;1
2749854;3400927498541;;ZYDUS FRANCE / CSP COURNON;Non renseigné;LEVETIRACETAM ZYDUS 500 mg Cpr pell Plq/60;0.021;12.45;0.3;70;1
2749943;3400927499432;;ZYDUS FRANCE / CSP COURNON;Non renseigné;LEVETIRACETAM ZYDUS 1000 mg Cpr pell Plq/60;0.021;12.45;0.3;0;1
2751354;3400927513541;;ZYDUS FRANCE / CSP COURNON;Non renseigné;TRAMADOL/PARACETAMOL ZYDUS 37,5 mg/325 mg Cpr pell Plq/20;0.021;0.8;0.3;180;1
2759031;3400927590313;;ZYDUS FRANCE / CSP COURNON;Non renseigné;AMOXICILLINE ZYDUS FRANCE 500 mg Gél Plq/12;0.021;0.98;0.1;96;1
2760726;3400927607264;;ZYDUS FRANCE / CSP COURNON;Non renseigné;OMEPRAZOLE ZYDUS FRANCE 10 mg Gél gastro-rés Fl/14;0.021;0.72;0.3;0;1
2760732;3400927607325;;ZYDUS FRANCE / CSP COURNON;Non renseigné;OMEPRAZOLE ZYDUS FRANCE 10 mg Gél gastro-rés Fl/28;0.021;1.45;0.3;98;1
2760749;3400927607493;;ZYDUS FRANCE / CSP COURNON;Non renseigné;OMEPRAZOLE ZYDUS FRANCE 20 mg Gél gastro-rés Fl/7;0.021;0.39;0.3;98;1
2760755;3400927607554;;ZYDUS FRANCE / CSP COURNON;Non renseigné;OMEPRAZOLE ZYDUS FRANCE 20 mg Gél gastro-rés Fl/14;0.021;0.76;0.3;98;1
2760761;3400927607615;;ZYDUS FRANCE / CSP COURNON;Non renseigné;OMEPRAZOLE ZYDUS FRANCE 20 mg Gél gastro-rés Fl/28;0.021;1.54;0.3;98;1
2762903;3400927629037;;ZYDUS FRANCE / CSP COURNON;Non renseigné;TELMISARTAN ZYDUS 40 mg Cpr Plq/30;0.021;2.1;0.3;0;1
2762932;3400927629327;;ZYDUS FRANCE / CSP COURNON;Non renseigné;TELMISARTAN ZYDUS 40 mg Cpr Plq/90;0.021;6.3;0.3;0;1
2762961;3400927629617;;ZYDUS FRANCE / CSP COURNON;Non renseigné;TELMISARTAN ZYDUS 80 mg Cpr Plq/30;0.021;2.1;0.3;0;1
2762984;3400927629846;;ZYDUS FRANCE / CSP COURNON;Non renseigné;TELMISARTAN ZYDUS 80 mg Cpr Plq/90;0.021;6.3;0.3;12;1
2774042;3400927740428;;ZYDUS FRANCE / CSP COURNON;Non renseigné;ESCITALOPRAM ZYDUS 5 mg Cpr pell Plq/14;0.021;1.01;0.3;0;1
2774059;3400927740596;;ZYDUS FRANCE / CSP COURNON;Non renseigné;ESCITALOPRAM ZYDUS 5 mg Cpr pell Plq/28;0.021;2.03;0.3;100;1
2774065;3400927740657;;ZYDUS FRANCE / CSP COURNON;Non renseigné;ESCITALOPRAM ZYDUS 10 mg Cpr pell séc Plq/28;0.021;2.2;0.3;80;1
2774154;3400927741548;;ZYDUS FRANCE / CSP COURNON;Non renseigné;ESCITALOPRAM ZYDUS 15 mg Cpr pell séc Plq/28;0.021;2.2;0.3;120;1
2774987;3400927749872;;ZYDUS FRANCE / CSP COURNON;Non renseigné;ESCITALOPRAM ZYDUS 20 mg Cpr pell séc Plq/28;0.021;2.2;0.3;154;1
2795216;3400927952166;;ZYDUS FRANCE / CSP COURNON;Non renseigné;CELECOXIB ZYDUS 100 mg Gél Plq/30;0.021;1.47;0.3;0;1
2795245;3400927952456;;ZYDUS FRANCE / CSP COURNON;Non renseigné;CELECOXIB ZYDUS 200 mg Gél Plq/30;0.021;2.94;0.3;0;1
3175473;3400931754732;;ZYDUS FRANCE / CSP COURNON;Non renseigné;LERCANIDIPINE ZYDUS 20 mg Cpr pell séc Plaq/30;0.021;2.84;0.3;252;1
3178856;3400931788560;;ZYDUS FRANCE / CSP COURNON;Non renseigné;LERCANIDIPINE ZYDUS 20 mg Cpr pell séc Plaq/90;0.021;8.51;0.3;144;1
3185098;3400931850984;;ZYDUS FRANCE / CSP COURNON;Non renseigné;LERCANIDIPINE ZYDUS 10 mg Cpr pell séc Plaq/30;0.021;2.84;0.3;182;1
3191472;3400931914723;;ZYDUS FRANCE / CSP COURNON;Non renseigné;LERCANIDIPINE ZYDUS 10 mg Cpr pell séc Plaq/90;0.021;8.51;0.3;98;1
3471272;3400934712722;;ZYDUS FRANCE / CSP COURNON;Non renseigné;OLANZAPINE ZYDUS 5 mg Cpr pell Plq/28;0.021;10.19;0.3;0;1
3488367;3400934883675;;ZYDUS FRANCE / CSP COURNON;Non renseigné;BROMAZEPAM ZYDUS 6 mg Cpr quadriséc B/30;0.021;1.11;0.1;0;1
3525217;3400935252173;;ZYDUS FRANCE / CSP COURNON;Non renseigné;AMOXICILLINE ZYDUS 500 mg/5 ml Pdr susp buv Fl/12g;0.021;1.25;0.1;140;1
3525223;3400935252234;;ZYDUS FRANCE / CSP COURNON;Non renseigné;AMOXICILLINE ZYDUS 250 mg/5 ml Pdr susp buv Fl/6,6g;0.021;0.95;0.1;140;1
3525246;3400935252463;;ZYDUS FRANCE / CSP COURNON;Non renseigné;AMOXICILLINE ZYDUS 125 mg/5 ml Pdr susp buv Fl/5,1g;0.021;0.68;0.1;140;1
3538622;3400935386229;;ZYDUS FRANCE / CSP COURNON;Non renseigné;ACEBUTOLOL ZYDUS 400 mg Cpr pell Plq/30;0.021;2.77;0.3;0;1
3544048;3400935440488;;ZYDUS FRANCE / CSP COURNON;Non renseigné;FENOFIBRATE ZYDUS 300 mg Gél Plq/30;0.021;2.21;0.3;0;1
3556672;3400935566720;;ZYDUS FRANCE / CSP COURNON;Non renseigné;LOPERAMIDE ZYDUS 2 mg Gél Plq/20;0.021;0.99;0.3;294;1
3558903;3400935589033;;ZYDUS FRANCE / CSP COURNON;Non renseigné;ZOPICLONE ZYDUS 7,5 mg Cpr pell séc Plq/5;0.021;0.4;0.3;0;1
3558926;3400935589262;;ZYDUS FRANCE / CSP COURNON;Non renseigné;ZOPICLONE ZYDUS 7,5 mg Cpr pell séc Plq/14;0.021;0.94;0.3;240;1
3562448;3400935624482;;ZYDUS FRANCE / CSP COURNON;Non renseigné;MEBEVERINE ZYDUS 200 mg Cpr séc Plq/30;0.021;2.04;0.025;0;1
3571306;3400935713063;;ZYDUS FRANCE / CSP COURNON;Non renseigné;TRAMADOL ZYDUS 50 mg Gél Plq/30;0.021;1.96;0.3;160;1
3583700;3400935837004;;ZYDUS FRANCE / CSP COURNON;Non renseigné;CELIPROLOL ZYDUS 200 mg Cpr pell séc Plq/2x14 (28);0.021;2.74;0.3;0;1
3602722;3400936027220;;ZYDUS FRANCE / CSP COURNON;Non renseigné;AMOX AC CLAV ZYD 100/12,5mgpml Pdr Enf Fl/14g;0.021;3.29;0.1;70;1
3602739;3400936027398;;ZYDUS FRANCE / CSP COURNON;Non renseigné;AMOX AC CLAV ZYD 100/12,5mgpml Pd nour Fl/7g;0.021;1.79;0.1;70;1
3610064;3400936100640;;ZYDUS FRANCE / CSP COURNON;Non renseigné;AMOX/AC CLAV ZYD 500mg/62,5mg Cp Ad Film/16;0.021;3.56;0.1;300;1
3610070;3400936100701;;ZYDUS FRANCE / CSP COURNON;Non renseigné;AMOX/AC CLAV ZYD 500mg/62,5mg Cpr Ad Film/24;0.021;4.46;0.1;240;1
3621783;3400936217836;;ZYDUS FRANCE / CSP COURNON;Non renseigné;ROXITHROMYCINE ZYDUS 150 mg Cpr pell Plq/10;0.021;3.13;0.3;0;1
3621808;3400936218086;;ZYDUS FRANCE / CSP COURNON;Non renseigné;ROXITHROMYCINE ZYDUS 150 mg Cpr pell Plq/16;0.021;5;0.3;160;1
3643081;3400936430815;;ZYDUS FRANCE / CSP COURNON;Non renseigné;CIPROFLOXACINE ZYDUS 500 mg Cpr pell séc Plq/12;0.021;5.3;0.3;210;1
3643098;3400936430983;;ZYDUS FRANCE / CSP COURNON;Non renseigné;CIPROFLOXACINE ZYDUS 250 mg Cpr pell Plq/12;0.021;3.91;0.3;0;1
3666403;3400936664036;;ZYDUS FRANCE / CSP COURNON;Non renseigné;TAMOXIFENE ZYDUS 20 mg Cpr pell Plq/30;0.021;3.82;0.3;290;1
3671309;3400936713093;;ZYDUS FRANCE / CSP COURNON;Non renseigné;ZOLPIDEM ZYDUS 10 mg Cpr pell séc Plq/14;0.021;0.78;0.3;168;1
3672674;3400936726741;;ZYDUS FRANCE / CSP COURNON;Non renseigné;ECONAZOLE ZYDUS LP 150 mg Ovule LP Plq/1;0.021;1.13;0.3;300;1
3708596;3400937085960;;ZYDUS FRANCE / CSP COURNON;Non renseigné;SPIRONOLACTONE ZYDUS 50 mg Cpr pell séc Plq/30;0.021;1.74;0.3;270;1
3712037;3400937120371;;ZYDUS FRANCE / CSP COURNON;Non renseigné;SERTRALINE ZYDUS FRANCE 50 mg Gél Plq/28;0.021;2.39;0.3;120;1
3712103;3400937121033;;ZYDUS FRANCE / CSP COURNON;Non renseigné;SERTRALINE ZYDUS FRANCE 25 mg Gél Plq/7;0.021;0.6;0.3;180;1
3712474;3400937124744;;ZYDUS FRANCE / CSP COURNON;Non renseigné;CELIPROLOL ZYDUS 200 mg Cpr pell séc Plq/90;0.021;8.82;0.3;0;1
3712497;3400937124973;;ZYDUS FRANCE / CSP COURNON;Non renseigné;ATENOLOL ZYDUS 50 mg Cpr pell séc Plq/90;0.021;3.47;0.3;0;1
3712505;3400937125055;;ZYDUS FRANCE / CSP COURNON;Non renseigné;ATENOLOL ZYDUS 100 mg Cpr pell séc Plq/90;0.021;6.03;0.3;0;1
3718620;3400937186209;;ZYDUS FRANCE / CSP COURNON;Non renseigné;TAMSULOSINE ZYDUS FRANCE LP 0,4 mg Gél LP Plq/30;0.021;2.63;0.3;270;1
3719743;3400937197434;;ZYDUS FRANCE / CSP COURNON;Non renseigné;FENOFIBRATE ZYDUS 300 mg Gél Plq/90;0.021;6.29;0.3;0;1
3734814;3400937348140;;ZYDUS FRANCE / CSP COURNON;Non renseigné;FENOFIBRATE ZYDUS 160 mg Cpr Plq/30;0.021;2.95;0.3;0;1
3734843;3400937348430;;ZYDUS FRANCE / CSP COURNON;Non renseigné;FENOFIBRATE ZYDUS 160 mg Cpr Plq/90;0.021;8.86;0.3;0;1
3745545;3400937455459;;ZYDUS FRANCE / CSP COURNON;Non renseigné;PRAVASTATINE ZYDUS 40 mg Cpr Plq/28;0.021;1.78;0.3;210;1
3745551;3400937455510;;ZYDUS FRANCE / CSP COURNON;Non renseigné;PRAVASTATINE ZYDUS 40 mg Cpr Plq/84;0.021;5.36;0.3;0;1
3745568;3400937455688;;ZYDUS FRANCE / CSP COURNON;Non renseigné;PRAVASTATINE ZYDUS 20 mg Cpr séc Plq/28;0.021;1.78;0.3;224;1
3745574;3400937455749;;ZYDUS FRANCE / CSP COURNON;Non renseigné;PRAVASTATINE ZYDUS 20 mg Cpr séc Plq/84;0.021;5.36;0.3;147;1
3748992;3400937489928;;ZYDUS FRANCE / CSP COURNON;Non renseigné;TRAMADOL ZYDUS LP 100 mg Cpr pell LP Plq/30;0.021;2.86;0.3;130;1
3752746;3400937527460;;ZYDUS FRANCE / CSP COURNON;Non renseigné;LEVOFLOXACINE ZYDUS 500 mg Cpr pell séc Plq/5;0.021;5.18;0.3;180;1
3754573;3400937545730;;ZYDUS FRANCE / CSP COURNON;Non renseigné;OLANZAPINE ZYDUS 7,5 mg Cpr pell Plq/28;0.021;6.8;0.3;0;1
3755851;3400937558518;;ZYDUS FRANCE / CSP COURNON;Non renseigné;RILMENIDINE ZYDUS 1 mg Cpr Plq/30;0.021;2.74;0.3;160;1
3755874;3400937558747;;ZYDUS FRANCE / CSP COURNON;Non renseigné;RILMENIDINE ZYDUS 1 mg Cpr Plq/90;0.021;7.83;0.3;80;1
3774831;3400937748315;;ZYDUS FRANCE / CSP COURNON;Non renseigné;CEFTRIAXONE ZYDUS 1 g/3,5 ml Pdre/solv p sol inj IM Fl+Amp;0.021;3.49;0.3;500;1
3781469;3400937814690;;ZYDUS FRANCE / CSP COURNON;Non renseigné;ACICLOVIR ZYDUS 200 mg Cpr Plq/25;0.021;4.85;0.3;110;1
3791002;3400937910026;;ZYDUS FRANCE / CSP COURNON;Non renseigné;CEFPODOXIME ZYDUS 100 mg Cpr pell Plq/10;0.021;3.08;0.3;0;1
3791568;3400937915687;;ZYDUS FRANCE / CSP COURNON;Non renseigné;AMLODIPINE ZYDUS 5 mg Gél Plq/30;0.021;1.69;0.3;130;1
3791574;3400937915748;;ZYDUS FRANCE / CSP COURNON;Non renseigné;AMLODIPINE ZYDUS 5 mg Gél Plq/90;0.021;4.82;0.3;60;1
3792800;3400937928007;;ZYDUS FRANCE / CSP COURNON;Non renseigné;AMLODIPINE ZYDUS 10 mg Gél Plq/30;0.021;1.69;0.3;189;1
3792817;3400937928175;;ZYDUS FRANCE / CSP COURNON;Non renseigné;AMLODIPINE ZYDUS 10 mg Gél Plq/90;0.021;4.82;0.3;100;1
3793685;3400937936859;;ZYDUS FRANCE / CSP COURNON;Non renseigné;FLUCONAZOLE ZYDUS 50 mg Gél Plq/7;0.021;5.73;0.3;0;1
3793716;3400937937160;;ZYDUS FRANCE / CSP COURNON;Non renseigné;FLUCONAZOLE ZYDUS 100 mg Gél Plq/7;0.021;8.78;0.3;0;1
3793745;3400937937450;;ZYDUS FRANCE / CSP COURNON;Non renseigné;FLUCONAZOLE ZYDUS 200 mg Gél Plq/7;0.021;16.65;0.3;0;1
3793751;3400937937511;;ZYDUS FRANCE / CSP COURNON;Non renseigné;FLUCONAZOLE ZYDUS 200 mg Gél Plq/30;0.021;67.35;0.3;0;1
3797424;3400937974240;;ZYDUS FRANCE / CSP COURNON;Non renseigné;PAROXETINE ZYDUS 20 mg Cpr pell séc Plq/14;0.021;1.17;0.3;285;1
3813755;3400938137552;;ZYDUS FRANCE / CSP COURNON;Non renseigné;ALFUZOSINE ZYDUS LP 10 mg Cpr LP Plq/30;0.021;5.13;0.3;140;1
3823989;3400938239898;;ZYDUS FRANCE / CSP COURNON;Non renseigné;ONDANSETRON ZYDUS 8 mg Cpr pell Plq/2;0.021;2.79;0.3;0;1
3824003;3400938240030;;ZYDUS FRANCE / CSP COURNON;Non renseigné;ONDANSETRON ZYDUS 8 mg Cpr pell Plq/4;0.021;5.57;0.3;0;1
3824061;3400938240610;;ZYDUS FRANCE / CSP COURNON;Non renseigné;AZITHROMYCINE ZYDUS 250 mg Cpr pell Plq/6;0.021;4.38;0.3;264;1
3826031;3400938260311;;ZYDUS FRANCE / CSP COURNON;Non renseigné;GLIMEPIRIDE ZYDUS 1 mg Cpr Plq/30;0.021;1.39;0.3;0;1
3826048;3400938260489;;ZYDUS FRANCE / CSP COURNON;Non renseigné;GLIMEPIRIDE ZYDUS 1 mg Cpr Plq/90;0.021;3.97;0.3;0;1
3826054;3400938260540;;ZYDUS FRANCE / CSP COURNON;Non renseigné;GLIMEPIRIDE ZYDUS 2 mg Cpr Plq/30;0.021;2.28;0.3;0;1
3826060;3400938260601;;ZYDUS FRANCE / CSP COURNON;Non renseigné;GLIMEPIRIDE ZYDUS 2 mg Cpr Plq/90;0.021;6.5;0.3;0;1
3826108;3400938261080;;ZYDUS FRANCE / CSP COURNON;Non renseigné;GLIMEPIRIDE ZYDUS 3 mg Cpr Plq/30;0.021;2.73;0.3;0;1
3826114;3400938261141;;ZYDUS FRANCE / CSP COURNON;Non renseigné;GLIMEPIRIDE ZYDUS 3 mg Cpr Plq/90;0.021;8.19;0.3;0;1
3826120;3400938261202;;ZYDUS FRANCE / CSP COURNON;Non renseigné;GLIMEPIRIDE ZYDUS 4 mg Cpr Plq/30;0.021;2.73;0.3;0;1
3826137;3400938261370;;ZYDUS FRANCE / CSP COURNON;Non renseigné;GLIMEPIRIDE ZYDUS 4 mg Cpr Plq/90;0.021;8.19;0.3;0;1
3839476;3400938394764;;ZYDUS FRANCE / CSP COURNON;Non renseigné;ATENOLOL ZYDUS 50 mg Cpr pell séc Plq/30;0.021;1.22;0.3;0;1
3839559;3400938395594;;ZYDUS FRANCE / CSP COURNON;Non renseigné;ATENOLOL ZYDUS 100 mg Cpr pell séc Plq/30;0.021;2.12;0.3;0;1
3852784;3400938527841;;ZYDUS FRANCE / CSP COURNON;Non renseigné;LOSARTAN ZYDUS 50 mg Cpr pell séc Plq/30;0.021;2.1;0.3;0;1
3852815;3400938528152;;ZYDUS FRANCE / CSP COURNON;Non renseigné;LOSARTAN ZYDUS 50 mg Cpr pell séc Plq/90;0.021;6.3;0.3;0;1
3852927;3400938529272;;ZYDUS FRANCE / CSP COURNON;Non renseigné;LOSARTAN ZYDUS 100 mg Cpr pell Plq/30;0.021;2.1;0.3;0;1
3852956;3400938529562;;ZYDUS FRANCE / CSP COURNON;Non renseigné;LOSARTAN ZYDUS 100 mg Cpr pell Plq/90;0.021;6.3;0.3;0;1
3853921;3400938539219;;ZYDUS FRANCE / CSP COURNON;Non renseigné;CLARITHROMYCINE ZYDUS 500 mg Cpr pell Plq/10;0.021;4.63;0.3;195;1
3853944;3400938539448;;ZYDUS FRANCE / CSP COURNON;Non renseigné;CLARITHROMYCINE ZYDUS 500 mg Cpr pell Plq/14;0.021;6.48;0.3;0;1
3877519;3400938775198;;ZYDUS FRANCE / CSP COURNON;Non renseigné;VENLAFAXINE ZYDUS FRANCE LP 75 mg Gél LP Plq/30;0.021;2.89;0.3;80;1
3878341;3400938783414;;ZYDUS FRANCE / CSP COURNON;Non renseigné;VENLAFAXINE ZYDUS FRANCE LP 37,5 mg Gél LP Plq/30;0.021;2.67;0.3;100;1
3881716;3400938817164;;ZYDUS FRANCE / CSP COURNON;Non renseigné;CITALOPRAM ZYDUS 20 mg Cpr pell séc Plq/28;0.021;2.62;0.3;252;1
3882006;3400938820065;;ZYDUS FRANCE / CSP COURNON;Non renseigné;OLANZAPINE ZYDUS 10 mg Cpr pell Plq/28;0.021;5.78;0.3;252;1
3894305;3400938943054;;ZYDUS FRANCE / CSP COURNON;Non renseigné;ANASTROZOLE ZYDUS 1 mg Cpr pell Plq/30;0.021;14.61;0.3;0;1
3895049;3400938950496;;ZYDUS FRANCE / CSP COURNON;Non renseigné;PERINDOPRIL ZYDUS 2 mg Cpr Plq/30;0.021;2.1;0.3;120;1
3895115;3400938951158;;ZYDUS FRANCE / CSP COURNON;Non renseigné;PERINDOPRIL ZYDUS 4 mg Cpr séc Plq/30;0.021;2.1;0.3;120;1
3895173;3400938951738;;ZYDUS FRANCE / CSP COURNON;Non renseigné;PERINDOPRIL ZYDUS 8 mg Cpr Plq/30;0.021;2.1;0.3;0;1
3934743;3400939347431;;ZYDUS FRANCE / CSP COURNON;Non renseigné;LORATADINE ZYDUS 10 mg Cpr Plq/15;0.021;1.27;0.3;168;1
3939976;3400939399768;;ZYDUS FRANCE / CSP COURNON;Non renseigné;FINASTERIDE ZYDUS 5 mg Cpr pell Plq/28;0.021;5.08;0.3;0;1
3941683;3400939416830;;ZYDUS FRANCE / CSP COURNON;Non renseigné;SIMVASTATINE ZYDUS FRANCE 20 mg Cpr pell séc Plq/90;0.021;4.86;0.3;0;1
3941737;3400939417370;;ZYDUS FRANCE / CSP COURNON;Non renseigné;TRAMADOL ZYDUS LP 150 mg Cpr pell LP Plq/30;0.021;4.03;0.3;112;1
3941789;3400939417899;;ZYDUS FRANCE / CSP COURNON;Non renseigné;TRAMADOL ZYDUS LP 200 mg Cpr pell LP Plq/30;0.021;5.21;0.3;110;1
3944084;3400939440842;;ZYDUS FRANCE / CSP COURNON;Non renseigné;SIMVASTATINE ZYDUS FRANCE 40 mg Cpr pell Plq/90;0.021;4.87;0.3;0;1
3945741;3400939457413;;ZYDUS FRANCE / CSP COURNON;Non renseigné;RISPERIDONE ZYDUS 1 mg Cpr pell séc Plq/60;0.021;4.84;0.3;0;1
3945770;3400939457703;;ZYDUS FRANCE / CSP COURNON;Non renseigné;RISPERIDONE ZYDUS 2 mg Cpr pell séc Plq/60;0.021;9.67;0.3;0;1
3945847;3400939458472;;ZYDUS FRANCE / CSP COURNON;Non renseigné;RISPERIDONE ZYDUS 4 mg Cpr pell séc Plq/30;0.021;5.1;0.3;0;1
3946775;3400939467757;;ZYDUS FRANCE / CSP COURNON;Non renseigné;SIMVASTATINE ZYDUS FRANCE 10 mg Cpr pell séc Plq/30;0.021;1.31;0.3;264;1
3946812;3400939468129;;ZYDUS FRANCE / CSP COURNON;Non renseigné;SIMVASTATINE ZYDUS FRANCE 40 mg Cpr pell Plq/30;0.021;1.62;0.3;0;1
3946829;3400939468297;;ZYDUS FRANCE / CSP COURNON;Non renseigné;SIMVASTATINE ZYDUS FRANCE 20 mg Cpr pell séc Plq/30;0.021;1.62;0.3;288;1
3967820;3400939678207;;ZYDUS FRANCE / CSP COURNON;Non renseigné;SPIRONOLACTONE ZYDUS 25 mg Cpr pell séc Plq/30;0.021;1.88;0.3;270;1
3983150;3400939831503;;ZYDUS FRANCE / CSP COURNON;Non renseigné;NEBIVOLOL ZYDUS 5 mg Cpr quadriséc Plq/30;0.021;2.15;0.3;240;1
3983196;3400939831961;;ZYDUS FRANCE / CSP COURNON;Non renseigné;NEBIVOLOL ZYDUS 5 mg Cpr quadriséc Plq/90;0.021;6.2;0.3;120;1
3985195;3400939851952;;ZYDUS FRANCE / CSP COURNON;Non renseigné;LETROZOLE ZYDUS 2,5 mg Cpr pell Plq/30;0.021;19.53;0.3;70;1
3990434;3400939904344;;ZYDUS FRANCE / CSP COURNON;Non renseigné;IRBESARTAN ZYDUS 75 mg Cpr pell Plq/30;0.021;2.1;0.3;297;1
3990463;3400939904634;;ZYDUS FRANCE / CSP COURNON;Non renseigné;IRBESARTAN ZYDUS 75 mg Cpr pell Plq/90;0.021;6.3;0.3;0;1
3990960;3400939909608;;ZYDUS FRANCE / CSP COURNON;Non renseigné;IRBESARTAN ZYDUS 150 mg Cpr pell Plq/30;0.021;2.1;0.3;132;1
3991416;3400939914169;;ZYDUS FRANCE / CSP COURNON;Non renseigné;IRBESARTAN ZYDUS 300 mg Cpr pell Plq/30;0.021;2.1;0.3;120;1
3991445;3400939914459;;ZYDUS FRANCE / CSP COURNON;Non renseigné;IRBESARTAN ZYDUS 300 mg Cpr pell Plq/90;0.021;6.3;0.3;70;1
3991474;3400939914749;;ZYDUS FRANCE / CSP COURNON;Non renseigné;IRBESARTAN ZYDUS 150 mg Cpr pell Plq/90;0.021;6.3;0.3;72;1
3991735;3400939917351;;ZYDUS FRANCE / CSP COURNON;Non renseigné;VALSARTAN/HYDROCHLOROTHIAZIDE ZYDUS 80 mg/12,5 mg Cpr pell Plq/30;0.021;2.1;0.3;0;1
3991770;3400939917702;;ZYDUS FRANCE / CSP COURNON;Non renseigné;VALSARTAN/HYDROCHLOROTHIAZIDE ZYDUS 80 mg/12,5 mg Cpr pell Plq/90;0.021;6.3;0.3;0;1
3991853;3400939918532;;ZYDUS FRANCE / CSP COURNON;Non renseigné;VALSARTAN/HYDROCHLOROTHIAZIDE ZYDUS 160 mg/25 mg Cpr pell Plq/30;0.021;2.1;0.3;0;1
3991907;3400939919072;;ZYDUS FRANCE / CSP COURNON;Non renseigné;VALSARTAN/HYDROCHLOROTHIAZIDE ZYDUS 160 mg/25 mg Cpr pell Plq/90;0.021;6.3;0.3;0;1
4150736;3400941507366;;ZYDUS FRANCE / CSP COURNON;Non renseigné;MONTELUKAST ZYDUS 5 mg Cpr à croquer Plq/28;0.021;5.24;0.3;0;1
4155863;3400941558634;;ZYDUS FRANCE / CSP COURNON;Non renseigné;VALSARTAN/HYDROCHLOROTHIAZIDE ZYDUS 160 mg/12,5 mg Cpr pell Plq/30;0.021;2.1;0.3;0;1
4155917;3400941559174;;ZYDUS FRANCE / CSP COURNON;Non renseigné;VALSARTAN/HYDROCHLOROTHIAZIDE ZYDUS 160 mg/12,5 mg Cpr pell Plq/90;0.021;6.3;0.3;0;1
4160344;3400941603440;;ZYDUS FRANCE / CSP COURNON;Non renseigné;CALCIUM VITAMINE D3 ZYDUS 500 mg/400 UI Cpr à croquer/sucer Fl/60;0.021;4.39;0.025;50;1
4162768;3400941627682;;ZYDUS FRANCE / CSP COURNON;Non renseigné;EXEMESTANE ZYDUS FRANCE 25 mg Cpr enr Plq/30;0.021;22.72;0.3;0;1
4166602;3400941666025;;ZYDUS FRANCE / CSP COURNON;Non renseigné;AMOROLFINE ZYDUS 5 % V ongles médicamenteux Fl/2,5ml+20 spatules;0.021;5.54;0.3;196;1
4182340;3400941823404;;ZYDUS FRANCE / CSP COURNON;Non renseigné;FENOFIBRATE ZYDUS 145 mg Cpr Plq/30;0.021;2.95;0.3;0;1
4182386;3400941823862;;ZYDUS FRANCE / CSP COURNON;Non renseigné;FENOFIBRATE ZYDUS 145 mg Cpr Plq/90;0.021;8.43;0.3;40;1
4912910;3400949129102;;ZYDUS FRANCE / CSP COURNON;Non renseigné;TRIMEBUTINE ZYDUS 200 mg Cpr Plq/30;0.021;2.79;0.3;90;1
4946027;3400949460274;;ZYDUS FRANCE / CSP COURNON;Non renseigné;VALACICLOVIR ZYDUS 500 mg Cpr pell Plq/10;0.021;4.14;0.3;195;1
4946056;3400949460564;;ZYDUS FRANCE / CSP COURNON;Non renseigné;VALACICLOVIR ZYDUS 500 mg Cpr pell Plq/42;0.021;17.21;0.3;120;1
4946085;3400949460854;;ZYDUS FRANCE / CSP COURNON;Non renseigné;VALACICLOVIR ZYDUS 500 mg Cpr pell Plq/112;0.021;48.31;0.3;56;1
4965711;3400949657117;;ZYDUS FRANCE / CSP COURNON;Non renseigné;IRBESARTAN/HYDROCHLOROTHIAZIDE ZYDUS 150 mg/12,5 mg Cpr pell Plq/30;0.021;2.1;0.3;132;1
4965740;3400949657407;;ZYDUS FRANCE / CSP COURNON;Non renseigné;IRBESARTAN/HYDROCHLOROTHIAZIDE ZYDUS 150 mg/12,5 mg Cpr pell Plq/90;0.021;6.3;0.3;0;1
4973716;3400949737161;;ZYDUS FRANCE / CSP COURNON;Non renseigné;GLICLAZIDE ZYDUS 30 mg Cpr LM Plq/30;0.021;2.32;0.3;0;1
4973739;3400949737390;;ZYDUS FRANCE / CSP COURNON;Non renseigné;GLICLAZIDE ZYDUS 30 mg Cpr LM Plq/60;0.021;4.4;0.3;0;1
4973797;3400949737970;;ZYDUS FRANCE / CSP COURNON;Non renseigné;GLICLAZIDE ZYDUS 30 mg Cpr LM Plq/180;0.021;13.22;0.3;0;1
4989611;3400949896110;;ZYDUS FRANCE / CSP COURNON;Non renseigné;BISOPROLOL ZYDUS FRANCE 5 mg Cpr séc Plq/30;0.021;1.13;0.3;96;1
4989634;3400949896349;;ZYDUS FRANCE / CSP COURNON;Non renseigné;BISOPROLOL ZYDUS FRANCE 5 mg Cpr séc Plq/90;0.021;3.22;0.3;24;1
4989663;3400949896639;;ZYDUS FRANCE / CSP COURNON;Non renseigné;BISOPROLOL ZYDUS FRANCE 2,50 mg Cpr séc Plq/30;0.021;2.25;0.3;90;1
4989692;3400949896929;;ZYDUS FRANCE / CSP COURNON;Non renseigné;BISOPROLOL ZYDUS FRANCE 2,50 mg Cpr séc Plq/90;0.021;6.43;0.3;1;1
4989887;3400949898879;;ZYDUS FRANCE / CSP COURNON;Non renseigné;BISOPROLOL ZYDUS FRANCE 1,25 mg Cpr Plq/30;0.021;2.25;0.3;80;1
4989901;3400949899012;;ZYDUS FRANCE / CSP COURNON;Non renseigné;BISOPROLOL ZYDUS FRANCE 1,25 mg Cpr Plq/90;0.021;6.43;0.3;30;1
4991192;3400949911929;;ZYDUS FRANCE / CSP COURNON;Non renseigné;PERINDOPRIL ZYDUS 2 mg Cpr Plq/90;0.021;6.3;0.3;0;1
4991200;3400949912001;;ZYDUS FRANCE / CSP COURNON;Non renseigné;PERINDOPRIL ZYDUS 4 mg Cpr séc Plq/90;0.021;6.3;0.3;90;1
4995557;3400949955572;;ZYDUS FRANCE / CSP COURNON;Non renseigné;REPAGLINIDE ZYDUS 0,5 mg Cpr Plq/90;0.021;3.54;0.3;72;1
4995623;3400949956234;;ZYDUS FRANCE / CSP COURNON;Non renseigné;REPAGLINIDE ZYDUS 1 mg Cpr séc Plq/90;0.021;3.54;0.3;72;1
4995698;3400949956982;;ZYDUS FRANCE / CSP COURNON;Non renseigné;REPAGLINIDE ZYDUS 2 mg Cpr séc Plq/90;0.021;3.54;0.3;72;1
4997869;3400949978694;;ZYDUS FRANCE / CSP COURNON;Non renseigné;MONTELUKAST ZYDUS 10 mg Cpr pell Plq/28;0.021;5.24;0.3;150;1
3558978;3400935589781;;ZYDUS FRANCE / CSP COURNON;Paracetamol;PARACETAMOL ZYDUS 500 mg Cpr Plq/16;0.021;0.74;0.025;234;1
3740677;3400937406772;;ZYDUS FRANCE / CSP COURNON;Paracetamol;PARACETAMOL ZYDUS 1 g Cpr Plq/8;0.021;0.74;0.025;216;1
;3400930249673;;ZYDUS FRANCE / CSP COURNON MAIL;Non renseigné;CHOLECALCIFEROL SUBSTIPHARM 80 000 UI S buv en ampoule Amp/2ml;0.021;0.63;0.1;200;1
;3400930249680;;ZYDUS FRANCE / CSP COURNON MAIL;Non renseigné;CHOLECALCIFEROL SUBSTIPHARM 200 000 UI S buv en ampoule Amp/2ml;0.021;0.63;0.1;200;1
;3400930258347;;ZYDUS FRANCE / CSP COURNON MAIL;Non renseigné;CHOLECALCIFEROL SUBSTIPHARM 50 000 UI S buv en ampoule Amp/2ml;0.021;0.63;0.1;220;1
;3400930258354;;ZYDUS FRANCE / CSP COURNON MAIL;Non renseigné;CHOLECALCIFEROL SUBSTIPHARM 50 000 UI S buv en ampoule 2Amp/2ml;0.021;1.26;0.1;100;1
;3400930258361;;ZYDUS FRANCE / CSP COURNON MAIL;Non renseigné;CHOLECALCIFEROL SUBSTIPHARM 50 000 UI S buv en ampoule 4Amp/2ml;0.021;2.52;0.1;70;1
